ply
format ascii 1.0
comment Created in Blender version 4.3.2
element vertex 4537
property float x
property float y
property float z
element face 9024
property list uchar uint vertex_indices
end_header
-0.15857 0.33271697 -0.25114202
-0.138019 0.14270897 -0.41475
-0.156901 0.25441498 -0.21169001
-0.184262 0.033361975 -0.347369
-0.227198 0.22579 -0.08316901
-0.323508 -0.100442015 -0.22361799
-0.255167 -0.241952 -0.038994983
-0.186328 -0.16327599 0.19946001
-0.189897 -0.16461203 -0.405342
-0.267881 -0.30420002 -0.32541698
-0.227112 -0.367353 -0.19210596
-0.26532 -0.09382799 0.11780301
-0.183868 0.12780702 0.15732099
-0.263297 0.132211 0.03256099
-0.3716 -0.045949988 0.154762
-0.429723 0.039494015 0.221254
-0.422548 0.12101001 0.15154499
-0.378962 0.05996401 0.076433994
0 -0.289889 -0.021423977
0 -0.390227 -0.18858497
0 0.039089967 -0.45075
0 -0.03153503 -0.411434
0 -0.17723903 -0.427095
0 -0.34176502 -0.34543797
0 -0.17501698 0.23304102
0 -0.034658976 0.305017
0 0.40280396 -0.20096503
0 0.313315 -0.17570403
0 0.328169 -0.029461024
0 0.21064901 0.19179998
0 0.08308002 0.286427
-0.164137 0.04056403 0.399753
-0.205392 -0.03948697 0.386358
-0.153588 -0.008721969 0.405934
-0.220957 0.016892027 0.376291
-0.11657 0.05044202 0.309884
-0.086289 0.06145802 0.282834
-0.172314 -0.059285976 0.291739
-0.161857 -0.07787298 0.261965
-0.079099 -0.021509977 0.29315
-0.104301 -0.014902975 0.316859
-0.220293 -0.011901983 0.225808
-0.198832 0.02778102 0.263644
-0.184769 0.07698701 0.233662
-0.280065 0.039828017 0.233067
0.15857 0.33271697 -0.25114202
0.138019 0.14270897 -0.41475
0.156901 0.25441498 -0.21169001
0.184262 0.033361975 -0.347369
0.227198 0.22579 -0.08316901
0.323508 -0.100442015 -0.22361799
0.255167 -0.241952 -0.038994983
0.186328 -0.16327599 0.19946001
0.189897 -0.16461203 -0.405342
0.267881 -0.30420002 -0.32541698
0.227112 -0.367353 -0.19210596
0.26532 -0.09382799 0.11780301
0.183868 0.12780702 0.15732099
0.263297 0.132211 0.03256099
0.3716 -0.045949988 0.154762
0.429723 0.039494015 0.221254
0.422548 0.12101001 0.15154499
0.378962 0.05996401 0.076433994
0.164137 0.04056403 0.399753
0.205392 -0.03948597 0.386358
0.153588 -0.008721969 0.405934
0.220957 0.016892027 0.376291
0.11657 0.05044202 0.309884
0.086289 0.06145802 0.282834
0.172314 -0.059285976 0.291739
0.161857 -0.07787298 0.261965
0.079099 -0.021509977 0.29315
0.104301 -0.014902975 0.316859
0.220293 -0.011901983 0.225808
0.198832 0.02778102 0.263644
0.184769 0.07698701 0.233662
0.280065 0.039828017 0.233067
-0.147553 0.10416797 -0.37651
-0.192194 0.15861899 -0.270998
-0.148613 0.28626898 -0.23931602
-0.170469 0.24183998 -0.33469102
-0.170118 0.20042397 -0.30677104
-0.272512 -0.027536022 -0.289538
-0.292027 0.06858999 -0.145423
-0.192869 0.24376398 -0.15690802
-0.247315 0.118409984 -0.21756202
-0.195819 -0.09080503 -0.3865
-0.236246 -0.22826403 -0.38207498
-0.3212 -0.22721101 -0.28625396
-0.275733 -0.14944603 -0.346458
-0.260572 -0.35443702 -0.25029296
-0.248689 -0.326137 -0.14069697
-0.315934 -0.17195001 -0.13759299
-0.31151 -0.28777802 -0.20754899
-0.271048 -0.141836 0.03336801
-0.283076 0.015047003 0.041808
-0.237441 0.178563 -0.008842013
-0.291671 -0.0042530037 -0.046335
-0.215358 0.1627 0.08110499
-0.321537 0.08635501 0.05082799
-0.418924 0.101995006 0.10536499
-0.325721 0.12655401 0.15166299
-0.325489 0.130285 0.085072994
-0.314027 -0.06424199 0.144604
-0.379459 -0.0069479914 0.108574
-0.316319 -0.003763994 0.079036
-0.414637 -0.013163985 0.199691
-0.452868 0.09230602 0.196262
-0.449964 0.04283801 0.155179
0 0.34422398 -0.19800404
-0.094166 0.38639697 -0.20972703
-0.087563 0.302052 -0.18244103
-0.085645 0.33213198 -0.20555203
0 0.323814 -0.118739024
-0.123089 0.303806 -0.041772023
-0.105434 0.307557 -0.12599303
0 -0.23371199 0.11201701
-0.10415 -0.17119999 0.22341901
-0.212553 -0.21028799 0.10011801
-0.135345 -0.283498 -0.02373798
-0.120937 -0.22837198 0.10735702
0 -0.349876 -0.11516597
-0.138312 -0.386106 -0.18853597
-0.137973 -0.345674 -0.11723397
0 0.010223968 -0.423659
-0.093168 -0.012327029 -0.398748
-0.076303 0.06813696 -0.447331
-0.083341 0.03612097 -0.414332
0 -0.09574003 -0.421329
-0.113986 -0.17230102 -0.422363
-0.102308 -0.08712203 -0.412816
0 -0.26559103 -0.40137497
-0.151824 -0.33614004 -0.34223196
-0.136108 -0.25979602 -0.39836198
0 -0.38675004 -0.26879498
-0.148882 -0.38207904 -0.26599997
-0.083715 0.17550601 0.17654699
0 0.281676 0.083058976
-0.12927 0.242828 0.06397598
-0.230615 -0.14149298 0.16588302
-0.245775 -0.17823298 0.10287402
-0.223295 -0.014086971 0.388103
-0.181789 -0.02986497 0.406319
-0.156374 0.019435031 0.414549
-0.19788 0.03521303 0.396333
-0.19742 0.0033940317 0.419698
-0.195611 -0.05098598 0.239685
-0.162429 -0.06325098 0.268312
-0.197974 -0.02642398 0.276937
-0.204853 0.013451017 0.239484
-0.190305 -0.032045983 0.252079
-0.158965 0.052600022 0.289347
-0.103527 0.053649023 0.28662
-0.125387 0.08182802 0.25732
-0.187939 0.05770302 0.243394
-0.145078 0.06410402 0.265072
-0.113987 -0.06552498 0.281698
-0.091979 -0.016513977 0.29389
-0.135037 -0.050253976 0.306411
-0.123513 -0.05332498 0.283541
-0.070144 0.024439022 0.294631
-0.096955 0.024007024 0.318898
-0.084446 0.023721023 0.296029
-0.244445 0.065012015 0.229128
-0.248324 0.015339017 0.227933
-0.21385 0.04367102 0.233612
-0.354273 0.035155017 0.231904
-0.249949 -0.059343986 0.194732
-0.31957 -0.029954985 0.209519
-0.183292 0.09500001 0.212335
-0.326562 0.09096401 0.212152
-0.049949 0.07366702 0.283025
0 0.14225602 0.254969
-0.079913 0.11487901 0.24450798
-0.050483 -0.031213978 0.29964
-0.167391 -0.11239498 0.24855001
0 -0.10516198 0.29027
-0.089446 -0.100010976 0.281389
0 0.026656022 0.302285
-0.040708 0.025509022 0.299025
-0.211246 -0.091838986 0.215092
-0.193027 -0.054195974 0.343722
-0.21487 0.021303024 0.32826
-0.217251 -0.023238976 0.332029
-0.127851 -0.012476972 0.367942
-0.157681 -0.045977972 0.358704
-0.139935 0.049078025 0.361064
-0.121247 0.024804028 0.370611
-0.180748 0.047991026 0.34392
0.170469 0.24183998 -0.33469102
0.148613 0.28626898 -0.23931602
0.192194 0.15861899 -0.270998
0.147553 0.10416797 -0.37651
0.170118 0.20042397 -0.30677104
0.192869 0.24376398 -0.15690802
0.292027 0.06858999 -0.145423
0.272512 -0.027536022 -0.289538
0.247315 0.118409984 -0.21756202
0.3212 -0.22721101 -0.28625396
0.236246 -0.22826403 -0.38207498
0.195819 -0.09080403 -0.3865
0.275733 -0.14944603 -0.346458
0.315934 -0.17195001 -0.13759299
0.248689 -0.326137 -0.14069697
0.260572 -0.35443702 -0.25029296
0.31151 -0.28777802 -0.20754899
0.237441 0.178563 -0.008842013
0.283076 0.015047003 0.041808
0.271048 -0.141836 0.03336801
0.291671 -0.0042530037 -0.046335
0.325721 0.12655401 0.15166299
0.418924 0.101995006 0.10536499
0.321537 0.08635501 0.05082799
0.215358 0.1627 0.08110499
0.325489 0.130285 0.085072994
0.379459 -0.0069479914 0.108574
0.314027 -0.06424199 0.144604
0.316319 -0.003763994 0.079036
0.452868 0.09230602 0.196262
0.414637 -0.013163985 0.199691
0.449964 0.04283901 0.155179
0.087563 0.302052 -0.18244103
0.094166 0.38639697 -0.20972703
0.085645 0.33213198 -0.20555203
0.123089 0.303806 -0.041772023
0.105434 0.307557 -0.12599303
0.135345 -0.283498 -0.02373798
0.212553 -0.21028799 0.10011801
0.10415 -0.17119999 0.22341901
0.120937 -0.22837198 0.10735702
0.138312 -0.386106 -0.18853597
0.137973 -0.345674 -0.11723397
0.076303 0.06813696 -0.447331
0.093168 -0.012327029 -0.398748
0.083341 0.03612097 -0.414332
0.113986 -0.17230102 -0.422363
0.102308 -0.08712203 -0.412816
0.151824 -0.33614004 -0.34223196
0.136108 -0.25979602 -0.39836198
0.148882 -0.38207904 -0.26599997
0.083715 0.17550601 0.17654699
0.12927 0.242828 0.06397598
0.230615 -0.14149298 0.16588302
0.245775 -0.17823298 0.10287402
0.19788 0.03521303 0.396333
0.156374 0.019435031 0.414549
0.181789 -0.02986497 0.406319
0.223295 -0.014086971 0.388103
0.19742 0.0033940317 0.419698
0.204853 0.013451017 0.239484
0.197974 -0.02642398 0.276937
0.162429 -0.06325098 0.268312
0.195611 -0.050984982 0.239685
0.190305 -0.032045983 0.252079
0.187939 0.05770302 0.243394
0.125387 0.08182902 0.25732
0.103527 0.053649023 0.28662
0.158965 0.052600022 0.289347
0.145078 0.06410402 0.265072
0.135037 -0.050253976 0.306411
0.091979 -0.016513977 0.29389
0.113987 -0.065523975 0.281698
0.123513 -0.05332498 0.283541
0.096955 0.024007024 0.318898
0.070144 0.024439022 0.294631
0.084446 0.023721023 0.296029
0.248324 0.015339017 0.227933
0.244445 0.065012015 0.229128
0.21385 0.04367102 0.233612
0.249949 -0.059343986 0.194732
0.354273 0.035155017 0.231904
0.31957 -0.029954985 0.209519
0.183292 0.09500101 0.212335
0.326562 0.09096401 0.212152
0.049949 0.07366702 0.283025
0.079913 0.11487901 0.24450798
0.167391 -0.11239498 0.24855001
0.050483 -0.031213978 0.29964
0.089446 -0.100010976 0.281389
0.040708 0.025509022 0.299025
0.211246 -0.091838986 0.215092
0.21487 0.021303024 0.32826
0.193027 -0.054195974 0.343722
0.217251 -0.023238976 0.332029
0.127851 -0.012476972 0.367942
0.157681 -0.045977972 0.358704
0.139935 0.049078025 0.361064
0.121247 0.024804028 0.370611
0.180748 0.047991026 0.34392
-0.141434 0.12483797 -0.395114
-0.164461 0.15089397 -0.343989
-0.168904 0.22123897 -0.32116002
-0.15884 0.19108798 -0.378791
-0.160168 0.17186096 -0.361347
-0.159419 0.07725997 -0.360049
-0.19504 0.09957798 -0.307175
-0.176908 0.17931399 -0.290567
-0.174803 0.12666596 -0.32657
-0.17928 0.21149799 -0.23830602
-0.149336 0.26760596 -0.22846602
-0.164896 0.24708898 -0.27021402
-0.16824 0.22779399 -0.25660703
-0.152451 0.30858096 -0.24621703
-0.171012 0.29052898 -0.28971803
-0.166674 0.26832697 -0.28073502
-0.232394 0.0056359763 -0.31732
-0.262786 0.04482698 -0.253975
-0.217645 0.13883899 -0.24665502
-0.227498 0.072990976 -0.282485
-0.304254 -0.063692026 -0.258965
-0.311615 -0.018811014 -0.184418
-0.274145 0.09548698 -0.183904
-0.292717 0.014128983 -0.221674
-0.264441 0.15403199 -0.11169702
-0.212621 0.23797399 -0.12161802
-0.224319 0.18697898 -0.18424402
-0.247836 0.17308998 -0.14987402
-0.172707 0.24772298 -0.18745902
-0.199549 0.19875099 -0.21400301
-0.19209 -0.036709026 -0.368419
-0.238509 -0.11445103 -0.368477
-0.277746 -0.09307402 -0.320612
-0.237539 -0.058532026 -0.345786
-0.194501 -0.13483003 -0.39931
-0.211498 -0.19116104 -0.398035
-0.263048 -0.19493203 -0.366881
-0.23114 -0.15941003 -0.385514
-0.256163 -0.26760703 -0.35736898
-0.3022 -0.27183104 -0.30880797
-0.304394 -0.18878503 -0.319212
-0.287746 -0.23421803 -0.34115297
-0.327448 -0.17014602 -0.257832
-0.308949 -0.13177301 -0.291738
-0.323385 -0.26038903 -0.24780099
-0.318224 -0.23627701 -0.17548399
-0.326783 -0.13601801 -0.18235798
-0.330203 -0.20487201 -0.21813999
-0.269079 -0.33376604 -0.28834796
-0.293242 -0.32676402 -0.23260097
-0.303848 -0.30313504 -0.27121696
-0.244292 -0.36513403 -0.21588898
-0.238719 -0.353141 -0.17167997
-0.286557 -0.309526 -0.16996796
-0.271404 -0.34241104 -0.19770597
-0.253713 -0.288504 -0.09943498
-0.293173 -0.209148 -0.09155198
-0.292892 -0.264849 -0.13364999
-0.269974 -0.184907 -0.002315986
-0.284546 -0.088526 -0.0074999933
-0.306935 -0.09503101 -0.095056996
-0.290525 -0.14505 -0.04992199
-0.278693 -0.046268996 0.071935
-0.281932 0.012813001 0.007932999
-0.267116 -0.11321099 0.07300201
-0.278453 -0.058647998 0.035553005
-0.246415 0.155058 0.01629399
-0.269994 0.103392 -0.030721007
-0.277961 0.079687 0.028924994
-0.270778 0.091115 0.003634993
-0.296493 0.03635799 -0.101466
-0.2334 0.204104 -0.043715015
-0.270058 0.12817 -0.070842005
-0.315341 -0.05403601 -0.14138
-0.195592 0.14885202 0.118964985
-0.26844 0.142832 0.082592994
-0.325283 0.13317601 0.11713399
-0.2534 0.123595014 0.15307099
-0.258961 0.13714501 0.11706399
-0.240221 0.159084 0.05099699
-0.289534 0.108258 0.042315993
-0.32403 0.11530801 0.061224993
-0.279757 0.134596 0.05602199
-0.354402 0.069965005 0.06291299
-0.399123 0.079867005 0.08585899
-0.377897 0.118788004 0.09166199
-0.36651 0.09947201 0.070911996
-0.426746 0.116514005 0.13064998
-0.386572 0.12641202 0.15139599
-0.382937 0.12757802 0.12032499
-0.295072 0.0073110047 0.063816
-0.318969 0.043331005 0.057839997
-0.294675 0.062101003 0.045344997
-0.287027 -0.07262299 0.132677
-0.313812 -0.04332999 0.109825
-0.291473 -0.04261799 0.095015
-0.345767 -0.05651999 0.151838
-0.376052 -0.03415999 0.134388
-0.344871 -0.010935994 0.092494
-0.342933 -0.04225099 0.120926
-0.380614 0.029729007 0.087392
-0.348197 0.030154005 0.071455
-0.391866 -0.036270984 0.176149
-0.440353 0.011367014 0.180939
-0.417711 0.01338701 0.130503
-0.410775 -0.015764989 0.156572
-0.428917 0.016202018 0.21535
-0.446642 0.064131014 0.213677
-0.465327 0.072145015 0.178458
-0.455585 0.041749015 0.20038
-0.441775 0.11219402 0.17227098
-0.443026 0.075123005 0.128082
-0.454899 0.09797301 0.152539
-0.414884 0.048508007 0.105888
0 0.323581 -0.19048002
-0.04424 0.34152797 -0.19951203
-0.084647 0.31255797 -0.19754703
-0.044921 0.310971 -0.17708004
-0.043571 0.32123 -0.19191603
0 0.37178499 -0.20069303
-0.048943 0.39885396 -0.20264003
-0.089253 0.35775298 -0.20882303
-0.046255 0.36851797 -0.20228203
-0.131948 0.36462098 -0.22497803
-0.121381 0.31429398 -0.21814603
-0.125737 0.33820298 -0.22268003
-0.125649 0.284039 -0.19343002
-0.120733 0.29540297 -0.20914201
0 0.330602 -0.077742025
-0.053828 0.320217 -0.120222025
-0.115607 0.31044 -0.08672302
-0.062614 0.32187 -0.032227024
-0.058917 0.325813 -0.07964902
0 0.31549 -0.15165903
-0.095207 0.30236 -0.15832002
-0.048709 0.312722 -0.15301003
-0.152574 0.283209 -0.13776301
-0.137282 0.28164 -0.16925801
-0.179099 0.273982 -0.059292022
-0.167766 0.282679 -0.10056802
0 -0.261297 0.04257502
-0.062154 -0.23241399 0.110716015
-0.129174 -0.255133 0.03953102
-0.068809 -0.288668 -0.021733977
-0.065994 -0.259995 0.041856017
0 -0.20549798 0.17835401
-0.053388 -0.17379399 0.23047902
-0.112415 -0.20084299 0.17117402
-0.057817 -0.20421599 0.17638001
-0.149567 -0.16822998 0.21272601
-0.198443 -0.18849799 0.15529102
-0.172743 -0.22129299 0.102936015
-0.16051 -0.19582598 0.16373202
-0.229957 -0.227064 0.03678902
-0.197434 -0.271588 -0.02886398
-0.186204 -0.245183 0.03605602
0 -0.374395 -0.15218897
-0.070732 -0.349124 -0.11518197
-0.137252 -0.370496 -0.15345597
-0.072114 -0.389646 -0.18838698
-0.071101 -0.373776 -0.15211397
0 -0.320449 -0.07306198
-0.137906 -0.315058 -0.075273976
-0.070207 -0.319452 -0.07316898
-0.198299 -0.338121 -0.12425198
-0.200413 -0.305351 -0.08214198
-0.192629 -0.377783 -0.18987598
-0.193866 -0.363119 -0.15856497
0 0.025462966 -0.436275
-0.042743 0.017082969 -0.421683
-0.079538 0.053152967 -0.429832
-0.039063 0.046779968 -0.450656
-0.04086 0.032778967 -0.435191
0 -0.0082380315 -0.414759
-0.046949 -0.02618003 -0.408511
-0.088103 0.014987969 -0.402975
-0.044785 -0.002004031 -0.412104
-0.138131 0.007333971 -0.380463
-0.11945 0.065450974 -0.399768
-0.128042 0.04092097 -0.385893
-0.109896 0.10087497 -0.436716
-0.113836 0.08450097 -0.417395
0 -0.06094503 -0.414782
-0.051817 -0.09274503 -0.4193
-0.097849 -0.04724103 -0.403645
-0.049222 -0.05675803 -0.412148
0 -0.13485803 -0.426845
-0.059198 -0.17579503 -0.426214
-0.107069 -0.12904003 -0.420506
-0.055007 -0.13279703 -0.425448
-0.159835 -0.16795503 -0.414453
-0.150327 -0.08383903 -0.401564
-0.153609 -0.12732403 -0.411348
-0.145403 -0.03717803 -0.388693
0 -0.22162603 -0.41849798
-0.070326 -0.26456404 -0.40090296
-0.124484 -0.21640503 -0.41489598
-0.064621 -0.22048403 -0.41791496
0 -0.30651203 -0.37669697
-0.078147 -0.34087202 -0.34488198
-0.145903 -0.30060303 -0.37370497
-0.075182 -0.30554903 -0.37620297
-0.216559 -0.32482904 -0.33617997
-0.19284 -0.24886203 -0.39235398
-0.207708 -0.28891203 -0.36785498
-0.174896 -0.20808902 -0.40806597
0 -0.36892402 -0.30874196
-0.076839 -0.38607204 -0.26828796
-0.152417 -0.36377904 -0.30548298
-0.07845 -0.36813703 -0.30817196
0 -0.39419803 -0.22795697
-0.143094 -0.38983604 -0.22637898
-0.074339 -0.39359403 -0.22759397
-0.21145 -0.37223104 -0.26073897
-0.200947 -0.38060102 -0.22369798
-0.217427 -0.35319304 -0.29934996
-0.126178 0.281653 0.0077479784
-0.060505 0.271552 0.07812498
0 0.310506 0.025035976
-0.063628 0.302393 0.020982977
-0.191466 0.22225 0.020667983
-0.184391 0.252485 -0.01630902
-0.172673 0.195221 0.077173986
-0.210723 0.189219 0.041183986
-0.128939 0.14783502 0.16575499
-0.099658 0.20967501 0.12710099
-0.144965 0.17593801 0.12217198
0 0.24713401 0.14104399
-0.041351 0.19992201 0.18694599
-0.050394 0.23625402 0.13617998
-0.236168 -0.19473298 0.10103201
-0.257466 -0.17002 0.073473014
-0.251593 -0.199057 0.050417013
-0.212064 -0.15452099 0.18434301
-0.240121 -0.16409698 0.13220702
-0.223583 -0.17804599 0.14634301
-0.246736 -0.12332899 0.14293401
-0.254102 -0.14585699 0.10656301
-0.224646 0.0036550288 0.382828
-0.213796 -0.005938969 0.407883
-0.199913 0.020983031 0.412368
-0.213048 0.02615103 0.386583
-0.215596 0.011775031 0.401109
-0.215271 -0.02998997 0.388906
-0.19633 -0.03718997 0.397216
-0.191121 -0.014555968 0.41781
-0.206461 -0.02298497 0.406898
-0.165731 -0.018741969 0.408715
-0.154134 0.0037540311 0.41247
-0.177239 0.012365032 0.422295
-0.172741 -0.0045139682 0.419893
-0.160255 0.03279903 0.408913
-0.179195 0.03999903 0.400603
-0.180222 0.027907033 0.415385
-0.208249 -0.030853983 0.230949
-0.191464 -0.03902598 0.246041
-0.199062 -0.008724981 0.245022
-0.210383 0.0034620177 0.233301
-0.201915 -0.017153982 0.238472
-0.180706 -0.068067975 0.250521
-0.161394 -0.06852098 0.264424
-0.178149 -0.05171398 0.260041
-0.178218 -0.057641983 0.255019
-0.165791 -0.060644977 0.276471
-0.187367 -0.047212977 0.284192
-0.192289 -0.02830498 0.261155
-0.181013 -0.04873998 0.268713
-0.202851 -0.00073497964 0.270171
-0.201802 0.020389019 0.247606
-0.199161 -0.0035739809 0.254064
-0.181144 0.044272024 0.276942
-0.151506 0.05735002 0.27362
-0.16806 0.06228602 0.253243
-0.191738 0.04510002 0.25022
-0.173881 0.052534018 0.261392
-0.136188 0.054719023 0.300698
-0.109364 0.05150102 0.294574
-0.122538 0.06141002 0.27681
-0.128806 0.05725102 0.285159
-0.096642 0.056947023 0.283536
-0.102942 0.07467502 0.271091
-0.137213 0.072268024 0.260539
-0.114785 0.06719902 0.272992
-0.153482 0.081349015 0.24387
-0.185796 0.06812402 0.238646
-0.16189 0.07190302 0.248298
-0.138225 -0.07684898 0.272622
-0.119348 -0.05764198 0.281149
-0.143395 -0.06314198 0.27631
-0.140759 -0.06803698 0.273327
-0.093691 -0.04557698 0.288582
-0.086598 -0.018282978 0.291801
-0.105558 -0.036701977 0.289538
-0.100552 -0.039831977 0.287402
-0.09722 -0.015590978 0.301536
-0.11761 -0.034350976 0.312447
-0.128177 -0.05128998 0.291191
-0.110611 -0.035202976 0.297163
-0.1541 -0.05957798 0.29932
-0.147416 -0.060782976 0.284123
-0.071302 0.0022370224 0.295309
-0.078586 0.024013022 0.293762
-0.084858 0.0041800225 0.296193
-0.079243 0.003483022 0.294069
-0.075261 0.04440902 0.290634
-0.090688 0.040685024 0.292979
-0.084445 0.042203024 0.290408
-0.103358 0.039691024 0.315916
-0.089859 0.023680022 0.303665
-0.096242 0.039850023 0.300697
-0.097292 0.005205024 0.319117
-0.090192 0.004648023 0.303827
-0.208598 0.030504018 0.235897
-0.227631 0.031705018 0.231149
-0.233323 0.002620017 0.22532
-0.217983 0.019189017 0.231219
-0.20209 0.051866017 0.237188
-0.201575 0.03838402 0.241708
-0.216295 0.072365016 0.229119
-0.224559 0.054881018 0.231747
-0.206348 0.06282502 0.233498
-0.266014 0.052504018 0.231673
-0.26551 0.028939016 0.231497
-0.242515 0.04309702 0.231724
-0.279669 -0.0055659832 0.221923
-0.277479 -0.045897987 0.198086
-0.235366 -0.034030985 0.213977
-0.256276 -0.020216983 0.215573
-0.310348 0.03708902 0.233515
-0.342987 0.004487017 0.226485
-0.299958 0.014836018 0.229736
-0.373776 -0.025969986 0.207329
-0.40011 0.03701202 0.227959
-0.389368 0.0046300166 0.223003
-0.318516 -0.058019985 0.178154
-0.357977 -0.049096987 0.181882
-0.258735 -0.08273999 0.164921
-0.284947 -0.06871299 0.169095
-0.184305 0.085074015 0.226101
-0.248366 0.093093015 0.208483
-0.27689 0.07525802 0.224181
-0.232629 0.08166701 0.222096
-0.181435 0.10926101 0.18916899
-0.328355 0.11276302 0.18348399
-0.252367 0.108002014 0.18455599
-0.40457 0.09655301 0.205772
-0.39639 0.11608302 0.18082298
-0.351209 0.06431601 0.226718
-0.406525 0.068747014 0.221899
-0.30265 0.058707017 0.230194
-0.070494 0.067174025 0.282467
-0.060571 0.095245026 0.268191
-0.107256 0.09360502 0.252869
-0.084808 0.083965026 0.269026
0 0.11179602 0.273355
-0.036195 0.13437001 0.251582
-0.025878 0.08004702 0.285078
-0.031068 0.10650602 0.271185
-0.078619 0.14481401 0.21396299
0 0.17535302 0.22898498
-0.037857 0.16575901 0.22455099
-0.129823 0.10453302 0.22434498
-0.124874 0.123530015 0.20017998
-0.141625 0.09122101 0.237284
-0.026997 -0.033893976 0.303278
-0.064458 -0.06356098 0.294458
-0.043509 -0.10390998 0.287623
0 -0.06915398 0.300998
-0.034712 -0.06799198 0.29879
-0.105542 -0.07838498 0.28281
-0.06757 -0.026450977 0.296014
-0.08287 -0.05443898 0.291113
-0.163329 -0.09251298 0.257954
-0.133906 -0.11143198 0.264388
-0.135016 -0.09092098 0.271324
-0.096475 -0.13835399 0.258414
-0.175499 -0.13690598 0.22995402
-0.139875 -0.13892399 0.24560502
0 -0.14107798 0.269231
-0.049051 -0.13994598 0.266374
-0.043287 0.05048802 0.293099
-0.021111 0.026258022 0.30126
0 0.055016022 0.295989
-0.022377 0.053571023 0.294988
-0.057361 0.024910022 0.296624
-0.061306 0.04726802 0.291607
-0.042883 -0.0016109773 0.301105
-0.059252 0.0002790225 0.297949
0 -0.002926977 0.3053
-0.022508 -0.0026459768 0.303991
-0.191995 -0.10506398 0.23157902
-0.220737 -0.11657999 0.19384502
-0.201239 -0.12926398 0.21242401
-0.202534 -0.069204986 0.229936
-0.185213 -0.084187984 0.243524
-0.229237 -0.07546698 0.201482
-0.218264 -0.051239986 0.219323
-0.238515 -0.10015099 0.17579901
-0.182315 -0.057713978 0.315833
-0.207541 -0.042603973 0.337267
-0.207415 -0.025113977 0.301999
-0.197248 -0.04564298 0.308543
-0.201364 -0.047409974 0.369339
-0.223642 -0.019763973 0.361861
-0.214665 -0.037024975 0.365097
-0.220227 0.019218026 0.356905
-0.220169 -0.00039097524 0.328156
-0.225532 0.00033002702 0.357864
-0.206201 0.023301022 0.296228
-0.211185 -0.0003739776 0.296944
-0.114794 -0.013906974 0.340871
-0.14079 -0.030976972 0.364127
-0.145346 -0.048926976 0.330507
-0.128029 -0.033193976 0.336507
-0.141993 -0.01060197 0.391548
-0.170258 -0.04007197 0.385424
-0.154236 -0.026821971 0.389398
-0.175767 -0.054665975 0.351391
-0.186431 -0.04775897 0.377544
-0.164248 -0.058101974 0.323384
-0.127083 0.050183024 0.333892
-0.127308 0.039519027 0.367228
-0.107518 0.024677025 0.342912
-0.11389 0.040016025 0.339882
-0.153471 0.04557103 0.384936
-0.137569 0.02337203 0.396057
-0.142783 0.03696903 0.391752
-0.121334 0.006814028 0.370486
-0.136946 0.00673403 0.39502
-0.107839 0.006066026 0.343132
-0.200665 0.037705027 0.334504
-0.169308 0.050156023 0.314353
-0.190742 0.040204022 0.303545
-0.190946 0.04372503 0.372493
-0.208237 0.033916026 0.363485
-0.159035 0.051886026 0.353092
-0.171013 0.04773303 0.379304
-0.146718 0.053553026 0.325002
0.15884 0.19108798 -0.378791
0.168904 0.22123897 -0.32116002
0.164461 0.15089397 -0.343989
0.141434 0.12483797 -0.395114
0.160168 0.17186096 -0.361347
0.171012 0.29052898 -0.28971803
0.152451 0.30858096 -0.24621703
0.164896 0.24708898 -0.27021402
0.166674 0.26832697 -0.28073502
0.149336 0.26760596 -0.22846602
0.17928 0.21149799 -0.23830602
0.176908 0.17931399 -0.290567
0.16824 0.22779399 -0.25660703
0.19504 0.09957798 -0.307175
0.159419 0.07726097 -0.360049
0.174803 0.12666596 -0.32657
0.217645 0.13883899 -0.24665502
0.262786 0.04482698 -0.253975
0.232394 0.0056359763 -0.31732
0.227498 0.072990976 -0.282485
0.172707 0.24772298 -0.18745902
0.224319 0.18697898 -0.18424402
0.199549 0.19875099 -0.21400301
0.212621 0.23797399 -0.12161802
0.264441 0.15403199 -0.11169702
0.274145 0.09548698 -0.183904
0.247836 0.17308998 -0.14987402
0.311615 -0.018811014 -0.184418
0.304254 -0.063692026 -0.258965
0.292717 0.014128983 -0.221674
0.277746 -0.09307402 -0.320612
0.238509 -0.11445103 -0.368477
0.19209 -0.036709026 -0.368419
0.237539 -0.058532026 -0.345786
0.327448 -0.17014602 -0.257832
0.304394 -0.18878503 -0.319212
0.308949 -0.13177301 -0.291738
0.3022 -0.27183104 -0.30880797
0.256163 -0.26760703 -0.35736898
0.263048 -0.19493203 -0.366881
0.287746 -0.23421803 -0.34115297
0.211498 -0.19116104 -0.398035
0.194501 -0.13483003 -0.39931
0.23114 -0.15941003 -0.385514
0.326783 -0.13601801 -0.18235798
0.318224 -0.23627701 -0.17548399
0.323385 -0.26038903 -0.24780099
0.330203 -0.20487201 -0.21813999
0.293173 -0.209148 -0.09155198
0.253713 -0.288504 -0.09943498
0.286557 -0.309526 -0.16996796
0.292892 -0.264849 -0.13364999
0.238719 -0.353141 -0.17167997
0.244292 -0.36513403 -0.21588898
0.293242 -0.32676402 -0.23260097
0.271404 -0.34241104 -0.19770597
0.269079 -0.33376604 -0.28834796
0.303848 -0.30313504 -0.27121696
0.306935 -0.09503101 -0.095056996
0.284546 -0.088525 -0.0074999933
0.269974 -0.184907 -0.002315986
0.290525 -0.14505 -0.04992199
0.296493 0.03635799 -0.101466
0.315341 -0.05403601 -0.14138
0.2334 0.204104 -0.043715015
0.269994 0.103392 -0.030721007
0.270058 0.12817 -0.070842005
0.277961 0.079687 0.028924994
0.281932 0.012813001 0.007932999
0.246415 0.155058 0.01629399
0.270778 0.091115 0.003634993
0.267116 -0.11321099 0.07300201
0.278693 -0.046268996 0.071935
0.278453 -0.058647998 0.035553005
0.2534 0.123595014 0.15307099
0.325283 0.13317601 0.11713399
0.26844 0.142832 0.082592994
0.195592 0.14885202 0.118964985
0.258961 0.13714501 0.11706399
0.386572 0.12641202 0.15139599
0.426746 0.116514005 0.13064998
0.377897 0.118788004 0.09166199
0.382937 0.12757802 0.12032499
0.399123 0.079867005 0.08585899
0.354402 0.069965005 0.06291299
0.32403 0.11530801 0.061224993
0.36651 0.09947201 0.070911996
0.289534 0.108258 0.042315993
0.240221 0.159084 0.05099699
0.279757 0.134596 0.05602199
0.318969 0.043332003 0.057839997
0.295072 0.0073110047 0.063816
0.294675 0.062101003 0.045344997
0.380614 0.029729007 0.087392
0.344871 -0.010935994 0.092494
0.348197 0.030154005 0.071455
0.376052 -0.03415899 0.134388
0.345767 -0.05651999 0.151838
0.313812 -0.04332999 0.109825
0.342933 -0.04225099 0.120926
0.287027 -0.07262199 0.132677
0.291473 -0.04261799 0.095015
0.417711 0.01338701 0.130503
0.440353 0.011367014 0.180939
0.391866 -0.036270984 0.176149
0.410775 -0.015763989 0.156572
0.443026 0.075123005 0.128082
0.414884 0.048508007 0.105888
0.441775 0.11219402 0.17227098
0.465327 0.072145015 0.178458
0.454899 0.09797402 0.152539
0.446642 0.064131014 0.213677
0.428917 0.016202018 0.21535
0.455585 0.041749015 0.20038
0.044921 0.310971 -0.17708004
0.084646 0.31255797 -0.19754703
0.04424 0.34152797 -0.19951203
0.04357 0.32123 -0.19191603
0.125649 0.284039 -0.19343002
0.121381 0.31429398 -0.21814603
0.120733 0.29540297 -0.20914201
0.131948 0.36462098 -0.22497803
0.089253 0.35775298 -0.20882303
0.125737 0.33820298 -0.22268003
0.048943 0.39885396 -0.20264003
0.046255 0.36851797 -0.20228203
0.062614 0.32187 -0.032227024
0.115607 0.31044 -0.08672302
0.053828 0.320217 -0.120222025
0.058917 0.325813 -0.07964902
0.179099 0.273982 -0.059292022
0.152574 0.283209 -0.13776301
0.167766 0.282679 -0.10056802
0.095207 0.30236 -0.15832002
0.137282 0.28164 -0.16925801
0.048709 0.312722 -0.15301003
0.068809 -0.288668 -0.021733977
0.129174 -0.255133 0.03953102
0.062154 -0.23241399 0.110716015
0.065994 -0.259995 0.041856017
0.197434 -0.271588 -0.02886398
0.229957 -0.227064 0.03678902
0.172743 -0.22129299 0.102936015
0.186204 -0.245183 0.03605602
0.198443 -0.18849799 0.15529102
0.149567 -0.16822998 0.21272601
0.112415 -0.20084299 0.17117402
0.16051 -0.19582598 0.16373202
0.053388 -0.17379399 0.23047902
0.057817 -0.20421599 0.17638001
0.072114 -0.389646 -0.18838698
0.137252 -0.370496 -0.15345597
0.070733 -0.349124 -0.11518197
0.071101 -0.373776 -0.15211397
0.192629 -0.377783 -0.18987598
0.198299 -0.338121 -0.12425198
0.193866 -0.363119 -0.15856497
0.137906 -0.315058 -0.075273976
0.200413 -0.305351 -0.08214198
0.070207 -0.319452 -0.07316898
0.039063 0.046779968 -0.450656
0.079538 0.053152967 -0.429832
0.042743 0.017082969 -0.421683
0.040859 0.032778967 -0.435191
0.109896 0.10087497 -0.436716
0.11945 0.065450974 -0.399768
0.113836 0.08450097 -0.417395
0.138131 0.007333971 -0.380463
0.088103 0.014987969 -0.402975
0.128042 0.04092097 -0.385893
0.046949 -0.02618003 -0.408511
0.044785 -0.002004031 -0.412104
0.09785 -0.04724003 -0.403645
0.051817 -0.09274503 -0.4193
0.049222 -0.05675803 -0.412148
0.150327 -0.08383903 -0.401564
0.145403 -0.03717803 -0.388693
0.159835 -0.16795503 -0.414453
0.107069 -0.12904003 -0.420506
0.153609 -0.12732403 -0.411348
0.059198 -0.17579503 -0.426214
0.055007 -0.13279703 -0.425448
0.124484 -0.21640503 -0.41489598
0.070326 -0.26456404 -0.40090296
0.064621 -0.22048403 -0.41791496
0.19284 -0.24886203 -0.39235398
0.174896 -0.20808902 -0.40806597
0.216559 -0.32482904 -0.33617997
0.145903 -0.30060303 -0.37370497
0.207708 -0.28891203 -0.36785498
0.078147 -0.34087202 -0.34488198
0.075182 -0.30554903 -0.37620297
0.152417 -0.36377904 -0.30548298
0.076839 -0.38607204 -0.26828796
0.07845 -0.36813703 -0.30817196
0.21145 -0.37223104 -0.26073897
0.217427 -0.35319304 -0.29934996
0.143094 -0.38983604 -0.22637898
0.200947 -0.38060102 -0.22369798
0.074339 -0.39359403 -0.22759397
0.060505 0.271552 0.07812498
0.126178 0.281653 0.0077479784
0.063628 0.302393 0.020982977
0.041351 0.19992201 0.18694599
0.099658 0.20967501 0.12710099
0.050394 0.23625402 0.13617998
0.172673 0.195221 0.077173986
0.128939 0.14783502 0.16575499
0.144965 0.17593801 0.12217198
0.191466 0.22225 0.020667983
0.210723 0.189219 0.041183986
0.184391 0.252485 -0.01630902
0.257466 -0.17002 0.073473014
0.236168 -0.19473298 0.10103201
0.251593 -0.199057 0.050417013
0.246736 -0.12332899 0.14293401
0.240121 -0.16409698 0.13220702
0.254102 -0.14585699 0.10656301
0.212064 -0.15452099 0.18434301
0.223583 -0.17804599 0.14634301
0.213048 0.02615103 0.386583
0.199913 0.020983031 0.412368
0.213796 -0.005938969 0.407883
0.224646 0.0036550288 0.382828
0.215596 0.011775031 0.401109
0.179195 0.03999903 0.400603
0.160255 0.03279903 0.408913
0.177239 0.012365032 0.422295
0.180222 0.027907033 0.415385
0.154134 0.0037540311 0.41247
0.165731 -0.018741969 0.408715
0.191121 -0.014555968 0.41781
0.172741 -0.0045129685 0.419893
0.19633 -0.03718997 0.397216
0.215271 -0.02998997 0.388906
0.206461 -0.02298497 0.406898
0.210383 0.0034620177 0.233301
0.199062 -0.008724981 0.245022
0.191464 -0.03902598 0.246041
0.208249 -0.030853983 0.230949
0.201915 -0.017153982 0.238472
0.201802 0.020389019 0.247606
0.202851 -0.00073497964 0.270171
0.192289 -0.028303979 0.261155
0.199161 -0.0035739809 0.254064
0.187367 -0.047212977 0.284192
0.165791 -0.060644977 0.276471
0.178149 -0.051712982 0.260041
0.181013 -0.04873998 0.268713
0.161394 -0.06852098 0.264424
0.180706 -0.068067975 0.250521
0.178218 -0.057641983 0.255019
0.191738 0.04510002 0.25022
0.16806 0.06228602 0.253243
0.151506 0.05735002 0.27362
0.181144 0.044272024 0.276942
0.173881 0.052534018 0.261392
0.185796 0.06812402 0.238646
0.153482 0.081349015 0.24387
0.137213 0.072268024 0.260539
0.16189 0.07190302 0.248298
0.102942 0.07467602 0.271091
0.096642 0.056947023 0.283536
0.122538 0.061411023 0.27681
0.114785 0.06719902 0.272992
0.109364 0.05150102 0.294574
0.136188 0.054719023 0.300698
0.128806 0.05725102 0.285159
0.143395 -0.06314198 0.27631
0.119348 -0.05764198 0.281149
0.138225 -0.07684898 0.272622
0.140759 -0.06803698 0.273327
0.128177 -0.05128998 0.291191
0.1541 -0.05957798 0.29932
0.147416 -0.060782976 0.284123
0.11761 -0.034350976 0.312447
0.09722 -0.015590978 0.301536
0.105558 -0.036701977 0.289538
0.110611 -0.035202976 0.297163
0.086598 -0.018282978 0.291801
0.093691 -0.04557698 0.288582
0.100552 -0.039831977 0.287402
0.084858 0.0041800225 0.296193
0.078586 0.024013022 0.293762
0.071302 0.0022370224 0.295309
0.079243 0.003483022 0.294069
0.097292 0.005205024 0.319117
0.089859 0.023680022 0.303665
0.090192 0.004648023 0.303827
0.103358 0.039691024 0.315916
0.090688 0.040685024 0.292979
0.096242 0.039850023 0.300697
0.075261 0.04440902 0.290634
0.084445 0.042203024 0.290408
0.233323 0.002620017 0.22532
0.227631 0.031705018 0.231149
0.208598 0.030504018 0.235897
0.217983 0.019189017 0.231219
0.26551 0.028939016 0.231497
0.266014 0.052504018 0.231673
0.224559 0.054881018 0.231747
0.242515 0.04309702 0.231724
0.216295 0.072365016 0.229119
0.20209 0.051866017 0.237188
0.206348 0.06282502 0.233498
0.201575 0.03838402 0.241708
0.235366 -0.034030985 0.213977
0.277479 -0.045897987 0.198086
0.279669 -0.0055659832 0.221923
0.256276 -0.020216983 0.215573
0.318516 -0.058019985 0.178154
0.258735 -0.08273999 0.164921
0.284947 -0.06871199 0.169095
0.373776 -0.025969986 0.207329
0.357977 -0.049096987 0.181882
0.40011 0.03701202 0.227959
0.342987 0.004487017 0.226485
0.389368 0.0046300166 0.223003
0.310348 0.03708902 0.233515
0.299958 0.014836018 0.229736
0.27689 0.075259015 0.224181
0.248366 0.093093015 0.208483
0.184305 0.085074015 0.226101
0.232629 0.08166701 0.222096
0.351209 0.06431601 0.226718
0.30265 0.058707017 0.230194
0.40457 0.09655301 0.205772
0.406525 0.068747014 0.221899
0.328355 0.11276302 0.18348399
0.39639 0.11608302 0.18082298
0.181435 0.10926101 0.18916899
0.252367 0.108002014 0.18455599
0.107256 0.09360502 0.252869
0.060571 0.095245026 0.268191
0.070494 0.067174025 0.282467
0.084808 0.083965026 0.269026
0.129823 0.10453302 0.22434498
0.141625 0.09122101 0.237284
0.078618 0.14481401 0.21396299
0.124874 0.123530015 0.20017998
0.036195 0.13437001 0.251582
0.037857 0.16575901 0.22455099
0.025877 0.08004702 0.285078
0.031068 0.10650602 0.271185
0.043509 -0.10390998 0.287623
0.064459 -0.06356098 0.294458
0.026997 -0.033893976 0.303278
0.034712 -0.06799198 0.29879
0.096476 -0.13835399 0.258414
0.049051 -0.13994598 0.266374
0.175499 -0.13690598 0.22995402
0.133906 -0.11143198 0.264388
0.139875 -0.13892399 0.24560502
0.105542 -0.07838498 0.28281
0.163329 -0.09251298 0.257954
0.135016 -0.09092098 0.271324
0.06757 -0.026450977 0.296014
0.08287 -0.05443898 0.291113
0.021111 0.026258022 0.30126
0.043287 0.05048802 0.293099
0.022377 0.05357202 0.294988
0.042883 -0.0016109773 0.301105
0.022508 -0.0026459768 0.303991
0.057361 0.024911022 0.296624
0.059252 0.0002790225 0.297949
0.061306 0.04726802 0.291607
0.220737 -0.11657999 0.19384502
0.191995 -0.10506398 0.23157902
0.201239 -0.12926398 0.21242401
0.229237 -0.07546698 0.201482
0.238515 -0.10015099 0.17579901
0.202534 -0.069204986 0.229936
0.218264 -0.051238984 0.219323
0.185213 -0.084187984 0.243524
0.207415 -0.025112977 0.301999
0.207541 -0.042603973 0.337267
0.182315 -0.057712976 0.315833
0.197248 -0.04564298 0.308543
0.206201 0.023302022 0.296228
0.220169 -0.00039097524 0.328156
0.211185 -0.0003739776 0.296944
0.220227 0.019218026 0.356905
0.223642 -0.019763973 0.361861
0.225532 0.00033002702 0.357864
0.201364 -0.047409974 0.369339
0.214665 -0.037024975 0.365097
0.145346 -0.048926976 0.330507
0.14079 -0.030976972 0.364127
0.114794 -0.013906974 0.340871
0.128029 -0.033192974 0.336507
0.175767 -0.054665975 0.351391
0.164248 -0.058101974 0.323384
0.170258 -0.04007197 0.385424
0.186431 -0.04775897 0.377544
0.141993 -0.01060197 0.391548
0.154236 -0.026821971 0.389398
0.107518 0.024677025 0.342912
0.127308 0.039519027 0.367228
0.127083 0.050183024 0.333892
0.11389 0.040016025 0.339882
0.121334 0.006814028 0.370486
0.107839 0.006066026 0.343132
0.137569 0.02337203 0.396057
0.136946 0.00673403 0.39502
0.153471 0.04557203 0.384936
0.142783 0.03696903 0.391752
0.169308 0.050156023 0.314353
0.200665 0.037705027 0.334504
0.190742 0.040204022 0.303545
0.159035 0.051886026 0.353092
0.146718 0.053553026 0.325002
0.190946 0.04372503 0.372493
0.171013 0.04773303 0.379304
0.208237 0.033916026 0.363485
-0.139558 0.13394897 -0.404868
-0.151991 0.14776297 -0.379419
-0.159318 0.18158297 -0.370063
-0.14946 0.16632397 -0.398242
-0.150543 0.15719298 -0.388795
-0.143987 0.11502797 -0.385619
-0.157443 0.12681597 -0.361176
-0.161759 0.16170397 -0.352652
-0.154169 0.13773698 -0.370189
-0.168667 0.17567398 -0.325629
-0.16899 0.21087196 -0.31412703
-0.165846 0.19654697 -0.341669
-0.166713 0.18629298 -0.333725
-0.169513 0.23155297 -0.32797903
-0.165922 0.21644497 -0.35730404
-0.165703 0.20655698 -0.34951204
-0.152472 0.09190797 -0.367916
-0.169037 0.10084598 -0.343974
-0.168647 0.13921598 -0.335371
-0.162178 0.11470097 -0.352451
-0.16907 0.059235975 -0.353119
-0.192051 0.068269975 -0.326199
-0.183416 0.11324198 -0.317362
-0.178684 0.08470498 -0.335701
-0.194991 0.12974599 -0.288737
-0.183305 0.16886199 -0.281306
-0.177323 0.15311497 -0.308581
-0.184829 0.14146097 -0.299133
-0.172635 0.18986997 -0.298987
-0.172069 0.16456696 -0.31733
-0.17387 0.20437899 -0.27308902
-0.165767 0.23713298 -0.26389602
-0.168872 0.22441399 -0.28809404
-0.170533 0.21423699 -0.28099704
-0.186943 0.18604298 -0.25407
-0.172637 0.21920398 -0.24814402
-0.179226 0.19494498 -0.264178
-0.169252 0.23446198 -0.22406101
-0.152121 0.26021197 -0.22094202
-0.160052 0.24904099 -0.24157901
-0.163587 0.24112898 -0.23360002
-0.148262 0.27636698 -0.23450801
-0.158155 0.26789197 -0.25374904
-0.158342 0.25802198 -0.24822101
-0.169224 0.24535397 -0.30059302
-0.168683 0.27936798 -0.28532302
-0.172245 0.26671997 -0.31185904
-0.170567 0.25601098 -0.30630302
-0.165305 0.25752696 -0.27576303
-0.168547 0.23480499 -0.29457504
-0.150104 0.29708296 -0.24313703
-0.161126 0.28959098 -0.26235402
-0.159184 0.27847496 -0.25838602
-0.155368 0.32053497 -0.24880303
-0.166532 0.31271297 -0.26917604
-0.163677 0.30106297 -0.26587704
-0.209988 0.020221977 -0.331242
-0.230165 0.039218977 -0.300409
-0.210231 0.086305976 -0.295434
-0.210068 0.053532977 -0.314034
-0.253328 -0.010405024 -0.303575
-0.268247 0.00810798 -0.27212
-0.245351 0.05919598 -0.268674
-0.249769 0.024048978 -0.286531
-0.255888 0.081849985 -0.235617
-0.232403 0.12882498 -0.23268601
-0.223454 0.10637598 -0.264402
-0.239691 0.09435098 -0.250545
-0.203941 0.14869098 -0.259437
-0.20821 0.11811298 -0.277147
-0.28967 -0.045395024 -0.27474
-0.299326 -0.025662018 -0.240666
-0.278797 0.029785981 -0.238362
-0.284969 -0.008520019 -0.256899
-0.315716 -0.08213702 -0.241997
-0.318519 -0.060789015 -0.204363
-0.303879 -0.0020880154 -0.203747
-0.310712 -0.04314302 -0.223221
-0.302788 0.024609987 -0.164525
-0.284577 0.08262399 -0.165287
-0.284349 0.054803986 -0.202562
-0.29518 0.040131986 -0.184221
-0.261477 0.10735699 -0.20131502
-0.271013 0.06868899 -0.219659
-0.262026 0.13530098 -0.16627201
-0.236589 0.18048999 -0.16758502
-0.236824 0.15373899 -0.20032401
-0.250045 0.14495598 -0.18385902
-0.279323 0.11224699 -0.12785201
-0.257356 0.16439798 -0.13121201
-0.272032 0.12449199 -0.14759302
-0.247144 0.192396 -0.096841015
-0.220854 0.23296599 -0.10269001
-0.23142 0.20769998 -0.13492002
-0.240359 0.20100199 -0.116219014
-0.203094 0.24138299 -0.13975702
-0.2097 0.21727298 -0.16965902
-0.220982 0.21296498 -0.15278602
-0.209682 0.16984299 -0.22974001
-0.188491 0.20480898 -0.22689001
-0.197362 0.17777799 -0.24257001
-0.211732 0.19293699 -0.19975202
-0.223103 0.16193299 -0.21563801
-0.182542 0.24568698 -0.17287502
-0.18723 0.22492398 -0.19979301
-0.198231 0.22110099 -0.18538001
-0.163962 0.25044197 -0.20046401
-0.177351 0.22921899 -0.21273902
-0.188703 -0.005252027 -0.358335
-0.21519 -0.045229025 -0.357369
-0.235123 -0.027181024 -0.332363
-0.212255 -0.013198026 -0.345355
-0.194531 -0.06510403 -0.377945
-0.217656 -0.10075303 -0.377903
-0.23883 -0.08772003 -0.357839
-0.217112 -0.07437203 -0.368278
-0.257996 -0.13098603 -0.358051
-0.277859 -0.122518025 -0.334205
-0.258542 -0.07482902 -0.333584
-0.25923 -0.10411303 -0.346518
-0.275821 -0.061338022 -0.305713
-0.256413 -0.04347902 -0.319264
-0.195745 -0.11417903 -0.393671
-0.213346 -0.14522903 -0.39279
-0.236093 -0.13843504 -0.377655
-0.216455 -0.12450003 -0.386067
-0.19228 -0.15236004 -0.403271
-0.199306 -0.17556903 -0.402801
-0.223209 -0.17711703 -0.392193
-0.208166 -0.16255803 -0.398094
-0.224103 -0.20902403 -0.39114997
-0.251627 -0.21319203 -0.37511596
-0.24782 -0.17628004 -0.376981
-0.237899 -0.19431603 -0.384604
-0.27094 -0.17363402 -0.357339
-0.254356 -0.15510602 -0.368168
-0.276485 -0.21446003 -0.35490096
-0.297759 -0.21297903 -0.33088696
-0.291337 -0.16892003 -0.333526
-0.28554 -0.19314003 -0.3449
-0.247051 -0.24798703 -0.37073997
-0.273999 -0.25244704 -0.34998897
-0.263784 -0.23277703 -0.36351696
-0.263225 -0.28653902 -0.34218696
-0.287116 -0.28953502 -0.31785998
-0.296446 -0.25355804 -0.32575196
-0.2819 -0.27157402 -0.33470997
-0.313455 -0.25106502 -0.29826897
-0.314487 -0.20842303 -0.30346996
-0.307197 -0.23250203 -0.31533098
-0.294703 -0.11221902 -0.30672
-0.30758 -0.09908402 -0.275999
-0.293044 -0.080006026 -0.291359
-0.308005 -0.16169503 -0.306152
-0.294263 -0.14190103 -0.320787
-0.325758 -0.20024602 -0.27277198
-0.320019 -0.15124601 -0.275499
-0.318649 -0.18133302 -0.290185
-0.326591 -0.13688602 -0.24144399
-0.31893 -0.11817602 -0.259429
-0.330773 -0.18798302 -0.23856999
-0.329618 -0.17214702 -0.20100498
-0.327083 -0.11831501 -0.20361398
-0.330064 -0.15481602 -0.22184098
-0.32412 -0.24453002 -0.26751897
-0.328229 -0.23426302 -0.23374398
-0.328896 -0.21786901 -0.25379696
-0.319135 -0.27480102 -0.22763298
-0.316149 -0.26362 -0.19232799
-0.32595 -0.22093202 -0.19696899
-0.323924 -0.24949302 -0.21309398
-0.318048 -0.20572701 -0.15718399
-0.322953 -0.15381001 -0.16022599
-0.325523 -0.18905702 -0.17932399
-0.304622 -0.28839102 -0.29043397
-0.315363 -0.28331804 -0.26029298
-0.316133 -0.26801902 -0.27973297
-0.269777 -0.32000303 -0.30728498
-0.288524 -0.31992304 -0.28056997
-0.289275 -0.30570102 -0.29961896
-0.265955 -0.34530503 -0.26916498
-0.278888 -0.34193003 -0.24237996
-0.300009 -0.31596002 -0.25174397
-0.285013 -0.33204904 -0.26129597
-0.303995 -0.30876902 -0.22098197
-0.311274 -0.29691702 -0.24051997
-0.283679 -0.33544302 -0.21437398
-0.280254 -0.327377 -0.18497097
-0.30065 -0.299329 -0.18808398
-0.293658 -0.31882802 -0.20224997
-0.253099 -0.36097902 -0.23228997
-0.259653 -0.35485202 -0.20809998
-0.270298 -0.34941402 -0.22440498
-0.234911 -0.36710703 -0.20182097
-0.232533 -0.36211 -0.18368097
-0.256499 -0.34808 -0.18323897
-0.247364 -0.358599 -0.19419497
-0.24422 -0.341088 -0.15736297
-0.269236 -0.318439 -0.15392897
-0.263777 -0.334703 -0.16979297
-0.307235 -0.251024 -0.15411398
-0.29356 -0.23833601 -0.11289199
-0.30607 -0.19069801 -0.11483399
-0.307463 -0.22233501 -0.13497199
-0.290664 -0.288631 -0.15276799
-0.30507 -0.276709 -0.17192899
-0.25178 -0.308474 -0.12164798
-0.275104 -0.277426 -0.11488098
-0.272908 -0.299262 -0.13571697
-0.254711 -0.266632 -0.07327398
-0.277057 -0.226394 -0.06734899
-0.276134 -0.253184 -0.09114598
-0.265406 -0.210923 -0.019630983
-0.280346 -0.167498 -0.026712988
-0.292236 -0.177342 -0.07068598
-0.278934 -0.196913 -0.046327986
-0.271564 -0.161687 0.015190012
-0.278112 -0.118393 0.012746009
-0.287817 -0.114399 -0.028888991
-0.279876 -0.140904 -0.0071349894
-0.289535 -0.052251004 -0.026992997
-0.300261 -0.052642003 -0.072156996
-0.299518 -0.11990501 -0.07248599
-0.294649 -0.08304401 -0.050125994
-0.312195 -0.13492602 -0.11687599
-0.303373 -0.156172 -0.094029985
-0.273453 -0.07221099 0.092318006
-0.277303 -0.050910998 0.055116005
-0.273314 -0.08849099 0.054026008
-0.265313 -0.102970995 0.09407601
-0.271967 -0.079261996 0.07457701
-0.281983 -0.016757997 0.054907
-0.281191 0.015401002 0.026653998
-0.281677 -0.024534998 0.019470003
-0.280543 -0.018982997 0.038802
-0.285094 0.006983999 -0.014944001
-0.281146 -0.070564 0.014330005
-0.284942 -0.034186 -0.0031279975
-0.269296 -0.125922 0.05270301
-0.275643 -0.101228 0.03327501
-0.253725 0.143714 0.02541899
-0.260178 0.126073 0.00821799
-0.273308 0.085919 0.017471995
-0.271808 0.108476 0.028770993
-0.264938 0.117536 0.019530991
-0.241083 0.166566 0.0049519874
-0.255275 0.144769 -0.02064101
-0.26991 0.096229 -0.012574008
-0.257099 0.134884 -0.00517201
-0.281953 0.055250995 -0.039184004
-0.278164 0.052363 0.003096996
-0.279662 0.052026 -0.016962003
-0.281726 0.047870003 0.033208996
-0.278753 0.051121 0.019694997
-0.268387 0.141613 -0.091428004
-0.253194 0.169094 -0.05717701
-0.231055 0.215873 -0.06325401
-0.25112 0.181405 -0.076944016
-0.295751 0.05320799 -0.12426901
-0.284364 0.083096996 -0.08523301
-0.283163 0.09828399 -0.10707901
-0.294996 0.017919995 -0.076653
-0.270319 0.114733994 -0.050375007
-0.28374 0.06717999 -0.062271003
-0.235204 0.191372 -0.025321014
-0.254276 0.156527 -0.03819301
-0.322009 -0.096418016 -0.162215
-0.31526 -0.03598401 -0.163526
-0.322142 -0.07842602 -0.183892
-0.312388 -0.07339701 -0.118288994
-0.31855 -0.11513001 -0.13974099
-0.306827 -0.00956501 -0.120656
-0.304541 -0.028993007 -0.096293
-0.306456 0.008172989 -0.143368
-0.188582 0.13854101 0.13856898
-0.226119 0.14138901 0.11781399
-0.255574 0.13095501 0.13528799
-0.217373 0.124090016 0.15472399
-0.220866 0.13310201 0.13658698
-0.204613 0.15736401 0.09948398
-0.240845 0.15146 0.08192098
-0.263327 0.14137001 0.09922399
-0.232866 0.14787002 0.09929499
-0.297026 0.136035 0.08351299
-0.325481 0.13308801 0.100430995
-0.292542 0.13483502 0.11680699
-0.294648 0.13679801 0.09951999
-0.325246 0.13088602 0.13445398
-0.290124 0.124894015 0.15212798
-0.290953 0.13068701 0.13460098
-0.227542 0.163484 0.06480198
-0.259004 0.146133 0.05379199
-0.274066 0.140735 0.06799499
-0.249792 0.151076 0.06657998
-0.252453 0.14887 0.04010999
-0.275418 0.120227 0.037952993
-0.285063 0.123932 0.04726499
-0.26778 0.136046 0.04407699
-0.305092 0.096801 0.046366993
-0.322843 0.102690004 0.054022994
-0.301695 0.124359004 0.058295988
-0.303638 0.11274201 0.050353993
-0.324959 0.12443301 0.071789995
-0.299433 0.132006 0.06955999
-0.345978 0.10733001 0.065418996
-0.372758 0.110415004 0.07998999
-0.352714 0.12480101 0.08766499
-0.349713 0.117561005 0.07519599
-0.338315 0.077415004 0.056416992
-0.360036 0.08607401 0.06500299
-0.342011 0.09398801 0.05895299
-0.368771 0.06398801 0.07009599
-0.387862 0.06857101 0.07964599
-0.384598 0.09078301 0.07773599
-0.375813 0.07838001 0.072033994
-0.40997 0.09140701 0.09457599
-0.400235 0.11145101 0.09743799
-0.393156 0.10202201 0.08637999
-0.355606 0.13088301 0.118135996
-0.384319 0.12818201 0.13584198
-0.358368 0.12714401 0.15144098
-0.356701 0.13013801 0.13477498
-0.381044 0.124478005 0.10535199
-0.354477 0.12917301 0.10220499
-0.424506 0.110438004 0.117796995
-0.406706 0.12288101 0.12420999
-0.404585 0.118425004 0.110379994
-0.425671 0.12000101 0.14270099
-0.408843 0.124104016 0.15146399
-0.407099 0.12475601 0.13793099
-0.285198 0.071465 0.037979998
-0.292722 0.087092 0.041764993
-0.281217 0.098091 0.03593999
-0.287788 0.0120490035 0.053981
-0.295442 0.034951005 0.052784998
-0.287381 0.042176004 0.044012997
-0.304668 0.0017390054 0.071954
-0.317665 0.019563006 0.066942
-0.306046 0.052440003 0.051728997
-0.305629 0.027110003 0.060201995
-0.320252 0.06608201 0.052284997
-0.305881 0.076186 0.04697199
-0.283621 -0.04363999 0.084921
-0.293613 -0.019153994 0.078169
-0.28644 -0.017089995 0.067826
-0.27573 -0.08007299 0.125586
-0.289058 -0.061258994 0.11352501
-0.279619 -0.06600599 0.10464001
-0.299783 -0.06778799 0.139122
-0.313394 -0.056807987 0.127076
-0.301636 -0.042797994 0.103156
-0.300363 -0.058581993 0.12095601
-0.314911 -0.025187993 0.093571
-0.303204 -0.022127993 0.086547
-0.327706 -0.043363992 0.115499
-0.343585 -0.028312992 0.106108
-0.329769 -0.008290993 0.085704
-0.328435 -0.027511993 0.099851
-0.329788 -0.06065799 0.148807
-0.343371 -0.05191799 0.136295
-0.328012 -0.054770987 0.132026
-0.360666 -0.05131299 0.153802
-0.373714 -0.04223299 0.14626
-0.35911 -0.03934299 0.126848
-0.358624 -0.047697987 0.140375
-0.377992 -0.022202991 0.121428
-0.361483 -0.0107909925 0.099939
-0.360168 -0.026804991 0.11306
-0.333097 0.035621002 0.064387
-0.350671 0.050893005 0.06528899
-0.335394 0.057489004 0.058430996
-0.346336 0.009049007 0.080733
-0.331272 0.013224006 0.073681
-0.380379 0.0110160075 0.097025
-0.364036 0.027776005 0.079126
-0.362743 0.007995007 0.08841
-0.380022 0.047227006 0.080289
-0.365445 0.046780005 0.072741
-0.380323 -0.043086987 0.164054
-0.403114 -0.027081987 0.167753
-0.393573 -0.026220988 0.144667
-0.388587 -0.035645988 0.155944
-0.403738 -0.026007986 0.188435
-0.429482 -0.0021479856 0.191545
-0.426763 -0.0030269872 0.168993
-0.417168 -0.015684986 0.180015
-0.447198 0.026617013 0.168581
-0.435268 0.027555011 0.142757
-0.415531 -0.002194989 0.143799
-0.432728 0.011531012 0.156272
-0.398655 0.001499009 0.118936
-0.396866 -0.01371899 0.131929
-0.423263 0.0013960158 0.208699
-0.444123 0.027675014 0.208802
-0.450366 0.026791016 0.191423
-0.438793 0.012831015 0.20116
-0.430904 0.029780017 0.219538
-0.438376 0.050091013 0.218829
-0.454796 0.054741014 0.207746
-0.444497 0.040805016 0.214417
-0.451752 0.07868802 0.206053
-0.463259 0.08392801 0.188299
-0.462833 0.057003014 0.190166
-0.461305 0.06960701 0.198946
-0.46044 0.05807501 0.167249
-0.457681 0.042224016 0.179962
-0.46253 0.085878015 0.165554
-0.451545 0.08740201 0.140404
-0.4486 0.05926701 0.141441
-0.45834 0.07329102 0.153756
-0.449151 0.103533015 0.18460798
-0.452073 0.10632802 0.16352099
-0.459893 0.09622701 0.176087
-0.431913 0.11811402 0.16042998
-0.442891 0.10819901 0.14049898
-0.440664 0.11405601 0.15181199
-0.433161 0.08962501 0.11581899
-0.440213 0.09994101 0.12811199
-0.417648 0.03074101 0.117753
-0.397932 0.037254006 0.096243
-0.39913 0.019070007 0.106891
-0.43036 0.061644007 0.116538994
-0.434587 0.044612013 0.129355
-0.408964 0.06532901 0.095249996
-0.422263 0.07759501 0.10478799
-0.394706 0.05430801 0.087437995
0 0.316935 -0.18415003
-0.021941 0.323061 -0.19078404
-0.043951 0.314637 -0.18555303
-0.022603 0.312807 -0.17599604
-0.022124 0.316434 -0.18444803
0 0.332822 -0.19499803
-0.022297 0.34360498 -0.19831803
-0.043695 0.330334 -0.19646803
-0.022013 0.332261 -0.19530603
-0.065474 0.33777696 -0.20183903
-0.084738 0.32139996 -0.20228903
-0.064576 0.317819 -0.19409603
-0.064713 0.32679498 -0.19871703
-0.085534 0.305982 -0.19103003
-0.066669 0.307491 -0.17915903
-0.065187 0.311251 -0.18767703
0 0.35735598 -0.19980203
-0.023331 0.37100798 -0.20101704
-0.045121 0.35439596 -0.20135003
-0.02275 0.35666296 -0.20012103
0 0.38707796 -0.20098002
-0.024704 0.40184197 -0.20129803
-0.047557 0.38347697 -0.20261203
-0.023996 0.38621098 -0.20130803
-0.072252 0.39373899 -0.20533504
-0.091628 0.37188596 -0.20942304
-0.068365 0.36415297 -0.20478603
-0.070246 0.37874597 -0.20521003
-0.087204 0.34437597 -0.20763104
-0.066732 0.35036296 -0.20376202
-0.108513 0.34915596 -0.21468903
-0.123211 0.32577798 -0.22083203
-0.104398 0.32437697 -0.21090403
-0.106157 0.33624396 -0.21323003
-0.11422 0.37672397 -0.21616003
-0.128727 0.35125497 -0.22396803
-0.111267 0.36276597 -0.21556903
-0.146887 0.34998596 -0.23652403
-0.140519 0.32473096 -0.23309003
-0.143572 0.33722198 -0.23494004
-0.136237 0.30166396 -0.22753303
-0.137987 0.31278697 -0.23071003
-0.103469 0.30517498 -0.20248903
-0.12238 0.28862298 -0.20226401
-0.107318 0.294339 -0.18712902
-0.104697 0.298537 -0.19582203
-0.120477 0.30406398 -0.21434303
-0.103436 0.31390497 -0.20741902
-0.136126 0.28296897 -0.21772702
-0.13553 0.29163298 -0.22329402
-0.142272 0.27083597 -0.20154801
-0.138287 0.27594596 -0.21056701
0 0.331019 -0.054462027
-0.029598 0.329447 -0.07816202
-0.061025 0.325512 -0.056736026
-0.031441 0.32656 -0.030101024
-0.03065 0.329652 -0.054975025
0 0.327881 -0.09920102
-0.027053 0.322993 -0.119055025
-0.056461 0.32373 -0.10085002
-0.02837 0.326907 -0.09955702
-0.080048 0.315176 -0.12246102
-0.110692 0.309738 -0.10714702
-0.08768 0.319534 -0.08242802
-0.083995 0.318093 -0.10330502
-0.119849 0.308763 -0.06487902
-0.093253 0.31424 -0.03604802
-0.090849 0.318562 -0.059964024
0 0.319364 -0.13625903
-0.024493 0.314884 -0.15194403
-0.051187 0.316229 -0.13764703
-0.025732 0.318665 -0.13655204
0 0.313153 -0.16484003
-0.046563 0.310651 -0.16619302
-0.023421 0.312611 -0.16512702
-0.090898 0.301144 -0.17148504
-0.072373 0.308662 -0.15506503
-0.069148 0.30694 -0.16824403
-0.100163 0.304797 -0.14310303
-0.07609 0.31172 -0.13975903
-0.116937 0.293471 -0.16298302
-0.144705 0.282308 -0.15432401
-0.129709 0.297049 -0.13103902
-0.12313 0.295123 -0.14789401
-0.130773 0.281964 -0.18236001
-0.111532 0.29293 -0.17612201
-0.155965 0.266509 -0.17734902
-0.148343 0.267913 -0.19040601
-0.173727 0.265595 -0.14633201
-0.164604 0.265959 -0.16258702
-0.142421 0.298364 -0.09276002
-0.17415 0.279731 -0.08033902
-0.151856 0.290708 -0.049607024
-0.147749 0.296077 -0.07170102
-0.160417 0.283586 -0.119777024
-0.136274 0.298408 -0.11260002
-0.191285 0.262758 -0.110177025
-0.182798 0.264751 -0.12879202
-0.204364 0.252663 -0.07056602
-0.198651 0.258952 -0.090699024
0 -0.275364 0.00936102
-0.033173 -0.261011 0.042402018
-0.067564 -0.274087 0.00887202
-0.034547 -0.289646 -0.021456977
-0.033937 -0.275099 0.0092650205
0 -0.247481 0.077150024
-0.031288 -0.23339398 0.11166901
-0.064168 -0.246176 0.07615802
-0.032281 -0.247177 0.076892026
-0.092178 -0.23074798 0.10924902
-0.12519 -0.241711 0.07342002
-0.098112 -0.258089 0.04090802
-0.095269 -0.244384 0.07498702
-0.132642 -0.268956 0.0067810207
-0.102504 -0.286702 -0.022433978
-0.100569 -0.272112 0.00807902
0 -0.21978599 0.14610702
-0.02911 -0.20515798 0.17783001
-0.060021 -0.21849298 0.14447202
-0.030222 -0.21945499 0.14567001
0 -0.19064298 0.20768702
-0.026858 -0.17466699 0.23237401
-0.05559 -0.18938199 0.20539701
-0.027979 -0.19029598 0.20708601
-0.079261 -0.17257899 0.22745901
-0.108229 -0.18635899 0.19920601
-0.085719 -0.20275098 0.17412202
-0.082463 -0.18802798 0.20273201
-0.116665 -0.21479799 0.14025001
-0.088976 -0.21693099 0.14262702
-0.1375 -0.19856998 0.16765802
-0.16644 -0.20882298 0.13447101
-0.148011 -0.22526099 0.10513002
-0.142664 -0.21212599 0.13745402
-0.127728 -0.16983499 0.21846202
-0.154902 -0.18229598 0.19004302
-0.13252 -0.18450299 0.19493102
-0.169242 -0.16612898 0.20634702
-0.192203 -0.17618099 0.17896402
-0.180979 -0.19250399 0.15955602
-0.174941 -0.17957698 0.18467501
-0.205181 -0.19995698 0.12886602
-0.194476 -0.21634299 0.10114302
-0.187458 -0.20479698 0.13153102
-0.15883 -0.250968 0.037697017
-0.192541 -0.257648 0.0026690196
-0.16705 -0.278804 -0.025823979
-0.163472 -0.264404 0.00487602
-0.179467 -0.233239 0.06980502
-0.153538 -0.238065 0.07149602
-0.220689 -0.219221 0.069472015
-0.210421 -0.237366 0.03525702
-0.202133 -0.227026 0.068934016
-0.240721 -0.234125 0.0019310177
-0.226313 -0.260817 -0.03302798
-0.219331 -0.247879 0.0004660187
0 -0.383633 -0.17018697
-0.03586 -0.374299 -0.15210497
-0.071476 -0.383043 -0.17005597
-0.036427 -0.390157 -0.18850496
-0.036086 -0.383553 -0.17010497
0 -0.362985 -0.13403396
-0.035584 -0.349738 -0.11508597
-0.070887 -0.362314 -0.13400698
-0.035707 -0.36287 -0.13394997
-0.105008 -0.347835 -0.11578597
-0.13756 -0.359038 -0.13578297
-0.105104 -0.372587 -0.15247796
-0.105013 -0.361107 -0.13451497
-0.137389 -0.379651 -0.17084397
-0.106322 -0.388396 -0.18835597
-0.105476 -0.381832 -0.17023697
0 -0.33554 -0.09502698
-0.03526 -0.320258 -0.073014975
-0.070535 -0.334672 -0.095082976
-0.03545 -0.335376 -0.094958976
0 -0.305074 -0.048712976
-0.069661 -0.303953 -0.04889998
-0.034973 -0.304857 -0.048698977
-0.137035 -0.299078 -0.050934978
-0.104527 -0.317797 -0.07382398
-0.103777 -0.302111 -0.049563978
-0.138154 -0.330802 -0.097218975
-0.104891 -0.333218 -0.095726974
-0.170031 -0.311001 -0.07781698
-0.199821 -0.322357 -0.104402974
-0.169194 -0.342442 -0.11985998
-0.169959 -0.327213 -0.099887975
-0.199838 -0.287959 -0.057047978
-0.169149 -0.294601 -0.053258978
-0.228561 -0.297833 -0.08893498
-0.228818 -0.27843 -0.062813975
-0.22492 -0.332692 -0.13100097
-0.227256 -0.316142 -0.11143298
-0.166924 -0.367265 -0.15531197
-0.192328 -0.371862 -0.17421497
-0.167343 -0.382477 -0.18904997
-0.166522 -0.376229 -0.17207497
-0.196085 -0.35179 -0.14210796
-0.167998 -0.355898 -0.13811997
-0.217819 -0.358282 -0.16373897
-0.221574 -0.346819 -0.14832897
-0.213382 -0.372301 -0.19099197
-0.214259 -0.366843 -0.17755297
0 0.032376967 -0.443396
-0.020566 0.027357966 -0.436092
-0.039956 0.039885968 -0.442801
-0.019646 0.041083965 -0.450853
-0.020105 0.034322966 -0.443354
0 0.01814597 -0.429618
-0.021506 0.012002968 -0.423224
-0.041785 0.025248969 -0.42807
-0.021032 0.019984968 -0.429303
-0.063444 0.025207968 -0.418798
-0.081333 0.045020968 -0.421707
-0.060608 0.041464966 -0.433221
-0.061978 0.033678968 -0.425633
-0.077885 0.060772967 -0.438457
-0.058025 0.055892967 -0.449651
-0.059301 0.048792966 -0.441311
0 0.0014959684 -0.418628
-0.022484 -0.006608031 -0.414144
-0.043745 0.008068969 -0.416275
-0.021989 0.0032059683 -0.418092
0 -0.019182032 -0.412284
-0.02352 -0.030104032 -0.410745
-0.045855 -0.01335003 -0.40943
-0.022994 -0.017644031 -0.411616
-0.070196 -0.02013103 -0.404568
-0.09065 0.0022339697 -0.399774
-0.066719 0.005289969 -0.408446
-0.068451 -0.0066170306 -0.405544
-0.085632 0.026196968 -0.407958
-0.065037 0.015820969 -0.412966
-0.108753 0.02680597 -0.395496
-0.123408 0.05408597 -0.392119
-0.102164 0.04956597 -0.408048
-0.105297 0.03893097 -0.401039
-0.115776 -0.0031380295 -0.390888
-0.133192 0.025494972 -0.381666
-0.112318 0.01288497 -0.391939
-0.160345 0.018985972 -0.36695
-0.145343 0.05751197 -0.37405
-0.153007 0.040221974 -0.368583
-0.134734 0.08368197 -0.389315
-0.139341 0.07172397 -0.381109
-0.097378 0.06757997 -0.424671
-0.111761 0.09285497 -0.42695
-0.09367 0.08322597 -0.443188
-0.095457 0.07555097 -0.433812
-0.116329 0.07547697 -0.408264
-0.099569 0.05901697 -0.416005
-0.128618 0.10366897 -0.407658
-0.131254 0.09421097 -0.398223
-0.124756 0.12079797 -0.427405
-0.126546 0.11241197 -0.417444
0 -0.04550103 -0.412443
-0.024648 -0.05977203 -0.414148
-0.048061 -0.04070703 -0.409607
-0.024066 -0.04419303 -0.411768
0 -0.07773503 -0.41792
-0.025991 -0.09485103 -0.420838
-0.050464 -0.07416203 -0.415569
-0.025284 -0.07670403 -0.417351
-0.077311 -0.08998203 -0.416648
-0.100088 -0.06676703 -0.408071
-0.073647 -0.05241203 -0.408681
-0.075433 -0.07066503 -0.4125
-0.095556 -0.02895703 -0.400288
-0.071915 -0.03548203 -0.405825
0 -0.11482503 -0.424481
-0.027688 -0.13424203 -0.426527
-0.053314 -0.112335026 -0.422774
-0.026787 -0.11407603 -0.424076
0 -0.15570703 -0.427893
-0.029875 -0.17684303 -0.426925
-0.056951 -0.15399504 -0.426775
-0.028711 -0.15521003 -0.427655
-0.087419 -0.17423403 -0.42476
-0.110128 -0.15052304 -0.42242
-0.08159 -0.13092802 -0.423482
-0.084247 -0.15234102 -0.425086
-0.104549 -0.10789303 -0.417133
-0.079321 -0.11010603 -0.420489
-0.131076 -0.12753703 -0.416393
-0.151954 -0.10602203 -0.407101
-0.126641 -0.08472403 -0.40774
-0.128737 -0.10620103 -0.412619
-0.138348 -0.17013402 -0.418821
-0.155884 -0.14785303 -0.413939
-0.134124 -0.14881903 -0.418611
-0.177777 -0.16598403 -0.409576
-0.17467 -0.12930903 -0.405575
-0.175061 -0.14824603 -0.40869
-0.173381 -0.08551603 -0.394435
-0.174267 -0.10835103 -0.400733
-0.121754 -0.04175003 -0.396942
-0.142134 -0.014034029 -0.383309
-0.118914 -0.02156903 -0.392862
-0.148139 -0.06066903 -0.395103
-0.124322 -0.06302103 -0.402208
-0.168838 -0.03476203 -0.379023
-0.171541 -0.06095003 -0.386951
-0.165364 -0.007062028 -0.371393
0 -0.19932203 -0.42392296
-0.032608 -0.22136803 -0.41840497
-0.061802 -0.19806103 -0.42321798
-0.031195 -0.19900402 -0.42379996
0 -0.24382603 -0.41094097
-0.035447 -0.26540503 -0.40130296
-0.06751 -0.24275403 -0.41043398
-0.034047 -0.24360903 -0.41086498
-0.104069 -0.26278803 -0.39998496
-0.13035 -0.23829803 -0.40770698
-0.095445 -0.21886604 -0.41681597
-0.099805 -0.24105303 -0.40944898
-0.1189 -0.19433403 -0.419818
-0.091233 -0.19650103 -0.421962
0 -0.28659603 -0.38991898
-0.03787 -0.30635703 -0.37661597
-0.072926 -0.28560302 -0.38944796
-0.036743 -0.28642902 -0.38984597
0 -0.32501101 -0.36182997
-0.039353 -0.34162703 -0.34533998
-0.076965 -0.32408002 -0.36130396
-0.038761 -0.32486504 -0.36173898
-0.115824 -0.33915702 -0.34390098
-0.149467 -0.31920704 -0.35873497
-0.111379 -0.30374604 -0.37528896
-0.114053 -0.32230902 -0.36035696
-0.141372 -0.28068203 -0.38697097
-0.107989 -0.28379503 -0.38854796
-0.178198 -0.29577902 -0.37127998
-0.200871 -0.26917303 -0.38111398
-0.165875 -0.25530702 -0.39584798
-0.172514 -0.27593902 -0.38453898
-0.185589 -0.33147803 -0.33971298
-0.213041 -0.30761802 -0.35280296
-0.182649 -0.31442502 -0.35627198
-0.244176 -0.31585002 -0.33146998
-0.233881 -0.27964202 -0.36327198
-0.240086 -0.29843804 -0.34816298
-0.216474 -0.24000102 -0.38779196
-0.225899 -0.25998703 -0.37655997
-0.151146 -0.21299402 -0.41194198
-0.166519 -0.18798003 -0.412464
-0.144215 -0.19156903 -0.416572
-0.183926 -0.22844203 -0.40134996
-0.158559 -0.23428303 -0.40500796
-0.195204 -0.20114803 -0.40337798
-0.205943 -0.22021103 -0.39673096
-0.185153 -0.18334503 -0.407732
0 -0.35644603 -0.32764396
-0.039505 -0.36881104 -0.30864096
-0.078601 -0.35560304 -0.32707298
-0.039579 -0.35632002 -0.32754198
0 -0.37906903 -0.28902796
-0.038719 -0.38666204 -0.26869997
-0.077821 -0.37833902 -0.28847796
-0.039197 -0.37896904 -0.28892896
-0.11376 -0.38465303 -0.26742998
-0.151063 -0.37417403 -0.28591397
-0.116274 -0.36657104 -0.30717397
-0.115301 -0.37685102 -0.28752398
-0.152739 -0.35104904 -0.32436898
-0.116507 -0.35395902 -0.32606998
0 -0.39183602 -0.24833997
-0.037519 -0.39412802 -0.22787097
-0.075629 -0.39120102 -0.24789797
-0.038138 -0.39175904 -0.24824996
0 -0.39370504 -0.20793997
-0.073118 -0.39311904 -0.20766197
-0.036926 -0.39363804 -0.20785797
-0.140359 -0.38946304 -0.20712297
-0.109764 -0.39227104 -0.22710297
-0.107841 -0.39183304 -0.20739996
-0.14608 -0.38733703 -0.24607997
-0.111825 -0.38983604 -0.24720196
-0.173631 -0.38596502 -0.22539897
-0.206412 -0.37778404 -0.24188997
-0.181606 -0.37802202 -0.26386896
-0.177746 -0.38337904 -0.24444997
-0.195928 -0.38064802 -0.20636497
-0.169938 -0.38569304 -0.20687898
-0.224612 -0.37368703 -0.22080797
-0.217676 -0.37445503 -0.20527896
-0.237932 -0.36445302 -0.25631297
-0.231666 -0.37037602 -0.23797797
-0.186317 -0.35942802 -0.30293497
-0.217952 -0.34008303 -0.31821296
-0.18674 -0.34653604 -0.32180497
-0.21519 -0.36397102 -0.28004196
-0.184534 -0.36998102 -0.28349298
-0.245197 -0.34474704 -0.29454798
-0.242506 -0.35584503 -0.27533996
-0.245817 -0.33135104 -0.31342798
-0.063515 0.313934 -0.0062390235
-0.031861 0.308343 0.024052978
0 0.321092 -0.0028380242
-0.031885 0.31921 -0.0036420242
-0.124997 0.29467 -0.017561022
-0.095206 0.293198 0.015700977
-0.094637 0.305631 -0.010816024
-0.12724 0.265057 0.03414898
-0.092371 0.25988 0.07238698
-0.062853 0.287938 0.049192976
-0.095162 0.277406 0.04347298
-0.02993 0.279004 0.081763975
0 0.297128 0.053791977
-0.03125 0.294694 0.05263798
-0.210307 0.231435 -0.029930016
-0.182144 0.264674 -0.037630018
-0.20789 0.243227 -0.04998902
-0.216139 0.203956 0.0047799847
-0.186947 0.238094 0.0037149822
-0.212697 0.218081 -0.011353017
-0.163519 0.234749 0.03926898
-0.156128 0.268654 -0.0033360203
-0.158148 0.252853 0.019888982
-0.154339 0.281419 -0.026660021
-0.224195 0.173563 0.047025986
-0.229543 0.175893 0.027310986
-0.239749 0.162193 0.03468299
-0.193093 0.177337 0.07975399
-0.191118 0.195674 0.057830986
-0.208248 0.178414 0.062148985
-0.152719 0.216203 0.072672985
-0.199602 0.205703 0.032777984
-0.175359 0.215071 0.051060986
-0.221714 0.189854 0.017504985
-0.15471 0.13618001 0.16109599
-0.135451 0.16204302 0.14472398
-0.16896 0.16081801 0.12042399
-0.160476 0.14868602 0.14130598
-0.105594 0.16140102 0.17100298
-0.090248 0.19241402 0.15329899
-0.122349 0.19286402 0.12418599
-0.112407 0.17711702 0.14874598
-0.111949 0.226492 0.098236986
-0.15733 0.18781902 0.099137984
-0.135417 0.207347 0.097937986
-0.179915 0.17092001 0.09954298
0 0.22891702 0.16781299
-0.025227 0.24415801 0.13962099
-0.045339 0.21799602 0.16294698
-0.020612 0.20764402 0.19041298
-0.022696 0.22588702 0.16638999
0 0.264866 0.112467974
-0.0559 0.254215 0.10751398
-0.02778 0.262011 0.111084975
-0.075438 0.22444901 0.13155298
-0.0847 0.24224502 0.102329984
-0.062343 0.18877801 0.18209298
-0.067874 0.20643902 0.15830798
-0.243286 -0.213825 0.042141017
-0.260403 -0.194931 0.023811014
-0.25359 -0.21541 0.010727016
-0.226317 -0.20300598 0.10022801
-0.243502 -0.198773 0.07625301
-0.234291 -0.209617 0.072007015
-0.242504 -0.18570599 0.10208801
-0.250927 -0.176003 0.09070201
-0.25606 -0.18417 0.060719013
-0.248886 -0.187248 0.08192101
-0.264169 -0.158838 0.053986013
-0.263622 -0.17588 0.038141016
-0.200399 -0.15941699 0.19220302
-0.21774 -0.16679399 0.16644602
-0.212434 -0.18369998 0.15109602
-0.206253 -0.17194599 0.17304401
-0.221933 -0.14855699 0.17564702
-0.235609 -0.15342799 0.14933902
-0.232517 -0.17146699 0.14040402
-0.22731 -0.16064799 0.15870102
-0.243641 -0.17265898 0.11561801
-0.229627 -0.18759099 0.124467015
-0.237314 -0.18013299 0.12155802
-0.219077 -0.19420998 0.12670702
-0.260713 -0.131952 0.090592004
-0.250676 -0.13456199 0.124800004
-0.255158 -0.110939994 0.13071102
-0.258117 -0.12096899 0.110506006
-0.256589 -0.157463 0.08910401
-0.262965 -0.144386 0.07161101
-0.247277 -0.15606599 0.12068102
-0.250107 -0.16599499 0.10428701
-0.238719 -0.13329798 0.15481801
-0.243286 -0.14505698 0.13789101
-0.223091 0.011454029 0.379313
-0.221085 0.0072910297 0.39283
-0.214713 0.01964803 0.39489
-0.21815 0.021038027 0.380912
-0.219853 0.014974029 0.387843
-0.224792 -0.0051049707 0.385893
-0.219596 -0.010257971 0.398909
-0.21536 0.0030680306 0.405446
-0.221085 -0.00134197 0.396583
-0.206276 -0.0013239686 0.414866
-0.199188 0.0124210315 0.417155
-0.208435 0.01649703 0.407683
-0.20795 0.007773031 0.412347
-0.199507 0.02870503 0.405405
-0.206159 0.03103903 0.391926
-0.207811 0.02440203 0.400875
-0.21992 -0.02255197 0.389054
-0.211921 -0.02655397 0.398705
-0.210692 -0.014708969 0.408402
-0.216359 -0.01878697 0.399613
-0.209955 -0.03589497 0.38782
-0.201886 -0.03896197 0.39136
-0.201515 -0.03050897 0.403265
-0.206829 -0.03318397 0.396194
-0.189488 -0.03411897 0.402406
-0.186785 -0.022728968 0.413288
-0.199381 -0.019006968 0.413354
-0.194679 -0.027026968 0.409112
-0.194699 -0.005723968 0.419932
-0.203333 -0.010344968 0.415237
-0.182121 -0.009564969 0.420005
-0.175196 0.003864032 0.422242
-0.187611 0.0080210315 0.422221
-0.185204 -0.0008719681 0.422304
-0.173663 -0.024541968 0.408345
-0.16971 -0.012236969 0.415372
-0.178296 -0.017605968 0.415345
-0.158615 -0.013058969 0.407664
-0.153675 -0.003474969 0.409264
-0.163339 0.00012003151 0.417432
-0.161525 -0.007198969 0.413459
-0.155029 0.011602032 0.414377
-0.166696 0.016234031 0.419784
-0.165022 0.008138032 0.419636
-0.190341 0.024759032 0.41498
-0.180464 0.03446403 0.40889
-0.188612 0.03818303 0.399198
-0.19016 0.03202903 0.40809
-0.17903 0.020460032 0.419932
-0.189407 0.01666003 0.419735
-0.15818 0.026615031 0.41255
-0.170058 0.030509032 0.41345
-0.16848 0.023789031 0.417589
-0.162403 0.03764203 0.404171
-0.170472 0.04070903 0.40063
-0.171114 0.03610303 0.407768
-0.21424 -0.020965984 0.227836
-0.204604 -0.023211982 0.235038
-0.206346 -0.0064069824 0.235526
-0.214675 -0.0034099824 0.229907
-0.209736 -0.012879983 0.232029
-0.202109 -0.041036982 0.234961
-0.193169 -0.04427098 0.243109
-0.196988 -0.028214982 0.242019
-0.199131 -0.03385898 0.238782
-0.190505 -0.03502598 0.248893
-0.195084 -0.020545982 0.248399
-0.200096 -0.012413981 0.241663
-0.19565 -0.023859981 0.245085
-0.202298 0.0028090181 0.242025
-0.207186 0.008989017 0.236368
-0.203918 -0.001269982 0.238724
-0.188547 -0.06017198 0.244934
-0.179191 -0.062195983 0.2529
-0.185239 -0.04902098 0.250415
-0.186572 -0.053898983 0.247865
-0.171879 -0.074144974 0.256261
-0.16149 -0.07259798 0.263193
-0.170302 -0.06432798 0.25973
-0.17088 -0.06861198 0.25806
-0.161672 -0.065463975 0.266012
-0.170742 -0.05877498 0.264176
-0.177849 -0.05421198 0.25727
-0.170228 -0.061109982 0.261644
-0.184665 -0.042618982 0.255984
-0.18459 -0.04532998 0.252987
-0.17918 -0.04995198 0.263724
-0.187178 -0.03933098 0.264892
-0.190874 -0.02985998 0.256011
-0.185505 -0.040680982 0.259811
-0.163767 -0.061702978 0.27168
-0.173862 -0.056016978 0.272584
-0.171925 -0.05713798 0.267698
-0.168606 -0.059897978 0.283039
-0.180327 -0.054584976 0.287942
-0.183719 -0.047889978 0.275404
-0.176635 -0.055226978 0.279208
-0.193296 -0.037661977 0.280514
-0.19463 -0.02721398 0.267975
-0.189753 -0.038385976 0.271652
-0.198724 -0.0058239815 0.248962
-0.200956 0.008888018 0.250768
-0.203151 0.017124018 0.243026
-0.201334 0.0061080186 0.245826
-0.196278 -0.016177982 0.257535
-0.195259 -0.018026982 0.252375
-0.201261 -0.013989979 0.273487
-0.200448 -0.0018409804 0.260909
-0.198244 -0.014874981 0.264399
-0.202436 0.012969021 0.266996
-0.200524 0.02362302 0.253834
-0.201095 0.01141202 0.257489
-0.190765 0.037538018 0.270589
-0.177244 0.04800702 0.267912
-0.18368 0.04889602 0.25556
-0.194577 0.037520017 0.255481
-0.186968 0.04276202 0.261621
-0.170377 0.049252022 0.283225
-0.154953 0.054682024 0.280384
-0.162984 0.05544502 0.267487
-0.166404 0.052005023 0.274207
-0.148317 0.06052002 0.268651
-0.15673 0.06366202 0.259041
-0.170897 0.05735802 0.256679
-0.159849 0.05939002 0.26259
-0.178613 0.060218018 0.247939
-0.189572 0.05175902 0.246343
-0.180969 0.054716017 0.251178
-0.147414 0.054437023 0.29522
-0.132195 0.05578102 0.291863
-0.139968 0.057974022 0.279569
-0.1434 0.055959024 0.28632
-0.125752 0.05340202 0.305635
-0.112644 0.050840024 0.301154
-0.118458 0.05511502 0.290218
-0.121792 0.054093022 0.296859
-0.106425 0.05243502 0.289833
-0.112403 0.058185022 0.282069
-0.125695 0.059128024 0.280253
-0.115434 0.056476023 0.285395
-0.133555 0.06336902 0.271069
-0.136794 0.060454022 0.274605
-0.11901 0.06409802 0.274499
-0.125581 0.070421025 0.266874
-0.141483 0.06801702 0.262477
-0.129927 0.06668802 0.268602
-0.100367 0.05515002 0.284625
-0.105061 0.06268102 0.278633
-0.109051 0.060251024 0.279921
-0.09205 0.05904702 0.283042
-0.093907 0.068671025 0.277357
-0.109538 0.07072202 0.271965
-0.100118 0.06548502 0.277884
-0.113425 0.07916302 0.264318
-0.131954 0.07686802 0.258929
-0.120189 0.07457602 0.265556
-0.165136 0.06712702 0.250552
-0.174139 0.070290014 0.242997
-0.186699 0.063138016 0.240917
-0.17639 0.06539702 0.245309
-0.149449 0.072662026 0.254246
-0.15336 0.06808202 0.256367
-0.138858 0.08236402 0.250378
-0.158085 0.07663602 0.246174
-0.144711 0.07741802 0.252357
-0.168904 0.07936302 0.238172
-0.185172 0.07272001 0.236316
-0.171697 0.074933015 0.240715
-0.15043 -0.078723975 0.267448
-0.139559 -0.071866974 0.272849
-0.151397 -0.069661975 0.268978
-0.150875 -0.073606975 0.268148
-0.125868 -0.072398975 0.277401
-0.116923 -0.06105698 0.281201
-0.129926 -0.063933976 0.277406
-0.128067 -0.06760698 0.277225
-0.121474 -0.055117976 0.281833
-0.133383 -0.059268977 0.280051
-0.141984 -0.06518598 0.274374
-0.131636 -0.06121098 0.278247
-0.153195 -0.06458798 0.272377
-0.152127 -0.066712976 0.270275
-0.103207 -0.05637698 0.285427
-0.097472 -0.04231598 0.287713
-0.109472 -0.049446978 0.284491
-0.106653 -0.052445978 0.284703
-0.085601 -0.03374798 0.291158
-0.083237 -0.019675978 0.292178
-0.092842 -0.029282978 0.289849
-0.089595 -0.031211978 0.290211
-0.089429 -0.017253978 0.292283
-0.098072 -0.026847977 0.291945
-0.103168 -0.038001977 0.28792
-0.095587 -0.027861977 0.290337
-0.114138 -0.045664977 0.28672
-0.111891 -0.047233976 0.285071
-0.10796 -0.035810977 0.292529
-0.119028 -0.04387998 0.294345
-0.125676 -0.05210298 0.286564
-0.116441 -0.044594977 0.289719
-0.094493 -0.015984979 0.296886
-0.103238 -0.025645977 0.299581
-0.100541 -0.026141977 0.294937
-0.100407 -0.0152559765 0.308105
-0.110285 -0.024879975 0.314891
-0.113748 -0.03475798 0.303711
-0.106404 -0.025257977 0.306143
-0.125964 -0.042934977 0.309596
-0.131227 -0.05072798 0.29771
-0.122126 -0.043373976 0.300878
-0.14452 -0.055927977 0.302962
-0.150345 -0.060122978 0.290639
-0.137745 -0.057050977 0.287762
-0.140737 -0.05643698 0.294274
-0.163469 -0.060823977 0.295555
-0.15687 -0.06210698 0.280338
-0.159739 -0.061402977 0.286871
-0.145152 -0.06173198 0.279453
-0.154733 -0.06311098 0.275619
-0.135357 -0.057938978 0.283122
-0.074348 -0.009486978 0.294554
-0.075691 0.0029480222 0.294403
-0.082072 -0.0073149777 0.293227
-0.078613 -0.008250978 0.293596
-0.069916 0.013574023 0.295355
-0.074821 0.024217023 0.293944
-0.078088 0.013971022 0.294267
-0.074438 0.0138090225 0.294539
-0.081705 0.023843022 0.294364
-0.083817 0.014184022 0.296446
-0.082213 0.0038800223 0.294576
-0.081128 0.0140880225 0.294811
-0.087576 -0.0061119776 0.295323
-0.084976 -0.0066199778 0.293715
-0.071941 0.03474602 0.293078
-0.080361 0.04322002 0.290318
-0.080712 0.033470023 0.292495
-0.076806 0.034058023 0.292557
-0.080059 0.053342022 0.287239
-0.089763 0.05007502 0.287441
-0.085454 0.051587023 0.287167
-0.096287 0.047756024 0.290239
-0.087794 0.041358024 0.291197
-0.093277 0.048799023 0.288365
-0.086739 0.032614022 0.294891
-0.083932 0.032986023 0.293178
-0.09341 0.040183023 0.296048
-0.092209 0.032226022 0.302554
-0.087076 0.023662023 0.299037
-0.089407 0.032359023 0.297921
-0.101959 0.046344023 0.298052
-0.099084 0.046939023 0.293368
-0.109108 0.04579602 0.313299
-0.099464 0.039686024 0.307222
-0.105203 0.045965023 0.304595
-0.099309 0.032352023 0.31777
-0.093063 0.023790024 0.310192
-0.095419 0.03222202 0.309074
-0.087432 0.0044230227 0.299187
-0.092871 -0.005423977 0.302966
-0.090124 -0.0057319775 0.298319
-0.089187 0.014418024 0.304074
-0.086417 0.014285022 0.299442
-0.096285 0.014882024 0.319335
-0.093394 0.004895023 0.310381
-0.09239 0.014609023 0.310614
-0.099967 -0.004798976 0.31828
-0.096068 -0.005132977 0.309531
-0.214128 0.011887018 0.231923
-0.224698 0.011671018 0.228575
-0.226617 -0.0041909833 0.225052
-0.219567 0.004649017 0.228824
-0.206787 0.022595018 0.237476
-0.212757 0.025394017 0.233558
-0.209975 0.017783018 0.234692
-0.210786 0.037442017 0.234644
-0.220187 0.03820602 0.232354
-0.22235 0.025688017 0.231018
-0.216003 0.032107018 0.232825
-0.236803 0.024103018 0.229756
-0.240521 0.008979017 0.226363
-0.230348 0.018031016 0.228954
-0.201836 0.030108018 0.244533
-0.205087 0.03474002 0.238543
-0.20424 0.026584018 0.240618
-0.197414 0.04171702 0.245601
-0.199074 0.03352802 0.249636
-0.195584 0.05498302 0.239871
-0.201534 0.045551017 0.239287
-0.196213 0.04878002 0.242433
-0.207998 0.04816002 0.235162
-0.206177 0.04184802 0.236744
-0.20362 0.057584018 0.235327
-0.215645 0.05928502 0.232298
-0.218287 0.049455017 0.232697
-0.211034 0.05393102 0.233739
-0.196465 0.06570301 0.235547
-0.195642 0.06059302 0.237654
-0.200722 0.074799016 0.230715
-0.210498 0.06771102 0.231497
-0.198133 0.07040702 0.233312
-0.231025 0.069247015 0.228661
-0.233125 0.06003802 0.230608
-0.222189 0.06434902 0.230665
-0.234228 0.037559018 0.23144
-0.252904 0.03617302 0.231734
-0.256842 0.022150017 0.229782
-0.244344 0.030263016 0.230774
-0.233291 0.049409017 0.231642
-0.22578 0.04397702 0.232006
-0.25609 0.05922202 0.230306
-0.252864 0.048164017 0.23183
-0.243225 0.05449402 0.231121
-0.27427 0.045484018 0.232703
-0.273764 0.03523402 0.232669
-0.262416 0.04149702 0.23236
-0.244279 -0.008183983 0.221149
-0.245356 -0.026881984 0.214003
-0.227471 -0.022292983 0.220626
-0.235599 -0.014889983 0.220263
-0.262816 0.005351017 0.225442
-0.267971 -0.013390983 0.218333
-0.253391 -0.0016209831 0.222977
-0.298272 -0.017112983 0.217018
-0.295329 -0.038993984 0.202744
-0.268022 -0.032955986 0.208104
-0.283277 -0.025949983 0.211968
-0.262563 -0.052469984 0.195258
-0.243139 -0.046564985 0.205474
-0.25473 -0.039597984 0.205819
-0.29238 0.038643017 0.2335
-0.30697 0.025900017 0.23241
-0.281384 0.021698017 0.230836
-0.288794 0.030116016 0.232716
-0.331357 0.03576502 0.23298
-0.350192 0.020020017 0.230519
-0.320668 0.008738017 0.228179
-0.327761 0.022339016 0.231663
-0.333078 -0.0115629835 0.219916
-0.290595 0.0040950174 0.225982
-0.310788 -0.0049819835 0.222859
-0.272436 0.013283018 0.228237
-0.410439 0.008748016 0.21994
-0.395311 0.020771017 0.22685
-0.418404 0.03845402 0.224696
-0.414512 0.023645017 0.223685
-0.395869 -0.020916985 0.204669
-0.38193 -0.011192983 0.216492
-0.404075 -0.0064589838 0.213567
-0.348953 -0.028885985 0.208525
-0.366385 0.003164017 0.224973
-0.357528 -0.013263984 0.218201
-0.377962 0.03574102 0.230296
-0.37329 0.019530017 0.229021
-0.316086 -0.06425198 0.161688
-0.338138 -0.053668983 0.180973
-0.350987 -0.05526399 0.167176
-0.333466 -0.05995099 0.165222
-0.320265 -0.046727985 0.19383
-0.365683 -0.038967986 0.195529
-0.342895 -0.042833984 0.195761
-0.376354 -0.043453984 0.180566
-0.38627 -0.033564985 0.193347
-0.367198 -0.049633987 0.167292
-0.261868 -0.09086299 0.144943
-0.270978 -0.07525699 0.165586
-0.286038 -0.07425699 0.15145
-0.273252 -0.08173099 0.146364
-0.254955 -0.07181799 0.181366
-0.282607 -0.058537986 0.184862
-0.267696 -0.064929985 0.181865
-0.300789 -0.063000984 0.17374
-0.30015 -0.052216984 0.189524
-0.300296 -0.06872599 0.156828
-0.18453 0.08098301 0.230417
-0.208233 0.08324902 0.223233
-0.223963 0.07690602 0.226159
-0.20431 0.07897302 0.227518
-0.183942 0.089625016 0.220234
-0.214418 0.09339801 0.209439
-0.241425 0.086980015 0.216411
-0.211824 0.08795101 0.21737
-0.284725 0.092909016 0.20927
-0.298334 0.08170102 0.219705
-0.256277 0.079402015 0.222466
-0.271953 0.085620016 0.21717
-0.25898 0.069890015 0.227154
-0.242511 0.07410502 0.226112
-0.182205 0.10156502 0.20192298
-0.215535 0.107318014 0.18616399
-0.251473 0.10025602 0.19769299
-0.215347 0.099913016 0.19895099
-0.181738 0.118028015 0.17424498
-0.25267 0.11586302 0.16958798
-0.215903 0.11543602 0.17133598
-0.327058 0.12051501 0.16803199
-0.29051 0.11012501 0.18389899
-0.2903 0.11799402 0.16861498
-0.32871 0.10329202 0.19793999
-0.289781 0.101420015 0.19781499
-0.422716 0.11529802 0.17770799
-0.391082 0.122391015 0.16648199
-0.415018 0.120976016 0.16473098
-0.432786 0.09615902 0.20184
-0.401037 0.10745302 0.19414198
-0.429027 0.10699301 0.19036998
-0.369777 0.09455202 0.208799
-0.364292 0.11499401 0.18260299
-0.366696 0.10576201 0.19668998
-0.361207 0.12210902 0.16745198
-0.404115 0.053138018 0.226255
-0.429768 0.068283014 0.218329
-0.424225 0.05340102 0.222862
-0.354809 0.05000902 0.230528
-0.379265 0.067074016 0.224581
-0.380121 0.05170402 0.228746
-0.342879 0.077813014 0.220802
-0.406538 0.083434016 0.215048
-0.374892 0.081506014 0.218014
-0.432827 0.08289602 0.211241
-0.282703 0.055859018 0.231165
-0.308807 0.04820702 0.232558
-0.289857 0.04738402 0.232814
-0.292179 0.06804202 0.22708
-0.272394 0.063584015 0.229058
-0.325578 0.06152602 0.228651
-0.315491 0.073055014 0.224076
-0.330748 0.04896202 0.231797
-0.079056 0.06418702 0.282599
-0.076869 0.076153025 0.276215
-0.094671 0.079069026 0.270046
-0.086111 0.07224802 0.276732
-0.060744 0.07035402 0.282566
-0.054602 0.084687024 0.276339
-0.073432 0.089426026 0.268232
-0.06632 0.08032002 0.276015
-0.068323 0.105244026 0.258231
-0.095448 0.101914026 0.24952799
-0.09471 0.090101026 0.2611
-0.082597 0.097331025 0.259125
-0.117195 0.087158024 0.255383
-0.104959 0.084191024 0.262832
0 0.097290024 0.280426
-0.015604 0.11028402 0.272675
-0.028332 0.093206026 0.278727
-0.013052 0.08220802 0.286006
-0.014295 0.09611302 0.279888
0 0.12673801 0.264955
-0.017771 0.14007302 0.253986
-0.033919 0.12010802 0.262195
-0.016817 0.124884024 0.264123
-0.055924 0.12599202 0.24830098
-0.046254 0.10121502 0.269433
-0.051592 0.113199025 0.259743
-0.038252 0.077049024 0.283973
-0.041853 0.08919002 0.277393
-0.039048 0.18251301 0.20731199
-0.01874 0.17263702 0.22775398
0 0.19276701 0.21203099
-0.019402 0.18987001 0.21070999
-0.080056 0.15975201 0.19655898
-0.057728 0.15598801 0.21986498
-0.059185 0.17202902 0.20240599
-0.07875 0.13035601 0.22938399
-0.037207 0.14964901 0.23917098
-0.057306 0.14044802 0.23508598
0 0.15848802 0.24313799
-0.018305 0.15601501 0.24202198
-0.155403 0.09907901 0.21736899
-0.126323 0.11332802 0.21365099
-0.151485 0.115020014 0.19401999
-0.152846 0.10639101 0.20694399
-0.105624 0.110262014 0.23306799
-0.100793 0.13372801 0.20711398
-0.10169 0.121316016 0.22168499
-0.125579 0.13501501 0.18422699
-0.101908 0.14701402 0.19033998
-0.15191 0.124954015 0.17870198
-0.147845 0.086062014 0.24108
-0.16206 0.088068016 0.230924
-0.165599 0.08361602 0.23508
-0.123126 0.09352201 0.244765
-0.131601 0.087512024 0.24799
-0.13527 0.09727102 0.231964
-0.113618 0.101052016 0.24027598
-0.158568 0.093097016 0.225191
-0.013718 -0.034483977 0.304517
-0.030534 -0.050631978 0.301662
-0.017633 -0.06889298 0.300356
0 -0.051619977 0.303634
-0.015551 -0.051398978 0.303061
-0.039398 -0.03282498 0.301565
-0.056527 -0.047051977 0.297673
-0.050684 -0.06633298 0.296665
-0.044382 -0.049217977 0.299759
-0.07464 -0.08070598 0.289561
-0.065461 -0.10238898 0.28487
-0.039289 -0.085818976 0.294244
-0.058375 -0.08413698 0.291828
-0.021715 -0.104842976 0.289529
0 -0.08706698 0.296685
-0.019756 -0.08677298 0.295984
-0.088971 -0.04973798 0.289737
-0.074325 -0.040547978 0.293959
-0.073938 -0.023862978 0.294452
-0.080618 -0.03698998 0.292422
-0.110327 -0.07120398 0.282352
-0.093241 -0.06743698 0.287391
-0.098906 -0.06138298 0.286384
-0.099229 -0.087353975 0.282717
-0.074943 -0.059321977 0.292647
-0.085707 -0.074507974 0.288266
-0.059813 -0.028994977 0.297767
-0.066401 -0.044031978 0.295725
-0.16239 -0.08452098 0.260385
-0.149747 -0.09303298 0.264827
-0.136597 -0.083155975 0.272326
-0.149931 -0.08518698 0.266542
-0.164916 -0.10181398 0.254175
-0.151795 -0.11302498 0.256554
-0.133825 -0.100277975 0.268979
-0.150245 -0.10229998 0.261699
-0.113797 -0.107525975 0.272292
-0.119874 -0.08612498 0.277386
-0.116044 -0.09561998 0.276137
-0.123143 -0.07847798 0.277632
-0.144454 -0.15362199 0.23110601
-0.158859 -0.13848798 0.23806101
-0.180686 -0.15005398 0.21635202
-0.163783 -0.15227398 0.22402802
-0.100221 -0.15521899 0.24288802
-0.118908 -0.13860798 0.252498
-0.123124 -0.15447699 0.23744102
-0.09295 -0.120545976 0.270798
-0.136141 -0.12458698 0.256648
-0.115275 -0.122405976 0.264264
-0.170993 -0.12422299 0.24058202
-0.154765 -0.12524599 0.24878901
0 -0.15841499 0.253345
-0.024621 -0.14073099 0.268484
-0.051258 -0.15725298 0.250581
-0.025772 -0.15806398 0.252629
0 -0.12324598 0.281329
-0.046616 -0.122057974 0.278527
-0.023303 -0.12290998 0.280573
-0.073096 -0.13897699 0.263029
-0.069947 -0.120849974 0.275411
-0.07617 -0.15622398 0.24730101
-0.023875 0.06686702 0.290494
-0.01128 0.05460302 0.295692
0 0.06902702 0.291615
-0.012037 0.06840802 0.291274
-0.04615 0.062281024 0.288599
-0.033107 0.05213002 0.294062
-0.035312 0.06471902 0.289521
-0.041445 0.038245022 0.296562
-0.031193 0.025891023 0.300224
-0.021438 0.04006702 0.298573
-0.03171 0.039211024 0.297621
-0.01065 0.026538022 0.301994
0 0.040931024 0.299546
-0.010808 0.040683024 0.299265
-0.065281 0.05753802 0.287579
-0.052734 0.04885302 0.292283
-0.056188 0.05986902 0.287973
-0.068862 0.045772023 0.29106
-0.073286 0.055344023 0.287356
-0.064289 0.024666023 0.295545
-0.058641 0.036384024 0.294604
-0.065843 0.035528023 0.293771
-0.049466 0.025187023 0.297804
-0.050466 0.037296023 0.295545
-0.05754 0.012868023 0.297721
-0.051604 -0.0007329774 0.299506
-0.041159 0.012238022 0.300527
-0.049818 0.012514022 0.299109
-0.06582 0.0013080223 0.296521
-0.064262 0.013241022 0.296443
-0.062571 -0.012834977 0.297362
-0.069026 -0.011077978 0.295838
-0.045963 -0.016080977 0.300797
-0.054908 -0.014565977 0.299043
-0.02145 0.012052023 0.303062
-0.011387 -0.0028649769 0.304929
0 0.012075024 0.304204
-0.010834 0.012059024 0.303881
-0.033095 -0.0022379772 0.302658
-0.031631 0.012098023 0.301894
-0.024339 -0.017929977 0.304059
-0.03566 -0.017188977 0.30254
0 -0.018466977 0.305572
-0.012339 -0.018341977 0.30514
-0.189435 -0.13378498 0.22137302
-0.20652 -0.14191099 0.19960101
-0.194735 -0.14658499 0.20822302
-0.180619 -0.10963099 0.24013701
-0.196353 -0.11688198 0.22301601
-0.184672 -0.12135498 0.23192102
-0.202033 -0.099022985 0.22314201
-0.215925 -0.104070984 0.20529902
-0.211482 -0.12348299 0.20321302
-0.206587 -0.11104099 0.21407202
-0.225645 -0.12913199 0.18071301
-0.216627 -0.13607799 0.19044502
-0.175028 -0.089411974 0.250765
-0.188297 -0.09411199 0.238317
-0.17745 -0.09895098 0.24628802
-0.182698 -0.075452976 0.247494
-0.173216 -0.08110998 0.25396
-0.198779 -0.05939598 0.235355
-0.194258 -0.07729998 0.236493
-0.191123 -0.068047985 0.241217
-0.206736 -0.080117986 0.223243
-0.197909 -0.087700985 0.230542
-0.210413 -0.06036198 0.224116
-0.223832 -0.06309499 0.211301
-0.220149 -0.08384099 0.207695
-0.215229 -0.071767986 0.216701
-0.212936 -0.04034398 0.225791
-0.205954 -0.049994983 0.230137
-0.226459 -0.042305984 0.215847
-0.220012 -0.030943984 0.222545
-0.239005 -0.06715599 0.196984
-0.232987 -0.054545984 0.20743
-0.229575 -0.108694986 0.18442601
-0.242709 -0.11190698 0.16008501
-0.234162 -0.12111799 0.17036402
-0.234078 -0.087911986 0.189623
-0.224917 -0.09620999 0.196903
-0.248075 -0.09126799 0.168812
-0.243919 -0.07962999 0.184198
-0.251815 -0.10137199 0.15056401
-0.177021 -0.05863198 0.302927
-0.190282 -0.052992977 0.312123
-0.192029 -0.04652298 0.295471
-0.185022 -0.05390798 0.29916
-0.187787 -0.056308974 0.329687
-0.200755 -0.049635973 0.340326
-0.20257 -0.044394974 0.322709
-0.195672 -0.051635973 0.326091
-0.213127 -0.033627976 0.334512
-0.21253 -0.024315976 0.316734
-0.203022 -0.036178976 0.30515
-0.208263 -0.035112977 0.319577
-0.2024 -0.025769977 0.288506
-0.197876 -0.036977977 0.291905
-0.197625 -0.051151972 0.357166
-0.208361 -0.043328974 0.366845
-0.211706 -0.040091973 0.351519
-0.205094 -0.046788976 0.354088
-0.204027 -0.04319897 0.37956
-0.21602 -0.03356897 0.377631
-0.210223 -0.03948697 0.378062
-0.224511 -0.017233972 0.375625
-0.219893 -0.029001972 0.363533
-0.220958 -0.025975972 0.376909
-0.221089 -0.021742973 0.3472
-0.217143 -0.031571973 0.349283
-0.225508 -0.009812973 0.359789
-0.223483 -0.00021797407 0.343432
-0.219654 -0.011963975 0.329784
-0.223225 -0.011117974 0.345094
-0.226024 0.001478028 0.371085
-0.226148 -0.007867972 0.373508
-0.221132 0.018003028 0.368441
-0.223755 0.010142027 0.356635
-0.224289 0.010163028 0.368878
-0.218092 0.020314027 0.343301
-0.21863 0.010894025 0.327522
-0.221795 0.010433026 0.342678
-0.210237 -0.012961978 0.299147
-0.206635 -0.00036297867 0.282524
-0.205433 -0.013400978 0.28532
-0.215883 -0.00041297643 0.312407
-0.215151 -0.012530977 0.314219
-0.210703 0.022202024 0.312413
-0.209957 0.012001023 0.295741
-0.214481 0.011383023 0.311679
-0.201974 0.02489602 0.280173
-0.205667 0.012847021 0.280297
-0.109148 -0.014455975 0.328062
-0.120745 -0.023806974 0.338924
-0.122433 -0.033858974 0.32364
-0.115123 -0.024412977 0.326092
-0.12108 -0.013249973 0.354445
-0.133646 -0.021988971 0.366199
-0.134211 -0.032262973 0.350264
-0.126977 -0.023014974 0.352566
-0.148921 -0.039089974 0.361653
-0.151377 -0.047737975 0.344454
-0.136334 -0.041691974 0.333681
-0.142454 -0.040625975 0.347554
-0.139822 -0.04970998 0.317585
-0.130769 -0.042417973 0.32078
-0.13495 -0.011580971 0.380519
-0.147378 -0.01895897 0.390442
-0.147577 -0.029244972 0.377312
-0.14058 -0.020679971 0.379001
-0.148599 -0.00957797 0.400397
-0.16043 -0.02346297 0.399962
-0.153645 -0.01669897 0.399994
-0.176229 -0.03558997 0.396858
-0.162025 -0.03397597 0.387838
-0.168154 -0.02991797 0.399026
-0.164024 -0.04347897 0.372533
-0.15553 -0.03695297 0.375231
-0.178444 -0.04476397 0.381815
-0.181235 -0.051670972 0.365002
-0.166708 -0.051288974 0.355207
-0.172649 -0.048495974 0.368996
-0.191383 -0.04293597 0.388462
-0.184067 -0.04000197 0.393129
-0.194063 -0.04876297 0.373146
-0.197891 -0.04417497 0.383483
-0.184619 -0.055753972 0.347486
-0.189617 -0.052667975 0.360931
-0.154751 -0.054521974 0.327044
-0.158842 -0.058976978 0.310484
-0.149282 -0.05535498 0.314128
-0.169997 -0.056736972 0.337269
-0.160651 -0.053231973 0.34098
-0.173536 -0.05929098 0.319616
-0.179135 -0.057885975 0.333459
-0.168191 -0.060194977 0.306726
-0.121443 0.050301027 0.321075
-0.119625 0.045865025 0.337264
-0.108205 0.039863028 0.327072
-0.113965 0.045834027 0.324466
-0.133307 0.049853027 0.3475
-0.132767 0.045060027 0.364429
-0.120296 0.039964028 0.353537
-0.125942 0.045677025 0.350862
-0.12349 0.032689027 0.369332
-0.114027 0.024872025 0.356685
-0.10986 0.032874025 0.34176
-0.116336 0.032949027 0.355489
-0.1018 0.024345024 0.33006
-0.104154 0.032622024 0.328926
-0.146785 0.04762303 0.37375
-0.147307 0.04200403 0.38837
-0.134809 0.03849603 0.380145
-0.139954 0.04380003 0.377132
-0.159607 0.04300403 0.394001
-0.151214 0.03501103 0.401511
-0.154629 0.03978103 0.397544
-0.146663 0.02177503 0.406453
-0.139577 0.03067903 0.394462
-0.148553 0.02890903 0.404659
-0.129096 0.02434303 0.383922
-0.13123 0.03193603 0.382504
-0.136644 0.01528503 0.396093
-0.128917 0.0069830287 0.383395
-0.120512 0.016096028 0.370938
-0.128287 0.01594003 0.384113
-0.145344 0.0058080307 0.404855
-0.145564 0.0139120305 0.406355
-0.138623 -0.0019669703 0.393289
-0.146094 -0.0020489697 0.402444
-0.123763 -0.0027929721 0.369429
-0.1311 -0.0022759712 0.382091
-0.106846 0.015661025 0.343355
-0.102143 0.0056170253 0.330303
-0.101133 0.015266025 0.330509
-0.114272 0.006486027 0.356795
-0.113335 0.015970025 0.357092
-0.11049 -0.003869974 0.342289
-0.116849 -0.0033349732 0.355884
-0.104818 -0.0043679755 0.329476
-0.199559 0.03266802 0.299095
-0.185742 0.041825023 0.289187
-0.195004 0.03444502 0.283688
-0.208721 0.030252025 0.330746
-0.195847 0.03894602 0.318916
-0.204302 0.031388022 0.314985
-0.191181 0.043629028 0.339054
-0.17504 0.049190026 0.328932
-0.180458 0.046015024 0.30878
-0.185904 0.044879027 0.323726
-0.16385 0.051192023 0.300914
-0.175172 0.047364023 0.295014
-0.214996 0.027151028 0.359481
-0.204804 0.036131024 0.34951
-0.212305 0.028902026 0.345766
-0.210937 0.030748028 0.375978
-0.216738 0.024813028 0.371327
-0.194945 0.04013203 0.385219
-0.200119 0.039489027 0.368042
-0.203557 0.03596203 0.380837
-0.186132 0.046257026 0.358583
-0.195956 0.041938026 0.35397
-0.181019 0.04648103 0.37618
-0.165261 0.050197028 0.366659
-0.169845 0.050756026 0.348622
-0.175699 0.049022026 0.362785
-0.175851 0.04437803 0.39068
-0.185444 0.04293403 0.388439
-0.161601 0.04745503 0.382068
-0.16696 0.04446903 0.392123
-0.148878 0.051340025 0.357262
-0.155422 0.04974303 0.370286
-0.157894 0.052682023 0.319815
-0.141109 0.054065023 0.311998
-0.152336 0.05343902 0.306628
-0.152774 0.052916028 0.338954
-0.163821 0.051882025 0.334056
-0.136281 0.052733026 0.329749
-0.142427 0.052253027 0.343482
-0.130652 0.053032022 0.316866
0.14946 0.16632397 -0.398242
0.159318 0.18158297 -0.370063
0.151991 0.14776297 -0.379419
0.139558 0.13394897 -0.404868
0.150543 0.15719298 -0.388795
0.165922 0.21644497 -0.35730404
0.169513 0.23155297 -0.32797903
0.165846 0.19654697 -0.341669
0.165703 0.20655698 -0.34951204
0.16899 0.21087196 -0.31412703
0.168667 0.17567398 -0.325629
0.161759 0.16170397 -0.352652
0.166713 0.18629298 -0.333725
0.157443 0.12681597 -0.361176
0.143987 0.11502797 -0.385619
0.154169 0.13773698 -0.370189
0.172245 0.26671997 -0.31185904
0.168683 0.27936798 -0.28532302
0.169224 0.24535397 -0.30059302
0.170567 0.25601098 -0.30630302
0.166532 0.31271297 -0.26917604
0.155368 0.32053497 -0.24880303
0.161126 0.28959098 -0.26235402
0.163677 0.30106297 -0.26587704
0.150104 0.29708296 -0.24313703
0.158155 0.26789197 -0.25374904
0.165305 0.25752696 -0.27576303
0.159184 0.27847496 -0.25838602
0.168872 0.22441399 -0.28809404
0.168547 0.23480499 -0.29457504
0.165767 0.23713298 -0.26389602
0.17387 0.20437899 -0.27308902
0.172635 0.18986997 -0.298987
0.170533 0.21423699 -0.28099704
0.148262 0.27636698 -0.23450801
0.160052 0.24904099 -0.24157901
0.158342 0.25802198 -0.24822101
0.152121 0.26021197 -0.22094202
0.169252 0.23446198 -0.22406101
0.172637 0.21920398 -0.24814402
0.163587 0.24112898 -0.23360002
0.186943 0.18604298 -0.25407
0.183305 0.16886199 -0.281306
0.179226 0.19494498 -0.264178
0.168647 0.13921598 -0.335371
0.169037 0.10084598 -0.343974
0.152472 0.09190797 -0.367916
0.162178 0.11470097 -0.352451
0.177323 0.15311497 -0.308581
0.172069 0.16456696 -0.31733
0.194991 0.12974599 -0.288737
0.183416 0.11324198 -0.317362
0.184829 0.14146097 -0.299133
0.192051 0.068269975 -0.326199
0.16907 0.059235975 -0.353119
0.178684 0.08470498 -0.335701
0.210231 0.086305976 -0.295434
0.230165 0.039218977 -0.300409
0.209988 0.020222975 -0.331242
0.210068 0.053532977 -0.314034
0.203941 0.14869098 -0.259437
0.223454 0.10637598 -0.264402
0.20821 0.11811298 -0.277147
0.232403 0.12882498 -0.23268601
0.255888 0.081849985 -0.235617
0.245351 0.059196983 -0.268674
0.239691 0.09435098 -0.250545
0.268247 0.008108979 -0.27212
0.253328 -0.010405024 -0.303575
0.249769 0.024048978 -0.286531
0.188491 0.20480898 -0.22689001
0.209682 0.16984299 -0.22974001
0.197362 0.17777799 -0.24257001
0.163962 0.25044197 -0.20046401
0.18723 0.22492398 -0.19979301
0.177351 0.22921899 -0.21273902
0.182542 0.24568698 -0.17287502
0.2097 0.21727298 -0.16965902
0.211732 0.19293699 -0.19975202
0.198231 0.22110099 -0.18538001
0.236824 0.15373899 -0.20032401
0.223103 0.16193299 -0.21563801
0.236589 0.18048999 -0.16758502
0.262026 0.13530098 -0.16627201
0.261477 0.10735699 -0.20131502
0.250045 0.14495598 -0.18385902
0.203094 0.24138299 -0.13975702
0.23142 0.20769998 -0.13492002
0.220982 0.21296498 -0.15278602
0.220854 0.23296599 -0.10269001
0.247144 0.192396 -0.096841015
0.257356 0.16439798 -0.13121201
0.240359 0.20100199 -0.116219014
0.279323 0.11224699 -0.12785201
0.284577 0.08262399 -0.165287
0.272032 0.12449199 -0.14759302
0.278797 0.029785981 -0.238362
0.299326 -0.025662018 -0.240666
0.28967 -0.045395024 -0.27474
0.284969 -0.008520019 -0.256899
0.284349 0.054804984 -0.202562
0.271013 0.06868899 -0.219659
0.302788 0.024609987 -0.164525
0.303879 -0.0020880154 -0.203747
0.29518 0.040132985 -0.184221
0.318519 -0.060789015 -0.204363
0.315716 -0.08213702 -0.241997
0.310712 -0.04314302 -0.223221
0.235123 -0.027181024 -0.332363
0.21519 -0.045229025 -0.357369
0.188703 -0.005251027 -0.358335
0.212255 -0.013198026 -0.345355
0.275821 -0.061338022 -0.305713
0.258542 -0.07482902 -0.333584
0.256413 -0.04347902 -0.319264
0.277859 -0.122518025 -0.334205
0.257996 -0.13098603 -0.358051
0.23883 -0.08772003 -0.357839
0.25923 -0.10411303 -0.346518
0.217656 -0.10075303 -0.377903
0.194531 -0.06510403 -0.377945
0.217112 -0.07437203 -0.368278
0.30758 -0.09908402 -0.275999
0.294703 -0.11221902 -0.30672
0.293044 -0.080006026 -0.291359
0.326591 -0.13688602 -0.24144399
0.320019 -0.15124601 -0.275499
0.31893 -0.11817602 -0.259429
0.325758 -0.20024602 -0.27277198
0.314487 -0.20842303 -0.30346996
0.308005 -0.16169503 -0.306152
0.318649 -0.18133302 -0.290185
0.291337 -0.16892003 -0.333526
0.294263 -0.14190103 -0.320787
0.297759 -0.21297903 -0.33088696
0.276485 -0.21446003 -0.35490096
0.27094 -0.17363402 -0.357339
0.28554 -0.19314003 -0.3449
0.313455 -0.25106502 -0.29826897
0.296446 -0.25355804 -0.32575196
0.307197 -0.23250203 -0.31533098
0.287116 -0.28953502 -0.31785998
0.263225 -0.28653902 -0.34218696
0.273999 -0.25244704 -0.34998897
0.2819 -0.27157402 -0.33470997
0.247051 -0.24798703 -0.37073997
0.251627 -0.21319203 -0.37511596
0.263784 -0.23277703 -0.36351696
0.236093 -0.13843504 -0.377655
0.213346 -0.14522903 -0.39279
0.195745 -0.11417903 -0.393671
0.216455 -0.12450003 -0.386067
0.24782 -0.17628004 -0.376981
0.254356 -0.15510602 -0.368168
0.224103 -0.20902403 -0.39114997
0.223209 -0.17711703 -0.392193
0.237899 -0.19431603 -0.384604
0.199306 -0.17556903 -0.402801
0.19228 -0.15236004 -0.403271
0.208166 -0.16255803 -0.398094
0.327083 -0.11831501 -0.20361398
0.329618 -0.17214702 -0.20100498
0.330773 -0.18798302 -0.23856999
0.330064 -0.15481602 -0.22184098
0.322953 -0.15381001 -0.16022599
0.318048 -0.20572701 -0.15718399
0.32595 -0.22093202 -0.19696899
0.325523 -0.18905702 -0.17932399
0.316149 -0.26362 -0.19232799
0.319135 -0.27480102 -0.22763298
0.328229 -0.23426302 -0.23374398
0.323924 -0.24949302 -0.21309398
0.32412 -0.24453002 -0.26751897
0.328896 -0.21786901 -0.25379696
0.30607 -0.19069801 -0.11483399
0.29356 -0.23833601 -0.11289199
0.307235 -0.251024 -0.15411398
0.307463 -0.22233501 -0.13497199
0.277057 -0.226394 -0.06734899
0.254711 -0.266632 -0.07327398
0.275104 -0.277426 -0.11488098
0.276134 -0.253184 -0.09114598
0.25178 -0.308474 -0.12164798
0.269236 -0.318439 -0.15392897
0.290664 -0.288631 -0.15276799
0.272908 -0.299262 -0.13571697
0.30065 -0.299329 -0.18808398
0.30507 -0.276709 -0.17192899
0.280254 -0.327377 -0.18497097
0.283679 -0.33544302 -0.21437398
0.303995 -0.30876902 -0.22098197
0.293658 -0.31882802 -0.20224997
0.24422 -0.341088 -0.15736297
0.256499 -0.34808 -0.18323897
0.263777 -0.334703 -0.16979297
0.232533 -0.36211 -0.18368097
0.234911 -0.36710703 -0.20182097
0.259653 -0.35485202 -0.20809998
0.247364 -0.358599 -0.19419497
0.253099 -0.36097902 -0.23228997
0.278888 -0.34193003 -0.24237996
0.270298 -0.34941402 -0.22440498
0.315363 -0.28331804 -0.26029298
0.304622 -0.28839102 -0.29043397
0.316133 -0.26801902 -0.27973297
0.300009 -0.31596002 -0.25174397
0.311274 -0.29691702 -0.24051997
0.265955 -0.34530503 -0.26916498
0.288524 -0.31992304 -0.28056997
0.285013 -0.33204904 -0.26129597
0.269777 -0.32000303 -0.30728498
0.289275 -0.30570102 -0.29961896
0.292236 -0.177342 -0.07068598
0.280346 -0.167498 -0.026712988
0.265406 -0.210923 -0.019630983
0.278934 -0.196913 -0.046327986
0.312195 -0.13492602 -0.11687599
0.299518 -0.11990501 -0.07248599
0.303373 -0.156172 -0.094029985
0.300261 -0.052642003 -0.072156996
0.289535 -0.052251004 -0.026992997
0.287817 -0.114399 -0.028888991
0.294649 -0.08304401 -0.050125994
0.278112 -0.118393 0.012746009
0.271564 -0.161687 0.015190012
0.279876 -0.140904 -0.0071349894
0.31526 -0.03598401 -0.163526
0.322009 -0.096418016 -0.162215
0.322142 -0.07842602 -0.183892
0.295751 0.05320799 -0.12426901
0.306827 -0.00956501 -0.120656
0.306456 0.008172989 -0.143368
0.294996 0.017920995 -0.076653
0.312388 -0.07339701 -0.118288994
0.304541 -0.028993007 -0.096293
0.31855 -0.11513001 -0.13974099
0.231055 0.215873 -0.06325401
0.253194 0.169094 -0.05717701
0.268387 0.141613 -0.091428004
0.25112 0.181405 -0.076944016
0.235204 0.191372 -0.025321014
0.255275 0.144769 -0.02064101
0.270319 0.114733994 -0.050375007
0.254276 0.156527 -0.03819301
0.281953 0.055250995 -0.039184004
0.284364 0.083096996 -0.08523301
0.28374 0.06718099 -0.062271003
0.283163 0.09828399 -0.10707901
0.271808 0.108476 0.028770993
0.273308 0.085919 0.017471995
0.260178 0.126073 0.00821799
0.253725 0.143714 0.02541899
0.264938 0.117536 0.019530991
0.281726 0.047870003 0.033208996
0.281191 0.015401002 0.026653998
0.278164 0.052363 0.003096996
0.278753 0.051122 0.019694997
0.285094 0.006983999 -0.014944001
0.26991 0.096229 -0.012574008
0.279662 0.052026 -0.016962003
0.241083 0.166566 0.0049519874
0.257099 0.134884 -0.00517201
0.265313 -0.102970995 0.09407601
0.273314 -0.08849099 0.054026008
0.277303 -0.050910998 0.055116005
0.273453 -0.07221099 0.092318006
0.271967 -0.079261996 0.07457701
0.269296 -0.125922 0.05270301
0.281146 -0.070564 0.014330005
0.275643 -0.101228 0.03327501
0.281677 -0.024534998 0.019470003
0.284942 -0.034186 -0.0031279975
0.281983 -0.016757997 0.054907
0.280543 -0.018982997 0.038802
0.217373 0.124090016 0.15472399
0.255574 0.13095501 0.13528799
0.226119 0.14138901 0.11781399
0.188582 0.13854101 0.13856898
0.220866 0.13310201 0.13658698
0.290124 0.124894015 0.15212798
0.325246 0.13088602 0.13445398
0.292542 0.13483502 0.11680699
0.290953 0.13068701 0.13460098
0.325481 0.13308801 0.100430995
0.297026 0.136035 0.08351299
0.263327 0.14137001 0.09922399
0.294648 0.13679801 0.09951999
0.240845 0.15146 0.08192098
0.204613 0.15736401 0.09948398
0.232866 0.14787002 0.09929499
0.358368 0.12714401 0.15144098
0.384319 0.12818201 0.13584198
0.355606 0.13088301 0.118135996
0.356701 0.13013801 0.13477498
0.408843 0.124104016 0.15146399
0.425671 0.12000101 0.14270099
0.406706 0.12288101 0.12420999
0.407099 0.12475601 0.13793099
0.424506 0.110438004 0.117796995
0.400235 0.11145101 0.09743799
0.381044 0.124478005 0.10535199
0.404585 0.118425004 0.110379994
0.352714 0.12480101 0.08766499
0.354477 0.12917301 0.10220499
0.372758 0.110415004 0.07998999
0.345978 0.10733001 0.065418996
0.324959 0.12443301 0.071789995
0.349713 0.117561005 0.07519599
0.40997 0.09140701 0.09457599
0.384598 0.09078301 0.07773599
0.393156 0.10202201 0.08637999
0.387862 0.06857101 0.07964599
0.368771 0.06398801 0.07009599
0.360036 0.08607401 0.06500299
0.375813 0.07838001 0.072033994
0.338315 0.077415004 0.056416992
0.322843 0.102690004 0.054022994
0.342011 0.09398901 0.05895299
0.274066 0.140735 0.06799499
0.259004 0.146133 0.05379199
0.227542 0.163484 0.06480198
0.249792 0.151076 0.06657998
0.301695 0.124359004 0.058295988
0.299433 0.132006 0.06955999
0.305092 0.096802 0.046366993
0.285063 0.123932 0.04726499
0.303638 0.11274201 0.050353993
0.275418 0.120227 0.037952993
0.252453 0.14887 0.04010999
0.26778 0.136046 0.04407699
0.292722 0.087092 0.041764993
0.285198 0.071466 0.037979998
0.281217 0.098091 0.03593999
0.320252 0.06608201 0.052284997
0.306046 0.052441005 0.051728997
0.305881 0.076186 0.04697199
0.317665 0.019563006 0.066942
0.304668 0.0017390054 0.071954
0.295442 0.034951005 0.052784998
0.305629 0.027110003 0.060201995
0.287788 0.0120490035 0.053981
0.287381 0.042176004 0.044012997
0.350671 0.050893005 0.06528899
0.333097 0.035621002 0.064387
0.335394 0.057489004 0.058430996
0.380022 0.047227006 0.080289
0.364036 0.027776005 0.079126
0.365445 0.046780005 0.072741
0.380379 0.0110160075 0.097025
0.361483 -0.0107909925 0.099939
0.346336 0.009049007 0.080733
0.362743 0.007995007 0.08841
0.329769 -0.008290993 0.085704
0.331272 0.013224006 0.073681
0.343585 -0.028312992 0.106108
0.327706 -0.043362994 0.115499
0.314911 -0.025187993 0.093571
0.328435 -0.027511993 0.099851
0.377992 -0.02220199 0.121428
0.35911 -0.03934299 0.126848
0.360168 -0.026804991 0.11306
0.373714 -0.04223299 0.14626
0.360666 -0.05131299 0.153802
0.343371 -0.05191799 0.136295
0.358624 -0.047697987 0.140375
0.329788 -0.06065799 0.148807
0.313394 -0.056807987 0.127076
0.328012 -0.054770987 0.132026
0.293613 -0.019153994 0.078169
0.283621 -0.04363999 0.084921
0.28644 -0.017088994 0.067826
0.301636 -0.042797994 0.103156
0.303204 -0.022126993 0.086547
0.299783 -0.06778799 0.139122
0.289058 -0.061258994 0.11352501
0.300363 -0.058581993 0.12095601
0.27573 -0.08007299 0.125586
0.279619 -0.06600499 0.10464001
0.393573 -0.026220988 0.144667
0.403114 -0.027081987 0.167753
0.380323 -0.043086987 0.164054
0.388587 -0.035645988 0.155944
0.398655 0.001499009 0.118936
0.415531 -0.002193989 0.143799
0.396866 -0.01371899 0.131929
0.435268 0.027555011 0.142757
0.447198 0.026617013 0.168581
0.426763 -0.0030269872 0.168993
0.432728 0.011531012 0.156272
0.429482 -0.0021479856 0.191545
0.403738 -0.026007986 0.188435
0.417168 -0.015684986 0.180015
0.397932 0.037254006 0.096243
0.417648 0.03074101 0.117753
0.39913 0.019070007 0.106891
0.408964 0.06532901 0.095249996
0.394706 0.054309007 0.087437995
0.433161 0.08962601 0.11581899
0.43036 0.061644007 0.116538994
0.422263 0.07759501 0.10478799
0.4486 0.05926701 0.141441
0.434587 0.044612013 0.129355
0.451545 0.08740201 0.140404
0.46253 0.085878015 0.165554
0.46044 0.05807501 0.167249
0.45834 0.07329102 0.153756
0.442891 0.10819901 0.14049898
0.440213 0.09994101 0.12811199
0.431913 0.11811402 0.16042998
0.452073 0.10632802 0.16352099
0.440664 0.11405601 0.15181199
0.449151 0.103533015 0.18460798
0.463259 0.08392801 0.188299
0.459893 0.09622701 0.176087
0.450366 0.026792014 0.191423
0.444123 0.027675014 0.208802
0.423263 0.0013960158 0.208699
0.438793 0.012831015 0.20116
0.462833 0.057004016 0.190166
0.457681 0.042224016 0.179962
0.451752 0.07868802 0.206053
0.454796 0.054741014 0.207746
0.461305 0.06960802 0.198946
0.438376 0.050091013 0.218829
0.430904 0.029780017 0.219538
0.444497 0.040805016 0.214417
0.022603 0.312807 -0.17599604
0.043951 0.314637 -0.18555303
0.021941 0.323061 -0.19078404
0.022124 0.316434 -0.18444803
0.066669 0.307491 -0.17915903
0.085534 0.305982 -0.19103003
0.064576 0.317819 -0.19409603
0.065187 0.311251 -0.18767703
0.084738 0.32139996 -0.20228903
0.065474 0.33777696 -0.20183903
0.043695 0.330334 -0.19646803
0.064713 0.32679498 -0.19871703
0.022297 0.34360498 -0.19831803
0.022013 0.332261 -0.19530603
0.107318 0.294339 -0.18712902
0.12238 0.28862298 -0.20226401
0.103469 0.30517498 -0.20248903
0.104697 0.298537 -0.19582203
0.142272 0.27083597 -0.20154801
0.136126 0.28296897 -0.21772702
0.138287 0.27594596 -0.21056701
0.136237 0.30166396 -0.22753303
0.120477 0.30406398 -0.21434303
0.13553 0.29163298 -0.22329402
0.104398 0.32437697 -0.21090403
0.103436 0.31390497 -0.20741902
0.123211 0.32577798 -0.22083203
0.108513 0.34915596 -0.21468903
0.087204 0.34437597 -0.20763104
0.106157 0.33624396 -0.21323003
0.140519 0.32473096 -0.23309003
0.137987 0.31278697 -0.23071003
0.146887 0.34998596 -0.23652403
0.128727 0.35125497 -0.22396803
0.143572 0.33722198 -0.23494004
0.11422 0.37672397 -0.21616003
0.091628 0.37188596 -0.20942304
0.111267 0.36276597 -0.21556903
0.045121 0.35439596 -0.20135003
0.023331 0.37100798 -0.20101704
0.02275 0.35666296 -0.20012103
0.068364 0.36415297 -0.20478603
0.066732 0.35036296 -0.20376202
0.072252 0.39373899 -0.20533504
0.047557 0.38347697 -0.20261203
0.070246 0.37874597 -0.20521003
0.024704 0.40184197 -0.20129803
0.023996 0.38621098 -0.20130803
0.031441 0.32656 -0.030101024
0.061024 0.325512 -0.056736026
0.029598 0.329447 -0.07816202
0.03065 0.329652 -0.054975025
0.093253 0.31424 -0.03604802
0.119849 0.308763 -0.06487902
0.087679 0.319534 -0.08242802
0.090849 0.318562 -0.059964024
0.110692 0.309738 -0.10714702
0.080048 0.315176 -0.12246102
0.056461 0.32373 -0.10085002
0.083995 0.318093 -0.10330502
0.027053 0.322993 -0.119055025
0.02837 0.326907 -0.09955702
0.151856 0.290708 -0.049607024
0.17415 0.279731 -0.08033902
0.142421 0.298364 -0.09276002
0.147749 0.296077 -0.07170102
0.204364 0.252663 -0.07056602
0.191285 0.262758 -0.110177025
0.198651 0.258952 -0.090699024
0.173727 0.265595 -0.14633201
0.160417 0.283586 -0.119777024
0.182798 0.264751 -0.12879202
0.129709 0.297049 -0.13103902
0.136274 0.298408 -0.11260002
0.144705 0.282308 -0.15432401
0.116937 0.293471 -0.16298302
0.100163 0.304797 -0.14310303
0.12313 0.295123 -0.14789401
0.155965 0.266509 -0.17734902
0.164604 0.265959 -0.16258702
0.130773 0.281964 -0.18236001
0.148343 0.267913 -0.19040601
0.090897 0.301144 -0.17148504
0.111532 0.29293 -0.17612201
0.051187 0.316229 -0.13764703
0.024493 0.314884 -0.15194403
0.025732 0.318665 -0.13655204
0.072372 0.308662 -0.15506503
0.07609 0.31172 -0.13975903
0.046563 0.310651 -0.16619302
0.069148 0.30694 -0.16824403
0.023421 0.312611 -0.16512702
0.034547 -0.289646 -0.021456977
0.067564 -0.274087 0.00887202
0.033173 -0.261011 0.042402018
0.033938 -0.275099 0.0092650205
0.102504 -0.286702 -0.022433978
0.132642 -0.268956 0.0067810207
0.098112 -0.258089 0.04090802
0.100569 -0.272112 0.00807902
0.12519 -0.241711 0.07342002
0.092178 -0.23074798 0.10924902
0.064168 -0.246176 0.07615802
0.095269 -0.244384 0.07498702
0.031288 -0.23339398 0.11166901
0.032281 -0.247177 0.076892026
0.16705 -0.278804 -0.025823979
0.192541 -0.257648 0.0026690196
0.15883 -0.250968 0.037697017
0.163472 -0.264404 0.00487602
0.226313 -0.260817 -0.03302798
0.240721 -0.234125 0.0019310177
0.210421 -0.237366 0.03525702
0.219331 -0.247879 0.0004660187
0.220689 -0.219221 0.069472015
0.194476 -0.21634299 0.10114302
0.179467 -0.233239 0.06980502
0.202133 -0.227026 0.068934016
0.148011 -0.22526099 0.10513002
0.153538 -0.238065 0.07149602
0.16644 -0.20882298 0.13447101
0.1375 -0.19856998 0.16765802
0.116665 -0.21479799 0.14025001
0.142664 -0.21212599 0.13745402
0.205181 -0.19995698 0.12886602
0.180979 -0.19250399 0.15955602
0.187458 -0.20479698 0.13153102
0.192203 -0.17618099 0.17896402
0.169242 -0.16612898 0.20634702
0.154902 -0.18229598 0.19004302
0.174941 -0.17957698 0.18467501
0.127728 -0.16983499 0.21846202
0.108229 -0.18635899 0.19920601
0.13252 -0.18450299 0.19493102
0.060021 -0.21849298 0.14447202
0.02911 -0.20515798 0.17783001
0.030222 -0.21945499 0.14567001
0.085719 -0.20275098 0.17412202
0.088976 -0.21693099 0.14262702
0.079261 -0.17257899 0.22745901
0.05559 -0.18938199 0.20539701
0.082463 -0.18802798 0.20273201
0.026858 -0.17466699 0.23237401
0.027979 -0.19029598 0.20708601
0.036427 -0.390157 -0.18850496
0.071476 -0.383043 -0.17005597
0.03586 -0.374299 -0.15210497
0.036086 -0.383553 -0.17010497
0.106322 -0.388396 -0.18835597
0.137389 -0.379651 -0.17084397
0.105104 -0.372587 -0.15247796
0.105476 -0.381832 -0.17023697
0.13756 -0.359038 -0.13578297
0.105008 -0.347835 -0.11578597
0.070887 -0.362314 -0.13400698
0.105013 -0.361107 -0.13451497
0.035584 -0.349738 -0.11508597
0.035707 -0.36287 -0.13394997
0.167343 -0.382477 -0.18904997
0.192328 -0.371862 -0.17421497
0.166924 -0.367265 -0.15531197
0.166522 -0.376229 -0.17207497
0.213382 -0.372301 -0.19099197
0.217819 -0.358282 -0.16373897
0.214259 -0.366843 -0.17755297
0.22492 -0.332692 -0.13100097
0.196085 -0.35179 -0.14210796
0.221574 -0.346819 -0.14832897
0.169194 -0.342442 -0.11985998
0.167998 -0.355898 -0.13811997
0.199821 -0.322357 -0.104402974
0.170031 -0.311001 -0.07781698
0.138154 -0.330802 -0.097218975
0.169959 -0.327213 -0.099887975
0.228561 -0.297833 -0.08893498
0.227256 -0.316142 -0.11143298
0.199838 -0.287959 -0.057047978
0.228818 -0.27843 -0.062813975
0.137035 -0.299078 -0.050934978
0.169149 -0.294601 -0.053258978
0.070535 -0.334672 -0.095082976
0.03526 -0.320258 -0.073014975
0.03545 -0.335376 -0.094958976
0.104527 -0.317797 -0.07382398
0.104891 -0.333218 -0.095726974
0.069661 -0.303953 -0.04889998
0.103777 -0.302111 -0.049563978
0.034974 -0.304857 -0.048698977
0.019646 0.041083965 -0.450853
0.039956 0.039885968 -0.442801
0.020566 0.027357966 -0.436092
0.020105 0.034322966 -0.443354
0.058025 0.055892967 -0.449651
0.077885 0.060772967 -0.438457
0.060608 0.041464966 -0.433221
0.059301 0.048792966 -0.441311
0.081333 0.045020968 -0.421707
0.063444 0.025207968 -0.418798
0.041785 0.025248969 -0.42807
0.061978 0.033678968 -0.425633
0.021506 0.012002968 -0.423224
0.021032 0.019985968 -0.429303
0.09367 0.08322597 -0.443188
0.111761 0.09285497 -0.42695
0.097378 0.06757997 -0.424671
0.095457 0.07555097 -0.433812
0.124756 0.12079797 -0.427405
0.128618 0.10366897 -0.407658
0.126546 0.11241197 -0.417444
0.134734 0.08368197 -0.389315
0.116329 0.07547797 -0.408264
0.131254 0.09421097 -0.398223
0.102164 0.04956597 -0.408048
0.099569 0.05901697 -0.416005
0.123408 0.05408597 -0.392119
0.108753 0.02680597 -0.395496
0.085632 0.026196968 -0.407958
0.105297 0.03893097 -0.401039
0.145343 0.05751297 -0.37405
0.139341 0.07172397 -0.381109
0.160345 0.018986972 -0.36695
0.133192 0.025494972 -0.381666
0.153007 0.040221974 -0.368583
0.115776 -0.0031380295 -0.390888
0.09065 0.0022339697 -0.399774
0.112318 0.01288497 -0.391939
0.043745 0.008068969 -0.416275
0.022484 -0.006608031 -0.414144
0.021989 0.0032059683 -0.418092
0.066719 0.005289969 -0.408446
0.065037 0.015820969 -0.412966
0.070196 -0.02013103 -0.404568
0.045855 -0.013349031 -0.40943
0.068451 -0.0066170306 -0.405544
0.02352 -0.030104032 -0.410745
0.022994 -0.017644031 -0.411616
0.048061 -0.04070703 -0.409607
0.024648 -0.05977203 -0.414148
0.024066 -0.04419303 -0.411768
0.095556 -0.02895603 -0.400288
0.073648 -0.05241203 -0.408681
0.071915 -0.03548203 -0.405825
0.100088 -0.06676603 -0.408071
0.077311 -0.08998203 -0.416648
0.050464 -0.07416203 -0.415569
0.075433 -0.07066503 -0.4125
0.025992 -0.09485103 -0.420838
0.025284 -0.07670403 -0.417351
0.142134 -0.014033029 -0.383309
0.121754 -0.04175003 -0.396942
0.118914 -0.02156903 -0.392862
0.168838 -0.03476203 -0.379023
0.165364 -0.007062028 -0.371393
0.173381 -0.08551603 -0.394435
0.148139 -0.06066903 -0.395103
0.171541 -0.06095003 -0.386951
0.126641 -0.08472403 -0.40774
0.124322 -0.06302103 -0.402208
0.151954 -0.10602203 -0.407101
0.131076 -0.12753703 -0.416393
0.104549 -0.10789303 -0.417133
0.128737 -0.10620103 -0.412619
0.17467 -0.12930903 -0.405575
0.174267 -0.10835103 -0.400733
0.177777 -0.16598403 -0.409576
0.155884 -0.14785303 -0.413939
0.175061 -0.14824603 -0.40869
0.138348 -0.17013402 -0.418821
0.110128 -0.15052304 -0.42242
0.134124 -0.14881903 -0.418611
0.053314 -0.112335026 -0.422774
0.027688 -0.13424203 -0.426527
0.026787 -0.11407603 -0.424076
0.08159 -0.13092802 -0.423482
0.079321 -0.11010603 -0.420489
0.087419 -0.17423403 -0.42476
0.056951 -0.15399504 -0.426775
0.084247 -0.15234102 -0.425086
0.029875 -0.17684303 -0.426925
0.028711 -0.15521003 -0.427655
0.061802 -0.19806103 -0.42321798
0.032608 -0.22136803 -0.41840497
0.031195 -0.19900402 -0.42379996
0.1189 -0.19433403 -0.419818
0.095445 -0.21886604 -0.41681597
0.091234 -0.19650103 -0.421962
0.13035 -0.23829803 -0.40770698
0.104069 -0.26278803 -0.39998496
0.06751 -0.24275403 -0.41043398
0.099805 -0.24105303 -0.40944898
0.035447 -0.26540503 -0.40130296
0.034047 -0.24360903 -0.41086498
0.166519 -0.18798003 -0.412464
0.151146 -0.21299402 -0.41194198
0.144215 -0.19156903 -0.416572
0.195204 -0.20114803 -0.40337798
0.185153 -0.18334503 -0.407732
0.216474 -0.24000102 -0.38779196
0.183926 -0.22844203 -0.40134996
0.205943 -0.22021103 -0.39673096
0.165875 -0.25530702 -0.39584798
0.158559 -0.23428303 -0.40500796
0.200871 -0.26917303 -0.38111398
0.178198 -0.29577902 -0.37127998
0.141372 -0.28068203 -0.38697097
0.172514 -0.27593902 -0.38453898
0.233881 -0.27964202 -0.36327198
0.225899 -0.25998703 -0.37655997
0.244176 -0.31585002 -0.33146998
0.213041 -0.30761802 -0.35280296
0.240086 -0.29843804 -0.34816298
0.185589 -0.33147803 -0.33971298
0.149467 -0.31920704 -0.35873497
0.182649 -0.31442502 -0.35627198
0.072926 -0.28560302 -0.38944796
0.03787 -0.30635703 -0.37661597
0.036743 -0.28642902 -0.38984597
0.111379 -0.30374604 -0.37528896
0.107989 -0.28379503 -0.38854796
0.115824 -0.33915702 -0.34390098
0.076965 -0.32408002 -0.36130396
0.114053 -0.32230902 -0.36035696
0.039353 -0.34162703 -0.34533998
0.038762 -0.32486504 -0.36173898
0.078601 -0.35560304 -0.32707298
0.039505 -0.36881104 -0.30864096
0.039579 -0.35632002 -0.32754198
0.152739 -0.35104904 -0.32436898
0.116274 -0.36657104 -0.30717397
0.116507 -0.35395902 -0.32606998
0.151063 -0.37417403 -0.28591397
0.11376 -0.38465303 -0.26742998
0.077821 -0.37833902 -0.28847796
0.115301 -0.37685102 -0.28752398
0.038719 -0.38666204 -0.26869997
0.039197 -0.37896904 -0.28892896
0.217952 -0.34008303 -0.31821296
0.186317 -0.35942802 -0.30293497
0.18674 -0.34653604 -0.32180497
0.245197 -0.34474704 -0.29454798
0.245817 -0.33135104 -0.31342798
0.237932 -0.36445302 -0.25631297
0.21519 -0.36397102 -0.28004196
0.242506 -0.35584503 -0.27533996
0.181606 -0.37802202 -0.26386896
0.184534 -0.36998102 -0.28349298
0.206412 -0.37778404 -0.24188997
0.173631 -0.38596502 -0.22539897
0.14608 -0.38733703 -0.24607997
0.177746 -0.38337904 -0.24444997
0.224612 -0.37368703 -0.22080797
0.231666 -0.37037602 -0.23797797
0.195928 -0.38064802 -0.20636497
0.217676 -0.37445503 -0.20527896
0.140359 -0.38946304 -0.20712297
0.169938 -0.38569304 -0.20687898
0.075629 -0.39120102 -0.24789797
0.037519 -0.39412802 -0.22787097
0.038138 -0.39175904 -0.24824996
0.109764 -0.39227104 -0.22710297
0.111825 -0.38983604 -0.24720196
0.073118 -0.39311904 -0.20766197
0.107841 -0.39183304 -0.20739996
0.036927 -0.39363804 -0.20785797
0.031861 0.308343 0.024052978
0.063515 0.313934 -0.0062390235
0.031885 0.31921 -0.0036420242
0.02993 0.279004 0.081763975
0.062853 0.287938 0.049192976
0.03125 0.294694 0.05263798
0.092371 0.25988 0.07238698
0.12724 0.265057 0.03414898
0.095206 0.293198 0.015700977
0.095162 0.277406 0.04347298
0.124997 0.29467 -0.017561022
0.094637 0.305631 -0.010816024
0.020612 0.20764402 0.19041298
0.045338 0.21799602 0.16294698
0.025227 0.24415801 0.13962099
0.022696 0.22588702 0.16638999
0.062343 0.18877801 0.18209298
0.090248 0.19241402 0.15329899
0.075438 0.22444901 0.13155298
0.067874 0.20643902 0.15830798
0.111949 0.226492 0.098236986
0.0559 0.254215 0.10751398
0.0847 0.24224502 0.102329984
0.02778 0.262011 0.111084975
0.16896 0.16081801 0.12042399
0.135451 0.16204302 0.14472398
0.15471 0.13618001 0.16109599
0.160476 0.14868602 0.14130598
0.193093 0.177337 0.07975399
0.15733 0.18781902 0.099137984
0.179915 0.17092001 0.09954298
0.152719 0.216203 0.072672985
0.122349 0.19286402 0.12418599
0.135417 0.207347 0.097937986
0.105594 0.16140102 0.17100298
0.112407 0.17711702 0.14874598
0.229543 0.175893 0.027310986
0.224195 0.173563 0.047025986
0.239749 0.162193 0.03468299
0.216139 0.203956 0.0047799847
0.199602 0.205703 0.032777984
0.221714 0.189854 0.017504985
0.163519 0.234749 0.03926898
0.191118 0.195674 0.057830986
0.175359 0.215071 0.051060986
0.208248 0.178414 0.062148985
0.182144 0.264674 -0.037630018
0.210307 0.231435 -0.029930016
0.20789 0.243227 -0.04998902
0.156128 0.268654 -0.0033360203
0.154339 0.281419 -0.026660021
0.186947 0.238094 0.0037149822
0.158148 0.252853 0.019888982
0.212697 0.218081 -0.011353017
0.260403 -0.194931 0.023811014
0.243286 -0.213825 0.042141017
0.25359 -0.21541 0.010727016
0.264169 -0.158838 0.053986013
0.25606 -0.18417 0.060719013
0.263622 -0.17588 0.038141016
0.250927 -0.176003 0.09070201
0.242504 -0.18570599 0.10208801
0.243502 -0.198773 0.07625301
0.248886 -0.187248 0.08192101
0.226317 -0.20300598 0.10022801
0.234291 -0.209617 0.072007015
0.255158 -0.110939994 0.13071102
0.250676 -0.13456199 0.124800004
0.260713 -0.131952 0.090592004
0.258117 -0.12096899 0.110506006
0.238719 -0.13329798 0.15481801
0.235609 -0.15342799 0.14933902
0.247277 -0.15606599 0.12068102
0.243286 -0.14505698 0.13789101
0.243641 -0.17265898 0.11561801
0.256589 -0.157463 0.08910401
0.250107 -0.16599499 0.10428701
0.262965 -0.144386 0.07161101
0.212434 -0.18369998 0.15109602
0.21774 -0.16679399 0.16644602
0.200399 -0.15941699 0.19220302
0.206253 -0.17194599 0.17304401
0.229627 -0.18759099 0.124467015
0.219077 -0.19420998 0.12670702
0.232517 -0.17146699 0.14040402
0.237314 -0.18013299 0.12155802
0.221933 -0.14855699 0.17564702
0.22731 -0.16064799 0.15870102
0.21815 0.021038027 0.380912
0.214713 0.01964803 0.39489
0.221085 0.0072910297 0.39283
0.223091 0.011454029 0.379313
0.219853 0.014974029 0.387843
0.206159 0.03103903 0.391926
0.199507 0.02870503 0.405405
0.208435 0.01649703 0.407683
0.207811 0.02440203 0.400875
0.199188 0.0124210315 0.417155
0.206276 -0.0013239686 0.414866
0.21536 0.0030680306 0.405446
0.20795 0.007773031 0.412347
0.219596 -0.010257971 0.398909
0.224792 -0.0051049707 0.385893
0.221085 -0.00134197 0.396583
0.188612 0.03818303 0.399198
0.180464 0.03446403 0.40889
0.190341 0.024759032 0.41498
0.19016 0.03202903 0.40809
0.170472 0.04071003 0.40063
0.162403 0.03764203 0.404171
0.170058 0.030509032 0.41345
0.171114 0.03610303 0.407768
0.15818 0.026615031 0.41255
0.166696 0.016234031 0.419784
0.17903 0.020460032 0.419932
0.16848 0.023789031 0.417589
0.187611 0.0080210315 0.422221
0.189407 0.01666003 0.419735
0.175196 0.003864032 0.422242
0.182121 -0.009564969 0.420005
0.194699 -0.005723968 0.419932
0.185204 -0.0008719681 0.422304
0.155029 0.011603031 0.414377
0.163339 0.00012003151 0.417432
0.165022 0.008138032 0.419636
0.153675 -0.003474969 0.409264
0.158615 -0.013058969 0.407664
0.16971 -0.012236969 0.415372
0.161525 -0.007198969 0.413459
0.173663 -0.024541968 0.408345
0.186785 -0.022728968 0.413288
0.178296 -0.017605968 0.415345
0.210692 -0.014708969 0.408402
0.211921 -0.02655397 0.398705
0.21992 -0.02255197 0.389054
0.216359 -0.01878697 0.399613
0.199381 -0.019006968 0.413354
0.203333 -0.010344968 0.415237
0.189488 -0.03411897 0.402406
0.201515 -0.03050897 0.403265
0.194679 -0.027026968 0.409112
0.201886 -0.03896197 0.39136
0.209955 -0.03589497 0.38782
0.206829 -0.03318397 0.396194
0.214675 -0.0034099824 0.229907
0.206346 -0.0064069824 0.235526
0.204604 -0.023211982 0.235038
0.21424 -0.020965984 0.227836
0.209736 -0.012879983 0.232029
0.207186 0.008990018 0.236368
0.202298 0.0028090181 0.242025
0.200096 -0.012413981 0.241663
0.203918 -0.001269982 0.238724
0.195084 -0.020545982 0.248399
0.190505 -0.03502598 0.248893
0.196988 -0.028214982 0.242019
0.19565 -0.023859981 0.245085
0.193169 -0.04427098 0.243109
0.202109 -0.04103598 0.234961
0.199131 -0.03385898 0.238782
0.203151 0.017125018 0.243026
0.200956 0.008888018 0.250768
0.198724 -0.0058229812 0.248962
0.201334 0.0061080186 0.245826
0.200524 0.02362302 0.253834
0.202436 0.012969021 0.266996
0.200448 -0.0018409804 0.260909
0.201095 0.01141202 0.257489
0.201261 -0.013989979 0.273487
0.19463 -0.02721398 0.267975
0.196278 -0.016177982 0.257535
0.198244 -0.014873981 0.264399
0.190874 -0.02985998 0.256011
0.195259 -0.018026982 0.252375
0.187178 -0.03932998 0.264892
0.17918 -0.04995198 0.263724
0.184665 -0.042618982 0.255984
0.185505 -0.040680982 0.259811
0.193296 -0.037661977 0.280514
0.183719 -0.047889978 0.275404
0.189753 -0.038384978 0.271652
0.180327 -0.054584976 0.287942
0.168606 -0.059897978 0.283039
0.173862 -0.056016978 0.272584
0.176635 -0.055226978 0.279208
0.163767 -0.061702978 0.27168
0.170742 -0.05877498 0.264176
0.171925 -0.05713798 0.267698
0.185239 -0.04902098 0.250415
0.179191 -0.062195983 0.2529
0.188547 -0.06017198 0.244934
0.186572 -0.053898983 0.247865
0.177849 -0.05421198 0.25727
0.18459 -0.04532998 0.252987
0.161672 -0.065463975 0.266012
0.170302 -0.06432798 0.25973
0.170228 -0.061109982 0.261644
0.16149 -0.07259798 0.263193
0.171879 -0.074143976 0.256261
0.17088 -0.06861198 0.25806
0.194577 0.037520017 0.255481
0.18368 0.04889602 0.25556
0.177244 0.04800702 0.267912
0.190765 0.037538018 0.270589
0.186968 0.04276202 0.261621
0.189572 0.05175902 0.246343
0.178613 0.060218018 0.247939
0.170897 0.05735802 0.256679
0.180969 0.054716017 0.251178
0.15673 0.06366202 0.259041
0.148317 0.06052002 0.268651
0.162984 0.05544502 0.267487
0.159849 0.05939002 0.26259
0.154953 0.054682024 0.280384
0.170377 0.049252022 0.283225
0.166404 0.05200602 0.274207
0.186699 0.063138016 0.240917
0.174139 0.070290014 0.242997
0.165136 0.06712702 0.250552
0.17639 0.06539702 0.245309
0.185172 0.07272001 0.236316
0.168904 0.07936302 0.238172
0.158085 0.07663602 0.246174
0.171697 0.074933015 0.240715
0.138858 0.08236402 0.250378
0.131954 0.076869026 0.258929
0.149449 0.072662026 0.254246
0.144711 0.07741802 0.252357
0.141483 0.06801702 0.262477
0.15336 0.06808202 0.256367
0.125581 0.070421025 0.266874
0.11901 0.06409802 0.274499
0.133555 0.06336902 0.271069
0.129927 0.06668802 0.268602
0.113425 0.07916402 0.264318
0.109538 0.07072202 0.271965
0.120189 0.07457602 0.265556
0.093907 0.068671025 0.277357
0.09205 0.05904702 0.283042
0.105061 0.06268102 0.278633
0.100118 0.06548502 0.277884
0.100367 0.05515002 0.284625
0.112403 0.058185022 0.282069
0.109051 0.060251024 0.279921
0.139968 0.057974022 0.279569
0.132195 0.05578102 0.291863
0.147414 0.054437023 0.29522
0.1434 0.055959024 0.28632
0.125695 0.059128024 0.280253
0.136794 0.060454022 0.274605
0.106425 0.05243502 0.289833
0.118458 0.05511502 0.290218
0.115434 0.05647702 0.285395
0.112644 0.050840024 0.301154
0.125752 0.05340202 0.305635
0.121792 0.054093022 0.296859
0.151397 -0.069661975 0.268978
0.139559 -0.071866974 0.272849
0.15043 -0.078723975 0.267448
0.150875 -0.073606975 0.268148
0.153195 -0.06458798 0.272377
0.141984 -0.06518598 0.274374
0.152127 -0.066712976 0.270275
0.133383 -0.059268977 0.280051
0.121474 -0.055117976 0.281833
0.129926 -0.063933976 0.277406
0.131636 -0.06121098 0.278247
0.116923 -0.06105698 0.281201
0.125868 -0.072398975 0.277401
0.128067 -0.06760698 0.277225
0.131227 -0.05072798 0.29771
0.137745 -0.057050977 0.287762
0.150345 -0.060121976 0.290639
0.14452 -0.055927977 0.302962
0.140737 -0.05643698 0.294274
0.125676 -0.05210298 0.286564
0.145152 -0.06173198 0.279453
0.135357 -0.057938978 0.283122
0.15687 -0.06210698 0.280338
0.154733 -0.06310998 0.275619
0.163469 -0.060823977 0.295555
0.159739 -0.061402977 0.286871
0.119028 -0.04387998 0.294345
0.10796 -0.03580998 0.292529
0.114138 -0.045664977 0.28672
0.116441 -0.044594977 0.289719
0.125964 -0.042934977 0.309596
0.113748 -0.03475798 0.303711
0.122126 -0.043373976 0.300878
0.110285 -0.024879975 0.314891
0.100407 -0.0152559765 0.308105
0.103238 -0.025645977 0.299581
0.106404 -0.025257977 0.306143
0.094493 -0.015984979 0.296886
0.098072 -0.026847977 0.291945
0.100541 -0.026141977 0.294937
0.109472 -0.04944598 0.284491
0.097472 -0.04231598 0.287713
0.103207 -0.05637698 0.285427
0.106653 -0.052445978 0.284703
0.103168 -0.038001977 0.28792
0.111891 -0.047233976 0.285071
0.089429 -0.017253978 0.292283
0.092842 -0.029282978 0.289849
0.095587 -0.027861977 0.290337
0.083237 -0.019675978 0.292178
0.085601 -0.03374798 0.291158
0.089595 -0.031211978 0.290211
0.082072 -0.0073149777 0.293227
0.075691 0.0029480222 0.294403
0.074348 -0.009486978 0.294554
0.078613 -0.008250978 0.293596
0.087576 -0.0061119776 0.295323
0.082213 0.0038800223 0.294576
0.084976 -0.0066199778 0.293715
0.083817 0.014184022 0.296446
0.081705 0.023843022 0.294364
0.078088 0.013972023 0.294267
0.081128 0.0140880225 0.294811
0.074821 0.024217023 0.293944
0.069916 0.013574023 0.295355
0.074438 0.0138090225 0.294539
0.092871 -0.005423977 0.302966
0.087432 0.0044230227 0.299187
0.090124 -0.0057319775 0.298319
0.099967 -0.004798976 0.31828
0.093394 0.004895023 0.310381
0.096068 -0.005132977 0.309531
0.096285 0.014883025 0.319335
0.093063 0.023790024 0.310192
0.089187 0.014418024 0.304074
0.09239 0.014609023 0.310614
0.087076 0.023662023 0.299037
0.086417 0.014285022 0.299442
0.092209 0.032226022 0.302554
0.09341 0.040183023 0.296048
0.086739 0.032614022 0.294891
0.089407 0.032359023 0.297921
0.099309 0.032352023 0.31777
0.099464 0.039686024 0.307222
0.095419 0.03222202 0.309074
0.109108 0.04579602 0.313299
0.101959 0.046344023 0.298052
0.105203 0.045965023 0.304595
0.096286 0.047756024 0.290239
0.099084 0.046939023 0.293368
0.080712 0.033470023 0.292495
0.080361 0.04322002 0.290318
0.071941 0.03474602 0.293078
0.076806 0.034058023 0.292557
0.087794 0.041358024 0.291197
0.083932 0.03298702 0.293178
0.089763 0.05007502 0.287441
0.093277 0.04880002 0.288365
0.080059 0.053342022 0.287239
0.085454 0.051587023 0.287167
0.226617 -0.004189983 0.225052
0.224698 0.011671018 0.228575
0.214128 0.011887018 0.231923
0.219567 0.004649017 0.228824
0.240521 0.008979017 0.226363
0.236803 0.024103018 0.229756
0.22235 0.025688017 0.231018
0.230348 0.018031016 0.228954
0.220187 0.03820602 0.232354
0.210786 0.037442017 0.234644
0.212757 0.025394017 0.233558
0.216003 0.032107018 0.232825
0.206787 0.022595018 0.237476
0.209975 0.017783018 0.234692
0.256842 0.022150017 0.229782
0.252904 0.03617302 0.231734
0.234228 0.037559018 0.23144
0.244344 0.030263016 0.230774
0.273764 0.03523402 0.232669
0.27427 0.045484018 0.232703
0.252864 0.048164017 0.23183
0.262416 0.04149702 0.23236
0.25609 0.05922202 0.230306
0.233125 0.06003802 0.230608
0.233291 0.049409017 0.231642
0.243225 0.05449402 0.231121
0.218287 0.049455017 0.232697
0.22578 0.04397702 0.232006
0.215645 0.05928502 0.232298
0.20362 0.057584018 0.235327
0.207998 0.04816002 0.235162
0.211034 0.05393102 0.233739
0.231025 0.069247015 0.228661
0.210498 0.06771102 0.231497
0.222189 0.06434902 0.230665
0.200722 0.074799016 0.230715
0.196465 0.06570301 0.235547
0.198133 0.07040702 0.233312
0.195584 0.05498302 0.239871
0.195642 0.06059302 0.237654
0.205087 0.03474002 0.238543
0.201836 0.030108018 0.244533
0.20424 0.026584018 0.240618
0.201534 0.04555202 0.239287
0.206177 0.04184802 0.236744
0.197414 0.04171702 0.245601
0.196213 0.04878002 0.242433
0.199074 0.03352802 0.249636
0.227471 -0.022292983 0.220626
0.245356 -0.026881984 0.214003
0.244279 -0.008183983 0.221149
0.235599 -0.014889983 0.220263
0.243139 -0.046564985 0.205474
0.262563 -0.052469984 0.195258
0.268022 -0.032955986 0.208104
0.25473 -0.039597984 0.205819
0.295329 -0.038993984 0.202744
0.298272 -0.017112983 0.217018
0.267971 -0.013390983 0.218333
0.283277 -0.025949983 0.211968
0.262816 0.005351017 0.225442
0.253391 -0.0016209831 0.222977
0.286038 -0.07425699 0.15145
0.270978 -0.07525598 0.165586
0.261868 -0.09086299 0.144943
0.273252 -0.08172999 0.146364
0.316086 -0.06425198 0.161688
0.300789 -0.063000984 0.17374
0.300296 -0.06872599 0.156828
0.320265 -0.046727985 0.19383
0.282607 -0.058537986 0.184862
0.30015 -0.052216984 0.189524
0.254955 -0.07181799 0.181366
0.267696 -0.064929985 0.181865
0.395869 -0.020916985 0.204669
0.365683 -0.038967986 0.195529
0.376354 -0.043452986 0.180566
0.38627 -0.033564985 0.193347
0.348953 -0.028884985 0.208525
0.338138 -0.053668983 0.180973
0.342895 -0.042833984 0.195761
0.350987 -0.05526399 0.167176
0.333466 -0.05995099 0.165222
0.367198 -0.049633987 0.167292
0.418404 0.03845402 0.224696
0.395311 0.020771017 0.22685
0.410439 0.008748016 0.21994
0.414512 0.023645017 0.223685
0.377962 0.03574202 0.230296
0.350192 0.020020017 0.230519
0.366385 0.003164017 0.224973
0.37329 0.019530017 0.229021
0.333078 -0.0115629835 0.219916
0.38193 -0.011192983 0.216492
0.357528 -0.013263984 0.218201
0.404075 -0.0064589838 0.213567
0.281384 0.021698017 0.230836
0.30697 0.025900017 0.23241
0.29238 0.038643017 0.2335
0.288794 0.030117016 0.232716
0.290595 0.0040950174 0.225982
0.272436 0.013283018 0.228237
0.320668 0.008738017 0.228179
0.310788 -0.0049819835 0.222859
0.331357 0.03576502 0.23298
0.327761 0.022339016 0.231663
0.223963 0.07690602 0.226159
0.208233 0.08324902 0.223233
0.18453 0.08098301 0.230417
0.20431 0.07897302 0.227518
0.25898 0.069890015 0.227154
0.256277 0.079402015 0.222466
0.242511 0.07410502 0.226112
0.298334 0.08170102 0.219705
0.284725 0.092909016 0.20927
0.241425 0.086980015 0.216411
0.271953 0.085620016 0.21717
0.214418 0.09339801 0.209439
0.183942 0.089625016 0.220234
0.211824 0.08795101 0.21737
0.308807 0.04820702 0.232558
0.282703 0.055859018 0.231165
0.289857 0.04738402 0.232814
0.354809 0.05000902 0.230528
0.325578 0.061527018 0.228651
0.330748 0.04896202 0.231797
0.342879 0.077813014 0.220802
0.292179 0.06804202 0.22708
0.315491 0.073055014 0.224076
0.272394 0.063584015 0.229058
0.429768 0.068283014 0.218329
0.404115 0.05313902 0.226255
0.424225 0.05340102 0.222862
0.432786 0.09615902 0.20184
0.406538 0.083434016 0.215048
0.432827 0.08289602 0.211241
0.369777 0.09455202 0.208799
0.379265 0.067074016 0.224581
0.374892 0.08150701 0.218014
0.380121 0.05170402 0.228746
0.391082 0.122391015 0.16648199
0.422716 0.11529802 0.17770799
0.415018 0.120976016 0.16473098
0.327058 0.12051501 0.16803199
0.364292 0.11499401 0.18260299
0.361207 0.12210902 0.16745198
0.32871 0.10329202 0.19793999
0.401037 0.10745302 0.19414198
0.366696 0.10576201 0.19668998
0.429027 0.10699301 0.19036998
0.251473 0.10025602 0.19769299
0.215535 0.107318014 0.18616399
0.182205 0.10156502 0.20192298
0.215347 0.099913016 0.19895099
0.29051 0.11012501 0.18389899
0.289781 0.101420015 0.19781499
0.25267 0.11586302 0.16958798
0.2903 0.11799402 0.16861498
0.181738 0.118028015 0.17424498
0.215903 0.11543602 0.17133598
0.094671 0.079069026 0.270046
0.076869 0.076153025 0.276215
0.079056 0.064188026 0.282599
0.086111 0.07224802 0.276732
0.117195 0.08715902 0.255383
0.09471 0.090101026 0.2611
0.104959 0.08419202 0.262832
0.095448 0.101914026 0.24952799
0.068323 0.105244026 0.258231
0.073432 0.089426026 0.268232
0.082597 0.097331025 0.259125
0.054602 0.084687024 0.276339
0.060744 0.07035402 0.282566
0.06632 0.08032002 0.276015
0.16206 0.088068016 0.230924
0.147845 0.086062014 0.24108
0.165599 0.08361602 0.23508
0.155403 0.09907901 0.21736899
0.13527 0.09727102 0.231964
0.158568 0.093097016 0.225191
0.105624 0.110262014 0.23306799
0.123126 0.09352201 0.244765
0.113618 0.101052016 0.24027598
0.131601 0.087512024 0.24799
0.080056 0.15975201 0.19655898
0.100793 0.13372801 0.20711398
0.125579 0.13501501 0.18422699
0.101908 0.14701402 0.19033998
0.07875 0.13035601 0.22938399
0.126323 0.11332802 0.21365099
0.10169 0.121316016 0.22168499
0.151485 0.115020014 0.19401999
0.152846 0.10639101 0.20694399
0.15191 0.124954015 0.17870198
0.01874 0.17263702 0.22775398
0.039048 0.18251301 0.20731199
0.019401 0.18987001 0.21070999
0.017771 0.14007302 0.253986
0.037207 0.14964901 0.23917098
0.018304 0.15601501 0.24202198
0.055924 0.12599202 0.24830098
0.057728 0.15598801 0.21986498
0.057305 0.14044802 0.23508598
0.059185 0.17202902 0.20240599
0.013052 0.08220802 0.286006
0.028331 0.093206026 0.278727
0.015604 0.11028402 0.272675
0.014294 0.09611302 0.279888
0.038252 0.077049024 0.283973
0.046254 0.10121502 0.269433
0.041853 0.08919002 0.277393
0.033919 0.12010802 0.262195
0.051592 0.113199025 0.259743
0.016817 0.124884024 0.264123
0.017633 -0.06889298 0.300356
0.030535 -0.050631978 0.301662
0.013718 -0.034483977 0.304517
0.015551 -0.051398978 0.303061
0.021715 -0.104842976 0.289529
0.039289 -0.085818976 0.294244
0.019756 -0.08677298 0.295984
0.065461 -0.10238898 0.28487
0.07464 -0.08070598 0.289561
0.050685 -0.06633298 0.296665
0.058375 -0.08413698 0.291828
0.056527 -0.047051977 0.297673
0.039398 -0.03282498 0.301565
0.044383 -0.049217977 0.299759
0.051258 -0.15725298 0.250581
0.024622 -0.14073099 0.268484
0.025773 -0.15806398 0.252629
0.100221 -0.15521899 0.24288802
0.073096 -0.13897699 0.263029
0.07617 -0.15622398 0.24730101
0.09295 -0.120545976 0.270798
0.046616 -0.122057974 0.278527
0.069947 -0.120849974 0.275411
0.023303 -0.12290998 0.280573
0.180686 -0.15005398 0.21635202
0.158859 -0.13848798 0.23806101
0.144454 -0.15362199 0.23110601
0.163783 -0.15227398 0.22402802
0.170993 -0.12422299 0.24058202
0.151795 -0.11302498 0.256554
0.136141 -0.12458698 0.256648
0.154765 -0.12524599 0.24878901
0.113797 -0.107525975 0.272292
0.118908 -0.13860798 0.252498
0.115275 -0.122405976 0.264264
0.123124 -0.15447699 0.23744102
0.136597 -0.083155975 0.272326
0.149747 -0.09303298 0.264827
0.16239 -0.08452098 0.260385
0.149931 -0.085185975 0.266542
0.110327 -0.07120398 0.282352
0.119874 -0.08612498 0.277386
0.123143 -0.07847798 0.277632
0.099229 -0.087353975 0.282717
0.133825 -0.100277975 0.268979
0.116044 -0.09561998 0.276137
0.164916 -0.10181398 0.254175
0.150245 -0.10229998 0.261699
0.073938 -0.023861978 0.294452
0.074325 -0.040547978 0.293959
0.088971 -0.049736977 0.289737
0.080618 -0.03698998 0.292422
0.059813 -0.028994977 0.297767
0.074943 -0.05932098 0.292647
0.066401 -0.044031978 0.295725
0.093242 -0.06743698 0.287391
0.085707 -0.074507974 0.288266
0.098906 -0.06138298 0.286384
0.01128 0.05460302 0.295692
0.023875 0.06686702 0.290494
0.012037 0.06840802 0.291274
0.01065 0.026538022 0.301994
0.021438 0.04006702 0.298573
0.010808 0.040683024 0.299265
0.031193 0.025891023 0.300224
0.041445 0.038245022 0.296562
0.033107 0.05213002 0.294062
0.03171 0.039211024 0.297621
0.04615 0.062281024 0.288599
0.035312 0.06471902 0.289521
0.011387 -0.0028649769 0.304929
0.02145 0.012052023 0.303062
0.010834 0.012059024 0.303881
0.024339 -0.017929977 0.304059
0.012339 -0.018341977 0.30514
0.045963 -0.016080977 0.300797
0.033095 -0.0022379772 0.302658
0.03566 -0.017188977 0.30254
0.041159 0.012238022 0.300527
0.031631 0.012098023 0.301894
0.051604 -0.0007329774 0.299506
0.05754 0.012868023 0.297721
0.049466 0.025187023 0.297804
0.049818 0.012514022 0.299109
0.062571 -0.012834977 0.297362
0.054908 -0.014565977 0.299043
0.06582 0.0013080223 0.296521
0.069026 -0.011077978 0.295838
0.064289 0.024666023 0.295545
0.064262 0.013241022 0.296443
0.052734 0.04885302 0.292283
0.065281 0.05753802 0.287579
0.056188 0.05986902 0.287973
0.058641 0.036384024 0.294604
0.050465 0.037296023 0.295545
0.068862 0.045772023 0.29106
0.065843 0.035528023 0.293771
0.073286 0.055344023 0.287356
0.20652 -0.14191099 0.19960101
0.189435 -0.13378498 0.22137302
0.194735 -0.14658499 0.20822302
0.225645 -0.12913199 0.18071301
0.211482 -0.12348299 0.20321302
0.216627 -0.13607799 0.19044502
0.215925 -0.104070984 0.20529902
0.202033 -0.099022985 0.22314201
0.196353 -0.11688198 0.22301601
0.206587 -0.11104099 0.21407202
0.180619 -0.10963099 0.24013701
0.184672 -0.12135498 0.23192102
0.242709 -0.11190698 0.16008501
0.229575 -0.108694986 0.18442601
0.234162 -0.12111799 0.17036402
0.248075 -0.09126799 0.168812
0.251815 -0.10137199 0.15056401
0.239005 -0.06715599 0.196984
0.234078 -0.08791099 0.189623
0.243919 -0.07962999 0.184198
0.220149 -0.08384099 0.207695
0.224917 -0.09620999 0.196903
0.223832 -0.06309499 0.211301
0.210413 -0.06036198 0.224116
0.206736 -0.080117986 0.223243
0.215229 -0.071767986 0.216701
0.226459 -0.042305984 0.215847
0.232987 -0.054545984 0.20743
0.212936 -0.04034398 0.225791
0.220012 -0.030943984 0.222545
0.198779 -0.05939598 0.235355
0.205954 -0.049994983 0.230137
0.188297 -0.09411199 0.238317
0.175028 -0.089411974 0.250765
0.17745 -0.09895098 0.24628802
0.194258 -0.07729998 0.236493
0.197909 -0.087700985 0.230542
0.182698 -0.075452976 0.247494
0.191123 -0.068047985 0.241217
0.173216 -0.08110998 0.25396
0.192029 -0.04652298 0.295471
0.190282 -0.052992977 0.312123
0.177021 -0.05863198 0.302927
0.185022 -0.05390798 0.29916
0.2024 -0.025769977 0.288506
0.203022 -0.036178976 0.30515
0.197876 -0.03697698 0.291905
0.21253 -0.024315976 0.316734
0.213127 -0.033627976 0.334512
0.20257 -0.044394974 0.322709
0.208263 -0.035112977 0.319577
0.200755 -0.049635973 0.340326
0.187787 -0.056308974 0.329687
0.195672 -0.051635973 0.326091
0.206635 -0.00036297867 0.282524
0.210237 -0.012961978 0.299147
0.205433 -0.013400978 0.28532
0.201974 0.02489602 0.280173
0.209957 0.012001023 0.295741
0.205667 0.012847021 0.280297
0.210703 0.022202024 0.312413
0.21863 0.010894025 0.327522
0.215883 -0.00041297643 0.312407
0.214481 0.011383023 0.311679
0.219654 -0.011963975 0.329784
0.215151 -0.012530977 0.314219
0.223483 -0.00021797407 0.343432
0.225508 -0.009812973 0.359789
0.221089 -0.021742973 0.3472
0.223225 -0.011117974 0.345094
0.218092 0.020314027 0.343301
0.223755 0.010142027 0.356635
0.221795 0.010433026 0.342678
0.221132 0.018003028 0.368441
0.226024 0.001478028 0.371085
0.224289 0.010163028 0.368878
0.224511 -0.017233972 0.375625
0.226148 -0.007867972 0.373508
0.211706 -0.040091973 0.351519
0.208361 -0.043328974 0.366845
0.197625 -0.051151972 0.357166
0.205094 -0.046788976 0.354088
0.219893 -0.029001972 0.363533
0.217143 -0.031571973 0.349283
0.21602 -0.03356897 0.377631
0.220958 -0.025975972 0.376909
0.204027 -0.04319897 0.37956
0.210223 -0.03948697 0.378062
0.122433 -0.033858974 0.32364
0.120745 -0.023806974 0.338924
0.109148 -0.014455975 0.328062
0.115123 -0.024411976 0.326092
0.139822 -0.04970998 0.317585
0.136334 -0.041691974 0.333681
0.130769 -0.042417973 0.32078
0.151377 -0.047737975 0.344454
0.148921 -0.039089974 0.361653
0.134211 -0.032262973 0.350264
0.142454 -0.040625975 0.347554
0.133646 -0.021987973 0.366199
0.12108 -0.013249973 0.354445
0.126977 -0.023014974 0.352566
0.158842 -0.058976978 0.310484
0.154751 -0.054521974 0.327044
0.149282 -0.05535498 0.314128
0.173536 -0.05929098 0.319616
0.168191 -0.060194977 0.306726
0.184619 -0.055753972 0.347486
0.169997 -0.056736972 0.337269
0.179135 -0.057885975 0.333459
0.166708 -0.051288974 0.355207
0.160651 -0.053231973 0.34098
0.181235 -0.051670972 0.365002
0.178444 -0.04476397 0.381815
0.164024 -0.04347897 0.372533
0.172649 -0.048495974 0.368996
0.194063 -0.04876297 0.373146
0.189617 -0.052667975 0.360931
0.191383 -0.04293597 0.388462
0.197891 -0.04417497 0.383483
0.176229 -0.03558997 0.396858
0.184067 -0.04000197 0.393129
0.147577 -0.029244972 0.377312
0.147378 -0.01895897 0.390442
0.13495 -0.011580971 0.380519
0.14058 -0.020679971 0.379001
0.162025 -0.03397597 0.387838
0.15553 -0.03695297 0.375231
0.16043 -0.02346197 0.399962
0.168154 -0.02991797 0.399026
0.148599 -0.00957797 0.400397
0.153645 -0.01669897 0.399994
0.108205 0.039863028 0.327072
0.119625 0.045865025 0.337264
0.121443 0.050301027 0.321075
0.113965 0.045834027 0.324466
0.1018 0.024346024 0.33006
0.10986 0.032874025 0.34176
0.104154 0.032622024 0.328926
0.114027 0.024872025 0.356685
0.12349 0.032689027 0.369332
0.120296 0.039964028 0.353537
0.116336 0.032949027 0.355489
0.132767 0.045060027 0.364429
0.133307 0.049853027 0.3475
0.125942 0.045677025 0.350862
0.102143 0.0056170253 0.330303
0.106846 0.015661025 0.343355
0.101133 0.015266025 0.330509
0.11049 -0.003869974 0.342289
0.104818 -0.0043679755 0.329476
0.123763 -0.0027929721 0.369429
0.114272 0.006486027 0.356795
0.116849 -0.0033349732 0.355884
0.120512 0.016096028 0.370938
0.113335 0.015970025 0.357092
0.128917 0.0069830287 0.383395
0.136644 0.01528503 0.396093
0.129096 0.02434303 0.383922
0.128287 0.01594003 0.384113
0.138623 -0.0019669703 0.393289
0.1311 -0.0022759712 0.382091
0.145344 0.0058080307 0.404855
0.146094 -0.0020489697 0.402444
0.146663 0.02177503 0.406453
0.145564 0.0139120305 0.406355
0.134809 0.03849603 0.380145
0.147307 0.04200403 0.38837
0.146785 0.04762303 0.37375
0.139954 0.04380003 0.377132
0.139577 0.03067903 0.394462
0.13123 0.03193603 0.382504
0.151214 0.03501103 0.401511
0.148553 0.02890903 0.404659
0.159607 0.04300503 0.394001
0.154629 0.03978103 0.397544
0.185742 0.041825023 0.289187
0.199559 0.03266802 0.299095
0.195004 0.03444502 0.283688
0.16385 0.05119302 0.300914
0.180458 0.046016023 0.30878
0.175172 0.047364023 0.295014
0.17504 0.049190026 0.328932
0.191181 0.043629028 0.339054
0.195847 0.038947023 0.318916
0.185904 0.044879027 0.323726
0.208721 0.030252025 0.330746
0.204302 0.031389024 0.314985
0.141109 0.054065023 0.311998
0.157894 0.052682023 0.319815
0.152336 0.05343902 0.306628
0.136281 0.052733026 0.329749
0.130652 0.053032022 0.316866
0.148878 0.051340025 0.357262
0.152774 0.052916028 0.338954
0.142427 0.052253027 0.343482
0.169845 0.050756026 0.348622
0.163821 0.051882025 0.334056
0.165261 0.050197028 0.366659
0.181019 0.04648103 0.37618
0.186132 0.046257026 0.358583
0.175699 0.049023025 0.362785
0.161601 0.04745503 0.382068
0.155422 0.04974303 0.370286
0.175851 0.04437803 0.39068
0.16696 0.04446903 0.392123
0.194945 0.04013203 0.385219
0.185444 0.04293403 0.388439
0.204804 0.036132026 0.34951
0.214996 0.027151028 0.359481
0.212305 0.028902026 0.345766
0.200119 0.039489027 0.368042
0.195956 0.041938026 0.35397
0.210937 0.030748028 0.375978
0.203557 0.03596203 0.380837
0.216738 0.024813028 0.371327
3 1145 1143 1144
3 292 1144 1143
3 1153 1151 1152
3 291 1152 1151
3 1160 1159 1147
3 290 1147 1159
3 1168 1166 1167
3 296 1167 1166
3 1174 1172 1173
3 300 1173 1172
3 1181 1179 1180
3 299 1180 1179
3 1188 1186 1187
3 303 1187 1186
3 1193 1191 1192
3 302 1192 1191
3 1200 1199 1162
3 295 1162 1199
3 1208 1206 1207
3 307 1207 1206
3 1214 1213 1202
3 306 1202 1213
3 1222 1220 1221
3 311 1221 1220
3 1228 1226 1227
3 315 1227 1226
3 1235 1233 1234
3 314 1234 1233
3 1241 1240 1175
3 298 1175 1240
3 1246 1244 1245
3 317 1245 1244
3 1197 1252 305
3 1251 305 1252
3 1259 1260 321
3 1258 321 1260
3 1254 1266 320
3 1265 320 1266
3 1273 1274 325
3 1272 325 1274
3 1279 1280 329
3 1278 329 1280
3 1286 1287 328
3 1285 328 1287
3 1211 1293 309
3 1292 309 1293
3 1297 1298 331
3 1296 331 1298
3 1303 1304 335
3 1302 335 1304
3 1310 1311 334
3 1309 334 1311
3 1305 1317 333
3 1316 333 1317
3 1323 1324 338
3 1322 338 1324
3 1329 1330 342
3 1328 342 1330
3 1336 1337 341
3 1335 341 1337
3 1343 1344 345
3 1342 345 1344
3 1349 1347 1348
3 344 1348 1347
3 1351 1356 345
3 1355 345 1356
3 1363 1364 349
3 1362 349 1364
3 1370 1371 353
3 1369 353 1371
3 1378 1361 1377
3 348 1377 1361
3 357 1384 1383
3 1385 1383 1384
3 1376 352 1392
3 1391 1392 352
3 1396 360 1398
3 1397 1398 360
3 1390 356 1404
3 1403 1404 356
3 1409 1408 1216
3 310 1216 1408
3 1413 1402 1412
3 359 1412 1402
3 1418 1419 366
3 1417 366 1419
3 1426 1427 365
3 1425 365 1427
3 1421 1434 364
3 1433 364 1434
3 1441 1442 370
3 1440 370 1442
3 1448 1446 1447
3 374 1447 1446
3 1455 1453 1454
3 373 1454 1453
3 1462 1460 1461
3 377 1461 1460
3 1467 1465 1466
3 376 1466 1465
3 1436 1473 369
3 1472 369 1473
3 1479 1480 380
3 1478 380 1480
3 1484 379 1485
3 1474 1485 379
3 1491 1492 383
3 1490 383 1492
3 1497 1498 387
3 1496 387 1498
3 1504 1505 386
3 1503 386 1505
3 1449 1511 372
3 1510 372 1511
3 1515 1516 389
3 1514 389 1516
3 1521 386 1522
3 1503 1522 386
3 1529 1530 393
3 1528 393 1530
3 1524 1536 392
3 1535 392 1536
3 1543 1544 397
3 1542 397 1544
3 1549 1550 400
3 1548 400 1550
3 1556 1468 1555
3 376 1555 1468
3 1514 1561 389
3 1560 389 1561
3 1565 1456 1564
3 373 1564 1456
3 406 1570 1569
3 1571 1569 1570
3 1579 1577 1578
3 405 1578 1577
3 1586 1585 1573
3 404 1573 1585
3 1594 1592 1593
3 410 1593 1592
3 1600 1598 1599
3 413 1599 1598
3 302 1605 1194
3 1606 1194 1605
3 415 1611 1610
3 1612 1610 1611
3 299 1615 1182
3 1616 1182 1615
3 1622 1623 420
3 1621 420 1623
3 419 1630 1629
3 1631 1629 1630
3 418 1625 1637
3 1638 1637 1625
3 423 1643 1642
3 1644 1642 1643
3 425 1649 1648
3 1650 1648 1649
3 317 1653 1247
3 1654 1247 1653
3 427 1659 1658
3 1660 1658 1659
3 314 1663 1236
3 1664 1236 1663
3 1671 1669 1670
3 432 1670 1669
3 1679 1677 1678
3 431 1678 1677
3 1686 1685 1673
3 430 1673 1685
3 1694 1692 1693
3 436 1693 1692
3 1700 1698 1699
3 440 1699 1698
3 1707 1705 1706
3 439 1706 1705
3 1714 1712 1713
3 443 1713 1712
3 442 1718 1717
3 1719 1717 1718
3 448 1726 1725
3 1727 1725 1726
3 1733 447 1735
3 1734 1735 447
3 1729 1742 446
3 1741 446 1742
3 1748 1746 1747
3 451 1747 1746
3 1752 453 1754
3 1753 1754 453
3 1758 1350 1757
3 344 1757 1350
3 1764 1762 1763
3 455 1763 1762
3 1767 1768 341
3 1338 341 1768
3 460 1774 1773
3 1775 1773 1774
3 459 1782 1781
3 1783 1781 1782
3 458 1777 1789
3 1790 1789 1777
3 464 1797 1796
3 1798 1796 1797
3 467 1803 1802
3 1804 1802 1803
3 1810 1161 1809
3 294 1809 1161
3 469 1815 1814
3 1816 1814 1815
3 289 1819 1146
3 1820 1146 1819
3 463 1792 1825
3 1826 1825 1792
3 1834 1832 1833
3 473 1833 1832
3 1840 1839 1828
3 472 1828 1839
3 1847 1848 477
3 1846 477 1848
3 1852 480 1854
3 1853 1854 480
3 1859 1860 323
3 1267 323 1860
3 1865 1864 1805
3 466 1805 1864
3 1868 1869 319
3 1253 319 1869
3 1873 476 1874
3 1842 1874 476
3 1881 1882 485
3 1880 485 1882
3 1887 484 1888
3 1876 1888 484
3 1894 489 1896
3 1895 1896 489
3 1901 1902 492
3 1900 492 1902
3 1907 1908 327
3 1284 327 1908
3 1855 1913 479
3 1912 479 1913
3 1916 1917 324
3 1271 324 1917
3 1921 488 1922
3 1890 1922 488
3 497 1929 1928
3 1930 1928 1929
3 496 1924 1935
3 1936 1935 1924
3 500 1941 1940
3 1942 1940 1941
3 1948 1946 1947
3 502 1947 1946
3 1952 1334 1951
3 340 1951 1334
3 1956 491 1957
3 1903 1957 491
3 1961 1321 1960
3 337 1960 1321
3 1966 1964 1965
3 507 1965 1964
3 1973 1971 1972
3 506 1972 1971
3 427 1665 1978
3 1979 1978 1665
3 1970 505 1985
3 1984 1985 505
3 1381 1989 355
3 1988 355 1989
3 1994 1995 509
3 1983 509 1995
3 2000 1999 1415
3 363 1415 1999
3 2007 1993 2006
3 511 2006 1993
3 2011 517 2013
3 2012 2013 517
3 2017 2018 514
3 2005 514 2018
3 1353 2023 347
3 2022 347 2023
3 2029 2030 520
3 2028 520 2030
3 1705 2036 439
3 2035 439 2036
3 2042 2043 519
3 2027 519 2043
3 2048 2046 2047
3 525 2047 2046
3 2052 2041 2051
3 523 2051 2041
3 2057 530 2059
3 2058 2059 530
3 2067 2065 2066
3 529 2066 2065
3 2074 2073 2061
3 528 2061 2073
3 2082 2080 2081
3 534 2081 2080
3 2088 2086 2087
3 538 2087 2086
3 2094 2095 537
3 2093 537 2095
3 2102 2100 2101
3 541 2101 2100
3 2107 2105 2106
3 540 2106 2105
3 2115 2113 2114
3 546 2114 2113
3 545 2122 2121
3 2123 2121 2122
3 544 2117 2129
3 2130 2129 2117
3 550 2137 2136
3 2138 2136 2137
3 554 2143 2142
3 2144 2142 2143
3 2150 2151 553
3 2149 553 2151
3 2158 2156 2157
3 557 2157 2156
3 2162 2163 556
3 2161 556 2163
3 2170 2171 562
3 2169 562 2171
3 2178 2179 561
3 2177 561 2179
3 2173 2186 560
3 2185 560 2186
3 2193 2194 566
3 2192 566 2194
3 2199 2200 570
3 2198 570 2200
3 2206 2207 569
3 2205 569 2207
3 2213 2214 573
3 2212 573 2214
3 2218 2219 572
3 2217 572 2219
3 2132 2226 549
3 2225 549 2226
3 2234 2232 2233
3 577 2233 2232
3 2228 2240 576
3 2239 576 2240
3 2248 2246 2247
3 581 2247 2246
3 2254 2252 2253
3 585 2253 2252
3 2261 2259 2260
3 584 2260 2259
3 585 2263 2267
3 2268 2267 2263
3 577 2272 2235
3 2273 2235 2272
3 2278 2277 2242
3 580 2242 2277
3 2286 2284 2285
3 591 2285 2284
3 2291 590 2292
3 2280 2292 590
3 2296 594 2298
3 2297 2298 594
3 2303 2304 597
3 2302 597 2304
3 2309 2307 2308
3 596 2308 2307
3 2315 2314 2255
3 583 2255 2314
3 2319 2320 599
3 2318 599 2320
3 2325 2326 603
3 2324 603 2326
3 2332 2333 602
3 2331 602 2333
3 2327 2339 601
3 2338 601 2339
3 2343 2344 605
3 2342 605 2344
3 2350 2348 2349
3 608 2349 2348
3 2355 2353 2354
3 607 2354 2353
3 2362 2360 2361
3 611 2361 2360
3 2367 2365 2366
3 610 2366 2365
3 2372 615 2374
3 2373 2374 615
3 2380 2381 614
3 2379 614 2381
3 2388 2387 2369
3 611 2369 2387
3 2395 2378 2394
3 613 2394 2378
3 2399 2400 621
3 2398 621 2400
3 2405 2406 618
3 2393 618 2406
3 1499 2412 385
3 2411 385 2412
3 2416 2417 391
3 1523 391 2417
3 1486 2422 382
3 2421 382 2422
3 2426 2427 623
3 2413 623 2427
3 2353 2432 607
3 2431 607 2432
3 2439 2440 629
3 2438 629 2440
3 2445 628 2446
3 2434 2446 628
3 632 2451 2450
3 2452 2450 2451
3 2457 2456 1469
3 377 1469 2456
3 2463 2453 2462
3 632 2462 2453
3 2467 2466 1538
3 396 1538 2466
3 2461 634 2473
3 2472 2473 634
3 617 2385 2476
3 2477 2476 2385
3 2481 2471 2480
3 636 2480 2471
3 2486 2485 2205
3 569 2205 2485
3 2494 2492 2493
3 641 2493 2492
3 2501 2499 2500
3 645 2500 2499
3 2507 2508 640
3 2491 640 2508
3 2513 2514 648
3 2512 648 2514
3 2519 2520 644
3 2506 644 2520
3 2525 631 2526
3 2443 2526 631
3 2531 2001 2530
3 513 2530 2001
3 2534 627 2535
3 2429 2535 627
3 2538 2539 650
3 2527 650 2539
3 2543 656 2545
3 2544 2545 656
3 2552 2553 655
3 2551 655 2553
3 659 2559 2558
3 2560 2558 2559
3 2566 2550 2565
3 654 2565 2550
3 2572 2571 2223
3 575 2223 2571
3 2564 658 2579
3 2578 2579 658
3 2583 2584 665
3 2582 665 2584
3 2589 2590 662
3 2577 662 2590
3 2596 2595 1688
3 435 1688 2595
3 2601 2588 2600
3 664 2600 2588
3 2605 2606 671
3 2604 671 2606
3 2612 2613 670
3 2611 670 2613
3 2619 2618 2607
3 669 2607 2618
3 673 2623 2622
3 2624 2622 2623
3 2629 2630 675
3 2628 675 2630
3 2633 2634 659
3 2559 659 2634
3 2638 677 2640
3 2639 2640 677
3 2643 2644 653
3 2546 653 2644
3 2649 2648 2033
3 522 2033 2648
3 2656 2654 2655
3 680 2655 2654
3 2661 2660 2650
3 679 2650 2660
3 2665 2666 682
3 2664 682 2666
3 2670 684 2672
3 2671 2672 684
3 2675 2676 615
3 2373 615 2676
3 2681 2680 2053
3 525 2053 2680
3 625 2684 2423
3 2685 2423 2684
3 2690 2689 2149
3 553 2149 2689
3 2698 2696 2697
3 689 2697 2696
3 2692 2704 688
3 2703 688 2704
3 2709 2710 692
3 2708 692 2710
3 2716 2714 2715
3 695 2715 2714
3 694 2720 2719
3 2721 2719 2720
3 2727 2726 2161
3 556 2161 2726
3 697 2731 2730
3 2732 2730 2731
3 2259 2738 584
3 2737 584 2738
3 2745 2746 701
3 2744 701 2746
3 2740 2752 700
3 2751 700 2752
3 704 2757 2756
3 2758 2756 2757
3 706 2763 2762
3 2764 2762 2763
3 2768 2705 2767
3 691 2767 2705
3 2265 2773 587
3 2772 587 2773
3 687 2776 2691
3 2777 2691 2776
3 2307 2782 596
3 2781 596 2782
3 711 2789 2788
3 2790 2788 2789
3 2784 2796 710
3 2795 710 2796
3 2801 2802 714
3 2800 714 2802
3 716 2807 2806
3 2808 2806 2807
3 2811 2812 703
3 2753 703 2812
3 599 2318 2816
3 2817 2816 2318
3 2820 2821 699
3 2739 699 2821
3 2167 2825 559
3 2824 559 2825
3 2831 2832 720
3 2830 720 2832
3 2826 2837 719
3 2836 719 2837
3 2841 2842 722
3 2840 722 2842
3 724 2847 2846
3 2848 2846 2847
3 2852 2797 2851
3 713 2851 2797
3 2183 2857 564
3 2856 564 2857
3 2860 2861 709
3 2783 709 2861
3 2867 2865 2866
3 730 2866 2865
3 729 2874 2873
3 2875 2873 2874
3 728 2869 2881
3 2882 2881 2869
3 734 2889 2888
3 2890 2888 2889
3 738 2895 2894
3 2896 2894 2895
3 737 2902 2901
3 2903 2901 2902
3 2910 2908 2909
3 741 2909 2908
3 2915 2913 2914
3 740 2914 2913
3 2922 2920 2921
3 745 2921 2920
3 2929 2927 2928
3 744 2928 2927
3 743 2923 2934
3 2935 2934 2923
3 748 2941 2940
3 2942 2940 2941
3 752 2947 2946
3 2948 2946 2947
3 751 2954 2953
3 2955 2953 2954
3 2962 2960 2961
3 755 2961 2960
3 2967 2965 2966
3 754 2966 2965
3 2973 2974 759
3 2972 759 2974
3 2980 2981 758
3 2979 758 2981
3 2975 2987 757
3 2986 757 2987
3 2993 2994 762
3 2992 762 2994
3 2999 3000 766
3 2998 766 3000
3 3006 3007 765
3 3005 765 3007
3 3013 3014 769
3 3012 769 3014
3 3018 3019 768
3 3017 768 3019
3 2988 3026 761
3 3025 761 3026
3 3033 3034 773
3 3032 773 3034
3 3028 3040 772
3 3039 772 3040
3 3047 3048 777
3 3046 777 3048
3 3053 3054 781
3 3052 781 3054
3 3060 3061 780
3 3059 780 3061
3 3001 3067 764
3 3066 764 3067
3 3071 3072 783
3 3070 783 3072
3 3078 3076 3077
3 787 3077 3076
3 3084 3085 786
3 3083 786 3085
3 3091 3090 3023
3 771 3023 3090
3 3097 3082 3096
3 785 3096 3082
3 3101 751 3102
3 2953 3102 751
3 3108 3109 789
3 3095 789 3109
3 3115 3113 3114
3 796 3114 3113
3 3122 3107 3121
3 792 3121 3107
3 3128 3129 799
3 3127 799 3129
3 3134 3120 3133
3 795 3133 3120
3 3140 3141 804
3 3139 804 3141
3 3148 3149 803
3 3147 803 3149
3 802 3143 3155
3 3156 3155 3143
3 3164 3162 3163
3 808 3163 3162
3 3170 3168 3169
3 812 3169 3168
3 3176 3177 811
3 3175 811 3177
3 3183 3184 815
3 3182 815 3184
3 3188 3189 814
3 3187 814 3189
3 3194 794 3195
3 3111 3195 794
3 3200 818 3202
3 3201 3202 818
3 3196 3207 817
3 3206 817 3207
3 3213 3214 821
3 3212 821 3214
3 3219 3220 825
3 3218 825 3220
3 3226 3227 824
3 3225 824 3227
3 3232 799 3233
3 3135 3233 799
3 3237 3238 827
3 3236 827 3238
3 3243 3244 831
3 3242 831 3244
3 3250 3251 830
3 3249 830 3251
3 3245 3257 829
3 3256 829 3257
3 3262 3260 3261
3 833 3261 3260
3 3267 3268 836
3 3266 836 3268
3 3272 3273 835
3 3271 835 3273
3 3279 3280 839
3 3278 839 3280
3 3284 3285 838
3 3283 838 3285
3 3292 3291 1567
3 403 1567 3291
3 843 3299 3298
3 3300 3298 3299
3 3306 3305 3294
3 842 3294 3305
3 3312 3310 3311
3 846 3311 3310
3 3318 3316 3317
3 849 3317 3316
3 3323 3321 3322
3 848 3322 3321
3 408 1583 3328
3 3329 3328 1583
3 851 3333 3332
3 3334 3332 3333
3 3340 3339 1619
3 417 1619 3339
3 3348 3346 3347
3 855 3347 3346
3 3354 3353 3342
3 854 3342 3353
3 3360 3358 3359
3 858 3359 3358
3 3366 3364 3365
3 860 3365 3364
3 3370 3307 3369
3 845 3369 3307
3 3375 3374 1635
3 422 1635 3374
3 3379 3293 3378
3 841 3378 3293
3 3384 3383 1667
3 429 1667 3383
3 3392 3390 3391
3 865 3391 3390
3 3398 3397 3386
3 864 3386 3397
3 3406 3404 3405
3 869 3405 3404
3 3412 3410 3411
3 873 3411 3410
3 3419 3417 3418
3 872 3418 3417
3 3425 3424 1683
3 434 1683 3424
3 3430 3428 3429
3 875 3429 3428
3 3436 3435 1723
3 445 1723 3435
3 3442 879 3444
3 3443 3444 879
3 3438 3450 878
3 3449 878 3450
3 3455 3456 882
3 3454 882 3456
3 3460 884 3462
3 3461 3462 884
3 3466 3399 3465
3 867 3465 3399
3 1739 3471 450
3 3470 450 3471
3 3475 3385 3474
3 863 3474 3385
3 457 1771 3479
3 3480 3479 1771
3 3488 3486 3487
3 889 3487 3486
3 3494 3493 3482
3 888 3482 3493
3 3500 3498 3499
3 892 3499 3498
3 3506 3504 3505
3 895 3505 3504
3 3511 3509 3510
3 894 3510 3509
3 462 1787 3516
3 3517 3516 1787
3 3522 3520 3521
3 897 3521 3520
3 471 1823 3526
3 3527 3526 1823
3 3534 3532 3533
3 900 3533 3532
3 3539 3538 3528
3 899 3528 3538
3 3543 3544 902
3 3542 902 3544
3 3549 3550 905
3 3548 905 3550
3 3554 3555 904
3 3553 904 3555
3 475 1837 3560
3 3561 3560 1837
3 3565 3566 907
3 3564 907 3566
3 3570 483 3571
3 1871 3571 483
3 3577 3578 910
3 3576 910 3578
3 3572 3583 909
3 3582 909 3583
3 3587 3588 912
3 3586 912 3588
3 3593 3594 915
3 3592 915 3594
3 3598 3599 914
3 3597 914 3599
3 3604 487 3605
3 1885 3605 487
3 3608 917 3610
3 3609 3610 917
3 3615 3614 1919
3 495 1919 3614
3 3622 3620 3621
3 920 3621 3620
3 3627 3626 3616
3 919 3616 3626
3 3632 3630 3631
3 922 3631 3630
3 3638 3636 3637
3 924 3637 3636
3 3642 3451 3641
3 881 3641 3451
3 3647 3646 1933
3 499 1933 3646
3 3651 3437 3650
3 877 3650 3437
3 3655 3654 3337
3 853 3337 3654
3 3662 3660 3661
3 928 3661 3660
3 3667 516 3668
3 2009 3668 516
3 3674 3675 927
3 3659 927 3675
3 3680 3678 3679
3 934 3679 3678
3 3686 3673 3685
3 931 3685 3673
3 3191 3691 815
3 3690 815 3691
3 3696 3697 933
3 3684 933 3697
3 3701 3700 3099
3 791 3099 3700
3 3705 3695 3704
3 936 3704 3695
3 3400 3709 868
3 3708 868 3709
3 3715 3716 940
3 3714 940 3716
3 3722 3721 3125
3 798 3125 3721
3 3729 3713 3728
3 939 3728 3713
3 3733 3734 945
3 3732 945 3734
3 3737 3738 943
3 3727 943 3738
3 3743 950 3745
3 3744 3745 950
3 3753 3751 3752
3 949 3752 3751
3 3760 3759 3747
3 948 3747 3759
3 3768 3766 3767
3 954 3767 3766
3 3774 3772 3773
3 958 3773 3772
3 3780 3781 957
3 3779 957 3781
3 3788 3786 3787
3 961 3787 3786
3 3793 3791 3792
3 960 3792 3791
3 3801 3799 3800
3 966 3800 3799
3 3809 3807 3808
3 965 3808 3807
3 3816 3815 3803
3 964 3803 3815
3 3822 970 3824
3 3823 3824 970
3 3830 3828 3829
3 974 3829 3828
3 3837 3835 3836
3 973 3836 3835
3 3844 3842 3843
3 977 3843 3842
3 3849 3847 3848
3 976 3848 3847
3 3856 3857 982
3 3855 982 3857
3 3864 3865 981
3 3863 981 3865
3 3859 3872 980
3 3871 980 3872
3 3879 3880 986
3 3878 986 3880
3 3885 3886 990
3 3884 990 3886
3 3892 3893 989
3 3891 989 3893
3 3900 3898 3899
3 993 3899 3898
3 3904 3905 992
3 3903 992 3905
3 3911 3912 997
3 3910 997 3912
3 996 3918 3917
3 3919 3917 3918
3 3927 3925 3926
3 1000 3926 3925
3 3932 3838 3931
3 973 3931 3838
3 1004 3937 3936
3 3938 3936 3937
3 1003 3944 3943
3 3945 3943 3944
3 3951 3952 1007
3 3950 1007 3952
3 3957 3955 3956
3 1006 3956 3955
3 1011 3963 3962
3 3964 3962 3963
3 3969 1010 3971
3 3970 3971 1010
3 1009 3965 3976
3 3977 3976 3965
3 3983 3984 1014
3 3982 1014 3984
3 3988 1017 3990
3 3989 3990 1017
3 992 3995 3906
3 3996 3906 3995
3 4000 1019 4002
3 4001 4002 1019
3 3894 989 4006
3 4005 4006 989
3 3797 4012 963
3 4011 963 4012
3 4019 4020 1023
3 4018 1023 4020
3 4026 4025 4014
3 1022 4014 4025
3 4034 4032 4033
3 1027 4033 4032
3 4039 4040 1030
3 4038 1030 4040
3 4046 3873 4045
3 984 4045 3873
3 3813 4051 968
3 4050 968 4051
3 4054 4055 979
3 3858 979 4055
3 4059 1021 4060
3 4009 4060 1021
3 4067 4068 1035
3 4066 1035 4068
3 4073 4074 1038
3 4072 1038 4074
3 4079 4080 1034
3 4065 1034 4080
3 3253 4086 831
3 4085 831 4086
3 4090 4091 824
3 3228 824 4091
3 3287 4096 839
3 4095 839 4096
3 4102 4103 1040
3 4087 1040 4103
3 1045 4107 4106
3 4108 4106 4107
3 4112 4101 4111
3 1043 4111 4101
3 4117 4118 1049
3 4116 1049 4118
3 4124 4125 1048
3 4123 1048 4125
3 4131 4130 4028
3 1026 4028 4130
3 4137 4122 4136
3 1047 4136 4122
3 4141 4140 4093
3 1042 4093 4140
3 4146 4147 1051
3 4135 1051 4147
3 4151 4150 3271
3 835 3271 4150
3 4157 4145 4156
3 1053 4156 4145
3 4160 1057 4162
3 4161 4162 1057
3 4165 4166 801
3 3142 801 4166
3 4172 4170 4171
3 1061 4171 4170
3 4179 4177 4178
3 1060 4178 4177
3 3874 4185 985
3 4184 985 4185
3 4190 4191 1059
3 4176 1059 4191
3 3687 4196 934
3 4195 934 4196
3 4200 4201 1057
3 4161 1057 4201
3 3665 4205 930
3 4204 930 4205
3 4210 4211 1065
3 4197 1065 4211
3 4215 643 4216
3 2497 4216 643
3 4209 1067 4221
3 4220 4221 1067
3 4225 4226 1073
3 4224 1073 4226
3 4232 4233 1072
3 4231 1072 4233
3 4239 4238 2593
3 667 2593 4238
3 4245 4230 4244
3 1071 4244 4230
3 3417 4250 872
3 4249 872 4250
3 4256 4257 1075
3 4243 1075 4257
3 1081 4261 4260
3 4262 4260 4261
3 4268 4255 4267
3 1078 4267 4255
3 4273 1007 4274
3 3959 4274 1007
3 4266 1080 4279
3 4278 4279 1080
3 4213 4283 1069
3 4282 1069 4283
3 1086 4289 4288
3 4290 4288 4289
3 4284 4295 1085
3 4294 1085 4295
3 4299 4300 1088
3 4298 1088 4300
3 4305 4306 1090
3 4304 1090 4306
3 4309 4310 1011
3 3963 1011 4310
3 4315 4314 4181
3 1061 4181 4314
3 1019 4318 4001
3 4319 4001 4318
3 4323 4322 4247
3 1077 4247 4322
3 4330 4328 4329
3 1094 4329 4328
3 4335 4334 4324
3 1093 4324 4334
3 4340 4338 4339
3 1096 4339 4338
3 4345 4346 1098
3 4344 1098 4346
3 4349 4350 966
3 3800 966 4350
3 4355 4354 4269
3 1081 4269 4354
3 4358 4359 977
3 3843 977 4359
3 4364 4362 4363
3 1103 4363 4362
3 4371 4369 4370
3 1102 4370 4369
3 4377 4376 4365
3 1101 4365 4376
3 4384 4382 4383
3 1106 4383 4382
3 4390 4388 4389
3 1109 4389 4388
3 4396 3744 4395
3 950 4395 3744
3 4401 4402 1111
3 4400 1111 4402
3 4405 4406 961
3 3787 961 4406
3 4411 4412 1115
3 4410 1115 4412
3 4418 4419 1114
3 4417 1114 4419
3 4413 4425 1113
3 4424 1113 4425
3 4430 4428 4429
3 1117 4429 4428
3 4436 4434 4435
3 1119 4435 4434
3 4440 3794 4439
3 960 4439 3794
3 4445 4446 1121
3 4444 1121 4446
3 4449 4450 957
3 3782 957 4450
3 4455 4456 1125
3 4454 1125 4456
3 4462 4463 1124
3 4461 1124 4463
3 4469 4468 4457
3 1123 4457 4468
3 4473 4474 1127
3 4472 1127 4474
3 4479 4480 1129
3 4478 1129 4480
3 956 4483 3778
3 4484 3778 4483
3 4490 4488 4489
3 1131 4489 4488
3 4493 4494 953
3 3765 953 4494
3 4378 4499 1105
3 4498 1105 4499
3 4505 4506 1134
3 4504 1134 4506
3 4500 4511 1133
3 4510 1133 4511
3 4516 4514 4515
3 1136 4515 4514
3 4522 4520 4521
3 1138 4521 4520
3 4526 3761 4525
3 952 4525 3761
3 4391 4531 1108
3 4530 1108 4531
3 4534 4535 947
3 3746 947 4535
3 1142 293 1145
3 1143 1145 293
3 1150 81 1153
3 1151 1153 81
3 1158 297 1160
3 1159 1160 297
3 1165 78 1168
3 1166 1168 78
3 1171 301 1174
3 1172 1174 301
3 1178 2 1181
3 1179 1181 2
3 1185 304 1188
3 1186 1188 304
3 1183 79 1193
3 1191 1193 79
3 1198 308 1200
3 1199 1200 308
3 1205 85 1208
3 1206 1208 85
3 1212 312 1214
3 1213 1214 312
3 1219 83 1222
3 1220 1222 83
3 1225 316 1228
3 1226 1228 316
3 1232 4 1235
3 1233 1235 4
3 1239 318 1241
3 1240 1241 318
3 1237 84 1246
3 1244 1246 84
3 1252 1250 1251
3 322 1251 1250
3 1260 1257 1258
3 89 1258 1257
3 1266 1264 1265
3 326 1265 1264
3 1274 1271 1272
3 87 1272 1271
3 1280 1277 1278
3 330 1278 1277
3 1287 1284 1285
3 9 1285 1284
3 1293 1291 1292
3 332 1292 1291
3 1298 1289 1296
3 88 1296 1289
3 1304 1301 1302
3 336 1302 1301
3 1311 1308 1309
3 93 1309 1308
3 1317 1315 1316
3 339 1316 1315
3 1324 1321 1322
3 90 1322 1321
3 1330 1327 1328
3 343 1328 1327
3 1337 1334 1335
3 10 1335 1334
3 1344 1341 1342
3 346 1342 1341
3 1339 91 1349
3 1347 1349 91
3 1356 1354 1355
3 350 1355 1354
3 1364 1361 1362
3 97 1362 1361
3 1371 1368 1369
3 354 1369 1368
3 1376 97 1378
3 1361 1378 97
3 1383 1385 358
3 1382 358 1385
3 97 1376 1390
3 1392 1390 1376
3 361 1396 1395
3 1398 1395 1396
3 97 1390 1402
3 1404 1402 1390
3 1407 362 1409
3 1408 1409 362
3 1362 97 1413
3 1402 1413 97
3 1419 1416 1417
3 367 1417 1416
3 1427 1424 1425
3 102 1425 1424
3 1434 1432 1433
3 371 1433 1432
3 1442 1439 1440
3 99 1440 1439
3 1445 375 1448
3 1446 1448 375
3 1455 1452 1453
3 17 1453 1452
3 1459 378 1462
3 1460 1462 378
3 1457 100 1467
3 1465 1467 100
3 381 1472 1471
3 1473 1471 1472
3 105 1478 1477
3 1480 1477 1478
3 384 1484 1483
3 1485 1483 1484
3 1492 1489 1490
3 103 1490 1489
3 1498 1495 1496
3 388 1496 1495
3 1505 1502 1503
3 14 1503 1502
3 1511 1509 1510
3 390 1510 1509
3 1516 1507 1514
3 104 1514 1507
3 1522 1520 1521
3 394 1521 1520
3 1530 1527 1528
3 108 1528 1527
3 1536 1534 1535
3 398 1535 1534
3 1544 1541 1542
3 107 1542 1541
3 1547 401 1550
3 1548 1550 401
3 1556 1554 1468
3 16 1468 1554
3 1561 1559 1560
3 402 1560 1559
3 1557 100 1565
3 1456 1565 100
3 1569 1571 407
3 1568 407 1571
3 1576 112 1579
3 1577 1579 112
3 1584 411 1586
3 1585 1586 411
3 1591 110 1594
3 1592 1594 110
3 1597 414 1600
3 1598 1600 414
3 1194 1606 0
3 1604 0 1606
3 1610 1612 416
3 1609 416 1612
3 1182 1616 79
3 1607 79 1616
3 1621 1623 421
3 1620 421 1623
3 1629 1631 115
3 1628 115 1631
3 1637 1638 424
3 1636 424 1638
3 1642 1644 111
3 1581 111 1644
3 1648 1650 426
3 1647 426 1650
3 1247 1654 2
3 1617 2 1654
3 1658 1660 428
3 1657 428 1660
3 1236 1664 84
3 1655 84 1664
3 1668 433 1671
3 1669 1671 433
3 1676 120 1679
3 1677 1679 120
3 1684 437 1686
3 1685 1686 437
3 1691 117 1694
3 1692 1694 117
3 1697 441 1700
3 1698 1700 441
3 1704 7 1707
3 1705 1707 7
3 1711 444 1714
3 1712 1714 444
3 1717 1719 118
3 1709 118 1719
3 1725 1727 449
3 1724 449 1727
3 123 1733 1732
3 1735 1732 1733
3 1741 1742 452
3 1740 452 1742
3 1681 119 1748
3 1746 1748 119
3 454 1752 1751
3 1754 1751 1752
3 6 1350 1721
3 1758 1721 1350
3 1764 1761 1762
3 456 1762 1761
3 91 1338 1759
3 1768 1759 1338
3 1773 1775 461
3 1772 461 1775
3 1781 1783 127
3 1780 127 1783
3 1789 1790 465
3 1788 465 1790
3 1796 1798 125
3 1795 125 1798
3 1802 1804 468
3 1801 468 1804
3 1808 3 1810
3 1161 1810 3
3 1814 1816 470
3 1813 470 1816
3 1146 1820 77
3 1811 77 1820
3 1825 1826 474
3 1824 474 1826
3 1831 130 1834
3 1832 1834 130
3 478 1839 1838
3 1840 1838 1839
3 1848 1845 1846
3 129 1846 1845
3 1854 1851 1852
3 481 1852 1851
3 1860 1858 1267
3 8 1267 1858
3 1863 482 1865
3 1864 1865 482
3 1869 1861 1253
3 86 1253 1861
3 486 1873 1872
3 1874 1872 1873
3 1882 1879 1880
3 133 1880 1879
3 490 1887 1886
3 1888 1886 1887
3 132 1894 1893
3 1896 1893 1894
3 1902 1899 1900
3 493 1900 1899
3 1906 9 1908
3 1284 1908 9
3 1913 1911 1912
3 494 1912 1911
3 1917 1909 1271
3 87 1271 1909
3 1921 1922 498
3 1920 498 1922
3 1928 1930 135
3 1927 135 1930
3 1935 1936 501
3 1934 501 1936
3 1737 122 1942
3 1940 1942 122
3 1945 503 1948
3 1946 1948 503
3 1769 10 1952
3 1334 1952 10
3 1956 1957 504
3 1955 504 1957
3 1953 90 1961
3 1321 1961 90
3 1963 508 1966
3 1964 1966 508
3 138 1971 1970
3 1973 1970 1971
3 1978 1979 510
3 1977 510 1979
3 138 1970 1983
3 1985 1983 1970
3 1989 1987 1988
3 512 1988 1987
3 1995 1993 1983
3 138 1983 1993
3 1998 515 2000
3 1999 2000 515
3 2005 138 2007
3 1993 2007 138
3 518 2011 2010
3 2013 2010 2011
3 2018 1971 2005
3 138 2005 1971
3 2023 2021 2022
3 521 2022 2021
3 2030 2027 2028
3 140 2028 2027
3 2036 2034 2035
3 524 2035 2034
3 2043 2041 2027
3 140 2027 2041
3 2045 526 2048
3 2046 2048 526
3 2028 140 2052
3 2041 2052 140
3 531 2057 2056
3 2059 2056 2057
3 2064 145 2067
3 2065 2067 145
3 2072 535 2074
3 2073 2074 535
3 2079 142 2082
3 2080 2082 142
3 2085 539 2088
3 2086 2088 539
3 2095 2092 2093
3 33 2093 2092
3 2099 542 2102
3 2100 2102 542
3 2097 143 2107
3 2105 2107 143
3 2112 547 2115
3 2113 2115 547
3 2121 2123 150
3 2120 150 2123
3 2129 2130 551
3 2128 551 2130
3 2136 2138 147
3 2135 147 2138
3 2142 2144 555
3 2141 555 2144
3 2151 2148 2149
3 37 2149 2148
3 2156 2158 558
3 2155 558 2158
3 2163 2153 2161
3 148 2161 2153
3 2171 2168 2169
3 563 2169 2168
3 2179 2176 2177
3 155 2177 2176
3 2185 2186 567
3 2184 567 2186
3 2194 2191 2192
3 152 2192 2191
3 2200 2197 2198
3 571 2198 2197
3 2207 2204 2205
3 36 2205 2204
3 2214 2211 2212
3 574 2212 2211
3 2219 2209 2217
3 153 2217 2209
3 2226 2224 2225
3 578 2225 2224
3 2231 159 2234
3 2232 2234 159
3 2240 2238 2239
3 582 2239 2238
3 2245 157 2248
3 2246 2248 157
3 2251 586 2254
3 2252 2254 586
3 2258 40 2261
3 2259 2261 40
3 2267 2268 588
3 2266 588 2268
3 2235 2273 147
3 2145 147 2273
3 2276 592 2278
3 2277 2278 592
3 2286 2283 2284
3 162 2284 2283
3 595 2291 2290
3 2292 2290 2291
3 152 2296 2201
3 2298 2201 2296
3 2304 2301 2302
3 598 2302 2301
3 2188 35 2309
3 2307 2309 35
3 2313 600 2315
3 2314 2315 600
3 2320 2311 2318
3 161 2318 2311
3 2326 2323 2324
3 604 2324 2323
3 2333 2330 2331
3 165 2331 2330
3 2339 2337 2338
3 606 2338 2337
3 2344 2181 2342
3 154 2342 2181
3 2347 609 2350
3 2348 2350 609
3 2353 2355 43
3 2221 43 2355
3 2359 612 2362
3 2360 2362 612
3 2357 163 2367
3 2365 2367 163
3 616 2372 2371
3 2374 2371 2372
3 2381 2378 2379
3 168 2379 2378
3 2386 619 2388
3 2387 2388 619
3 2393 168 2395
3 2378 2395 168
3 2400 2397 2398
3 622 2398 2397
3 2406 2404 2393
3 168 2393 2404
3 2412 2410 2411
3 624 2411 2410
3 2417 2401 1523
3 106 1523 2401
3 2422 2420 2421
3 626 2421 2420
3 2427 2379 2413
3 168 2413 2379
3 2432 2430 2431
3 630 2431 2430
3 2440 2437 2438
3 170 2438 2437
3 633 2445 2444
3 2446 2444 2445
3 2452 1429 2450
3 101 2450 1429
3 2455 635 2457
3 2456 2457 635
3 170 2453 2461
3 2463 2461 2453
3 2465 637 2467
3 2466 2467 637
3 2473 2471 2461
3 170 2461 2471
3 2476 2477 638
3 2475 638 2477
3 2438 170 2481
3 2471 2481 170
3 2484 642 2486
3 2485 2486 642
3 2491 173 2494
3 2492 2494 173
3 2498 646 2501
3 2499 2501 646
3 173 2491 2506
3 2508 2506 2491
3 2514 2511 2512
3 649 2512 2511
3 2520 2518 2506
3 173 2506 2518
3 651 2525 2524
3 2526 2524 2525
3 2515 136 2531
3 2001 2531 136
3 2535 2533 2534
3 652 2534 2533
3 2539 2492 2527
3 173 2527 2492
3 2545 2542 2543
3 657 2543 2542
3 2553 2550 2551
3 177 2551 2550
3 660 2558 2557
3 2560 2557 2558
3 177 2550 2564
3 2566 2564 2550
3 2570 663 2572
3 2571 2572 663
3 177 2564 2577
3 2579 2577 2564
3 2584 2581 2582
3 666 2582 2581
3 2590 2588 2577
3 177 2577 2588
3 2594 668 2596
3 2595 2596 668
3 2551 177 2601
3 2588 2601 177
3 2606 2603 2604
3 672 2604 2603
3 2613 2610 2611
3 179 2611 2610
3 2617 674 2619
3 2618 2619 674
3 2622 2624 160
3 2289 160 2624
3 2630 2627 2628
3 676 2628 2627
3 2634 2275 2559
3 39 2559 2275
3 678 2638 2637
3 2640 2637 2638
3 2644 2635 2546
3 174 2546 2635
3 2647 681 2649
3 2648 2649 681
3 2653 180 2656
3 2654 2656 180
3 2659 683 2661
3 2660 2661 683
3 2666 2127 2664
3 146 2664 2127
3 2672 2669 2670
3 685 2670 2669
3 2676 2111 2373
3 41 2373 2111
3 2679 686 2681
3 2680 2681 686
3 167 2423 2677
3 2685 2677 2423
3 2689 2690 690
3 2688 690 2690
3 2696 2698 183
3 2695 183 2698
3 2704 2702 2703
3 693 2703 2702
3 2710 2071 2708
3 141 2708 2071
3 2713 696 2716
3 2714 2716 696
3 2721 2055 2719
3 34 2719 2055
3 2725 698 2727
3 2726 2727 698
3 2730 2732 182
3 2723 182 2732
3 2738 2736 2737
3 702 2737 2736
3 2746 2743 2744
3 185 2744 2743
3 2752 2750 2751
3 705 2751 2750
3 2089 142 2758
3 2756 2758 142
3 2761 707 2764
3 2762 2764 707
3 2076 32 2768
3 2705 2768 32
3 2773 2771 2772
3 708 2772 2771
3 2691 2777 181
3 2769 181 2777
3 2782 2780 2781
3 712 2781 2780
3 2790 2787 2788
3 187 2788 2787
3 2796 2794 2795
3 715 2795 2794
3 143 2800 2105
3 2802 2105 2800
3 2806 2808 717
3 2805 717 2808
3 2812 2093 2753
3 33 2753 2093
3 2816 2817 718
3 2815 718 2817
3 2821 2813 2739
3 184 2739 2813
3 2825 2823 2824
3 721 2824 2823
3 2832 2829 2830
3 188 2830 2829
3 2837 2835 2836
3 723 2836 2835
3 2842 2069 2840
3 144 2840 2069
3 2845 725 2848
3 2846 2848 725
3 2109 31 2852
3 2797 2852 31
3 2857 2855 2856
3 726 2856 2855
3 2783 2861 186
3 2853 186 2861
3 2865 2867 731
3 2864 731 2867
3 2873 2875 193
3 2872 193 2875
3 2881 2882 735
3 2880 735 2882
3 2888 2890 190
3 2887 190 2890
3 2894 2896 739
3 2893 739 2896
3 2901 2903 47
3 2900 47 2903
3 2907 742 2910
3 2908 2910 742
3 2913 2915 191
3 2905 191 2915
3 2919 746 2922
3 2920 2922 746
3 2926 197 2929
3 2927 2929 197
3 2934 2935 749
3 2933 749 2935
3 2940 2942 194
3 2939 194 2942
3 2946 2948 753
3 2945 753 2948
3 2953 2955 49
3 2952 49 2955
3 2959 756 2962
3 2960 2962 756
3 2957 195 2967
3 2965 2967 195
3 2974 2971 2972
3 760 2972 2971
3 2981 2978 2979
3 201 2979 2978
3 2987 2985 2986
3 763 2986 2985
3 2994 2991 2992
3 198 2992 2991
3 3000 2997 2998
3 767 2998 2997
3 3007 3004 3005
3 54 3005 3004
3 3014 3011 3012
3 770 3012 3011
3 3019 3009 3017
3 199 3017 3009
3 3026 3024 3025
3 774 3025 3024
3 3034 3031 3032
3 205 3032 3031
3 3040 3038 3039
3 778 3039 3038
3 3045 203 3048
3 3046 3048 203
3 3054 3051 3052
3 782 3052 3051
3 3061 3058 3059
3 55 3059 3058
3 3067 3065 3066
3 784 3066 3065
3 3072 3063 3070
3 204 3070 3063
3 3078 3075 3076
3 788 3076 3075
3 3085 3082 3083
3 209 3083 3082
3 3089 790 3091
3 3090 3091 790
3 3095 209 3097
3 3082 3097 209
3 793 3101 3100
3 3102 3100 3101
3 209 3095 3107
3 3109 3107 3095
3 3112 797 3115
3 3113 3115 797
3 209 3107 3120
3 3122 3120 3107
3 3129 3126 3127
3 800 3127 3126
3 3083 209 3134
3 3120 3134 209
3 3141 3138 3139
3 805 3139 3138
3 3149 3146 3147
3 214 3147 3146
3 3155 3156 809
3 3154 809 3156
3 3161 211 3164
3 3162 3164 211
3 3167 813 3170
3 3168 3170 813
3 3177 3174 3175
3 62 3175 3174
3 3184 3181 3182
3 816 3182 3181
3 3189 3179 3187
3 212 3187 3179
3 819 3194 3193
3 3195 3193 3194
3 217 3200 3199
3 3202 3199 3200
3 3207 3205 3206
3 822 3206 3205
3 3214 3211 3212
3 215 3212 3211
3 3220 3217 3218
3 826 3218 3217
3 3227 3224 3225
3 59 3225 3224
3 828 3232 3231
3 3233 3231 3232
3 3238 3229 3236
3 216 3236 3229
3 3244 3241 3242
3 832 3242 3241
3 3251 3248 3249
3 220 3249 3248
3 3257 3255 3256
3 834 3256 3255
3 3171 211 3262
3 3260 3262 211
3 3265 837 3268
3 3266 3268 837
3 3273 3158 3271
3 61 3271 3158
3 3280 3277 3278
3 840 3278 3277
3 3285 3275 3283
3 218 3283 3275
3 3290 844 3292
3 3291 3292 844
3 3298 3300 223
3 3297 223 3300
3 3304 847 3306
3 3305 3306 847
3 2897 190 3312
3 3310 3312 190
3 3315 850 3318
3 3316 3318 850
3 2884 45 3323
3 3321 3323 45
3 3328 3329 852
3 3327 852 3329
3 3325 222 3334
3 3332 3334 222
3 3338 856 3340
3 3339 3340 856
3 3345 225 3348
3 3346 3348 225
3 3352 859 3354
3 3353 3354 859
3 2949 194 3360
3 3358 3360 194
3 3363 861 3366
3 3364 3366 861
3 2936 47 3370
3 3307 3370 47
3 3373 862 3375
3 3374 3375 862
3 3371 221 3379
3 3293 3379 221
3 3382 866 3384
3 3383 3384 866
3 3389 229 3392
3 3390 3392 229
3 3396 870 3398
3 3397 3398 870
3 3403 227 3406
3 3404 3406 227
3 3409 874 3412
3 3410 3412 874
3 3416 52 3419
3 3417 3419 52
3 3423 876 3425
3 3424 3425 876
3 3421 228 3430
3 3428 3430 228
3 3434 880 3436
3 3435 3436 880
3 231 3442 3441
3 3444 3441 3442
3 3450 3448 3449
3 883 3449 3448
3 203 3454 3055
3 3456 3055 3454
3 885 3460 3459
3 3462 3459 3460
3 51 3399 3042
3 3466 3042 3399
3 3469 886 3471
3 3470 3471 886
3 3467 226 3475
3 3385 3475 226
3 3478 890 3480
3 3479 3480 890
3 3485 234 3488
3 3486 3488 234
3 3492 893 3494
3 3493 3494 893
3 2877 192 3500
3 3498 3500 192
3 3503 896 3506
3 3504 3506 896
3 2917 48 3511
3 3509 3511 48
3 3515 898 3517
3 3516 3517 898
3 3513 233 3522
3 3520 3522 233
3 3525 901 3527
3 3526 3527 901
3 3531 236 3534
3 3532 3534 236
3 3537 903 3539
3 3538 3539 903
3 3544 2983 3542
3 200 3542 2983
3 3550 3547 3548
3 906 3548 3547
3 3555 3021 3553
3 53 3553 3021
3 908 3560 3559
3 3561 3559 3560
3 3566 3557 3564
3 235 3564 3557
3 911 3570 3569
3 3571 3569 3570
3 3578 3575 3576
3 238 3576 3575
3 3583 3581 3582
3 913 3582 3581
3 3588 3017 3586
3 199 3586 3017
3 3594 3591 3592
3 916 3592 3591
3 3005 54 3599
3 3597 3599 54
3 918 3604 3603
3 3605 3603 3604
3 237 3608 3601
3 3610 3601 3608
3 3613 921 3615
3 3614 3615 921
3 3619 239 3622
3 3620 3622 239
3 3625 923 3627
3 3626 3627 923
3 3070 204 3632
3 3630 3632 204
3 3635 925 3638
3 3636 3638 925
3 3059 55 3642
3 3451 3642 55
3 3645 926 3647
3 3646 3647 926
3 3437 3651 230
3 3643 230 3651
3 3653 929 3655
3 3654 3655 929
3 3659 241 3662
3 3660 3662 241
3 932 3667 3666
3 3668 3666 3667
3 3675 3673 3659
3 241 3659 3673
3 3677 935 3680
3 3678 3680 935
3 241 3673 3684
3 3686 3684 3673
3 3691 3689 3690
3 937 3690 3689
3 3697 3695 3684
3 241 3684 3695
3 3699 938 3701
3 3700 3701 938
3 241 3695 3660
3 3705 3660 3695
3 3709 3707 3708
3 941 3708 3707
3 3716 3713 3714
3 243 3714 3713
3 3720 944 3722
3 3721 3722 944
3 3727 243 3729
3 3713 3729 243
3 3734 3731 3732
3 946 3732 3731
3 3738 3714 3727
3 243 3727 3714
3 951 3743 3742
3 3745 3742 3743
3 3750 248 3753
3 3751 3753 248
3 3758 955 3760
3 3759 3760 955
3 3765 245 3768
3 3766 3768 245
3 3771 959 3774
3 3772 3774 959
3 3781 3778 3779
3 65 3779 3778
3 3785 962 3788
3 3786 3788 962
3 3783 246 3793
3 3791 3793 246
3 3798 967 3801
3 3799 3801 967
3 3806 253 3809
3 3807 3809 253
3 3814 971 3816
3 3815 3816 971
3 3824 3821 3822
3 250 3822 3821
3 3827 975 3830
3 3828 3830 975
3 3837 3834 3835
3 69 3835 3834
3 3841 978 3844
3 3842 3844 978
3 3839 251 3849
3 3847 3849 251
3 3857 3854 3855
3 983 3855 3854
3 3865 3862 3863
3 258 3863 3862
3 3872 3870 3871
3 987 3871 3870
3 3880 3877 3878
3 255 3878 3877
3 3886 3883 3884
3 991 3884 3883
3 3893 3890 3891
3 68 3891 3890
3 3897 994 3900
3 3898 3900 994
3 3905 3895 3903
3 256 3903 3895
3 3912 3909 3910
3 998 3910 3909
3 3917 3919 262
3 3916 262 3919
3 3924 1001 3927
3 3925 3927 1001
3 3913 251 3932
3 3838 3932 251
3 3936 3938 1005
3 3935 1005 3938
3 3943 3945 72
3 3942 72 3945
3 3952 3949 3950
3 1008 3950 3949
3 3955 3957 260
3 3947 260 3957
3 3962 3964 1012
3 3961 1012 3964
3 3971 3968 3969
3 265 3969 3968
3 3976 3977 1015
3 3975 1015 3977
3 3984 3981 3982
3 263 3982 3981
3 3990 3987 3988
3 1018 3988 3987
3 3994 67 3996
3 3906 3996 67
3 1020 4000 3999
3 4002 3999 4000
3 256 3894 3997
3 4006 3997 3894
3 4012 4010 4011
3 1024 4011 4010
3 4020 4017 4018
3 268 4018 4017
3 4024 1028 4026
3 4025 4026 1028
3 4031 267 4034
3 4032 4034 267
3 4037 1031 4040
3 4038 4040 1031
3 4044 75 4046
3 3873 4046 75
3 4051 4049 4050
3 1032 4050 4049
3 4055 4047 3858
3 254 3858 4047
3 1036 4059 4058
3 4060 4058 4059
3 4068 4065 4066
3 271 4066 4065
3 4074 4071 4072
3 1039 4072 4071
3 4080 4078 4065
3 271 4065 4078
3 4086 4084 4085
3 1041 4085 4084
3 4091 4075 3228
3 216 3228 4075
3 4096 4094 4095
3 1044 4095 4094
3 4103 4101 4087
3 271 4087 4101
3 4105 1046 4108
3 4106 4108 1046
3 4066 271 4112
3 4101 4112 271
3 4118 4115 4116
3 1050 4116 4115
3 4125 4122 4123
3 273 4123 4122
3 4129 1052 4131
3 4130 4131 1052
3 4135 273 4137
3 4122 4137 273
3 4139 1054 4141
3 4140 4141 1054
3 4147 4145 4135
3 273 4135 4145
3 4149 1056 4151
3 4150 4151 1056
3 273 4145 4155
3 4157 4155 4145
3 1058 4160 4159
3 4162 4159 4160
3 4166 4152 3142
3 210 3142 4152
3 4169 1062 4172
3 4170 4172 1062
3 4176 275 4179
3 4177 4179 275
3 4185 4183 4184
3 1064 4184 4183
3 4191 4189 4176
3 275 4176 4189
3 4196 4194 4195
3 1066 4195 4194
3 4201 4186 4161
3 272 4161 4186
3 4205 4203 4204
3 1068 4204 4203
3 4211 4209 4197
3 275 4197 4209
3 1070 4215 4214
3 4216 4214 4215
3 275 4209 4177
3 4221 4177 4209
3 4226 4223 4224
3 1074 4224 4223
3 4233 4230 4231
3 278 4231 4230
3 4237 1076 4239
3 4238 4239 1076
3 4243 278 4245
3 4230 4245 278
3 4250 4248 4249
3 1079 4249 4248
3 4257 4255 4243
3 278 4243 4255
3 4260 4262 1082
3 4259 1082 4262
3 278 4255 4266
3 4268 4266 4255
3 1084 4273 4272
3 4274 4272 4273
3 278 4266 4231
3 4279 4231 4266
3 4283 4281 4282
3 1087 4282 4281
3 4290 4287 4288
3 279 4288 4287
3 1089 4294 4293
3 4295 4293 4294
3 4300 4235 4298
3 277 4298 4235
3 4306 4303 4304
3 1091 4304 4303
3 4310 4271 3963
3 71 3963 4271
3 4313 1092 4315
3 4314 4315 1092
3 4311 264 4319
3 4001 4319 264
3 4321 1095 4323
3 4322 4323 1095
3 4327 280 4330
3 4328 4330 280
3 4333 1097 4335
3 4334 4335 1097
3 269 4338 4081
3 4340 4081 4338
3 4346 4343 4344
3 1099 4344 4343
3 4350 4057 3800
3 73 3800 4057
3 4353 1100 4355
3 4354 4355 1100
3 4359 4351 3843
3 252 3843 4351
3 4361 1104 4364
3 4362 4364 1104
3 4368 283 4371
3 4369 4371 283
3 4375 1107 4377
3 4376 4377 1107
3 4381 281 4384
3 4382 4384 281
3 4387 1110 4390
3 4388 4390 1110
3 4396 4394 3744
3 66 3744 4394
3 4402 4399 4400
3 1112 4400 4399
3 4406 4397 3787
3 247 3787 4397
3 4412 4409 4410
3 1116 4410 4409
3 4419 4416 4417
3 285 4417 4416
3 4425 4423 4424
3 1118 4424 4423
3 4373 282 4430
3 4428 4430 282
3 4433 1120 4436
3 4434 4436 1120
3 4407 64 4440
3 3794 4440 64
3 4446 4443 4444
3 1122 4444 4443
3 4441 246 4450
3 3782 4450 246
3 4456 4453 4454
3 1126 4454 4453
3 4463 4460 4461
3 287 4461 4460
3 4467 1128 4469
3 4468 4469 1128
3 4474 4421 4472
3 284 4472 4421
3 4477 1130 4480
3 4478 4480 1130
3 4484 4451 3778
3 65 3778 4451
3 4490 4487 4488
3 1132 4488 4487
3 245 3765 4485
3 4494 4485 3765
3 4499 4497 4498
3 1135 4498 4497
3 4506 4503 4504
3 288 4504 4503
3 4511 4509 4510
3 1137 4510 4509
3 4465 286 4516
3 4514 4516 286
3 4519 1139 4522
3 4520 4522 1139
3 4495 63 4526
3 3761 4526 63
3 4531 4529 4530
3 1140 4530 4529
3 4535 4527 3746
3 244 3746 4527
3 77 1147 1146
3 1149 1146 1147
3 293 1152 1143
3 1156 1143 1152
3 3 1162 1161
3 1164 1161 1162
3 297 1167 1159
3 1170 1159 1167
3 78 1175 1166
3 1177 1166 1175
3 301 1180 1172
3 1184 1172 1180
3 81 1173 1151
3 1190 1151 1173
3 304 1192 1186
3 1196 1186 1192
3 82 1202 1201
3 1204 1201 1202
3 308 1207 1199
3 1210 1199 1207
3 5 1216 1215
3 1218 1215 1216
3 312 1221 1213
3 1224 1213 1221
3 83 1229 1220
3 1231 1220 1229
3 316 1234 1226
3 1238 1226 1234
3 85 1227 1206
3 1243 1206 1227
3 318 1245 1240
3 1248 1240 1245
3 1253 86 1256
3 1254 1256 86
3 1251 322 1262
3 1259 1262 322
3 1267 8 1270
3 1268 1270 8
3 1265 326 1276
3 1273 1276 326
3 1272 87 1283
3 1281 1283 87
3 1278 330 1290
3 1286 1290 330
3 1258 89 1295
3 1279 1295 89
3 1292 332 1300
3 1297 1300 332
3 1296 88 1307
3 1305 1307 88
3 1302 336 1314
3 1310 1314 336
3 1285 9 1320
3 1318 1320 9
3 1316 339 1326
3 1323 1326 339
3 1322 90 1333
3 1331 1333 90
3 1328 343 1340
3 1336 1340 343
3 1309 93 1346
3 1329 1346 93
3 346 1348 1342
3 1352 1342 1348
3 1358 1360 94
3 1357 94 1360
3 1355 350 1366
3 1363 1366 350
3 1372 95 1375
3 1373 1375 95
3 1377 1380 354
3 1369 354 1380
3 1389 1386 1387
3 96 1387 1386
3 1394 1383 1391
3 358 1391 1383
3 1399 1401 83
3 1229 83 1401
3 1403 1406 361
3 1396 361 1406
3 92 1365 1313
3 1411 1313 1365
3 362 1412 1408
3 1414 1408 1412
3 1420 98 1423
3 1421 1423 98
3 1417 367 1430
3 1426 1430 367
3 1435 13 1438
3 1436 1438 13
3 1441 1444 371
3 1433 371 1444
3 1440 99 1451
3 1449 1451 99
3 375 1454 1446
3 1458 1446 1454
3 1464 1425 1447
3 102 1447 1425
3 378 1466 1460
3 1470 1460 1466
3 1474 1476 95
3 1393 95 1476
3 1472 381 1482
3 1479 1482 381
3 11 1486 1367
3 1488 1367 1486
3 1491 1494 384
3 1484 384 1494
3 1490 103 1501
3 1499 1501 103
3 1496 388 1508
3 1504 1508 388
3 1478 105 1513
3 1497 1513 105
3 1510 390 1518
3 1515 1518 390
3 1523 106 1526
3 1524 1526 106
3 1521 394 1532
3 1529 1532 394
3 1538 1540 15
3 1537 15 1540
3 1535 398 1546
3 1543 1546 398
3 1542 107 1553
3 1551 1553 107
3 401 1555 1548
3 1558 1548 1555
3 1528 108 1563
3 1549 1563 108
3 1560 402 1566
3 1564 1566 402
3 109 1573 1572
3 1575 1572 1573
3 1582 1569 1578
3 407 1578 1569
3 26 1588 1587
3 1590 1587 1588
3 411 1593 1585
3 1596 1585 1593
3 110 1601 1592
3 1603 1592 1601
3 414 1605 1598
3 1608 1598 1605
3 112 1599 1577
3 1614 1577 1599
3 1618 1610 1615
3 416 1615 1610
3 1627 1624 1625
3 113 1625 1624
3 1634 1621 1630
3 421 1630 1621
3 1641 1639 1570
3 27 1570 1639
3 1646 1637 1643
3 424 1643 1637
3 1652 1642 1611
3 111 1611 1642
3 1656 1648 1653
3 426 1653 1648
3 1662 1629 1649
3 115 1649 1629
3 1666 1658 1663
3 428 1663 1658
3 1675 1672 1673
3 116 1673 1672
3 433 1678 1669
3 1682 1669 1678
3 24 1688 1687
3 1690 1687 1688
3 437 1693 1685
3 1696 1685 1693
3 117 1701 1692
3 1703 1692 1701
3 441 1706 1698
3 1710 1698 1706
3 120 1699 1677
3 1716 1677 1699
3 444 1718 1712
3 1722 1712 1718
3 1728 121 1731
3 1729 1731 121
3 449 1734 1725
3 1738 1725 1734
3 1745 1743 1670
3 18 1670 1743
3 1750 1741 1747
3 452 1747 1741
3 119 1713 1746
3 1756 1746 1713
3 454 1757 1752
3 1760 1752 1757
3 1753 1766 123
3 1733 123 1766
3 1762 456 1770
3 1767 1770 456
3 124 1777 1776
3 1779 1776 1777
3 1786 1773 1782
3 461 1782 1773
3 21 1792 1791
3 1794 1791 1792
3 1800 1789 1797
3 465 1797 1789
3 125 1805 1796
3 1807 1796 1805
3 1812 1802 1809
3 468 1809 1802
3 1818 1781 1803
3 127 1803 1781
3 1822 1814 1819
3 470 1819 1814
3 128 1828 1827
3 1830 1827 1828
3 474 1833 1825
3 1836 1825 1833
3 1842 1844 22
3 1841 22 1844
3 1847 1850 478
3 1839 478 1850
3 1846 129 1857
3 1855 1857 129
3 1852 481 1862
3 1859 1862 481
3 130 1853 1832
3 1867 1832 1853
3 482 1868 1864
3 1870 1864 1868
3 1876 1878 131
3 1875 131 1878
3 1873 486 1884
3 1881 1884 486
3 1890 1892 23
3 1889 23 1892
3 1895 1898 490
3 1887 490 1898
3 1903 1905 132
3 1894 132 1905
3 1900 493 1910
3 1907 1910 493
3 1880 133 1915
3 1901 1915 133
3 1912 494 1918
3 1916 1918 494
3 1926 1923 1924
3 134 1924 1923
3 1932 1921 1929
3 498 1929 1921
3 1939 1937 1726
3 19 1726 1937
3 1944 1935 1941
3 501 1941 1935
3 122 1763 1940
3 1950 1940 1763
3 503 1951 1946
3 1954 1946 1951
3 1959 1928 1947
3 135 1947 1928
3 504 1960 1956
3 1962 1956 1960
3 1969 1633 1967
3 114 1967 1633
3 508 1972 1964
3 1976 1964 1972
3 96 1980 1405
3 1982 1405 1980
3 1984 1986 510
3 1978 510 1986
3 1431 98 1992
3 1990 1992 98
3 1988 512 1996
3 1994 1996 512
3 136 2002 2001
3 2004 2001 2002
3 515 2006 1999
3 2008 1999 2006
3 1974 2016 137
3 2014 137 2016
3 2011 518 2020
3 2017 2020 518
3 1717 118 2026
3 2024 2026 118
3 2022 521 2032
3 2029 2032 521
3 2037 139 2040
3 2038 2040 139
3 2042 2044 524
3 2035 524 2044
3 94 2031 1379
3 2050 1379 2031
3 526 2051 2046
3 2054 2046 2051
3 141 2061 2060
3 2063 2060 2061
3 531 2066 2057
3 2070 2057 2066
3 2078 2075 2076
3 32 2076 2075
3 535 2081 2073
3 2084 2073 2081
3 142 2089 2080
3 2091 2080 2089
3 539 2094 2086
3 2098 2086 2094
3 145 2087 2065
3 2104 2065 2087
3 542 2106 2100
3 2110 2100 2106
3 146 2117 2116
3 2119 2116 2117
3 2126 2113 2122
3 547 2122 2113
3 2134 2131 2132
3 38 2132 2131
3 2140 2129 2137
3 551 2137 2129
3 2147 2136 2145
3 147 2145 2136
3 2142 555 2154
3 2150 2154 555
3 2160 2121 2143
3 150 2143 2121
3 2166 2156 2162
3 558 2162 2156
3 2175 2172 2173
3 151 2173 2172
3 2169 563 2182
3 2178 2182 563
3 35 2188 2187
3 2190 2187 2188
3 2185 567 2196
3 2193 2196 567
3 2192 152 2203
3 2201 2203 152
3 2198 571 2210
3 2206 2210 571
3 2177 155 2216
3 2199 2216 155
3 2212 574 2222
3 2218 2222 574
3 156 2228 2227
3 2230 2227 2228
3 578 2233 2225
3 2236 2225 2233
3 2241 39 2244
3 2242 2244 39
3 2250 2239 2247
3 582 2247 2239
3 157 2255 2246
3 2257 2246 2255
3 586 2260 2252
3 2264 2252 2260
3 37 2148 2269
3 2271 2269 2148
3 2274 2267 2272
3 588 2272 2267
3 2279 160 2282
3 2280 2282 160
3 592 2285 2277
3 2288 2277 2285
3 2204 2295 36
3 2293 36 2295
3 2297 2300 595
3 2291 595 2300
3 2191 2306 152
3 2296 152 2306
3 2302 598 2312
3 2308 2312 598
3 2284 162 2317
3 2303 2317 162
3 600 2319 2314
3 2322 2314 2319
3 2125 149 2329
3 2327 2329 149
3 2324 604 2336
3 2332 2336 604
3 2165 42 2341
3 2170 2341 42
3 2338 606 2346
3 2343 2346 606
3 2342 154 2352
3 2213 2352 154
3 609 2354 2348
3 2358 2348 2354
3 2364 2331 2349
3 165 2349 2331
3 612 2366 2360
3 2370 2360 2366
3 2335 164 2377
3 2375 2377 164
3 2380 2384 616
3 2372 616 2384
3 166 2390 2389
3 2392 2389 2390
3 619 2394 2387
3 2396 2387 2394
3 1533 106 2403
3 2401 2403 106
3 2398 622 2408
3 2405 2408 622
3 2413 168 2415
3 2404 2415 168
3 2411 624 2418
3 2416 2418 624
3 2423 167 2425
3 2382 2425 167
3 2421 626 2428
3 2426 2428 626
3 2434 2436 169
3 2433 169 2436
3 2431 630 2442
3 2439 2442 630
3 2447 12 2449
3 1418 2449 12
3 2451 2454 633
3 2445 633 2454
3 107 2458 1551
3 2460 1551 2458
3 635 2462 2456
3 2464 2456 2462
3 2470 2407 2468
3 166 2468 2407
3 2474 2466 2472
3 637 2472 2466
3 163 2441 2365
3 2479 2365 2441
3 2482 2476 2480
3 638 2480 2476
3 171 2488 2487
3 2490 2487 2488
3 642 2493 2485
3 2496 2485 2493
3 172 2503 2502
3 2505 2502 2503
3 646 2507 2499
3 2510 2499 2507
3 2019 136 2517
3 2515 2517 136
3 2512 649 2522
3 2519 2522 649
3 173 2518 2527
3 2529 2527 2518
3 651 2530 2525
3 2532 2525 2530
3 2217 153 2537
3 2495 2537 153
3 2534 652 2540
3 2538 2540 652
3 2546 174 2549
3 2547 2549 174
3 2543 657 2556
3 2552 2556 657
3 2561 2563 156
3 2237 156 2563
3 660 2565 2558
3 2568 2558 2565
3 175 2574 2573
3 2576 2573 2574
3 663 2578 2571
3 2580 2571 2578
3 1701 117 2587
3 2585 2587 117
3 2582 666 2592
3 2589 2592 666
3 2599 2597 2554
3 176 2554 2597
3 668 2600 2595
3 2602 2595 2600
3 2509 171 2609
3 2607 2609 171
3 2604 672 2616
3 2612 2616 672
3 36 2293 2483
3 2621 2483 2293
3 674 2623 2618
3 2626 2618 2623
3 2632 2622 2279
3 160 2279 2622
3 2628 676 2636
3 2633 2636 676
3 2611 179 2642
3 2629 2642 179
3 2643 2646 678
3 2638 678 2646
3 175 2650 2591
3 2652 2591 2650
3 681 2655 2648
3 2658 2648 2655
3 2663 2569 2131
3 38 2131 2569
3 2668 2660 2665
3 683 2665 2660
3 2664 146 2674
3 2116 2674 146
3 2670 685 2678
3 2675 2678 685
3 180 2671 2654
3 2683 2654 2671
3 686 2684 2680
3 2686 2680 2684
3 2694 2691 2692
3 181 2692 2691
3 690 2697 2689
3 2700 2689 2697
3 2705 32 2707
3 2075 2707 32
3 2703 693 2712
3 2709 2712 693
3 2718 2708 2060
3 141 2060 2708
3 696 2720 2714
3 2724 2714 2720
3 183 2715 2696
3 2729 2696 2715
3 698 2731 2726
3 2734 2726 2731
3 2739 184 2742
3 2740 2742 184
3 2737 702 2748
3 2745 2748 702
3 2753 33 2755
3 2092 2755 33
3 2751 705 2760
3 2757 2760 705
3 142 2079 2756
3 2766 2756 2079
3 707 2767 2762
3 2770 2762 2767
3 2775 2744 2763
3 185 2763 2744
3 2772 708 2778
3 2776 2778 708
3 2786 2783 2784
3 186 2784 2783
3 2792 2781 2789
3 712 2789 2781
3 2797 31 2799
3 2108 2799 31
3 2795 715 2804
3 2801 2804 715
3 2800 143 2810
3 2096 2810 143
3 2806 717 2814
3 2811 2814 717
3 2788 187 2819
3 2807 2819 187
3 2822 2816 2820
3 718 2820 2816
3 2730 182 2828
3 2826 2828 182
3 2824 721 2834
3 2831 2834 721
3 2719 34 2839
3 2058 2839 34
3 2836 723 2844
3 2841 2844 723
3 144 2101 2840
3 2850 2840 2101
3 725 2851 2846
3 2854 2846 2851
3 2830 188 2859
3 2847 2859 188
3 2856 726 2862
3 2860 2862 726
3 2871 2868 2869
3 189 2869 2868
3 2878 2865 2874
3 731 2874 2865
3 2886 2883 2884
3 45 2884 2883
3 2892 2881 2889
3 735 2889 2881
3 2899 2888 2897
3 190 2897 2888
3 2906 2894 2902
3 739 2902 2894
3 2912 2873 2895
3 193 2895 2873
3 742 2914 2908
3 2918 2908 2914
3 2925 2913 2923
3 191 2923 2913
3 746 2928 2920
3 2932 2920 2928
3 2938 2901 2936
3 47 2936 2901
3 2944 2934 2941
3 749 2941 2934
3 2951 2940 2949
3 194 2949 2940
3 2958 2946 2954
3 753 2954 2946
3 197 2947 2927
3 2964 2927 2947
3 756 2966 2960
3 2970 2960 2966
3 2931 196 2977
3 2975 2977 196
3 2972 760 2984
3 2980 2984 760
3 2969 50 2990
3 2988 2990 50
3 2986 763 2996
3 2993 2996 763
3 2992 198 3003
3 3001 3003 198
3 2998 767 3010
3 3006 3010 767
3 2979 201 3016
3 2999 3016 201
3 3012 770 3022
3 3018 3022 770
3 3027 202 3030
3 3028 3030 202
3 3025 774 3036
3 3033 3036 774
3 51 3042 3041
3 3044 3041 3042
3 3039 778 3050
3 3047 3050 778
3 3046 203 3057
3 3055 3057 203
3 3052 782 3064
3 3060 3064 782
3 3032 205 3069
3 3053 3069 205
3 3066 784 3074
3 3071 3074 784
3 3037 202 3081
3 3079 3081 202
3 3076 788 3088
3 3084 3088 788
3 195 3092 2965
3 3094 2965 3092
3 790 3096 3090
3 3098 3090 3096
3 3104 3106 206
3 3103 206 3106
3 3108 3110 793
3 3101 793 3110
3 207 3117 3116
3 3119 3116 3117
3 797 3121 3113
3 3124 3113 3121
3 3086 3132 208
3 3130 208 3132
3 3127 800 3136
3 3133 3136 800
3 3142 210 3145
3 3143 3145 210
3 3139 805 3152
3 3148 3152 805
3 3160 3157 3158
3 61 3158 3157
3 3166 3155 3163
3 809 3163 3155
3 211 3171 3162
3 3173 3162 3171
3 813 3176 3168
3 3180 3168 3176
3 3147 214 3186
3 3169 3186 214
3 3188 3192 816
3 3182 816 3192
3 3187 212 3198
3 3196 3198 212
3 3201 3204 819
3 3194 819 3204
3 3175 62 3210
3 3208 3210 62
3 3206 822 3216
3 3213 3216 822
3 3212 215 3223
3 3221 3223 215
3 3218 826 3230
3 3226 3230 826
3 3219 3235 217
3 3200 217 3235
3 3237 3240 828
3 3232 828 3240
3 3221 215 3247
3 3245 3247 215
3 3242 832 3254
3 3250 3254 832
3 3208 62 3259
3 3174 3259 62
3 3256 834 3264
3 3261 3264 834
3 211 3161 3260
3 3270 3260 3161
3 837 3272 3266
3 3276 3266 3272
3 3249 220 3282
3 3267 3282 220
3 3278 840 3288
3 3284 3288 840
3 221 3294 3293
3 3296 3293 3294
3 3302 3291 3299
3 844 3299 3291
3 47 2900 3307
3 3309 3307 2900
3 847 3311 3305
3 3314 3305 3311
3 190 2887 3310
3 3320 3310 2887
3 850 3322 3316
3 3326 3316 3322
3 3331 3298 3317
3 223 3317 3298
3 3336 3328 3333
3 852 3333 3328
3 3341 224 3344
3 3342 3344 224
3 856 3347 3339
3 3350 3339 3347
3 49 2952 3355
3 3357 3355 2952
3 859 3359 3353
3 3362 3353 3359
3 194 2939 3358
3 3368 3358 2939
3 861 3369 3364
3 3372 3364 3369
3 225 3365 3346
3 3377 3346 3365
3 862 3378 3374
3 3380 3374 3378
3 226 3386 3385
3 3388 3385 3386
3 866 3391 3383
3 3394 3383 3391
3 51 3400 3399
3 3402 3399 3400
3 870 3405 3397
3 3408 3397 3405
3 227 3413 3404
3 3415 3404 3413
3 874 3418 3410
3 3422 3410 3418
3 229 3411 3390
3 3427 3390 3411
3 876 3429 3424
3 3432 3424 3429
3 3440 3437 3438
3 230 3438 3437
3 880 3443 3435
3 3446 3435 3443
3 3451 55 3453
3 3058 3453 55
3 3455 3458 883
3 3449 883 3458
3 3045 3464 203
3 3454 203 3464
3 885 3465 3460
3 3468 3460 3465
3 3461 3473 231
3 3442 231 3473
3 886 3474 3470
3 3476 3470 3474
3 232 3482 3481
3 3484 3481 3482
3 890 3487 3479
3 3490 3479 3487
3 46 2866 3495
3 3497 3495 2866
3 893 3499 3493
3 3502 3493 3499
3 192 2909 3498
3 3508 3498 2909
3 896 3510 3504
3 3514 3504 3510
3 234 3505 3486
3 3519 3486 3505
3 898 3521 3516
3 3524 3516 3521
3 233 3528 3520
3 3530 3520 3528
3 901 3533 3526
3 3536 3526 3533
3 48 2973 3509
3 3541 3509 2973
3 903 3543 3538
3 3546 3538 3543
3 3542 200 3552
3 3013 3552 200
3 3548 906 3558
3 3554 3558 906
3 236 3549 3532
3 3563 3532 3549
3 3565 3568 908
3 3560 908 3568
3 3564 235 3574
3 3572 3574 235
3 3577 3580 911
3 3570 911 3580
3 3553 53 3585
3 3020 3585 53
3 3582 913 3590
3 3587 3590 913
3 3586 199 3596
3 3008 3596 199
3 3592 916 3602
3 3598 3602 916
3 3576 238 3607
3 3593 3607 238
3 3609 3612 918
3 3604 918 3612
3 3616 3618 237
3 3608 237 3618
3 921 3621 3614
3 3624 3614 3621
3 54 3073 3597
3 3629 3597 3073
3 923 3631 3626
3 3634 3626 3631
3 204 3062 3630
3 3640 3630 3062
3 925 3641 3636
3 3644 3636 3641
3 239 3637 3620
3 3649 3620 3637
3 926 3650 3646
3 3652 3646 3650
3 1975 137 3658
3 3656 3658 137
3 929 3661 3654
3 3664 3654 3661
3 3669 240 3672
3 3670 3672 240
3 3674 3676 932
3 3667 932 3676
3 213 3681 3151
3 3683 3151 3681
3 935 3685 3678
3 3688 3678 3685
3 3123 206 3694
3 3692 3694 206
3 3690 937 3698
3 3696 3698 937
3 3663 3703 224
3 3351 224 3703
3 938 3704 3700
3 3706 3700 3704
3 3087 208 3712
3 3710 3712 208
3 3708 941 3718
3 3715 3718 941
3 242 3724 3723
3 3726 3723 3724
3 944 3728 3721
3 3730 3721 3728
3 3413 227 3736
3 3717 3736 227
3 3732 946 3740
3 3737 3740 946
3 244 3747 3746
3 3749 3746 3747
3 951 3752 3743
3 3756 3743 3752
3 3764 3761 3762
3 63 3762 3761
3 955 3767 3759
3 3770 3759 3767
3 245 3775 3766
3 3777 3766 3775
3 959 3780 3772
3 3784 3772 3780
3 248 3773 3751
3 3790 3751 3773
3 962 3792 3786
3 3796 3786 3792
3 249 3803 3802
3 3805 3802 3803
3 967 3808 3799
3 3812 3799 3808
3 74 3818 3817
3 3820 3817 3818
3 971 3823 3815
3 3826 3815 3823
3 3822 250 3833
3 3831 3833 250
3 975 3836 3828
3 3840 3828 3836
3 253 3829 3807
3 3846 3807 3829
3 978 3848 3842
3 3852 3842 3848
3 3858 254 3861
3 3859 3861 254
3 3855 983 3868
3 3864 3868 983
3 3873 75 3876
3 3874 3876 75
3 3871 987 3882
3 3879 3882 987
3 3878 255 3889
3 3887 3889 255
3 3884 991 3896
3 3892 3896 991
3 3863 258 3902
3 3885 3902 258
3 994 3904 3898
3 3908 3898 3904
3 251 3913 3847
3 3915 3847 3913
3 3922 3910 3918
3 998 3918 3910
3 262 3916 3928
3 3930 3928 3916
3 1001 3931 3925
3 3934 3925 3931
3 259 3939 3923
3 3941 3923 3939
3 3948 3936 3944
3 1005 3944 3936
3 3954 3917 3937
3 262 3937 3917
3 3950 1008 3960
3 3956 3960 1008
3 3967 3955 3965
3 260 3965 3955
3 3974 3962 3970
3 1012 3970 3962
3 3980 3943 3978
3 72 3978 3943
3 3976 1015 3986
3 3983 3986 1015
3 3982 263 3993
3 3991 3993 263
3 3988 1018 3998
3 3995 3998 1018
3 3989 4004 265
3 3969 265 4004
3 4005 4008 1020
3 4000 1020 4008
3 266 4014 4013
3 4016 4013 4014
3 4011 1024 4022
3 4019 4022 1024
3 76 4028 4027
3 4030 4027 4028
3 1028 4033 4025
3 4036 4025 4033
3 267 4041 4032
3 4043 4032 4041
3 1031 4045 4038
3 4048 4038 4045
3 4018 268 4053
3 4039 4053 268
3 4050 1032 4056
3 4054 4056 1032
3 269 4062 4061
3 4064 4061 4062
3 4067 4070 1036
3 4059 1036 4070
3 3236 216 4077
3 4075 4077 216
3 4072 1039 4082
3 4079 4082 1039
3 4087 271 4089
3 4078 4089 271
3 4085 1041 4092
3 4090 4092 1041
3 4097 270 4100
3 4098 4100 270
3 4095 1044 4104
3 4102 4104 1044
3 266 4069 4023
3 4110 4023 4069
3 1046 4111 4106
3 4114 4106 4111
3 4041 267 4121
3 4119 4121 267
3 4116 1050 4128
3 4124 4128 1050
3 4132 4134 270
3 4113 270 4134
3 1052 4136 4130
3 4138 4130 4136
3 218 4142 3283
3 4144 3283 4142
3 1054 4146 4140
3 4148 4140 4146
3 4154 3153 4152
3 210 4152 3153
3 1056 4156 4150
3 4158 4150 4156
3 4155 4164 273
3 4123 273 4164
3 4160 1058 4168
3 4165 4168 1058
3 255 4173 3887
3 4175 3887 4173
3 1062 4178 4170
3 4182 4170 4178
3 4186 4188 272
3 4127 272 4188
3 4184 1064 4192
3 4190 4192 1064
3 4197 275 4199
3 4189 4199 275
3 1066 4200 4195
3 4202 4195 4200
3 2521 172 4208
3 4206 4208 172
3 4204 1068 4212
3 4210 4212 1068
3 4217 274 4219
3 4180 4219 274
3 4220 4222 1070
3 4215 1070 4222
3 4227 4229 176
3 2555 176 4229
3 4224 1074 4236
3 4232 4236 1074
3 228 4240 3428
3 4242 3428 4240
3 1076 4244 4238
3 4246 4238 4244
3 4251 276 4254
3 4252 4254 276
3 4249 1079 4258
3 4256 4258 1079
3 4263 4265 261
3 3921 261 4265
3 4270 4260 4267
3 1082 4267 4260
3 4277 4275 4234
3 277 4234 4275
3 4278 4280 1084
3 4273 1084 4280
3 2615 178 4286
3 4284 4286 178
3 4282 1087 4292
3 4289 4292 1087
3 4225 4297 25
3 2645 25 4297
3 4299 4302 1089
3 4294 1089 4302
3 4275 4308 277
3 4298 277 4308
3 4304 1091 4312
3 4309 4312 1091
3 279 4305 4288
3 4317 4288 4305
3 1092 4318 4314
3 4320 4314 4318
3 242 4324 3739
3 4326 3739 4324
3 1095 4329 4322
3 4332 4322 4329
3 56 4073 3719
3 4337 3719 4073
3 1097 4339 4334
3 4342 4334 4339
3 4338 269 4348
3 4061 4348 269
3 4344 1099 4352
3 4349 4352 1099
3 280 4345 4328
3 4357 4328 4345
3 1100 4358 4354
3 4360 4354 4358
3 250 4365 3831
3 4367 3831 4365
3 1104 4370 4362
3 4374 4362 4370
3 74 4378 3818
3 4380 3818 4378
3 1107 4383 4376
3 4386 4376 4383
3 281 4391 4382
3 4393 4382 4391
3 1110 4395 4388
3 4398 4388 4395
3 283 4389 4369
3 4404 4369 4389
3 4400 1112 4408
3 4405 4408 1112
3 3939 259 4415
3 4413 4415 259
3 4410 1116 4422
3 4418 4422 1116
3 3933 69 4427
3 4363 4427 69
3 1118 4429 4424
3 4432 4424 4429
3 282 4401 4428
3 4438 4428 4401
3 1120 4439 4434
3 4442 4434 4439
3 4417 285 4448
3 4435 4448 285
3 4444 1122 4452
3 4449 4452 1122
3 263 4457 3991
3 4459 3991 4457
3 4454 1126 4466
3 4462 4466 1126
3 3978 72 4471
3 4411 4471 72
3 1128 4473 4468
3 4476 4468 4473
3 4472 284 4482
3 4445 4482 284
3 4486 4478 4483
3 1130 4483 4478
3 4461 287 4492
3 4479 4492 287
3 4493 4496 1132
3 4488 1132 4496
3 3867 257 4502
3 4500 4502 257
3 4498 1135 4508
3 4505 4508 1135
3 3907 67 4513
3 4455 4513 67
3 4510 1137 4518
3 4515 4518 1137
3 286 4489 4514
3 4524 4514 4489
3 1139 4525 4520
3 4528 4520 4525
3 4504 288 4533
3 4521 4533 288
3 4530 1140 4536
3 4534 4536 1140
3 1145 1141 1142
3 289 1142 1141
3 290 1150 1148
3 1153 1148 1150
3 294 1158 1157
3 1160 1157 1158
3 295 1165 1163
3 1168 1163 1165
3 296 1171 1169
3 1174 1169 1171
3 298 1178 1176
3 1181 1176 1178
3 291 1185 1154
3 1188 1154 1185
3 300 1183 1189
3 1193 1189 1183
3 305 1198 1197
3 1200 1197 1198
3 306 1205 1203
3 1208 1203 1205
3 309 1212 1211
3 1214 1211 1212
3 310 1219 1217
3 1222 1217 1219
3 311 1225 1223
3 1228 1223 1225
3 313 1232 1230
3 1235 1230 1232
3 307 1239 1209
3 1241 1209 1239
3 315 1237 1242
3 1246 1242 1237
3 1249 319 1252
3 1250 1252 319
3 1255 320 1260
3 1257 1260 320
3 1263 323 1266
3 1264 1266 323
3 1269 324 1274
3 1271 1274 324
3 1275 325 1280
3 1277 1280 325
3 1282 327 1287
3 1284 1287 327
3 1261 321 1293
3 1291 1293 321
3 1294 329 1298
3 1289 1298 329
3 1299 331 1304
3 1301 1304 331
3 1306 333 1311
3 1308 1311 333
3 1288 328 1317
3 1315 1317 328
3 1319 337 1324
3 1321 1324 337
3 1325 338 1330
3 1327 1330 338
3 1332 340 1337
3 1334 1337 340
3 1312 334 1344
3 1341 1344 334
3 1345 342 1349
3 1339 1349 342
3 1354 1356 347
3 1353 347 1356
3 1359 348 1364
3 1361 1364 348
3 1367 351 1371
3 1368 1371 351
3 1378 1374 1376
3 352 1376 1374
3 1385 1381 1382
3 355 1382 1381
3 1392 1388 1390
3 356 1390 1388
3 1395 1398 313
3 1232 313 1398
3 1400 359 1404
3 1402 1404 359
3 335 1407 1303
3 1409 1303 1407
3 349 1362 1410
3 1413 1410 1362
3 1415 363 1419
3 1416 1419 363
3 1422 364 1427
3 1424 1427 364
3 1431 368 1434
3 1432 1434 368
3 1437 369 1442
3 1439 1442 369
3 1448 1443 1445
3 370 1445 1443
3 1450 372 1455
3 1452 1455 372
3 365 1459 1428
3 1462 1428 1459
3 374 1457 1463
3 1467 1463 1457
3 1471 1473 357
3 1384 357 1473
3 1477 1480 379
3 1475 379 1480
3 1483 1485 351
3 1372 351 1485
3 1487 382 1492
3 1489 1492 382
3 1493 383 1498
3 1495 1498 383
3 1500 385 1505
3 1502 1505 385
3 1481 380 1511
3 1509 1511 380
3 1512 387 1516
3 1507 1516 387
3 1519 391 1522
3 1520 1522 391
3 1525 392 1530
3 1527 1530 392
3 1533 395 1536
3 1534 1536 395
3 1539 396 1544
3 1541 1544 396
3 1545 397 1550
3 1547 1550 397
3 1552 399 1556
3 1554 1556 399
3 1531 393 1561
3 1559 1561 393
3 400 1557 1562
3 1565 1562 1557
3 1571 1567 1568
3 403 1568 1567
3 404 1576 1574
3 1579 1574 1576
3 408 1584 1583
3 1586 1583 1584
3 409 1591 1589
3 1594 1589 1591
3 410 1597 1595
3 1600 1595 1597
3 412 1604 1602
3 1606 1602 1604
3 1612 1580 1609
3 405 1609 1580
3 1616 1613 1607
3 413 1607 1613
3 1623 1619 1620
3 417 1620 1619
3 1631 1626 1628
3 418 1628 1626
3 1638 1635 1636
3 422 1636 1635
3 1644 1640 1581
3 406 1581 1640
3 1650 1645 1647
3 423 1647 1645
3 1654 1651 1617
3 415 1617 1651
3 1660 1632 1657
3 419 1657 1632
3 1664 1661 1655
3 425 1655 1661
3 1671 1667 1668
3 429 1668 1667
3 430 1676 1674
3 1679 1674 1676
3 1686 1683 1684
3 434 1684 1683
3 435 1691 1689
3 1694 1689 1691
3 436 1697 1695
3 1700 1695 1697
3 438 1704 1702
3 1707 1702 1704
3 431 1711 1680
3 1714 1680 1711
3 440 1709 1715
3 1719 1715 1709
3 1727 1723 1724
3 445 1724 1723
3 1732 1735 446
3 1730 446 1735
3 1739 450 1742
3 1740 1742 450
3 432 1681 1744
3 1748 1744 1681
3 1751 1754 451
3 1749 451 1754
3 443 1721 1755
3 1758 1755 1721
3 1736 447 1764
3 1761 1764 447
3 1765 453 1768
3 1759 1768 453
3 457 1772 1771
3 1775 1771 1772
3 1783 1778 1780
3 458 1780 1778
3 462 1788 1787
3 1790 1787 1788
3 1798 1793 1795
3 463 1795 1793
3 1804 1799 1801
3 464 1801 1799
3 466 1808 1806
3 1810 1806 1808
3 1816 1784 1813
3 459 1813 1784
3 1820 1817 1811
3 467 1811 1817
3 471 1824 1823
3 1826 1823 1824
3 472 1831 1829
3 1834 1829 1831
3 475 1838 1837
3 1840 1837 1838
3 1843 476 1848
3 1845 1848 476
3 1849 477 1854
3 1851 1854 477
3 1856 479 1860
3 1858 1860 479
3 473 1863 1835
3 1865 1835 1863
3 1866 480 1869
3 1861 1869 480
3 1872 1874 483
3 1871 483 1874
3 1877 484 1882
3 1879 1882 484
3 1886 1888 487
3 1885 487 1888
3 1893 1896 488
3 1891 488 1896
3 1897 489 1902
3 1899 1902 489
3 1904 491 1908
3 1906 1908 491
3 1883 485 1913
3 1911 1913 485
3 1914 492 1917
3 1909 1917 492
3 1922 1919 1920
3 495 1920 1919
3 1930 1925 1927
3 496 1927 1925
3 1936 1933 1934
3 499 1934 1933
3 1942 1938 1737
3 448 1737 1938
3 500 1945 1943
3 1948 1943 1945
3 455 1769 1949
3 1952 1949 1769
3 1957 1931 1955
3 497 1955 1931
3 502 1953 1958
3 1961 1958 1953
3 1966 1622 1963
3 420 1963 1622
3 1973 1968 1970
3 505 1970 1968
3 1979 1397 1977
3 360 1977 1397
3 1985 1981 1983
3 509 1983 1981
3 1435 368 1989
3 1987 1989 368
3 1991 511 1995
3 1993 1995 511
3 513 1998 1997
3 2000 1997 1998
3 514 2005 2003
3 2007 2003 2005
3 2010 2013 516
3 2009 516 2013
3 2015 506 2018
3 1971 2018 506
3 1720 442 2023
3 2021 2023 442
3 2025 519 2030
3 2027 2030 519
3 2033 522 2036
3 2034 2036 522
3 2039 523 2043
3 2041 2043 523
3 353 2045 1370
3 2048 1370 2045
3 520 2028 2049
3 2052 2049 2028
3 2056 2059 527
3 2055 527 2059
3 528 2064 2062
3 2067 2062 2064
3 532 2072 2071
3 2074 2071 2072
3 533 2079 2077
3 2082 2077 2079
3 534 2085 2083
3 2088 2083 2085
3 2090 536 2095
3 2092 2095 536
3 529 2099 2068
3 2102 2068 2099
3 538 2097 2103
3 2107 2103 2097
3 543 2112 2111
3 2115 2111 2112
3 2123 2118 2120
3 544 2120 2118
3 548 2128 2127
3 2130 2127 2128
3 2138 2133 2135
3 549 2135 2133
3 2144 2139 2141
3 550 2141 2139
3 2151 2146 2148
3 552 2148 2146
3 2158 2124 2155
3 545 2155 2124
3 2153 2163 554
3 2159 554 2163
3 2167 559 2171
3 2168 2171 559
3 2174 560 2179
3 2176 2179 560
3 2186 2183 2184
3 564 2184 2183
3 2189 565 2194
3 2191 2194 565
3 2195 566 2200
3 2197 2200 566
3 2202 568 2207
3 2204 2207 568
3 2180 561 2214
3 2211 2214 561
3 2215 570 2219
3 2209 2219 570
3 2223 575 2226
3 2224 2226 575
3 576 2231 2229
3 2234 2229 2231
3 2237 579 2240
3 2238 2240 579
3 2248 2243 2245
3 580 2245 2243
3 581 2251 2249
3 2254 2249 2251
3 583 2258 2256
3 2261 2256 2258
3 587 2266 2265
3 2268 2265 2266
3 2273 2270 2145
3 552 2145 2270
3 589 2276 2275
3 2278 2275 2276
3 2283 2286 590
3 2281 590 2286
3 2290 2292 593
3 2289 593 2292
3 2201 2298 568
3 2294 568 2298
3 2301 2304 594
3 2299 594 2304
3 565 2188 2305
3 2309 2305 2188
3 591 2313 2287
3 2315 2287 2313
3 2316 597 2320
3 2311 2320 597
3 2114 546 2326
3 2323 2326 546
3 2328 601 2333
3 2330 2333 601
3 2157 557 2339
3 2337 2339 557
3 2340 562 2344
3 2181 2344 562
3 2345 605 2350
3 2347 2350 605
3 2355 2351 2221
3 573 2221 2351
3 602 2359 2334
3 2362 2334 2359
3 608 2357 2363
3 2367 2363 2357
3 2371 2374 603
3 2325 603 2374
3 2376 613 2381
3 2378 2381 613
3 617 2386 2385
3 2388 2385 2386
3 618 2393 2391
3 2395 2391 2393
3 1537 395 2400
3 2397 2400 395
3 2402 620 2406
3 2404 2406 620
3 2409 623 2412
3 2410 2412 623
3 2414 620 2417
3 2401 2417 620
3 2419 625 2422
3 2420 2422 625
3 2424 614 2427
3 2379 2427 614
3 2429 627 2432
3 2430 2432 627
3 2435 628 2440
3 2437 2440 628
3 2444 2446 631
3 2443 631 2446
3 2448 366 2452
3 1429 2452 366
3 399 2455 1554
3 2457 1554 2455
3 2463 2459 2461
3 634 2461 2459
3 621 2465 2399
3 2467 2399 2465
3 2469 636 2473
3 2471 2473 636
3 610 2475 2368
3 2477 2368 2475
3 629 2438 2478
3 2481 2478 2438
3 639 2484 2483
3 2486 2483 2484
3 640 2491 2489
3 2494 2489 2491
3 643 2498 2497
3 2501 2497 2498
3 644 2506 2504
3 2508 2504 2506
3 2012 517 2514
3 2511 2514 517
3 2516 647 2520
3 2518 2520 647
3 2524 2526 650
3 2523 650 2526
3 2515 2531 647
3 2528 647 2531
3 2220 572 2535
3 2533 2535 572
3 2536 641 2539
3 2492 2539 641
3 2541 653 2545
3 2542 2545 653
3 2548 654 2553
3 2550 2553 654
3 2557 2560 579
3 2241 579 2560
3 2564 2566 658
3 2562 658 2566
3 661 2570 2569
3 2572 2569 2570
3 662 2577 2575
3 2579 2575 2577
3 1704 438 2584
3 2581 2584 438
3 2586 664 2590
3 2588 2590 664
3 667 2594 2593
3 2596 2593 2594
3 655 2551 2598
3 2601 2598 2551
3 2500 645 2606
3 2603 2606 645
3 669 2610 2608
3 2613 2608 2610
3 639 2617 2487
3 2619 2487 2617
3 593 2289 2620
3 2624 2620 2289
3 2625 673 2630
3 2627 2630 673
3 2631 589 2634
3 2275 2634 589
3 2614 670 2640
3 2637 2640 670
3 2641 675 2644
3 2635 2644 675
3 665 2647 2583
3 2649 2583 2647
3 679 2653 2651
3 2656 2651 2653
3 661 2659 2573
3 2661 2573 2659
3 2662 548 2666
3 2127 2666 548
3 2667 682 2672
3 2669 2672 682
3 2673 543 2676
3 2111 2676 543
3 680 2679 2657
3 2681 2657 2679
3 2685 2682 2677
3 684 2677 2682
3 2690 2687 2688
3 687 2688 2687
3 2698 2693 2695
3 688 2695 2693
3 2701 691 2704
3 2702 2704 691
3 2706 532 2710
3 2071 2710 532
3 2716 2711 2713
3 692 2713 2711
3 527 2055 2717
3 2721 2717 2055
3 689 2725 2699
3 2727 2699 2725
3 695 2723 2728
3 2732 2728 2723
3 2735 699 2738
3 2736 2738 699
3 2741 700 2746
3 2743 2746 700
3 2749 703 2752
3 2750 2752 703
3 2754 536 2758
3 2089 2758 536
3 704 2761 2759
3 2764 2759 2761
3 533 2076 2765
3 2768 2765 2076
3 2747 701 2773
3 2771 2773 701
3 2777 2774 2769
3 706 2769 2774
3 2779 709 2782
3 2780 2782 709
3 2785 710 2790
3 2787 2790 710
3 2796 2793 2794
3 713 2794 2793
3 2798 540 2802
3 2105 2802 540
3 2803 714 2808
3 2805 2808 714
3 537 2093 2809
3 2812 2809 2093
3 2817 2791 2815
3 711 2815 2791
3 2818 716 2821
3 2813 2821 716
3 2733 697 2825
3 2823 2825 697
3 2827 719 2832
3 2829 2832 719
3 2722 694 2837
3 2835 2837 694
3 2838 530 2842
3 2069 2842 530
3 2848 2843 2845
3 722 2845 2843
3 541 2109 2849
3 2852 2849 2109
3 2833 720 2857
3 2855 2857 720
3 2861 2858 2853
3 724 2853 2858
3 2867 2863 2864
3 727 2864 2863
3 2875 2870 2872
3 728 2872 2870
3 2882 2879 2880
3 732 2880 2879
3 2890 2885 2887
3 733 2887 2885
3 2896 2891 2893
3 734 2893 2891
3 2903 2898 2900
3 736 2900 2898
3 2910 2876 2907
3 729 2907 2876
3 2915 2911 2905
3 738 2905 2911
3 740 2919 2916
3 2922 2916 2919
3 743 2926 2924
3 2929 2924 2926
3 2935 2904 2933
3 737 2933 2904
3 2942 2937 2939
3 747 2939 2937
3 2948 2943 2945
3 748 2945 2943
3 2955 2950 2952
3 750 2952 2950
3 744 2959 2930
3 2962 2930 2959
3 752 2957 2963
3 2967 2963 2957
3 2921 745 2974
3 2971 2974 745
3 2976 757 2981
3 2978 2981 757
3 2961 755 2987
3 2985 2987 755
3 2989 761 2994
3 2991 2994 761
3 2995 762 3000
3 2997 3000 762
3 3002 764 3007
3 3004 3007 764
3 2982 758 3014
3 3011 3014 758
3 3015 766 3019
3 3009 3019 766
3 3023 771 3026
3 3024 3026 771
3 3029 772 3034
3 3031 3034 772
3 3037 775 3040
3 3038 3040 775
3 776 3045 3043
3 3048 3043 3045
3 3049 777 3054
3 3051 3054 777
3 3056 779 3061
3 3058 3061 779
3 3035 773 3067
3 3065 3067 773
3 3068 781 3072
3 3063 3072 781
3 3041 775 3078
3 3075 3078 775
3 3080 785 3085
3 3082 3085 785
3 754 3089 2968
3 3091 2968 3089
3 789 3095 3093
3 3097 3093 3095
3 3100 3102 791
3 3099 791 3102
3 3107 3109 792
3 3105 792 3109
3 794 3112 3111
3 3115 3111 3112
3 3120 3122 795
3 3118 795 3122
3 3125 798 3129
3 3126 3129 798
3 786 3083 3131
3 3134 3131 3083
3 3137 801 3141
3 3138 3141 801
3 3144 802 3149
3 3146 3149 802
3 3156 3153 3154
3 806 3154 3153
3 807 3161 3159
3 3164 3159 3161
3 808 3167 3165
3 3170 3165 3167
3 810 3174 3172
3 3177 3172 3174
3 3150 803 3184
3 3181 3184 803
3 3185 812 3189
3 3179 3189 812
3 3190 814 3195
3 3193 3195 814
3 3197 817 3202
3 3199 3202 817
3 3178 811 3207
3 3205 3207 811
3 3209 820 3214
3 3211 3214 820
3 3215 821 3220
3 3217 3220 821
3 3222 823 3227
3 3224 3227 823
3 3231 3233 818
3 3203 818 3233
3 3234 825 3238
3 3229 3238 825
3 3241 3244 823
3 3224 823 3244
3 3246 829 3251
3 3248 3251 829
3 3211 820 3257
3 3255 3257 820
3 810 3171 3258
3 3262 3258 3171
3 3263 833 3268
3 3265 3268 833
3 807 3158 3269
3 3273 3269 3158
3 3252 830 3280
3 3277 3280 830
3 3281 836 3285
3 3275 3285 836
3 841 3290 3289
3 3292 3289 3290
3 3300 3295 3297
3 842 3297 3295
3 845 3304 3303
3 3306 3303 3304
3 736 2897 3308
3 3312 3308 2897
3 846 3315 3313
3 3318 3313 3315
3 733 2884 3319
3 3323 3319 2884
3 3329 3301 3327
3 843 3327 3301
3 849 3325 3330
3 3334 3330 3325
3 3337 853 3340
3 3338 3340 853
3 854 3345 3343
3 3348 3343 3345
3 857 3352 3351
3 3354 3351 3352
3 750 2949 3356
3 3360 3356 2949
3 858 3363 3361
3 3366 3361 3363
3 747 2936 3367
3 3370 3367 2936
3 855 3373 3349
3 3375 3349 3373
3 860 3371 3376
3 3379 3376 3371
3 863 3382 3381
3 3384 3381 3382
3 864 3389 3387
3 3392 3387 3389
3 867 3396 3395
3 3398 3395 3396
3 868 3403 3401
3 3406 3401 3403
3 869 3409 3407
3 3412 3407 3409
3 871 3416 3414
3 3419 3414 3416
3 865 3423 3393
3 3425 3393 3423
3 873 3421 3426
3 3430 3426 3421
3 877 3434 3433
3 3436 3433 3434
3 3441 3444 878
3 3439 878 3444
3 3450 3447 3448
3 881 3448 3447
3 3452 779 3456
3 3055 3456 779
3 3459 3462 882
3 3457 882 3462
3 776 3042 3463
3 3466 3463 3042
3 3445 879 3471
3 3469 3471 879
3 884 3467 3472
3 3475 3472 3467
3 887 3478 3477
3 3480 3477 3478
3 888 3485 3483
3 3488 3483 3485
3 891 3492 3491
3 3494 3491 3492
3 730 2877 3496
3 3500 3496 2877
3 892 3503 3501
3 3506 3501 3503
3 741 2917 3507
3 3511 3507 2917
3 889 3515 3489
3 3517 3489 3515
3 895 3513 3518
3 3522 3518 3513
3 897 3525 3523
3 3527 3523 3525
3 899 3531 3529
3 3534 3529 3531
3 894 3537 3512
3 3539 3512 3537
3 3540 759 3544
3 2983 3544 759
3 902 3547 3545
3 3550 3545 3547
3 3551 769 3555
3 3021 3555 769
3 3561 3535 3559
3 900 3559 3535
3 3562 905 3566
3 3557 3566 905
3 3569 3571 907
3 3567 907 3571
3 3573 909 3578
3 3575 3578 909
3 3556 904 3583
3 3581 3583 904
3 3584 768 3588
3 3017 3588 768
3 3589 912 3594
3 3591 3594 912
3 3595 765 3599
3 3005 3599 765
3 3603 3605 910
3 3579 910 3605
3 3601 3610 915
3 3606 915 3610
3 3613 3615 917
3 3611 917 3615
3 919 3619 3617
3 3622 3617 3619
3 3625 3627 914
3 3600 914 3627
3 783 3070 3628
3 3632 3628 3070
3 922 3635 3633
3 3638 3633 3635
3 780 3059 3639
3 3642 3639 3059
3 920 3645 3623
3 3647 3623 3645
3 924 3643 3648
3 3651 3648 3643
3 507 3653 1965
3 3655 1965 3653
3 927 3659 3657
3 3662 3657 3659
3 3666 3668 930
3 3665 930 3668
3 3671 931 3675
3 3673 3675 931
3 804 3677 3140
3 3680 3140 3677
3 933 3684 3682
3 3686 3682 3684
3 3114 796 3691
3 3689 3691 796
3 3693 936 3697
3 3695 3697 936
3 857 3699 3355
3 3701 3355 3699
3 3660 3705 928
3 3702 928 3705
3 3077 787 3709
3 3707 3709 787
3 3711 939 3716
3 3713 3716 939
3 942 3720 3719
3 3722 3719 3720
3 943 3727 3725
3 3729 3725 3727
3 3416 871 3734
3 3731 3734 871
3 3735 940 3738
3 3714 3738 940
3 3742 3745 947
3 3741 947 3745
3 948 3750 3748
3 3753 3748 3750
3 952 3758 3757
3 3760 3757 3758
3 953 3765 3763
3 3768 3763 3765
3 954 3771 3769
3 3774 3769 3771
3 3776 956 3781
3 3778 3781 956
3 949 3785 3754
3 3788 3754 3785
3 958 3783 3789
3 3793 3789 3783
3 963 3798 3797
3 3801 3797 3798
3 964 3806 3804
3 3809 3804 3806
3 3816 3813 3814
3 968 3814 3813
3 3819 969 3824
3 3821 3824 969
3 970 3827 3825
3 3830 3825 3827
3 3832 972 3837
3 3834 3837 972
3 965 3841 3810
3 3844 3810 3841
3 974 3839 3845
3 3849 3845 3839
3 3853 979 3857
3 3854 3857 979
3 3860 980 3865
3 3862 3865 980
3 3869 984 3872
3 3870 3872 984
3 3875 985 3880
3 3877 3880 985
3 3881 986 3886
3 3883 3886 986
3 3888 988 3893
3 3890 3893 988
3 3866 981 3900
3 3897 3900 981
3 3901 990 3905
3 3895 3905 990
3 3850 976 3912
3 3909 3912 976
3 3919 3914 3916
3 995 3916 3914
3 999 3924 3923
3 3927 3923 3924
3 995 3913 3929
3 3932 3929 3913
3 3938 3928 3935
3 999 3935 3928
3 3945 3940 3942
3 1002 3942 3940
3 3920 996 3952
3 3949 3952 996
3 3957 3953 3947
3 1004 3947 3953
3 3964 3958 3961
3 1006 3961 3958
3 3971 3966 3968
3 1009 3968 3966
3 3977 3946 3975
3 1003 3975 3946
3 3979 1013 3984
3 3981 3984 1013
3 3985 1014 3990
3 3987 3990 1014
3 1016 3994 3992
3 3996 3992 3994
3 3999 4002 1010
3 3972 1010 4002
3 3997 4006 1017
3 4003 1017 4006
3 4009 1021 4012
3 4010 4012 1021
3 4015 1022 4020
3 4017 4020 1022
3 1025 4024 4023
3 4026 4023 4024
3 1026 4031 4029
3 4034 4029 4031
3 1027 4037 4035
3 4040 4035 4037
3 4046 4042 4044
3 1029 4044 4042
3 4021 1023 4051
3 4049 4051 1023
3 4052 1030 4055
3 4047 4055 1030
3 4058 4060 1033
3 4057 1033 4060
3 4063 1034 4068
3 4065 4068 1034
3 3239 827 4074
3 4071 4074 827
3 4076 1037 4080
3 4078 4080 1037
3 4083 1040 4086
3 4084 4086 1040
3 4088 1037 4091
3 4075 4091 1037
3 4093 1042 4096
3 4094 4096 1042
3 4099 1043 4103
3 4101 4103 1043
3 1025 4105 4027
3 4108 4027 4105
3 1035 4066 4109
3 4112 4109 4066
3 4044 1029 4118
3 4115 4118 1029
3 4120 1047 4125
3 4122 4125 1047
3 1045 4129 4107
3 4131 4107 4129
3 1051 4135 4133
3 4137 4133 4135
3 838 4139 3286
3 4141 3286 4139
3 4145 4147 1053
3 4143 1053 4147
3 806 4149 3157
3 4151 3157 4149
3 4157 4153 4155
3 1055 4155 4153
3 4159 4162 1048
3 4126 1048 4162
3 1055 4152 4163
3 4166 4163 4152
3 988 4169 3890
3 4172 3890 4169
3 1059 4176 4174
3 4179 4174 4176
3 4183 4185 1049
3 4117 1049 4185
3 4187 1063 4191
3 4189 4191 1063
3 4193 1065 4196
3 4194 4196 1065
3 4198 1063 4201
3 4186 4201 1063
3 2513 648 4205
3 4203 4205 648
3 4207 1067 4211
3 4209 4211 1067
3 4214 4216 1069
3 4213 1069 4216
3 4218 1060 4221
3 4177 4221 1060
3 656 4223 2544
3 4226 2544 4223
3 4228 1071 4233
3 4230 4233 1071
3 875 4237 3431
3 4239 3431 4237
3 1075 4243 4241
3 4245 4241 4243
3 4247 1077 4250
3 4248 4250 1077
3 4253 1078 4257
3 4255 4257 1078
3 4262 3911 4259
3 997 4259 3911
3 4266 4268 1080
3 4264 1080 4268
3 1083 4272 4271
3 4274 4271 4272
3 4279 4276 4231
3 1072 4231 4276
3 2605 671 4283
3 4281 4283 671
3 4285 1085 4290
3 4287 4290 1085
3 4293 4295 677
3 2639 677 4295
3 4296 1073 4300
3 4235 4300 1073
3 4301 1088 4306
3 4303 4306 1088
3 4307 1083 4310
3 4271 4310 1083
3 1086 4313 4291
3 4315 4291 4313
3 1090 4311 4316
3 4319 4316 4311
3 945 4321 3733
3 4323 3733 4321
3 1093 4327 4325
3 4330 4325 4327
3 942 4333 3723
3 4335 3723 4333
3 1038 4081 4336
3 4340 4336 4081
3 1096 4343 4341
3 4346 4341 4343
3 4347 1033 4350
3 4057 4350 1033
3 1094 4353 4331
3 4355 4331 4353
3 4356 1098 4359
3 4351 4359 1098
3 972 4361 3834
3 4364 3834 4361
3 1101 4368 4366
3 4371 4366 4368
3 969 4375 3821
3 4377 3821 4375
3 1105 4381 4379
3 4384 4379 4381
3 1106 4387 4385
3 4390 4385 4387
3 1108 4394 4392
3 4396 4392 4394
3 4372 1102 4402
3 4399 4402 1102
3 4403 1109 4406
3 4397 4406 1109
3 3942 1002 4412
3 4409 4412 1002
3 4414 1113 4419
3 4416 4419 1113
3 3926 1000 4425
3 4423 4425 1000
3 1103 4373 4426
3 4430 4426 4373
3 1117 4433 4431
3 4436 4431 4433
3 1111 4407 4437
3 4440 4437 4407
3 4420 1114 4446
3 4443 4446 1114
3 1119 4441 4447
3 4450 4447 4441
3 3994 1016 4456
3 4453 4456 1016
3 1123 4460 4458
3 4463 4458 4460
3 1013 4467 3981
3 4469 3981 4467
3 4470 1115 4474
3 4421 4474 1115
3 1127 4477 4475
3 4480 4475 4477
3 4481 1121 4484
3 4451 4484 1121
3 4464 1124 4490
3 4487 4490 1124
3 4491 1129 4494
3 4485 4494 1129
3 3856 982 4499
3 4497 4499 982
3 4501 1133 4506
3 4503 4506 1133
3 3899 993 4511
3 4509 4511 993
3 4512 1125 4516
3 4465 4516 1125
3 1136 4519 4517
3 4522 4517 4519
3 1131 4495 4523
3 4526 4523 4495
3 4507 1134 4531
3 4529 4531 1134
3 4532 1138 4535
3 4527 4535 1138
3 1147 290 1149
3 1148 1149 290
3 1152 291 1156
3 1154 1156 291
3 1162 295 1164
3 1163 1164 295
3 1167 296 1170
3 1169 1170 296
3 1175 298 1177
3 1176 1177 298
3 1180 299 1184
3 1182 1184 299
3 1173 300 1190
3 1189 1190 300
3 1192 302 1196
3 1194 1196 302
3 1202 306 1204
3 1203 1204 306
3 1207 307 1210
3 1209 1210 307
3 1216 310 1218
3 1217 1218 310
3 1221 311 1224
3 1223 1224 311
3 1229 313 1231
3 1230 1231 313
3 1234 314 1238
3 1236 1238 314
3 1227 315 1243
3 1242 1243 315
3 1245 317 1248
3 1247 1248 317
3 1256 1254 1255
3 320 1255 1254
3 1262 1259 1261
3 321 1261 1259
3 1270 1268 1269
3 324 1269 1268
3 1276 1273 1275
3 325 1275 1273
3 1283 1281 1282
3 327 1282 1281
3 1290 1286 1288
3 328 1288 1286
3 1295 1279 1294
3 329 1294 1279
3 1300 1297 1299
3 331 1299 1297
3 1307 1305 1306
3 333 1306 1305
3 1314 1310 1312
3 334 1312 1310
3 1320 1318 1319
3 337 1319 1318
3 1326 1323 1325
3 338 1325 1323
3 1333 1331 1332
3 340 1332 1331
3 1340 1336 1338
3 341 1338 1336
3 1346 1329 1345
3 342 1345 1329
3 1348 344 1352
3 1350 1352 344
3 1360 1358 1359
3 348 1359 1358
3 1366 1363 1365
3 349 1365 1363
3 1375 1373 1374
3 352 1374 1373
3 1377 348 1380
3 1358 1380 348
3 1388 1389 356
3 1387 356 1389
3 1373 1394 352
3 1391 352 1394
3 1401 1399 1400
3 359 1400 1399
3 356 1387 1403
3 1406 1403 1387
3 1365 349 1411
3 1410 1411 349
3 1412 359 1414
3 1399 1414 359
3 1423 1421 1422
3 364 1422 1421
3 1430 1426 1428
3 365 1428 1426
3 1438 1436 1437
3 369 1437 1436
3 1444 1441 1443
3 370 1443 1441
3 1451 1449 1450
3 372 1450 1449
3 1454 373 1458
3 1456 1458 373
3 1447 374 1464
3 1463 1464 374
3 1466 376 1470
3 1468 1470 376
3 379 1475 1474
3 1476 1474 1475
3 1482 1479 1481
3 380 1481 1479
3 1488 1486 1487
3 382 1487 1486
3 383 1493 1491
3 1494 1491 1493
3 1501 1499 1500
3 385 1500 1499
3 1508 1504 1506
3 386 1506 1504
3 1513 1497 1512
3 387 1512 1497
3 1518 1515 1517
3 389 1517 1515
3 1526 1524 1525
3 392 1525 1524
3 1532 1529 1531
3 393 1531 1529
3 1540 1538 1539
3 396 1539 1538
3 1546 1543 1545
3 397 1545 1543
3 1553 1551 1552
3 399 1552 1551
3 1555 376 1558
3 1465 1558 376
3 1563 1549 1562
3 400 1562 1549
3 1564 373 1566
3 1453 1566 373
3 1573 404 1575
3 1574 1575 404
3 1580 1582 405
3 1578 405 1582
3 1588 409 1590
3 1589 1590 409
3 1593 410 1596
3 1595 1596 410
3 1601 412 1603
3 1602 1603 412
3 1191 1608 302
3 1605 302 1608
3 1599 413 1614
3 1613 1614 413
3 1179 1618 299
3 1615 299 1618
3 1626 1627 418
3 1625 418 1627
3 1632 1634 419
3 1630 419 1634
3 1640 1641 406
3 1570 406 1641
3 1645 1646 423
3 1643 423 1646
3 1651 1652 415
3 1611 415 1652
3 1244 1656 317
3 1653 317 1656
3 1661 1662 425
3 1649 425 1662
3 1233 1666 314
3 1663 314 1666
3 1673 430 1675
3 1674 1675 430
3 1678 431 1682
3 1680 1682 431
3 1688 435 1690
3 1689 1690 435
3 1693 436 1696
3 1695 1696 436
3 1701 438 1703
3 1702 1703 438
3 1706 439 1710
3 1708 1710 439
3 1699 440 1716
3 1715 1716 440
3 1720 1722 442
3 1718 442 1722
3 1731 1729 1730
3 446 1730 1729
3 1734 447 1738
3 1736 1738 447
3 1670 432 1745
3 1744 1745 432
3 1749 1750 451
3 1747 451 1750
3 1713 443 1756
3 1755 1756 443
3 1757 344 1760
3 1347 1760 344
3 453 1765 1753
3 1766 1753 1765
3 1770 1767 1335
3 341 1335 1767
3 1778 1779 458
3 1777 458 1779
3 1784 1786 459
3 1782 459 1786
3 1793 1794 463
3 1792 463 1794
3 1799 1800 464
3 1797 464 1800
3 1805 466 1807
3 1806 1807 466
3 1809 294 1812
3 1157 1812 294
3 1817 1818 467
3 1803 467 1818
3 1141 1822 289
3 1819 289 1822
3 1829 1830 472
3 1828 472 1830
3 1833 473 1836
3 1835 1836 473
3 476 1843 1842
3 1844 1842 1843
3 477 1849 1847
3 1850 1847 1849
3 1857 1855 1856
3 479 1856 1855
3 1862 1859 1263
3 323 1263 1859
3 1866 1867 480
3 1853 480 1867
3 319 1249 1868
3 1870 1868 1249
3 484 1877 1876
3 1878 1876 1877
3 1884 1881 1883
3 485 1883 1881
3 488 1891 1890
3 1892 1890 1891
3 1898 1895 1897
3 489 1897 1895
3 1905 1903 1904
3 491 1904 1903
3 1910 1907 1281
3 327 1281 1907
3 1915 1901 1914
3 492 1914 1901
3 1918 1916 1268
3 324 1268 1916
3 1925 1926 496
3 1924 496 1926
3 1931 1932 497
3 1929 497 1932
3 1938 1939 448
3 1726 448 1939
3 1943 1944 500
3 1941 500 1944
3 1763 455 1950
3 1949 1950 455
3 1951 340 1954
3 1331 1954 340
3 1947 502 1959
3 1958 1959 502
3 1960 337 1962
3 1318 1962 337
3 1968 1969 505
3 1967 505 1969
3 1972 506 1976
3 1974 1976 506
3 1981 1982 509
3 1980 509 1982
3 505 1967 1984
3 1986 1984 1967
3 1992 1990 1991
3 511 1991 1990
3 1996 1994 1980
3 509 1980 1994
3 2002 514 2004
3 2003 2004 514
3 2006 511 2008
3 1990 2008 511
3 2016 1974 2015
3 506 2015 1974
3 2020 2017 2002
3 514 2002 2017
3 2026 2024 2025
3 519 2025 2024
3 2032 2029 2031
3 520 2031 2029
3 2040 2038 2039
3 523 2039 2038
3 2044 2042 2024
3 519 2024 2042
3 2031 520 2050
3 2049 2050 520
3 2051 523 2054
3 2038 2054 523
3 2061 528 2063
3 2062 2063 528
3 2066 529 2070
3 2068 2070 529
3 2076 533 2078
3 2077 2078 533
3 2081 534 2084
3 2083 2084 534
3 2091 2089 2090
3 536 2090 2089
3 2096 2098 537
3 2094 537 2098
3 2087 538 2104
3 2103 2104 538
3 2106 540 2110
3 2108 2110 540
3 2118 2119 544
3 2117 544 2119
3 2124 2126 545
3 2122 545 2126
3 2133 2134 549
3 2132 549 2134
3 2139 2140 550
3 2137 550 2140
3 2146 2147 552
3 2145 552 2147
3 2154 2150 2152
3 553 2152 2150
3 2159 2160 554
3 2143 554 2160
3 2166 2162 2164
3 556 2164 2162
3 2175 2173 2174
3 560 2174 2173
3 2182 2178 2180
3 561 2180 2178
3 2189 2190 565
3 2188 565 2190
3 2196 2193 2195
3 566 2195 2193
3 2203 2201 2202
3 568 2202 2201
3 2210 2206 2208
3 569 2208 2206
3 2216 2199 2215
3 570 2215 2199
3 2222 2218 2220
3 572 2220 2218
3 2228 576 2230
3 2229 2230 576
3 2233 577 2236
3 2235 2236 577
3 2243 2244 580
3 2242 580 2244
3 2247 581 2250
3 2249 2250 581
3 2255 583 2257
3 2256 2257 583
3 2260 584 2264
3 2262 2264 584
3 2270 2271 552
3 2148 552 2271
3 2232 2274 577
3 2272 577 2274
3 2282 2280 2281
3 590 2281 2280
3 2285 591 2288
3 2287 2288 591
3 568 2294 2204
3 2295 2204 2294
3 594 2299 2297
3 2300 2297 2299
3 565 2305 2191
3 2306 2191 2305
3 2312 2308 2310
3 596 2310 2308
3 2317 2303 2316
3 597 2316 2303
3 2322 2319 2321
3 599 2321 2319
3 2329 2327 2328
3 601 2328 2327
3 2334 2336 602
3 2332 602 2336
3 2341 2170 2340
3 562 2340 2170
3 2346 2343 2345
3 605 2345 2343
3 573 2351 2213
3 2352 2213 2351
3 2354 607 2358
3 2356 2358 607
3 2349 608 2364
3 2363 2364 608
3 2366 610 2370
3 2368 2370 610
3 2377 2375 2376
3 613 2376 2375
3 614 2382 2380
3 2384 2380 2382
3 2390 618 2392
3 2391 2392 618
3 2394 613 2396
3 2375 2396 613
3 2403 2401 2402
3 620 2402 2401
3 2408 2405 2390
3 618 2390 2405
3 2415 2404 2414
3 620 2414 2404
3 2418 2416 1519
3 391 1519 2416
3 2425 2382 2424
3 614 2424 2382
3 2428 2426 2409
3 623 2409 2426
3 2436 2434 2435
3 628 2435 2434
3 2442 2439 2441
3 629 2441 2439
3 2449 1418 2448
3 366 2448 1418
3 632 2453 2451
3 2454 2451 2453
3 2458 634 2460
3 2459 2460 634
3 2462 632 2464
3 2450 2464 632
3 636 2469 2468
3 2470 2468 2469
3 2458 2474 634
3 2472 634 2474
3 2441 629 2479
3 2478 2479 629
3 2480 636 2482
3 2468 2482 636
3 2488 640 2490
3 2489 2490 640
3 2493 641 2496
3 2495 2496 641
3 2503 644 2505
3 2504 2505 644
3 2510 2507 2488
3 640 2488 2507
3 2517 2515 2516
3 647 2516 2515
3 2522 2519 2503
3 644 2503 2519
3 647 2528 2518
3 2529 2518 2528
3 2530 513 2532
3 1997 2532 513
3 2537 2495 2536
3 641 2536 2495
3 2540 2538 2523
3 650 2523 2538
3 2549 2547 2548
3 654 2548 2547
3 2556 2552 2554
3 655 2554 2552
3 658 2562 2561
3 2563 2561 2562
3 2565 654 2568
3 2547 2568 654
3 2574 662 2576
3 2575 2576 662
3 658 2561 2578
3 2580 2578 2561
3 2587 2585 2586
3 664 2586 2585
3 2592 2589 2574
3 662 2574 2589
3 2554 655 2599
3 2598 2599 655
3 2600 664 2602
3 2585 2602 664
3 2607 669 2609
3 2608 2609 669
3 2616 2612 2614
3 670 2614 2612
3 2293 593 2621
3 2620 2621 593
3 2625 2626 673
3 2623 673 2626
3 2632 2279 2631
3 589 2631 2279
3 2636 2633 2567
3 659 2567 2633
3 675 2641 2629
3 2642 2629 2641
3 2646 2643 2541
3 653 2541 2643
3 2650 679 2652
3 2651 2652 679
3 2655 680 2658
3 2657 2658 680
3 548 2662 2131
3 2663 2131 2662
3 2668 2665 2667
3 682 2667 2665
3 2674 2116 2673
3 543 2673 2116
3 2678 2675 2383
3 615 2383 2675
3 2671 684 2683
3 2682 2683 684
3 2419 2686 625
3 2684 625 2686
3 2694 2692 2693
3 688 2693 2692
3 2697 689 2700
3 2699 2700 689
3 2707 2075 2706
3 532 2706 2075
3 2712 2709 2711
3 692 2711 2709
3 2060 527 2718
3 2717 2718 527
3 2722 2724 694
3 2720 694 2724
3 2715 695 2729
3 2728 2729 695
3 2731 697 2734
3 2733 2734 697
3 2742 2740 2741
3 700 2741 2740
3 2748 2745 2747
3 701 2747 2745
3 2755 2092 2754
3 536 2754 2092
3 2759 2760 704
3 2757 704 2760
3 2079 533 2766
3 2765 2766 533
3 2701 2770 691
3 2767 691 2770
3 2774 2775 706
3 2763 706 2775
3 2687 2778 687
3 2776 687 2778
3 2786 2784 2785
3 710 2785 2784
3 2791 2792 711
3 2789 711 2792
3 2799 2108 2798
3 540 2798 2108
3 2804 2801 2803
3 714 2803 2801
3 2096 537 2810
3 2809 2810 537
3 2814 2811 2749
3 703 2749 2811
3 2818 2819 716
3 2807 716 2819
3 2822 2820 2735
3 699 2735 2820
3 2828 2826 2827
3 719 2827 2826
3 2834 2831 2833
3 720 2833 2831
3 2839 2058 2838
3 530 2838 2058
3 2844 2841 2843
3 722 2843 2841
3 2101 541 2850
3 2849 2850 541
3 2851 713 2854
3 2793 2854 713
3 2859 2847 2858
3 724 2858 2847
3 2862 2860 2779
3 709 2779 2860
3 2870 2871 728
3 2869 728 2871
3 2876 2878 729
3 2874 729 2878
3 2885 2886 733
3 2884 733 2886
3 2891 2892 734
3 2889 734 2892
3 2898 2899 736
3 2897 736 2899
3 2904 2906 737
3 2902 737 2906
3 2911 2912 738
3 2895 738 2912
3 2914 740 2918
3 2916 2918 740
3 2923 743 2925
3 2924 2925 743
3 2928 744 2932
3 2930 2932 744
3 2937 2938 747
3 2936 747 2938
3 2943 2944 748
3 2941 748 2944
3 2950 2951 750
3 2949 750 2951
3 2956 2958 751
3 2954 751 2958
3 2947 752 2964
3 2963 2964 752
3 2966 754 2970
3 2968 2970 754
3 2977 2975 2976
3 757 2976 2975
3 2984 2980 2982
3 758 2982 2980
3 2990 2988 2989
3 761 2989 2988
3 2996 2993 2995
3 762 2995 2993
3 3003 3001 3002
3 764 3002 3001
3 3010 3006 3008
3 765 3008 3006
3 3016 2999 3015
3 766 3015 2999
3 3022 3018 3020
3 768 3020 3018
3 3030 3028 3029
3 772 3029 3028
3 3036 3033 3035
3 773 3035 3033
3 3042 776 3044
3 3043 3044 776
3 3050 3047 3049
3 777 3049 3047
3 3057 3055 3056
3 779 3056 3055
3 3064 3060 3062
3 780 3062 3060
3 3069 3053 3068
3 781 3068 3053
3 3074 3071 3073
3 783 3073 3071
3 3081 3079 3080
3 785 3080 3079
3 3088 3084 3086
3 786 3086 3084
3 3092 789 3094
3 3093 3094 789
3 3096 785 3098
3 3079 3098 785
3 792 3105 3104
3 3106 3104 3105
3 3110 3108 3092
3 789 3092 3108
3 3117 795 3119
3 3118 3119 795
3 3121 792 3124
3 3104 3124 792
3 3086 786 3132
3 3131 3132 786
3 3136 3133 3117
3 795 3117 3133
3 3145 3143 3144
3 802 3144 3143
3 3152 3148 3150
3 803 3150 3148
3 3159 3160 807
3 3158 807 3160
3 3163 808 3166
3 3165 3166 808
3 3171 810 3173
3 3172 3173 810
3 3180 3176 3178
3 811 3178 3176
3 3186 3169 3185
3 812 3185 3169
3 3192 3188 3190
3 814 3190 3188
3 3198 3196 3197
3 817 3197 3196
3 818 3203 3201
3 3204 3201 3203
3 3210 3208 3209
3 820 3209 3208
3 3216 3213 3215
3 821 3215 3213
3 3223 3221 3222
3 823 3222 3221
3 3230 3226 3228
3 824 3228 3226
3 825 3234 3219
3 3235 3219 3234
3 3240 3237 3239
3 827 3239 3237
3 3247 3245 3246
3 829 3246 3245
3 3254 3250 3252
3 830 3252 3250
3 3258 3259 810
3 3174 810 3259
3 3264 3261 3263
3 833 3263 3261
3 3161 807 3270
3 3269 3270 807
3 3276 3272 3274
3 835 3274 3272
3 3282 3267 3281
3 836 3281 3267
3 3288 3284 3286
3 838 3286 3284
3 3294 842 3296
3 3295 3296 842
3 3301 3302 843
3 3299 843 3302
3 2900 736 3309
3 3308 3309 736
3 3311 846 3314
3 3313 3314 846
3 2887 733 3320
3 3319 3320 733
3 3322 848 3326
3 3324 3326 848
3 3330 3331 849
3 3317 849 3331
3 3335 3336 851
3 3333 851 3336
3 3342 854 3344
3 3343 3344 854
3 3347 855 3350
3 3349 3350 855
3 2952 750 3357
3 3356 3357 750
3 3359 858 3362
3 3361 3362 858
3 2939 747 3368
3 3367 3368 747
3 3369 845 3372
3 3303 3372 845
3 3365 860 3377
3 3376 3377 860
3 3378 841 3380
3 3289 3380 841
3 3386 864 3388
3 3387 3388 864
3 3391 865 3394
3 3393 3394 865
3 3400 868 3402
3 3401 3402 868
3 3405 869 3408
3 3407 3408 869
3 3413 871 3415
3 3414 3415 871
3 3418 872 3422
3 3420 3422 872
3 3411 873 3427
3 3426 3427 873
3 3429 875 3432
3 3431 3432 875
3 3439 3440 878
3 3438 878 3440
3 3446 3443 3445
3 879 3445 3443
3 3453 3058 3452
3 779 3452 3058
3 882 3457 3455
3 3458 3455 3457
3 3045 776 3464
3 3463 3464 776
3 3465 867 3468
3 3395 3468 867
3 3461 884 3473
3 3472 3473 884
3 3474 863 3476
3 3381 3476 863
3 3482 888 3484
3 3483 3484 888
3 3487 889 3490
3 3489 3490 889
3 2866 730 3497
3 3496 3497 730
3 3499 892 3502
3 3501 3502 892
3 2909 741 3508
3 3507 3508 741
3 3510 894 3514
3 3512 3514 894
3 3505 895 3519
3 3518 3519 895
3 3521 897 3524
3 3523 3524 897
3 3528 899 3530
3 3529 3530 899
3 3533 900 3536
3 3535 3536 900
3 2973 759 3541
3 3540 3541 759
3 3543 902 3546
3 3545 3546 902
3 3552 3013 3551
3 769 3551 3013
3 3558 3554 3556
3 904 3556 3554
3 905 3562 3549
3 3563 3549 3562
3 907 3567 3565
3 3568 3565 3567
3 3574 3572 3573
3 909 3573 3572
3 910 3579 3577
3 3580 3577 3579
3 3585 3020 3584
3 768 3584 3020
3 3590 3587 3589
3 912 3589 3587
3 3596 3008 3595
3 765 3595 3008
3 3602 3598 3600
3 914 3600 3598
3 3607 3593 3606
3 915 3606 3593
3 917 3611 3609
3 3612 3609 3611
3 3616 919 3618
3 3617 3618 919
3 3621 920 3624
3 3623 3624 920
3 3073 783 3629
3 3628 3629 783
3 3631 922 3634
3 3633 3634 922
3 3062 780 3640
3 3639 3640 780
3 3641 881 3644
3 3447 3644 881
3 3637 924 3649
3 3648 3649 924
3 3650 877 3652
3 3433 3652 877
3 3656 927 3658
3 3657 3658 927
3 3661 928 3664
3 3663 3664 928
3 3672 3670 3671
3 931 3671 3670
3 3676 3674 3656
3 927 3656 3674
3 3681 933 3683
3 3682 3683 933
3 3685 931 3688
3 3670 3688 931
3 3694 3692 3693
3 936 3693 3692
3 3698 3696 3681
3 933 3681 3696
3 928 3702 3663
3 3703 3663 3702
3 3704 936 3706
3 3692 3706 936
3 3712 3710 3711
3 939 3711 3710
3 3718 3715 3717
3 940 3717 3715
3 3724 943 3726
3 3725 3726 943
3 3728 939 3730
3 3710 3730 939
3 3736 3717 3735
3 940 3735 3717
3 3740 3737 3724
3 943 3724 3737
3 3747 948 3749
3 3748 3749 948
3 3752 949 3756
3 3754 3756 949
3 3762 953 3764
3 3763 3764 953
3 3767 954 3770
3 3769 3770 954
3 3775 956 3777
3 3776 3777 956
3 3784 3780 3782
3 957 3782 3780
3 3773 958 3790
3 3789 3790 958
3 3792 960 3796
3 3794 3796 960
3 3803 964 3805
3 3804 3805 964
3 3808 965 3812
3 3810 3812 965
3 3820 3818 3819
3 969 3819 3818
3 3823 970 3826
3 3825 3826 970
3 3833 3831 3832
3 972 3832 3831
3 3836 973 3840
3 3838 3840 973
3 3829 974 3846
3 3845 3846 974
3 3848 976 3852
3 3850 3852 976
3 3861 3859 3860
3 980 3860 3859
3 3868 3864 3866
3 981 3866 3864
3 3876 3874 3875
3 985 3875 3874
3 3882 3879 3881
3 986 3881 3879
3 3889 3887 3888
3 988 3888 3887
3 3896 3892 3894
3 989 3894 3892
3 3902 3885 3901
3 990 3901 3885
3 3904 992 3908
3 3906 3908 992
3 3914 3915 995
3 3913 995 3915
3 3920 3922 996
3 3918 996 3922
3 3916 995 3930
3 3929 3930 995
3 3931 973 3934
3 3835 3934 973
3 3940 3941 1002
3 3939 1002 3941
3 3946 3948 1003
3 3944 1003 3948
3 3953 3954 1004
3 3937 1004 3954
3 3956 1006 3960
3 3958 3960 1006
3 3966 3967 1009
3 3965 1009 3967
3 3974 3970 3972
3 1010 3972 3970
3 3980 3978 3979
3 1013 3979 3978
3 3986 3983 3985
3 1014 3985 3983
3 3993 3991 3992
3 1016 3992 3991
3 992 3903 3995
3 3998 3995 3903
3 1017 4003 3989
3 4004 3989 4003
3 989 3891 4005
3 4008 4005 3891
3 4014 1022 4016
3 4015 4016 1022
3 4022 4019 4021
3 1023 4021 4019
3 4028 1026 4030
3 4029 4030 1026
3 4033 1027 4036
3 4035 4036 1027
3 4042 4043 1029
3 4041 1029 4043
3 984 3869 4045
3 4048 4045 3869
3 4053 4039 4052
3 1030 4052 4039
3 4056 4054 3853
3 979 3853 4054
3 1034 4063 4062
3 4064 4062 4063
3 4070 4067 4069
3 1035 4069 4067
3 4077 4075 4076
3 1037 4076 4075
3 4082 4079 4062
3 1034 4062 4079
3 4089 4078 4088
3 1037 4088 4078
3 4092 4090 3225
3 824 3225 4090
3 4100 4098 4099
3 1043 4099 4098
3 4104 4102 4083
3 1040 4083 4102
3 4069 1035 4110
3 4109 4110 1035
3 4111 1043 4114
3 4098 4114 1043
3 4121 4119 4120
3 1047 4120 4119
3 4128 4124 4126
3 1048 4126 4124
3 4132 1051 4134
3 4133 4134 1051
3 4136 1047 4138
3 4119 4138 1047
3 4142 1053 4144
3 4143 4144 1053
3 1051 4132 4146
3 4148 4146 4132
3 4153 4154 1055
3 4152 1055 4154
3 4142 4158 1053
3 4156 1053 4158
3 1055 4163 4155
3 4164 4155 4163
3 4168 4165 3137
3 801 3137 4165
3 4173 1059 4175
3 4174 4175 1059
3 4178 1060 4182
3 4180 4182 1060
3 4188 4186 4187
3 1063 4187 4186
3 4192 4190 4173
3 1059 4173 4190
3 4199 4189 4198
3 1063 4198 4189
3 4200 1057 4202
3 4167 4202 1057
3 4208 4206 4207
3 1067 4207 4206
3 4212 4210 4193
3 1065 4193 4210
3 4219 4180 4218
3 1060 4218 4180
3 4220 1067 4222
3 4206 4222 1067
3 4229 4227 4228
3 1071 4228 4227
3 4236 4232 4234
3 1072 4234 4232
3 4240 1075 4242
3 4241 4242 1075
3 4244 1071 4246
3 4227 4246 1071
3 4254 4252 4253
3 1078 4253 4252
3 4258 4256 4240
3 1075 4240 4256
3 1080 4264 4263
3 4265 4263 4264
3 4267 1078 4270
3 4252 4270 1078
3 4276 4277 1072
3 4234 1072 4277
3 1080 4263 4278
3 4280 4278 4263
3 4286 4284 4285
3 1085 4285 4284
3 4289 1086 4292
3 4291 4292 1086
3 4297 4225 4296
3 1073 4296 4225
3 1088 4301 4299
3 4302 4299 4301
3 4308 4275 4307
3 1083 4307 4275
3 4312 4309 3973
3 1011 3973 4309
3 4305 1090 4317
3 4316 4317 1090
3 4318 1019 4320
3 4007 4320 1019
3 4324 1093 4326
3 4325 4326 1093
3 4329 1094 4332
3 4331 4332 1094
3 4073 1038 4337
3 4336 4337 1038
3 4339 1096 4342
3 4341 4342 1096
3 4348 4061 4347
3 1033 4347 4061
3 4352 4349 3811
3 966 3811 4349
3 4357 4345 4356
3 1098 4356 4345
3 977 3851 4358
3 4360 4358 3851
3 4365 1101 4367
3 4366 4367 1101
3 4374 4370 4372
3 1102 4372 4370
3 4378 1105 4380
3 4379 4380 1105
3 4383 1106 4386
3 4385 4386 1106
3 4391 1108 4393
3 4392 4393 1108
3 4395 950 4398
3 3755 4398 950
3 4404 4389 4403
3 1109 4403 4389
3 4408 4405 3795
3 961 3795 4405
3 4415 4413 4414
3 1113 4414 4413
3 4422 4418 4420
3 1114 4420 4418
3 4363 1103 4427
3 4426 4427 1103
3 4429 1117 4432
3 4431 4432 1117
3 4401 1111 4438
3 4437 4438 1111
3 4439 960 4442
3 3791 4442 960
3 4435 1119 4448
3 4447 4448 1119
3 4452 4449 3779
3 957 3779 4449
3 4457 1123 4459
3 4458 4459 1123
3 4466 4462 4464
3 1124 4464 4462
3 4471 4411 4470
3 1115 4470 4411
3 4473 1127 4476
3 4475 4476 1127
3 4482 4445 4481
3 1121 4481 4445
3 3775 4486 956
3 4483 956 4486
3 4492 4479 4491
3 1129 4491 4479
3 4496 4493 3762
3 953 3762 4493
3 4502 4500 4501
3 1133 4501 4500
3 4508 4505 4507
3 1134 4507 4505
3 4513 4455 4512
3 1125 4512 4455
3 4518 4515 4517
3 1136 4517 4515
3 4489 1131 4524
3 4523 4524 1131
3 4525 952 4528
3 3757 4528 952
3 4533 4521 4532
3 1138 4532 4521
3 4536 4534 3741
3 947 3741 4534
3 1149 1148 1142
3 293 1142 1148
3 1156 1154 1155
3 80 1155 1154
3 1164 1163 1158
3 297 1158 1163
3 1170 1169 1150
3 81 1150 1169
3 1177 1176 1171
3 301 1171 1176
3 1184 1182 1183
3 79 1183 1182
3 1190 1189 1185
3 304 1185 1189
3 1196 1194 1195
3 0 1195 1194
3 1204 1203 1198
3 308 1198 1203
3 1210 1209 1165
3 78 1165 1209
3 1218 1217 1212
3 312 1212 1217
3 1224 1223 1205
3 85 1205 1223
3 1231 1230 1225
3 316 1225 1230
3 1238 1236 1237
3 84 1237 1236
3 1243 1242 1239
3 318 1239 1242
3 1248 1247 1178
3 2 1178 1247
3 1250 1256 322
3 1255 322 1256
3 1201 1262 82
3 1261 82 1262
3 1264 1270 326
3 1269 326 1270
3 1257 1276 89
3 1275 89 1276
3 1277 1283 330
3 1282 330 1283
3 1289 1290 88
3 1288 88 1290
3 1291 1295 332
3 1294 332 1295
3 1215 1300 5
3 1299 5 1300
3 1301 1307 336
3 1306 336 1307
3 1313 1314 92
3 1312 92 1314
3 1315 1320 339
3 1319 339 1320
3 1308 1326 93
3 1325 93 1326
3 1327 1333 343
3 1332 343 1333
3 1339 1340 91
3 1338 91 1340
3 1341 1346 346
3 1345 346 1346
3 1352 1350 1351
3 6 1351 1350
3 1354 1360 350
3 1359 350 1360
3 1343 1366 92
3 1365 92 1366
3 1368 1375 354
3 1374 354 1375
3 1358 94 1380
3 1379 1380 94
3 358 1382 1388
3 1389 1388 1382
3 95 1393 1373
3 1394 1373 1393
3 1400 361 1401
3 1395 1401 361
3 1387 96 1406
3 1405 1406 96
3 1411 1410 1407
3 362 1407 1410
3 1414 1399 1219
3 83 1219 1399
3 1416 1423 367
3 1422 367 1423
3 1429 1430 101
3 1428 101 1430
3 1437 371 1438
3 1432 1438 371
3 1424 1444 102
3 1443 102 1444
3 375 1445 1450
3 1451 1450 1445
3 1458 1456 1457
3 100 1457 1456
3 1464 1463 1459
3 378 1459 1463
3 1470 1468 1469
3 16 1469 1468
3 1475 381 1476
3 1471 1476 381
3 1439 1482 99
3 1481 99 1482
3 1487 384 1488
3 1483 1488 384
3 1493 105 1494
3 1477 1494 105
3 1495 1501 388
3 1500 388 1501
3 1507 1508 104
3 1506 104 1508
3 1509 1513 390
3 1512 390 1513
3 1452 1518 17
3 1517 17 1518
3 1520 1526 394
3 1525 394 1526
3 1506 1532 104
3 1531 104 1532
3 1534 1540 398
3 1539 398 1540
3 1527 1546 108
3 1545 108 1546
3 1553 1552 1547
3 401 1547 1552
3 1558 1465 1557
3 100 1557 1465
3 1559 1563 402
3 1562 402 1563
3 1517 1566 17
3 1453 17 1566
3 1575 1574 1568
3 407 1568 1574
3 111 1581 1580
3 1582 1580 1581
3 1590 1589 1584
3 411 1584 1589
3 1596 1595 1576
3 112 1576 1595
3 1603 1602 1597
3 414 1597 1602
3 79 1607 1191
3 1608 1191 1607
3 416 1609 1613
3 1614 1613 1609
3 2 1617 1179
3 1618 1179 1617
3 421 1620 1626
3 1627 1626 1620
3 1633 1634 114
3 1632 114 1634
3 424 1636 1640
3 1641 1640 1636
3 115 1628 1645
3 1646 1645 1628
3 426 1647 1651
3 1652 1651 1647
3 84 1655 1244
3 1656 1244 1655
3 428 1657 1661
3 1662 1661 1657
3 4 1665 1233
3 1666 1233 1665
3 1675 1674 1668
3 433 1668 1674
3 1682 1680 1681
3 119 1681 1680
3 1690 1689 1684
3 437 1684 1689
3 1696 1695 1676
3 120 1676 1695
3 1703 1702 1697
3 441 1697 1702
3 1710 1708 1709
3 118 1709 1708
3 1716 1715 1711
3 444 1711 1715
3 6 1721 1720
3 1722 1720 1721
3 449 1724 1730
3 1731 1730 1724
3 1738 1736 1737
3 122 1737 1736
3 452 1740 1744
3 1745 1744 1740
3 1749 123 1750
3 1732 1750 123
3 1756 1755 1751
3 454 1751 1755
3 1760 1347 1759
3 91 1759 1347
3 1765 456 1766
3 1761 1766 456
3 1769 1770 10
3 1335 10 1770
3 461 1772 1778
3 1779 1778 1772
3 126 1785 1784
3 1786 1784 1785
3 465 1788 1793
3 1794 1793 1788
3 127 1780 1799
3 1800 1799 1780
3 468 1801 1806
3 1807 1806 1801
3 77 1811 1157
3 1812 1157 1811
3 470 1813 1817
3 1818 1817 1813
3 1 1821 1141
3 1822 1141 1821
3 474 1824 1829
3 1830 1829 1824
3 1836 1835 1795
3 125 1795 1835
3 1843 478 1844
3 1838 1844 478
3 130 1831 1849
3 1850 1849 1831
3 1851 1857 481
3 1856 481 1857
3 1861 1862 86
3 1263 86 1862
3 1867 1866 1863
3 482 1863 1866
3 3 1808 1249
3 1870 1249 1808
3 1877 486 1878
3 1872 1878 486
3 1845 1884 129
3 1883 129 1884
3 1891 490 1892
3 1886 1892 490
3 1879 1898 133
3 1897 133 1898
3 1899 1905 493
3 1904 493 1905
3 1909 1910 87
3 1281 87 1910
3 1911 1915 494
3 1914 494 1915
3 1858 1918 8
3 1268 8 1918
3 498 1920 1925
3 1926 1925 1920
3 1931 132 1932
3 1893 1932 132
3 501 1934 1938
3 1939 1938 1934
3 135 1927 1943
3 1944 1943 1927
3 1950 1949 1945
3 503 1945 1949
3 1954 1331 1953
3 90 1953 1331
3 1959 1958 1955
3 504 1955 1958
3 1962 1318 1906
3 9 1906 1318
3 508 1963 1968
3 1969 1968 1963
3 1975 1976 137
3 1974 137 1976
3 510 1977 1981
3 1982 1981 1977
3 1967 114 1986
3 1659 1986 114
3 1987 1992 512
3 1991 512 1992
3 1386 1996 96
3 1980 96 1996
3 2004 2003 1998
3 515 1998 2003
3 2008 1990 1420
3 98 1420 1990
3 2015 518 2016
3 2010 2016 518
3 2019 2020 136
3 2002 136 2020
3 2021 2026 521
3 2025 521 2026
3 1357 2032 94
3 2031 94 2032
3 2034 2040 524
3 2039 524 2040
3 1708 2044 118
3 2024 118 2044
3 2050 2049 2045
3 526 2045 2049
3 2054 2038 2053
3 139 2053 2038
3 2063 2062 2056
3 531 2056 2062
3 2070 2068 2069
3 144 2069 2068
3 2078 2077 2072
3 535 2072 2077
3 2084 2083 2064
3 145 2064 2083
3 2091 2090 2085
3 539 2085 2090
3 2098 2096 2097
3 143 2097 2096
3 2104 2103 2099
3 542 2099 2103
3 2110 2108 2109
3 31 2109 2108
3 547 2112 2118
3 2119 2118 2112
3 149 2125 2124
3 2126 2124 2125
3 551 2128 2133
3 2134 2133 2128
3 150 2120 2139
3 2140 2139 2120
3 555 2141 2146
3 2147 2146 2141
3 2153 2154 148
3 2152 148 2154
3 558 2155 2159
3 2160 2159 2155
3 42 2165 2164
3 2166 2164 2165
3 2168 2175 563
3 2174 563 2175
3 2181 2182 154
3 2180 154 2182
3 567 2184 2189
3 2190 2189 2184
3 2176 2196 155
3 2195 155 2196
3 2197 2203 571
3 2202 571 2203
3 2209 2210 153
3 2208 153 2210
3 2211 2216 574
3 2215 574 2216
3 2221 2222 43
3 2220 43 2222
3 2230 2229 2224
3 578 2224 2229
3 147 2135 2235
3 2236 2235 2135
3 2238 2244 582
3 2243 582 2244
3 2250 2249 2231
3 159 2231 2249
3 2257 2256 2251
3 586 2251 2256
3 2264 2262 2263
3 158 2263 2262
3 588 2266 2270
3 2271 2270 2266
3 159 2253 2232
3 2274 2232 2253
3 2282 2281 2276
3 592 2276 2281
3 2288 2287 2245
3 157 2245 2287
3 2294 595 2295
3 2290 2295 595
3 2299 162 2300
3 2283 2300 162
3 2301 2306 598
3 2305 598 2306
3 2311 2312 161
3 2310 161 2312
3 2313 2317 600
3 2316 600 2317
3 2322 2321 2258
3 40 2258 2321
3 2323 2329 604
3 2328 604 2329
3 164 2335 2334
3 2336 2334 2335
3 2337 2341 606
3 2340 606 2341
3 2330 2346 165
3 2345 165 2346
3 609 2347 2351
3 2352 2351 2347
3 2358 2356 2357
3 163 2357 2356
3 2364 2363 2359
3 612 2359 2363
3 2370 2368 2369
3 44 2369 2368
3 2376 616 2377
3 2371 2377 616
3 167 2383 2382
3 2384 2382 2383
3 2392 2391 2386
3 619 2386 2391
3 2396 2375 2361
3 164 2361 2375
3 2397 2403 622
3 2402 622 2403
3 2407 2408 166
3 2390 166 2408
3 2410 2415 624
3 2414 624 2415
3 1502 2418 14
3 1519 14 2418
3 2420 2425 626
3 2424 626 2425
3 1489 2428 103
3 2409 103 2428
3 2430 2436 630
3 2435 630 2436
3 2356 2442 163
3 2441 163 2442
3 2444 2449 633
3 2448 633 2449
3 2453 170 2454
3 2437 2454 170
3 2460 2459 2455
3 635 2455 2459
3 2464 2450 1461
3 101 1461 2450
3 637 2465 2469
3 2470 2469 2465
3 107 1541 2458
3 2474 2458 1541
3 2479 2478 2475
3 638 2475 2478
3 2468 166 2482
3 2389 2482 166
3 2490 2489 2484
3 642 2484 2489
3 2496 2495 2208
3 153 2208 2495
3 2505 2504 2498
3 646 2498 2504
3 2509 2510 171
3 2488 171 2510
3 2511 2517 649
3 2516 649 2517
3 2521 2522 172
3 2503 172 2522
3 2528 651 2529
3 2524 2529 651
3 2532 1997 2447
3 12 2447 1997
3 2533 2537 652
3 2536 652 2537
3 2523 169 2540
3 2433 2540 169
3 2542 2549 657
3 2548 657 2549
3 2554 176 2556
3 2555 2556 176
3 2562 660 2563
3 2557 2563 660
3 2568 2547 2567
3 174 2567 2547
3 2576 2575 2570
3 663 2570 2575
3 2561 156 2580
3 2227 2580 156
3 2581 2587 666
3 2586 666 2587
3 2591 2592 175
3 2574 175 2592
3 2599 2598 2594
3 668 2594 2598
3 2602 2585 1691
3 117 1691 2585
3 2603 2609 672
3 2608 672 2609
3 2615 2616 178
3 2614 178 2616
3 2621 2620 2617
3 674 2617 2620
3 179 2610 2625
3 2626 2625 2610
3 2627 2632 676
3 2631 676 2632
3 2567 174 2636
3 2635 2636 174
3 2641 678 2642
3 2637 2642 678
3 2541 25 2646
3 2645 2646 25
3 2652 2651 2647
3 681 2647 2651
3 2658 2657 2037
3 139 2037 2657
3 683 2659 2662
3 2663 2662 2659
3 2668 2667 2653
3 180 2653 2667
3 2669 2674 685
3 2673 685 2674
3 2677 2678 167
3 2383 167 2678
3 2683 2682 2679
3 686 2679 2682
3 2686 2419 2047
3 11 2047 2419
3 690 2688 2693
3 2694 2693 2688
3 2700 2699 2152
3 148 2152 2699
3 2702 2707 693
3 2706 693 2707
3 183 2695 2711
3 2712 2711 2695
3 2718 2717 2713
3 696 2713 2717
3 182 2723 2722
3 2724 2722 2723
3 2729 2728 2725
3 698 2725 2728
3 2734 2733 2164
3 42 2164 2733
3 2736 2742 702
3 2741 702 2742
3 2262 2748 158
3 2747 158 2748
3 2750 2755 705
3 2754 705 2755
3 2743 2760 185
3 2759 185 2760
3 2766 2765 2761
3 707 2761 2765
3 181 2769 2701
3 2770 2701 2769
3 708 2771 2774
3 2775 2774 2771
3 2269 2778 37
3 2687 37 2778
3 2780 2786 712
3 2785 712 2786
3 161 2310 2791
3 2792 2791 2310
3 2798 715 2799
3 2794 2799 715
3 2787 2804 187
3 2803 187 2804
3 2810 2809 2805
3 717 2805 2809
3 2813 2814 184
3 2749 184 2814
3 718 2815 2818
3 2819 2818 2815
3 2321 2822 40
3 2735 40 2822
3 2823 2828 721
3 2827 721 2828
3 2172 2834 151
3 2833 151 2834
3 2835 2839 723
3 2838 723 2839
3 2829 2844 188
3 2843 188 2844
3 2850 2849 2845
3 725 2845 2849
3 186 2853 2793
3 2854 2793 2853
3 2855 2859 726
3 2858 726 2859
3 2187 2862 35
3 2779 35 2862
3 731 2864 2870
3 2871 2870 2864
3 192 2877 2876
3 2878 2876 2877
3 735 2880 2885
3 2886 2885 2880
3 193 2872 2891
3 2892 2891 2872
3 739 2893 2898
3 2899 2898 2893
3 191 2905 2904
3 2906 2904 2905
3 742 2907 2911
3 2912 2911 2907
3 2918 2916 2917
3 48 2917 2916
3 2925 2924 2919
3 746 2919 2924
3 2932 2930 2931
3 196 2931 2930
3 749 2933 2937
3 2938 2937 2933
3 197 2926 2943
3 2944 2943 2926
3 753 2945 2950
3 2951 2950 2945
3 195 2957 2956
3 2958 2956 2957
3 2964 2963 2959
3 756 2959 2963
3 2970 2968 2969
3 50 2969 2968
3 2971 2977 760
3 2976 760 2977
3 2983 2984 200
3 2982 200 2984
3 2985 2990 763
3 2989 763 2990
3 2978 2996 201
3 2995 201 2996
3 2997 3003 767
3 3002 767 3003
3 3009 3010 199
3 3008 199 3010
3 3011 3016 770
3 3015 770 3016
3 3021 3022 53
3 3020 53 3022
3 3024 3030 774
3 3029 774 3030
3 2991 3036 198
3 3035 198 3036
3 3044 3043 3038
3 778 3038 3043
3 3031 3050 205
3 3049 205 3050
3 3051 3057 782
3 3056 782 3057
3 3063 3064 204
3 3062 204 3064
3 3065 3069 784
3 3068 784 3069
3 3004 3074 54
3 3073 54 3074
3 3075 3081 788
3 3080 788 3081
3 3086 208 3088
3 3087 3088 208
3 3094 3093 3089
3 790 3089 3093
3 3098 3079 3027
3 202 3027 3079
3 3105 793 3106
3 3100 3106 793
3 3092 195 3110
3 2956 3110 195
3 3119 3118 3112
3 797 3112 3118
3 3124 3104 3123
3 206 3123 3104
3 3131 800 3132
3 3126 3132 800
3 3135 3136 207
3 3117 207 3136
3 3138 3145 805
3 3144 805 3145
3 3151 3152 213
3 3150 213 3152
3 809 3154 3159
3 3160 3159 3154
3 3166 3165 3146
3 214 3146 3165
3 3173 3172 3167
3 813 3167 3172
3 3179 3180 212
3 3178 212 3180
3 3185 816 3186
3 3181 3186 816
3 3191 3192 58
3 3190 58 3192
3 3193 3198 819
3 3197 819 3198
3 3203 207 3204
3 3116 3204 207
3 3205 3210 822
3 3209 822 3210
3 3199 3216 217
3 3215 217 3216
3 3217 3223 826
3 3222 826 3223
3 3229 3230 216
3 3228 216 3230
3 3234 828 3235
3 3231 3235 828
3 56 3128 3239
3 3240 3239 3128
3 3241 3247 832
3 3246 832 3247
3 3253 3254 219
3 3252 219 3254
3 3255 3259 834
3 3258 834 3259
3 3248 3264 220
3 3263 220 3264
3 3270 3269 3265
3 837 3265 3269
3 3275 3276 218
3 3274 218 3276
3 3277 3282 840
3 3281 840 3282
3 3286 60 3288
3 3287 3288 60
3 3296 3295 3290
3 844 3290 3295
3 109 1572 3301
3 3302 3301 1572
3 3309 3308 3304
3 847 3304 3308
3 223 3297 3313
3 3314 3313 3297
3 3320 3319 3315
3 850 3315 3319
3 3326 3324 3325
3 222 3325 3324
3 852 3327 3330
3 3331 3330 3327
3 26 1587 3335
3 3336 3335 1587
3 3344 3343 3338
3 856 3338 3343
3 3350 3349 1624
3 113 1624 3349
3 3357 3356 3352
3 859 3352 3356
3 3362 3361 3345
3 225 3345 3361
3 3368 3367 3363
3 861 3363 3367
3 3372 3303 3371
3 221 3371 3303
3 3377 3376 3373
3 862 3373 3376
3 3380 3289 1639
3 27 1639 3289
3 3388 3387 3382
3 866 3382 3387
3 3394 3393 1672
3 116 1672 3393
3 3402 3401 3396
3 870 3396 3401
3 3408 3407 3389
3 229 3389 3407
3 3415 3414 3409
3 874 3409 3414
3 3422 3420 3421
3 228 3421 3420
3 3427 3426 3423
3 876 3423 3426
3 3432 3431 1687
3 24 1687 3431
3 880 3434 3439
3 3440 3439 3434
3 1728 3446 121
3 3445 121 3446
3 3448 3453 883
3 3452 883 3453
3 3457 231 3458
3 3441 3458 231
3 3464 3463 3459
3 885 3459 3463
3 3468 3395 3467
3 226 3467 3395
3 3473 3472 3469
3 886 3469 3472
3 3476 3381 1743
3 18 1743 3381
3 3484 3483 3478
3 890 3478 3483
3 124 1776 3489
3 3490 3489 1776
3 3497 3496 3492
3 893 3492 3496
3 3502 3501 3485
3 234 3485 3501
3 3508 3507 3503
3 896 3503 3507
3 3514 3512 3513
3 233 3513 3512
3 3519 3518 3515
3 898 3515 3518
3 21 1791 3523
3 3524 3523 1791
3 3530 3529 3525
3 901 3525 3529
3 128 1827 3535
3 3536 3535 1827
3 3541 3540 3537
3 903 3537 3540
3 3546 3545 3531
3 236 3531 3545
3 3547 3552 906
3 3551 906 3552
3 3557 3558 235
3 3556 235 3558
3 3562 908 3563
3 3559 3563 908
3 3567 22 3568
3 1841 3568 22
3 3569 3574 911
3 3573 911 3574
3 3579 131 3580
3 1875 3580 131
3 3581 3585 913
3 3584 913 3585
3 3575 3590 238
3 3589 238 3590
3 3591 3596 916
3 3595 916 3596
3 3600 237 3602
3 3601 3602 237
3 3606 918 3607
3 3603 3607 918
3 3611 23 3612
3 1889 3612 23
3 3618 3617 3613
3 921 3613 3617
3 3624 3623 1923
3 134 1923 3623
3 3629 3628 3625
3 923 3625 3628
3 3634 3633 3619
3 239 3619 3633
3 3640 3639 3635
3 925 3635 3639
3 230 3643 3447
3 3644 3447 3643
3 3649 3648 3645
3 926 3645 3648
3 3652 3433 1937
3 19 1937 3433
3 3658 3657 3653
3 929 3653 3657
3 3664 3663 3341
3 224 3341 3663
3 3666 3672 932
3 3671 932 3672
3 3656 137 3676
3 2014 3676 137
3 3683 3682 3677
3 935 3677 3682
3 3688 3670 3687
3 240 3687 3670
3 3689 3694 937
3 3693 937 3694
3 3183 3698 213
3 3681 213 3698
3 3702 938 3703
3 3699 3703 938
3 3706 3692 3103
3 206 3103 3692
3 3707 3712 941
3 3711 941 3712
3 3403 3718 227
3 3717 227 3718
3 3726 3725 3720
3 944 3720 3725
3 3730 3710 3130
3 208 3130 3710
3 3735 946 3736
3 3731 3736 946
3 3739 3740 242
3 3724 242 3740
3 3749 3748 3742
3 951 3742 3748
3 247 3755 3754
3 3756 3754 3755
3 3764 3763 3758
3 955 3758 3763
3 3770 3769 3750
3 248 3750 3769
3 3777 3776 3771
3 959 3771 3776
3 3784 3782 3783
3 246 3783 3782
3 3790 3789 3785
3 962 3785 3789
3 3796 3794 3795
3 64 3795 3794
3 3805 3804 3798
3 967 3798 3804
3 3812 3810 3811
3 252 3811 3810
3 3820 3819 3814
3 971 3814 3819
3 3826 3825 3806
3 253 3806 3825
3 3827 3833 975
3 3832 975 3833
3 3840 3838 3839
3 251 3839 3838
3 3846 3845 3841
3 978 3841 3845
3 3852 3850 3851
3 70 3851 3850
3 3854 3861 983
3 3860 983 3861
3 3868 3866 3867
3 257 3867 3866
3 3870 3876 987
3 3875 987 3876
3 3862 3882 258
3 3881 258 3882
3 3883 3889 991
3 3888 991 3889
3 3895 3896 256
3 3894 256 3896
3 3897 3902 994
3 3901 994 3902
3 3908 3906 3907
3 67 3907 3906
3 998 3909 3914
3 3915 3914 3909
3 261 3921 3920
3 3922 3920 3921
3 3930 3929 3924
3 1001 3924 3929
3 3934 3835 3933
3 69 3933 3835
3 1005 3935 3940
3 3941 3940 3935
3 260 3947 3946
3 3948 3946 3947
3 3954 3953 3949
3 1008 3949 3953
3 3959 3960 71
3 3958 71 3960
3 1012 3961 3966
3 3967 3966 3961
3 3973 3974 264
3 3972 264 3974
3 1015 3975 3979
3 3980 3979 3975
3 3968 3986 265
3 3985 265 3986
3 3987 3993 1018
3 3992 1018 3993
3 3903 256 3998
3 3997 3998 256
3 4003 1020 4004
3 3999 4004 1020
3 3891 68 4008
3 4007 4008 68
3 4010 4016 1024
3 4015 1024 4016
3 3802 4022 249
3 4021 249 4022
3 4030 4029 4024
3 1028 4024 4029
3 4036 4035 4017
3 268 4017 4035
3 4043 4042 4037
3 1031 4037 4042
3 4047 4048 254
3 3869 254 4048
3 4049 4053 1032
3 4052 1032 4053
3 3817 4056 74
3 3853 74 4056
3 4063 1036 4064
3 4058 4064 1036
3 4013 4070 266
3 4069 266 4070
3 4071 4077 1039
3 4076 1039 4077
3 4081 4082 269
3 4062 269 4082
3 4084 4089 1041
3 4088 1041 4089
3 3243 4092 59
3 3225 59 4092
3 4094 4100 1044
3 4099 1044 4100
3 3279 4104 219
3 4083 219 4104
3 4110 4109 4105
3 1046 4105 4109
3 4114 4098 4113
3 270 4113 4098
3 4115 4121 1050
3 4120 1050 4121
3 4126 272 4128
3 4127 4128 272
3 4134 4133 4129
3 1052 4129 4133
3 4138 4119 4031
3 267 4031 4119
3 4144 4143 4139
3 1054 4139 4143
3 4148 4132 4097
3 270 4097 4132
3 1056 4149 4153
3 4154 4153 4149
3 4158 4142 3274
3 218 3274 4142
3 4163 1058 4164
3 4159 4164 1058
3 4167 4168 57
3 3137 57 4168
3 4175 4174 4169
3 1062 4169 4174
3 4182 4180 4181
3 274 4181 4180
3 4183 4188 1064
3 4187 1064 4188
3 3877 4192 255
3 4173 255 4192
3 4194 4199 1066
3 4198 1066 4199
3 4202 4167 3679
3 57 3679 4167
3 4203 4208 1068
3 4207 1068 4208
3 3669 4212 240
3 4193 240 4212
3 4218 1070 4219
3 4214 4219 1070
3 4222 4206 2502
3 172 2502 4206
3 4223 4229 1074
3 4228 1074 4229
3 4235 4236 277
3 4234 277 4236
3 4242 4241 4237
3 1076 4237 4241
3 4246 4227 2597
3 176 2597 4227
3 4248 4254 1079
3 4253 1079 4254
3 3420 4258 228
3 4240 228 4258
3 1082 4259 4264
3 4265 4264 4259
3 4270 4252 4269
3 276 4269 4252
3 1084 4272 4276
3 4277 4276 4272
3 4263 261 4280
3 3951 4280 261
3 4281 4286 1087
3 4285 1087 4286
3 4217 4292 274
3 4291 274 4292
3 4296 1089 4297
3 4293 4297 1089
3 4287 4302 279
3 4301 279 4302
3 4303 4308 1091
3 4307 1091 4308
3 4312 3973 4311
3 264 4311 3973
3 4317 4316 4313
3 1092 4313 4316
3 4320 4007 4171
3 68 4171 4007
3 4326 4325 4321
3 1095 4321 4325
3 4332 4331 4251
3 276 4251 4331
3 4337 4336 4333
3 1097 4333 4336
3 4342 4341 4327
3 280 4327 4341
3 4343 4348 1099
3 4347 1099 4348
3 4351 4352 252
3 3811 252 4352
3 4357 4356 4353
3 1100 4353 4356
3 4360 3851 4261
3 70 4261 3851
3 4367 4366 4361
3 1104 4361 4366
3 4374 4372 4373
3 282 4373 4372
3 4380 4379 4375
3 1107 4375 4379
3 4386 4385 4368
3 283 4368 4385
3 4393 4392 4387
3 1110 4387 4392
3 4398 3755 4397
3 247 4397 3755
3 4399 4404 1112
3 4403 1112 4404
3 4407 4408 64
3 3795 64 4408
3 4409 4415 1116
3 4414 1116 4415
3 4421 4422 284
3 4420 284 4422
3 4423 4427 1118
3 4426 1118 4427
3 4432 4431 4416
3 285 4416 4431
3 4438 4437 4433
3 1120 4433 4437
3 4442 3791 4441
3 246 4441 3791
3 4443 4448 1122
3 4447 1122 4448
3 4451 4452 65
3 3779 65 4452
3 4459 4458 4453
3 1126 4453 4458
3 4466 4464 4465
3 286 4465 4464
3 4471 4470 4467
3 1128 4467 4470
3 4460 4476 287
3 4475 287 4476
3 4477 4482 1130
3 4481 1130 4482
3 4485 4486 245
3 3775 245 4486
3 4487 4492 1132
3 4491 1132 4492
3 4495 4496 63
3 3762 63 4496
3 4497 4502 1135
3 4501 1135 4502
3 4381 4508 281
3 4507 281 4508
3 4509 4513 1137
3 4512 1137 4513
3 4503 4518 288
3 4517 288 4518
3 4524 4523 4519
3 1139 4519 4523
3 4528 3757 4527
3 244 4527 3757
3 4529 4533 1140
3 4532 1140 4533
3 4394 4536 66
3 3741 66 4536
3 1144 1 1145
3 1141 1145 1
3 1148 1153 293
3 1152 293 1153
3 1157 1160 77
3 1147 77 1160
3 1163 1168 297
3 1167 297 1168
3 1169 1174 81
3 1173 81 1174
3 1176 1181 301
3 1180 301 1181
3 1154 1188 80
3 1187 80 1188
3 1189 1193 304
3 1192 304 1193
3 3 1197 1162
3 1200 1162 1197
3 1203 1208 308
3 1207 308 1208
3 1211 1214 82
3 1202 82 1214
3 1217 1222 312
3 1221 312 1222
3 1223 1228 85
3 1227 85 1228
3 1230 1235 316
3 1234 316 1235
3 1209 1241 78
3 1175 78 1241
3 1242 1246 318
3 1245 318 1246
3 3 1249 1197
3 1252 1197 1249
3 322 1255 1259
3 1260 1259 1255
3 86 1263 1254
3 1266 1254 1263
3 326 1269 1273
3 1274 1273 1269
3 89 1275 1279
3 1280 1279 1275
3 330 1282 1286
3 1287 1286 1282
3 82 1261 1211
3 1293 1211 1261
3 332 1294 1297
3 1298 1297 1294
3 5 1299 1303
3 1304 1303 1299
3 336 1306 1310
3 1311 1310 1306
3 88 1288 1305
3 1317 1305 1288
3 339 1319 1323
3 1324 1323 1319
3 93 1325 1329
3 1330 1329 1325
3 343 1332 1336
3 1337 1336 1332
3 92 1312 1343
3 1344 1343 1312
3 1345 1349 346
3 1348 346 1349
3 6 1353 1351
3 1356 1351 1353
3 350 1359 1363
3 1364 1363 1359
3 11 1367 1370
3 1371 1370 1367
3 1378 1377 1374
3 354 1374 1377
3 1384 13 1385
3 1381 1385 13
3 1392 1391 1388
3 358 1388 1391
3 1398 1397 1232
3 4 1232 1397
3 1404 1403 1400
3 361 1400 1403
3 1303 1409 5
3 1216 5 1409
3 1410 1413 362
3 1412 362 1413
3 12 1415 1418
3 1419 1418 1415
3 367 1422 1426
3 1427 1426 1422
3 98 1431 1421
3 1434 1421 1431
3 1442 1441 1437
3 371 1437 1441
3 1447 102 1448
3 1443 1448 102
3 1450 1455 375
3 1454 375 1455
3 1428 1462 101
3 1461 101 1462
3 1463 1467 378
3 1466 378 1467
3 1473 1436 1384
3 13 1384 1436
3 1480 1479 1475
3 381 1475 1479
3 1485 1474 1372
3 95 1372 1474
3 1492 1491 1487
3 384 1487 1491
3 105 1493 1497
3 1498 1497 1493
3 388 1500 1504
3 1505 1504 1500
3 99 1481 1449
3 1511 1449 1481
3 390 1512 1515
3 1516 1515 1512
3 1522 1503 1519
3 14 1519 1503
3 394 1525 1529
3 1530 1529 1525
3 106 1533 1524
3 1536 1524 1533
3 398 1539 1543
3 1544 1543 1539
3 108 1545 1549
3 1550 1549 1545
3 1552 1556 401
3 1555 401 1556
3 104 1531 1514
3 1561 1514 1531
3 402 1562 1564
3 1565 1564 1562
3 1570 27 1571
3 1567 1571 27
3 1574 1579 407
3 1578 407 1579
3 1583 1586 109
3 1573 109 1586
3 1589 1594 411
3 1593 411 1594
3 1595 1600 112
3 1599 112 1600
3 1602 1606 414
3 1605 414 1606
3 1611 111 1612
3 1580 1612 111
3 1615 416 1616
3 1613 1616 416
3 1622 28 1623
3 1619 1623 28
3 1630 421 1631
3 1626 1631 421
3 1625 113 1638
3 1635 1638 113
3 1643 424 1644
3 1640 1644 424
3 1649 115 1650
3 1645 1650 115
3 1653 426 1654
3 1651 1654 426
3 114 1632 1659
3 1660 1659 1632
3 1663 428 1664
3 1661 1664 428
3 18 1667 1670
3 1671 1670 1667
3 1674 1679 433
3 1678 433 1679
3 1673 116 1686
3 1683 1686 116
3 1689 1694 437
3 1693 437 1694
3 1695 1700 120
3 1699 120 1700
3 1702 1707 441
3 1706 441 1707
3 1680 1714 119
3 1713 119 1714
3 1715 1719 444
3 1718 444 1719
3 1726 19 1727
3 1723 1727 19
3 1730 1735 449
3 1734 449 1735
3 121 1739 1729
3 1742 1729 1739
3 1747 452 1748
3 1744 1748 452
3 1754 1753 1749
3 123 1749 1753
3 1758 1757 1755
3 454 1755 1757
3 1736 1764 122
3 1763 122 1764
3 456 1765 1767
3 1768 1767 1765
3 1771 1775 20
3 1774 20 1775
3 1782 461 1783
3 1778 1783 461
3 1787 1790 124
3 1777 124 1790
3 1797 465 1798
3 1793 1798 465
3 1803 127 1804
3 1799 1804 127
3 1806 1810 468
3 1809 468 1810
3 1815 126 1816
3 1784 1816 126
3 1819 470 1820
3 1817 1820 470
3 1823 1826 21
3 1792 21 1826
3 1829 1834 474
3 1833 474 1834
3 1837 1840 128
3 1828 128 1840
3 1848 1847 1843
3 478 1843 1847
3 1853 130 1854
3 1849 1854 130
3 481 1856 1859
3 1860 1859 1856
3 1835 1865 125
3 1805 125 1865
3 1869 1868 1866
3 482 1866 1868
3 1874 1842 1871
3 22 1871 1842
3 486 1877 1881
3 1882 1881 1877
3 1888 1876 1885
3 131 1885 1876
3 1896 1895 1891
3 490 1891 1895
3 133 1897 1901
3 1902 1901 1897
3 493 1904 1907
3 1908 1907 1904
3 129 1883 1855
3 1913 1855 1883
3 494 1914 1916
3 1917 1916 1914
3 1922 1890 1919
3 23 1919 1890
3 1929 498 1930
3 1925 1930 498
3 1924 134 1936
3 1933 1936 134
3 1941 501 1942
3 1938 1942 501
3 1943 1948 135
3 1947 135 1948
3 1949 1952 503
3 1951 503 1952
3 1957 1903 1931
3 132 1931 1903
3 1958 1961 504
3 1960 504 1961
3 1965 28 1966
3 1622 1966 28
3 1968 1973 508
3 1972 508 1973
3 1397 1979 4
3 1665 4 1979
3 1985 1984 1981
3 510 1981 1984
3 13 1435 1381
3 1989 1381 1435
3 512 1991 1994
3 1995 1994 1991
3 1997 2000 12
3 1415 12 2000
3 2003 2007 515
3 2006 515 2007
3 2013 2012 2009
3 29 2009 2012
3 518 2015 2017
3 2018 2017 2015
3 6 1720 1353
3 2023 1353 1720
3 521 2025 2029
3 2030 2029 2025
3 7 2033 1705
3 2036 1705 2033
3 524 2039 2042
3 2043 2042 2039
3 1370 2048 11
3 2047 11 2048
3 2049 2052 526
3 2051 526 2052
3 2059 2058 2055
3 34 2055 2058
3 2062 2067 531
3 2066 531 2067
3 2071 2074 141
3 2061 141 2074
3 2077 2082 535
3 2081 535 2082
3 2083 2088 145
3 2087 145 2088
3 539 2090 2094
3 2095 2094 2090
3 2068 2102 144
3 2101 144 2102
3 2103 2107 542
3 2106 542 2107
3 2111 2115 41
3 2114 41 2115
3 2122 547 2123
3 2118 2123 547
3 2127 2130 146
3 2117 146 2130
3 2137 551 2138
3 2133 2138 551
3 2143 150 2144
3 2139 2144 150
3 555 2146 2150
3 2151 2150 2146
3 2157 149 2158
3 2124 2158 149
3 2163 2162 2159
3 558 2159 2162
3 42 2167 2170
3 2171 2170 2167
3 563 2174 2178
3 2179 2178 2174
3 2173 151 2186
3 2183 2186 151
3 567 2189 2193
3 2194 2193 2189
3 155 2195 2199
3 2200 2199 2195
3 571 2202 2206
3 2207 2206 2202
3 154 2180 2213
3 2214 2213 2180
3 574 2215 2218
3 2219 2218 2215
3 38 2223 2132
3 2226 2132 2223
3 2229 2234 578
3 2233 578 2234
3 156 2237 2228
3 2240 2228 2237
3 2247 582 2248
3 2243 2248 582
3 2249 2254 159
3 2253 159 2254
3 2256 2261 586
3 2260 586 2261
3 2265 2268 158
3 2263 158 2268
3 2272 588 2273
3 2270 2273 588
3 2275 2278 39
3 2242 39 2278
3 2281 2286 592
3 2285 592 2286
3 2292 2280 2289
3 160 2289 2280
3 2298 2297 2294
3 595 2294 2297
3 162 2299 2303
3 2304 2303 2299
3 2305 2309 598
3 2308 598 2309
3 2287 2315 157
3 2255 157 2315
3 600 2316 2319
3 2320 2319 2316
3 41 2114 2325
3 2326 2325 2114
3 604 2328 2332
3 2333 2332 2328
3 149 2157 2327
3 2339 2327 2157
3 606 2340 2343
3 2344 2343 2340
3 2350 2349 2345
3 165 2345 2349
3 2354 609 2355
3 2351 2355 609
3 2334 2362 164
3 2361 164 2362
3 2363 2367 612
3 2366 612 2367
3 2325 2374 41
3 2373 41 2374
3 616 2376 2380
3 2381 2380 2376
3 2385 2388 44
3 2369 44 2388
3 2391 2395 619
3 2394 619 2395
3 2400 2399 1537
3 15 1537 2399
3 622 2402 2405
3 2406 2405 2402
3 103 2409 1499
3 2412 1499 2409
3 624 2414 2416
3 2417 2416 2414
3 11 2419 1486
3 2422 1486 2419
3 626 2424 2426
3 2427 2426 2424
3 43 2429 2353
3 2432 2353 2429
3 630 2435 2439
3 2440 2439 2435
3 2446 2434 2443
3 169 2443 2434
3 2452 2451 2448
3 633 2448 2451
3 1554 2457 16
3 1469 16 2457
3 2459 2463 635
3 2462 635 2463
3 2399 2467 15
3 1538 15 2467
3 2473 2472 2469
3 637 2469 2472
3 2385 44 2477
3 2368 2477 44
3 2478 2481 638
3 2480 638 2481
3 2483 2486 36
3 2205 36 2486
3 2489 2494 642
3 2493 642 2494
3 2497 2501 30
3 2500 30 2501
3 2504 2508 646
3 2507 646 2508
3 29 2012 2513
3 2514 2513 2012
3 649 2516 2519
3 2520 2519 2516
3 2526 2443 2523
3 169 2523 2443
3 2531 2530 2528
3 651 2528 2530
3 43 2220 2429
3 2535 2429 2220
3 652 2536 2538
3 2539 2538 2536
3 2545 2544 2541
3 25 2541 2544
3 657 2548 2552
3 2553 2552 2548
3 2560 2559 2241
3 39 2241 2559
3 2566 2565 2562
3 660 2562 2565
3 2569 2572 38
3 2223 38 2572
3 2575 2579 663
3 2578 663 2579
3 7 1704 2583
3 2584 2583 1704
3 666 2586 2589
3 2590 2589 2586
3 2593 2596 24
3 1688 24 2596
3 2598 2601 668
3 2600 668 2601
3 30 2500 2605
3 2606 2605 2500
3 672 2608 2612
3 2613 2612 2608
3 2487 2619 171
3 2607 171 2619
3 2620 2624 674
3 2623 674 2624
3 179 2625 2629
3 2630 2629 2625
3 676 2631 2633
3 2634 2633 2631
3 2640 2639 2614
3 178 2614 2639
3 678 2641 2643
3 2644 2643 2641
3 2583 2649 7
3 2033 7 2649
3 2651 2656 681
3 2655 681 2656
3 2573 2661 175
3 2650 175 2661
3 683 2662 2665
3 2666 2665 2662
3 2671 180 2672
3 2667 2672 180
3 685 2673 2675
3 2676 2675 2673
3 2657 2681 139
3 2053 139 2681
3 2682 2685 686
3 2684 686 2685
3 2149 37 2690
3 2687 2690 37
3 2697 690 2698
3 2693 2698 690
3 181 2701 2692
3 2704 2692 2701
3 693 2706 2709
3 2710 2709 2706
3 2715 183 2716
3 2711 2716 183
3 2717 2721 696
3 2720 696 2721
3 2699 2727 148
3 2161 148 2727
3 2728 2732 698
3 2731 698 2732
3 40 2735 2259
3 2738 2259 2735
3 702 2741 2745
3 2746 2745 2741
3 184 2749 2740
3 2752 2740 2749
3 705 2754 2757
3 2758 2757 2754
3 2763 185 2764
3 2759 2764 185
3 2765 2768 707
3 2767 707 2768
3 158 2747 2265
3 2773 2265 2747
3 2776 708 2777
3 2774 2777 708
3 35 2779 2307
3 2782 2307 2779
3 2789 712 2790
3 2785 2790 712
3 2784 186 2796
3 2793 2796 186
3 2802 2801 2798
3 715 2798 2801
3 187 2803 2807
3 2808 2807 2803
3 2811 717 2812
3 2809 2812 717
3 2318 161 2817
3 2791 2817 161
3 718 2818 2820
3 2821 2820 2818
3 42 2733 2167
3 2825 2167 2733
3 721 2827 2831
3 2832 2831 2827
3 182 2722 2826
3 2837 2826 2722
3 723 2838 2841
3 2842 2841 2838
3 188 2843 2847
3 2848 2847 2843
3 2849 2852 725
3 2851 725 2852
3 151 2833 2183
3 2857 2183 2833
3 726 2858 2860
3 2861 2860 2858
3 2863 2867 46
3 2866 46 2867
3 2874 731 2875
3 2870 2875 731
3 2869 189 2882
3 2879 2882 189
3 2889 735 2890
3 2885 2890 735
3 2895 193 2896
3 2891 2896 193
3 2902 739 2903
3 2898 2903 739
3 2909 192 2910
3 2876 2910 192
3 2914 742 2915
3 2911 2915 742
3 48 2916 2921
3 2922 2921 2916
3 2924 2929 746
3 2928 746 2929
3 2923 191 2935
3 2904 2935 191
3 2941 749 2942
3 2937 2942 749
3 2947 197 2948
3 2943 2948 197
3 2954 753 2955
3 2950 2955 753
3 2930 2962 196
3 2961 196 2962
3 2963 2967 756
3 2966 756 2967
3 48 2921 2973
3 2974 2973 2921
3 760 2976 2980
3 2981 2980 2976
3 196 2961 2975
3 2987 2975 2961
3 763 2989 2993
3 2994 2993 2989
3 201 2995 2999
3 3000 2999 2995
3 767 3002 3006
3 3007 3006 3002
3 200 2982 3013
3 3014 3013 2982
3 770 3015 3018
3 3019 3018 3015
3 50 3023 2988
3 3026 2988 3023
3 774 3029 3033
3 3034 3033 3029
3 202 3037 3028
3 3040 3028 3037
3 3043 3048 778
3 3047 778 3048
3 205 3049 3053
3 3054 3053 3049
3 782 3056 3060
3 3061 3060 3056
3 198 3035 3001
3 3067 3001 3035
3 784 3068 3071
3 3072 3071 3068
3 51 3041 3077
3 3078 3077 3041
3 788 3080 3084
3 3085 3084 3080
3 2968 3091 50
3 3023 50 3091
3 3093 3097 790
3 3096 790 3097
3 3102 2953 3099
3 49 3099 2953
3 3109 3108 3105
3 793 3105 3108
3 3111 3115 58
3 3114 58 3115
3 3122 3121 3118
3 797 3118 3121
3 56 3125 3128
3 3129 3128 3125
3 3134 3133 3131
3 800 3131 3133
3 57 3137 3140
3 3141 3140 3137
3 805 3144 3148
3 3149 3148 3144
3 3143 210 3156
3 3153 3156 210
3 3159 3164 809
3 3163 809 3164
3 3165 3170 214
3 3169 214 3170
3 3172 3177 813
3 3176 813 3177
3 213 3150 3183
3 3184 3183 3150
3 3189 3188 3185
3 816 3185 3188
3 3195 3111 3190
3 58 3190 3111
3 3202 3201 3197
3 819 3197 3201
3 212 3178 3196
3 3207 3196 3178
3 822 3209 3213
3 3214 3213 3209
3 217 3215 3219
3 3220 3219 3215
3 826 3222 3226
3 3227 3226 3222
3 3233 3135 3203
3 207 3203 3135
3 3238 3237 3234
3 828 3234 3237
3 3244 3243 3224
3 59 3224 3243
3 832 3246 3250
3 3251 3250 3246
3 215 3211 3245
3 3257 3245 3211
3 834 3258 3261
3 3262 3261 3258
3 220 3263 3267
3 3268 3267 3263
3 3269 3273 837
3 3272 837 3273
3 219 3252 3279
3 3280 3279 3252
3 840 3281 3284
3 3285 3284 3281
3 3289 3292 27
3 1567 27 3292
3 3299 844 3300
3 3295 3300 844
3 3303 3306 221
3 3294 221 3306
3 3308 3312 847
3 3311 847 3312
3 3313 3318 223
3 3317 223 3318
3 3319 3323 850
3 3322 850 3323
3 1583 109 3329
3 3301 3329 109
3 3333 852 3334
3 3330 3334 852
3 3337 3340 28
3 1619 28 3340
3 3343 3348 856
3 3347 856 3348
3 224 3351 3342
3 3354 3342 3351
3 3356 3360 859
3 3359 859 3360
3 3361 3366 225
3 3365 225 3366
3 3367 3370 861
3 3369 861 3370
3 3349 3375 113
3 1635 113 3375
3 3376 3379 862
3 3378 862 3379
3 18 3381 1667
3 3384 1667 3381
3 3387 3392 866
3 3391 866 3392
3 3395 3398 226
3 3386 226 3398
3 3401 3406 870
3 3405 870 3406
3 3407 3412 229
3 3411 229 3412
3 3414 3419 874
3 3418 874 3419
3 3393 3425 116
3 1683 116 3425
3 3426 3430 876
3 3429 876 3430
3 3433 3436 19
3 1723 19 3436
3 3443 880 3444
3 3439 3444 880
3 3438 230 3450
3 3447 3450 230
3 883 3452 3455
3 3456 3455 3452
3 3462 3461 3457
3 231 3457 3461
3 3463 3466 885
3 3465 885 3466
3 121 3445 1739
3 3471 1739 3445
3 3472 3475 886
3 3474 886 3475
3 1771 20 3480
3 3477 3480 20
3 3483 3488 890
3 3487 890 3488
3 3491 3494 232
3 3482 232 3494
3 3496 3500 893
3 3499 893 3500
3 3501 3506 234
3 3505 234 3506
3 3507 3511 896
3 3510 896 3511
3 1787 124 3517
3 3489 3517 124
3 3518 3522 898
3 3521 898 3522
3 1823 21 3527
3 3523 3527 21
3 3529 3534 901
3 3533 901 3534
3 3512 3539 233
3 3528 233 3539
3 3540 3544 903
3 3543 903 3544
3 3545 3550 236
3 3549 236 3550
3 906 3551 3554
3 3555 3554 3551
3 1837 128 3561
3 3535 3561 128
3 3566 3565 3562
3 908 3562 3565
3 3571 1871 3567
3 22 3567 1871
3 911 3573 3577
3 3578 3577 3573
3 235 3556 3572
3 3583 3572 3556
3 913 3584 3587
3 3588 3587 3584
3 238 3589 3593
3 3594 3593 3589
3 916 3595 3598
3 3599 3598 3595
3 3605 1885 3579
3 131 3579 1885
3 3610 3609 3606
3 918 3606 3609
3 3615 1919 3611
3 23 3611 1919
3 3617 3622 921
3 3621 921 3622
3 3627 3616 3600
3 237 3600 3616
3 3628 3632 923
3 3631 923 3632
3 3633 3638 239
3 3637 239 3638
3 3639 3642 925
3 3641 925 3642
3 3623 3647 134
3 1933 134 3647
3 3648 3651 926
3 3650 926 3651
3 1965 3655 28
3 3337 28 3655
3 3657 3662 929
3 3661 929 3662
3 3668 2009 3665
3 29 3665 2009
3 932 3671 3674
3 3675 3674 3671
3 3140 3680 57
3 3679 57 3680
3 3682 3686 935
3 3685 935 3686
3 58 3114 3191
3 3691 3191 3114
3 937 3693 3696
3 3697 3696 3693
3 3099 49 3701
3 3355 3701 49
3 3705 3704 3702
3 938 3702 3704
3 51 3077 3400
3 3709 3400 3077
3 941 3711 3715
3 3716 3715 3711
3 3719 3722 56
3 3125 56 3722
3 3725 3729 944
3 3728 944 3729
3 52 3416 3733
3 3734 3733 3416
3 946 3735 3737
3 3738 3737 3735
3 3745 3744 3741
3 66 3741 3744
3 3748 3753 951
3 3752 951 3753
3 3757 3760 244
3 3747 244 3760
3 3763 3768 955
3 3767 955 3768
3 3769 3774 248
3 3773 248 3774
3 959 3776 3780
3 3781 3780 3776
3 3754 3788 247
3 3787 247 3788
3 3789 3793 962
3 3792 962 3793
3 3797 3801 73
3 3800 73 3801
3 3804 3809 967
3 3808 967 3809
3 3813 3816 249
3 3803 249 3816
3 3824 3823 3819
3 971 3819 3823
3 3825 3830 253
3 3829 253 3830
3 975 3832 3836
3 3837 3836 3832
3 3810 3844 252
3 3843 252 3844
3 3845 3849 978
3 3848 978 3849
3 74 3853 3856
3 3857 3856 3853
3 983 3860 3864
3 3865 3864 3860
3 254 3869 3859
3 3872 3859 3869
3 987 3875 3879
3 3880 3879 3875
3 258 3881 3885
3 3886 3885 3881
3 991 3888 3892
3 3893 3892 3888
3 3866 3900 257
3 3899 257 3900
3 994 3901 3904
3 3905 3904 3901
3 70 3850 3911
3 3912 3911 3850
3 3918 998 3919
3 3914 3919 998
3 3923 3927 259
3 3926 259 3927
3 3929 3932 1001
3 3931 1001 3932
3 3937 262 3938
3 3928 3938 262
3 3944 1005 3945
3 3940 3945 1005
3 261 3920 3951
3 3952 3951 3920
3 3953 3957 1008
3 3956 1008 3957
3 3963 71 3964
3 3958 3964 71
3 3970 1012 3971
3 3966 3971 1012
3 3965 260 3977
3 3946 3977 260
3 1015 3979 3983
3 3984 3983 3979
3 265 3985 3989
3 3990 3989 3985
3 3995 1018 3996
3 3992 3996 1018
3 4002 4001 3972
3 264 3972 4001
3 4006 4005 4003
3 1020 4003 4005
3 73 4009 3797
3 4012 3797 4009
3 1024 4015 4019
3 4020 4019 4015
3 4023 4026 266
3 4014 266 4026
3 4029 4034 1028
3 4033 1028 4034
3 4035 4040 268
3 4039 268 4040
3 4042 4046 1031
3 4045 1031 4046
3 249 4021 3813
3 4051 3813 4021
3 1032 4052 4054
3 4055 4054 4052
3 4057 4060 73
3 4009 73 4060
3 1036 4063 4067
3 4068 4067 4063
3 56 3239 4073
3 4074 4073 3239
3 1039 4076 4079
3 4080 4079 4076
3 219 4083 3253
3 4086 3253 4083
3 1041 4088 4090
3 4091 4090 4088
3 4096 3287 4093
3 60 4093 3287
3 1044 4099 4102
3 4103 4102 4099
3 4107 76 4108
3 4027 4108 76
3 4109 4112 1046
3 4111 1046 4112
3 75 4044 4117
3 4118 4117 4044
3 1050 4120 4124
3 4125 4124 4120
3 4107 4131 76
3 4028 76 4131
3 4133 4137 1052
3 4136 1052 4137
3 3286 4141 60
3 4093 60 4141
3 4147 4146 4143
3 1054 4143 4146
3 3157 4151 61
3 3271 61 4151
3 4156 1056 4157
3 4153 4157 1056
3 4162 4161 4126
3 272 4126 4161
3 4166 4165 4163
3 1058 4163 4165
3 3890 4172 68
3 4171 68 4172
3 4174 4179 1062
3 4178 1062 4179
3 75 4117 3874
3 4185 3874 4117
3 1064 4187 4190
3 4191 4190 4187
3 240 4193 3687
3 4196 3687 4193
3 1066 4198 4200
3 4201 4200 4198
3 29 2513 3665
3 4205 3665 2513
3 1068 4207 4210
3 4211 4210 4207
3 4216 2497 4213
3 30 4213 2497
3 4221 4220 4218
3 1070 4218 4220
3 2544 4226 25
3 4225 25 4226
3 1074 4228 4232
3 4233 4232 4228
3 3431 4239 24
3 2593 24 4239
3 4241 4245 1076
3 4244 1076 4245
3 52 4247 3417
3 4250 3417 4247
3 1079 4253 4256
3 4257 4256 4253
3 4261 70 4262
3 3911 4262 70
3 4267 1082 4268
3 4264 4268 1082
3 4274 3959 4271
3 71 4271 3959
3 4279 4278 4276
3 1084 4276 4278
3 30 2605 4213
3 4283 4213 2605
3 1087 4285 4289
3 4290 4289 4285
3 4295 4284 2639
3 178 2639 4284
3 1089 4296 4299
3 4300 4299 4296
3 279 4301 4305
3 4306 4305 4301
3 1091 4307 4309
3 4310 4309 4307
3 4291 4315 274
3 4181 274 4315
3 4316 4319 1092
3 4318 1092 4319
3 3733 4323 52
3 4247 52 4323
3 4325 4330 1095
3 4329 1095 4330
3 3723 4335 242
3 4324 242 4335
3 4336 4340 1097
3 4339 1097 4340
3 4341 4346 280
3 4345 280 4346
3 1099 4347 4349
3 4350 4349 4347
3 4331 4355 276
3 4269 276 4355
3 1100 4356 4358
3 4359 4358 4356
3 3834 4364 69
3 4363 69 4364
3 4366 4371 1104
3 4370 1104 4371
3 3821 4377 250
3 4365 250 4377
3 4379 4384 1107
3 4383 1107 4384
3 4385 4390 283
3 4389 283 4390
3 4392 4396 1110
3 4395 1110 4396
3 282 4372 4401
3 4402 4401 4372
3 1112 4403 4405
3 4406 4405 4403
3 72 3942 4411
3 4412 4411 3942
3 1116 4414 4418
3 4419 4418 4414
3 259 3926 4413
3 4425 4413 3926
3 4426 4430 1118
3 4429 1118 4430
3 4431 4436 285
3 4435 285 4436
3 4437 4440 1120
3 4439 1120 4440
3 284 4420 4445
3 4446 4445 4420
3 1122 4447 4449
3 4450 4449 4447
3 67 3994 4455
3 4456 4455 3994
3 4458 4463 1126
3 4462 1126 4463
3 3981 4469 263
3 4457 263 4469
3 1128 4470 4473
3 4474 4473 4470
3 287 4475 4479
3 4480 4479 4475
3 4481 4484 1130
3 4483 1130 4484
3 4464 4490 286
3 4489 286 4490
3 4494 4493 4491
3 1132 4491 4493
3 74 3856 4378
3 4499 4378 3856
3 1135 4501 4505
3 4506 4505 4501
3 257 3899 4500
3 4511 4500 3899
3 1137 4512 4515
3 4516 4515 4512
3 288 4517 4521
3 4522 4521 4517
3 4523 4526 1139
3 4525 1139 4526
3 281 4507 4391
3 4531 4391 4507
3 1140 4532 4534
3 4535 4534 4532
3 1142 289 1149
3 1146 1149 289
3 1143 1156 292
3 1155 292 1156
3 1161 1164 294
3 1158 294 1164
3 1159 1170 290
3 1150 290 1170
3 1166 1177 296
3 1171 296 1177
3 1172 1184 300
3 1183 300 1184
3 1151 1190 291
3 1185 291 1190
3 1186 1196 303
3 1195 303 1196
3 1201 1204 305
3 1198 305 1204
3 1199 1210 295
3 1165 295 1210
3 1215 1218 309
3 1212 309 1218
3 1213 1224 306
3 1205 306 1224
3 1220 1231 311
3 1225 311 1231
3 1226 1238 315
3 1237 315 1238
3 1206 1243 307
3 1239 307 1243
3 1240 1248 298
3 1178 298 1248
3 319 1253 1250
3 1256 1250 1253
3 305 1251 1201
3 1262 1201 1251
3 323 1267 1264
3 1270 1264 1267
3 320 1265 1257
3 1276 1257 1265
3 325 1272 1277
3 1283 1277 1272
3 329 1278 1289
3 1290 1289 1278
3 321 1258 1291
3 1295 1291 1258
3 309 1292 1215
3 1300 1215 1292
3 331 1296 1301
3 1307 1301 1296
3 335 1302 1313
3 1314 1313 1302
3 328 1285 1315
3 1320 1315 1285
3 333 1316 1308
3 1326 1308 1316
3 338 1322 1327
3 1333 1327 1322
3 342 1328 1339
3 1340 1339 1328
3 334 1309 1341
3 1346 1341 1309
3 1342 1352 345
3 1351 345 1352
3 1360 1354 1357
3 347 1357 1354
3 345 1355 1343
3 1366 1343 1355
3 351 1372 1368
3 1375 1368 1372
3 353 1369 1379
3 1380 1379 1369
3 1382 355 1389
3 1386 1389 355
3 1393 357 1394
3 1383 1394 357
3 1401 1395 1229
3 313 1229 1395
3 360 1396 1405
3 1406 1405 1396
3 1313 1411 335
3 1407 335 1411
3 1408 1414 310
3 1219 310 1414
3 363 1420 1416
3 1423 1416 1420
3 366 1417 1429
3 1430 1429 1417
3 368 1435 1432
3 1438 1432 1435
3 364 1433 1424
3 1444 1424 1433
3 370 1440 1445
3 1451 1445 1440
3 1446 1458 374
3 1457 374 1458
3 1425 1464 365
3 1459 365 1464
3 1460 1470 377
3 1469 377 1470
3 1476 1471 1393
3 357 1393 1471
3 369 1472 1439
3 1482 1439 1472
3 1488 1483 1367
3 351 1367 1483
3 1494 1477 1484
3 379 1484 1477
3 383 1490 1495
3 1501 1495 1490
3 387 1496 1507
3 1508 1507 1496
3 380 1478 1509
3 1513 1509 1478
3 372 1510 1452
3 1518 1452 1510
3 391 1523 1520
3 1526 1520 1523
3 1532 1506 1521
3 386 1521 1506
3 395 1537 1534
3 1540 1534 1537
3 392 1535 1527
3 1546 1527 1535
3 397 1542 1547
3 1553 1547 1542
3 1548 1558 400
3 1557 400 1558
3 393 1528 1559
3 1563 1559 1528
3 389 1560 1517
3 1566 1517 1560
3 1572 1575 403
3 1568 403 1575
3 1581 406 1582
3 1569 1582 406
3 1587 1590 408
3 1584 408 1590
3 1585 1596 404
3 1576 404 1596
3 1592 1603 410
3 1597 410 1603
3 1598 1608 413
3 1607 413 1608
3 1577 1614 405
3 1609 405 1614
3 1617 415 1618
3 1610 1618 415
3 1620 417 1627
3 1624 1627 417
3 420 1621 1633
3 1634 1633 1621
3 1636 422 1641
3 1639 1641 422
3 1628 418 1646
3 1637 1646 418
3 1647 423 1652
3 1642 1652 423
3 1655 425 1656
3 1648 1656 425
3 1657 419 1662
3 1629 1662 419
3 1665 427 1666
3 1658 1666 427
3 1668 429 1675
3 1672 1675 429
3 1669 1682 432
3 1681 432 1682
3 1687 1690 434
3 1684 434 1690
3 1685 1696 430
3 1676 430 1696
3 1692 1703 436
3 1697 436 1703
3 1698 1710 440
3 1709 440 1710
3 1677 1716 431
3 1711 431 1716
3 1712 1722 443
3 1721 443 1722
3 1724 445 1731
3 1728 1731 445
3 1725 1738 448
3 1737 448 1738
3 1740 450 1745
3 1743 1745 450
3 1750 1732 1741
3 446 1741 1732
3 1746 1756 451
3 1751 451 1756
3 1760 1759 1752
3 453 1752 1759
3 1766 1761 1733
3 447 1733 1761
3 1762 1770 455
3 1769 455 1770
3 1776 1779 457
3 1772 457 1779
3 1785 460 1786
3 1773 1786 460
3 1791 1794 462
3 1788 462 1794
3 1780 458 1800
3 1789 1800 458
3 1801 464 1807
3 1796 1807 464
3 1811 467 1812
3 1802 1812 467
3 1813 459 1818
3 1781 1818 459
3 1821 469 1822
3 1814 1822 469
3 1827 1830 471
3 1824 471 1830
3 1795 463 1836
3 1825 1836 463
3 1844 1838 1841
3 475 1841 1838
3 1831 472 1850
3 1839 1850 472
3 477 1846 1851
3 1857 1851 1846
3 480 1852 1861
3 1862 1861 1852
3 1832 1867 473
3 1863 473 1867
3 1864 1870 466
3 1808 466 1870
3 1878 1872 1875
3 483 1875 1872
3 476 1873 1845
3 1884 1845 1873
3 1892 1886 1889
3 487 1889 1886
3 484 1887 1879
3 1898 1879 1887
3 489 1894 1899
3 1905 1899 1894
3 492 1900 1909
3 1910 1909 1900
3 485 1880 1911
3 1915 1911 1880
3 479 1912 1858
3 1918 1858 1912
3 1920 495 1926
3 1923 1926 495
3 1932 1893 1921
3 488 1921 1893
3 1934 499 1939
3 1937 1939 499
3 1927 496 1944
3 1935 1944 496
3 1940 1950 500
3 1945 500 1950
3 1946 1954 502
3 1953 502 1954
3 1955 497 1959
3 1928 1959 497
3 1906 491 1962
3 1956 1962 491
3 1963 420 1969
3 1633 1969 420
3 507 1964 1975
3 1976 1975 1964
3 1977 360 1982
3 1405 1982 360
3 1986 1659 1978
3 427 1978 1659
3 368 1431 1987
3 1992 1987 1431
3 355 1988 1386
3 1996 1386 1988
3 2001 2004 513
3 1998 513 2004
3 1999 2008 363
3 1420 363 2008
3 2016 2010 2014
3 516 2014 2010
3 2020 2019 2011
3 517 2011 2019
3 442 1717 2021
3 2026 2021 1717
3 347 2022 1357
3 2032 1357 2022
3 522 2037 2034
3 2040 2034 2037
3 2044 1708 2035
3 439 2035 1708
3 1379 2050 353
3 2045 353 2050
3 2046 2054 525
3 2053 525 2054
3 2063 2056 2060
3 527 2060 2056
3 530 2057 2069
3 2070 2069 2057
3 2075 2078 532
3 2072 532 2078
3 2073 2084 528
3 2064 528 2084
3 2080 2091 534
3 2085 534 2091
3 2086 2098 538
3 2097 538 2098
3 2065 2104 529
3 2099 529 2104
3 2100 2110 541
3 2109 541 2110
3 2116 2119 543
3 2112 543 2119
3 2113 2126 546
3 2125 546 2126
3 2128 548 2134
3 2131 2134 548
3 2120 544 2140
3 2129 2140 544
3 2141 550 2147
3 2136 2147 550
3 2154 2153 2142
3 554 2142 2153
3 2155 545 2160
3 2121 2160 545
3 2165 557 2166
3 2156 2166 557
3 559 2172 2168
3 2175 2168 2172
3 562 2169 2181
3 2182 2181 2169
3 2187 2190 564
3 2184 564 2190
3 560 2185 2176
3 2196 2176 2185
3 566 2192 2197
3 2203 2197 2192
3 570 2198 2209
3 2210 2209 2198
3 561 2177 2211
3 2216 2211 2177
3 573 2212 2221
3 2222 2221 2212
3 2227 2230 575
3 2224 575 2230
3 2135 549 2236
3 2225 2236 549
3 579 2241 2238
3 2244 2238 2241
3 2239 2250 576
3 2231 576 2250
3 2246 2257 581
3 2251 581 2257
3 2252 2264 585
3 2263 585 2264
3 2269 2271 587
3 2266 587 2271
3 2253 585 2274
3 2267 2274 585
3 2279 2282 589
3 2276 589 2282
3 2277 2288 580
3 2245 580 2288
3 2295 2290 2293
3 593 2293 2290
3 2300 2283 2291
3 590 2291 2283
3 2306 2301 2296
3 594 2296 2301
3 597 2302 2311
3 2312 2311 2302
3 2284 2317 591
3 2313 591 2317
3 2314 2322 583
3 2258 583 2322
3 546 2125 2323
3 2329 2323 2125
3 2335 603 2336
3 2324 2336 603
3 557 2165 2337
3 2341 2337 2165
3 601 2338 2330
3 2346 2330 2338
3 605 2342 2347
3 2352 2347 2342
3 2348 2358 608
3 2357 608 2358
3 2331 2364 602
3 2359 602 2364
3 2360 2370 611
3 2369 611 2370
3 2377 2371 2335
3 603 2335 2371
3 2384 2383 2372
3 615 2372 2383
3 2389 2392 617
3 2386 617 2392
3 2387 2396 611
3 2361 611 2396
3 395 1533 2397
3 2403 2397 1533
3 621 2398 2407
3 2408 2407 2398
3 623 2413 2410
3 2415 2410 2413
3 385 2411 1502
3 2418 1502 2411
3 625 2423 2420
3 2425 2420 2423
3 382 2421 1489
3 2428 1489 2421
3 627 2433 2430
3 2436 2430 2433
3 607 2431 2356
3 2442 2356 2431
3 631 2447 2444
3 2449 2444 2447
3 2454 2437 2445
3 628 2445 2437
3 1551 2460 399
3 2455 399 2460
3 2456 2464 377
3 1461 377 2464
3 2407 2470 621
3 2465 621 2470
3 2466 2474 396
3 1541 396 2474
3 2365 2479 610
3 2475 610 2479
3 2389 617 2482
3 2476 2482 617
3 2487 2490 639
3 2484 639 2490
3 2485 2496 569
3 2208 569 2496
3 2502 2505 643
3 2498 643 2505
3 2499 2510 645
3 2509 645 2510
3 517 2019 2511
3 2517 2511 2019
3 648 2512 2521
3 2522 2521 2512
3 2529 2524 2527
3 650 2527 2524
3 2525 2532 631
3 2447 631 2532
3 572 2217 2533
3 2537 2533 2217
3 2540 2433 2534
3 627 2534 2433
3 653 2546 2542
3 2549 2542 2546
3 2556 2555 2543
3 656 2543 2555
3 2563 2557 2237
3 579 2237 2557
3 2558 2568 659
3 2567 659 2568
3 2573 2576 661
3 2570 661 2576
3 2580 2227 2571
3 575 2571 2227
3 438 1701 2581
3 2587 2581 1701
3 665 2582 2591
3 2592 2591 2582
3 2597 2599 667
3 2594 667 2599
3 2595 2602 435
3 1691 435 2602
3 645 2509 2603
3 2609 2603 2509
3 671 2604 2615
3 2616 2615 2604
3 2483 2621 639
3 2617 639 2621
3 2618 2626 669
3 2610 669 2626
3 2627 673 2632
3 2622 2632 673
3 2636 2635 2628
3 675 2628 2635
3 670 2611 2637
3 2642 2637 2611
3 2646 2645 2638
3 677 2638 2645
3 2591 2652 665
3 2647 665 2652
3 2648 2658 522
3 2037 522 2658
3 2659 661 2663
3 2569 2663 661
3 2660 2668 679
3 2653 679 2668
3 682 2664 2669
3 2674 2669 2664
3 684 2670 2677
3 2678 2677 2670
3 2654 2683 680
3 2679 680 2683
3 2680 2686 525
3 2047 525 2686
3 2688 687 2694
3 2691 2694 687
3 2689 2700 553
3 2152 553 2700
3 691 2705 2702
3 2707 2702 2705
3 688 2703 2695
3 2712 2695 2703
3 2713 692 2718
3 2708 2718 692
3 2714 2724 695
3 2723 695 2724
3 2696 2729 689
3 2725 689 2729
3 2726 2734 556
3 2164 556 2734
3 699 2739 2736
3 2742 2736 2739
3 584 2737 2262
3 2748 2262 2737
3 703 2753 2750
3 2755 2750 2753
3 700 2751 2743
3 2760 2743 2751
3 2756 2766 704
3 2761 704 2766
3 2769 706 2770
3 2762 2770 706
3 701 2744 2771
3 2775 2771 2744
3 587 2772 2269
3 2778 2269 2772
3 709 2783 2780
3 2786 2780 2783
3 2310 596 2792
3 2781 2792 596
3 2794 713 2799
3 2797 2799 713
3 710 2795 2787
3 2804 2787 2795
3 714 2800 2805
3 2810 2805 2800
3 716 2806 2813
3 2814 2813 2806
3 2815 711 2819
3 2788 2819 711
3 2321 599 2822
3 2816 2822 599
3 697 2730 2823
3 2828 2823 2730
3 559 2824 2172
3 2834 2172 2824
3 694 2719 2835
3 2839 2835 2719
3 719 2836 2829
3 2844 2829 2836
3 2840 2850 722
3 2845 722 2850
3 2846 2854 724
3 2853 724 2854
3 720 2830 2855
3 2859 2855 2830
3 564 2856 2187
3 2862 2187 2856
3 2864 727 2871
3 2868 2871 727
3 2865 2878 730
3 2877 730 2878
3 2880 732 2886
3 2883 2886 732
3 2872 728 2892
3 2881 2892 728
3 2893 734 2899
3 2888 2899 734
3 2905 738 2906
3 2894 2906 738
3 2907 729 2912
3 2873 2912 729
3 2908 2918 741
3 2917 741 2918
3 2913 2925 740
3 2919 740 2925
3 2920 2932 745
3 2931 745 2932
3 2933 737 2938
3 2901 2938 737
3 2926 743 2944
3 2934 2944 743
3 2945 748 2951
3 2940 2951 748
3 2957 752 2958
3 2946 2958 752
3 2927 2964 744
3 2959 744 2964
3 2960 2970 755
3 2969 755 2970
3 745 2931 2971
3 2977 2971 2931
3 759 2972 2983
3 2984 2983 2972
3 755 2969 2985
3 2990 2985 2969
3 757 2986 2978
3 2996 2978 2986
3 762 2992 2997
3 3003 2997 2992
3 766 2998 3009
3 3010 3009 2998
3 758 2979 3011
3 3016 3011 2979
3 769 3012 3021
3 3022 3021 3012
3 771 3027 3024
3 3030 3024 3027
3 761 3025 2991
3 3036 2991 3025
3 3041 3044 775
3 3038 775 3044
3 772 3039 3031
3 3050 3031 3039
3 777 3046 3051
3 3057 3051 3046
3 781 3052 3063
3 3064 3063 3052
3 773 3032 3065
3 3069 3065 3032
3 764 3066 3004
3 3074 3004 3066
3 775 3037 3075
3 3081 3075 3037
3 3076 3088 787
3 3087 787 3088
3 2965 3094 754
3 3089 754 3094
3 3090 3098 771
3 3027 771 3098
3 791 3103 3100
3 3106 3100 3103
3 3110 2956 3101
3 751 3101 2956
3 3116 3119 794
3 3112 794 3119
3 3113 3124 796
3 3123 796 3124
3 798 3130 3126
3 3132 3126 3130
3 799 3127 3135
3 3136 3135 3127
3 801 3142 3138
3 3145 3138 3142
3 804 3139 3151
3 3152 3151 3139
3 3157 3160 806
3 3154 806 3160
3 3146 802 3166
3 3155 3166 802
3 3162 3173 808
3 3167 808 3173
3 812 3168 3179
3 3180 3179 3168
3 803 3147 3181
3 3186 3181 3147
3 815 3182 3191
3 3192 3191 3182
3 814 3187 3193
3 3198 3193 3187
3 3204 3116 3194
3 794 3194 3116
3 811 3175 3205
3 3210 3205 3175
3 817 3206 3199
3 3216 3199 3206
3 821 3212 3217
3 3223 3217 3212
3 825 3218 3229
3 3230 3229 3218
3 3235 3231 3200
3 818 3200 3231
3 3240 3128 3232
3 799 3232 3128
3 3247 3241 3221
3 823 3221 3241
3 831 3242 3253
3 3254 3253 3242
3 820 3208 3255
3 3259 3255 3208
3 829 3256 3248
3 3264 3248 3256
3 3260 3270 833
3 3265 833 3270
3 836 3266 3275
3 3276 3275 3266
3 830 3249 3277
3 3282 3277 3249
3 839 3278 3287
3 3288 3287 3278
3 3293 3296 841
3 3290 841 3296
3 1572 403 3302
3 3291 3302 403
3 3307 3309 845
3 3304 845 3309
3 3297 842 3314
3 3305 3314 842
3 3310 3320 846
3 3315 846 3320
3 3316 3326 849
3 3325 849 3326
3 3327 843 3331
3 3298 3331 843
3 1587 408 3336
3 3328 3336 408
3 853 3341 3338
3 3344 3338 3341
3 3339 3350 417
3 1624 417 3350
3 3355 3357 857
3 3352 857 3357
3 3353 3362 854
3 3345 854 3362
3 3358 3368 858
3 3363 858 3368
3 3364 3372 860
3 3371 860 3372
3 3346 3377 855
3 3373 855 3377
3 3374 3380 422
3 1639 422 3380
3 3385 3388 863
3 3382 863 3388
3 3383 3394 429
3 1672 429 3394
3 3399 3402 867
3 3396 867 3402
3 3397 3408 864
3 3389 864 3408
3 3404 3415 869
3 3409 869 3415
3 3410 3422 873
3 3421 873 3422
3 3390 3427 865
3 3423 865 3427
3 3424 3432 434
3 1687 434 3432
3 3434 877 3440
3 3437 3440 877
3 3435 3446 445
3 1728 445 3446
3 3448 881 3453
3 3451 3453 881
3 3458 3441 3449
3 878 3449 3441
3 3464 3459 3454
3 882 3454 3459
3 3460 3468 884
3 3467 884 3468
3 3473 3469 3442
3 879 3442 3469
3 3470 3476 450
3 1743 450 3476
3 3481 3484 887
3 3478 887 3484
3 1776 457 3490
3 3479 3490 457
3 3495 3497 891
3 3492 891 3497
3 3493 3502 888
3 3485 888 3502
3 3498 3508 892
3 3503 892 3508
3 3504 3514 895
3 3513 895 3514
3 3486 3519 889
3 3515 889 3519
3 1791 462 3524
3 3516 3524 462
3 3520 3530 897
3 3525 897 3530
3 1827 471 3536
3 3526 3536 471
3 3509 3541 894
3 3537 894 3541
3 3538 3546 899
3 3531 899 3546
3 902 3542 3547
3 3552 3547 3542
3 905 3548 3557
3 3558 3557 3548
3 3532 3563 900
3 3559 900 3563
3 3568 1841 3560
3 475 3560 1841
3 907 3564 3569
3 3574 3569 3564
3 3580 1875 3570
3 483 3570 1875
3 904 3553 3581
3 3585 3581 3553
3 909 3582 3575
3 3590 3575 3582
3 912 3586 3591
3 3596 3591 3586
3 915 3592 3601
3 3602 3601 3592
3 910 3576 3603
3 3607 3603 3576
3 3612 1889 3604
3 487 3604 1889
3 3618 3613 3608
3 917 3608 3613
3 3614 3624 495
3 1923 495 3624
3 3597 3629 914
3 3625 914 3629
3 3626 3634 919
3 3619 919 3634
3 3630 3640 922
3 3635 922 3640
3 3636 3644 924
3 3643 924 3644
3 3620 3649 920
3 3645 920 3649
3 3646 3652 499
3 1937 499 3652
3 507 1975 3653
3 3658 3653 1975
3 3654 3664 853
3 3341 853 3664
3 3672 3666 3669
3 930 3669 3666
3 3676 2014 3667
3 516 3667 2014
3 3151 3683 804
3 3677 804 3683
3 3678 3688 934
3 3687 934 3688
3 796 3123 3689
3 3694 3689 3123
3 815 3690 3183
3 3698 3183 3690
3 3703 3699 3351
3 857 3351 3699
3 3700 3706 791
3 3103 791 3706
3 787 3087 3707
3 3712 3707 3087
3 868 3708 3403
3 3718 3403 3708
3 3723 3726 942
3 3720 942 3726
3 3721 3730 798
3 3130 798 3730
3 3736 3731 3413
3 871 3413 3731
3 945 3732 3739
3 3740 3739 3732
3 947 3746 3742
3 3749 3742 3746
3 3756 3755 3743
3 950 3743 3755
3 3761 3764 952
3 3758 952 3764
3 3759 3770 948
3 3750 948 3770
3 3766 3777 954
3 3771 954 3777
3 3772 3784 958
3 3783 958 3784
3 3751 3790 949
3 3785 949 3790
3 3786 3796 961
3 3795 961 3796
3 3802 3805 963
3 3798 963 3805
3 3799 3812 966
3 3811 966 3812
3 3817 3820 968
3 3814 968 3820
3 3815 3826 964
3 3806 964 3826
3 3833 3827 3822
3 970 3822 3827
3 3828 3840 974
3 3839 974 3840
3 3807 3846 965
3 3841 965 3846
3 3842 3852 977
3 3851 977 3852
3 979 3858 3854
3 3861 3854 3858
3 982 3855 3867
3 3868 3867 3855
3 984 3873 3870
3 3876 3870 3873
3 980 3871 3862
3 3882 3862 3871
3 986 3878 3883
3 3889 3883 3878
3 990 3884 3895
3 3896 3895 3884
3 981 3863 3897
3 3902 3897 3863
3 3898 3908 993
3 3907 993 3908
3 3847 3915 976
3 3909 976 3915
3 3921 997 3922
3 3910 3922 997
3 3928 3930 999
3 3924 999 3930
3 3925 3934 1000
3 3933 1000 3934
3 3935 999 3941
3 3923 3941 999
3 3947 1004 3948
3 3936 3948 1004
3 3949 996 3954
3 3917 3954 996
3 1007 3950 3959
3 3960 3959 3950
3 3961 1006 3967
3 3955 3967 1006
3 3973 1011 3974
3 3962 3974 1011
3 3975 1003 3980
3 3943 3980 1003
3 3968 1009 3986
3 3976 3986 1009
3 1014 3982 3987
3 3993 3987 3982
3 3998 3997 3988
3 1017 3988 3997
3 4004 3999 3969
3 1010 3969 3999
3 4008 4007 4000
3 1019 4000 4007
3 4013 4016 1021
3 4010 1021 4016
3 963 4011 3802
3 4022 3802 4011
3 4027 4030 1025
3 4024 1025 4030
3 4025 4036 1022
3 4017 1022 4036
3 4032 4043 1027
3 4037 1027 4043
3 1030 4038 4047
3 4048 4047 4038
3 1023 4018 4049
3 4053 4049 4018
3 968 4050 3817
3 4056 3817 4050
3 4064 4058 4061
3 1033 4061 4058
3 4070 4013 4059
3 1021 4059 4013
3 827 3236 4071
3 4077 4071 3236
3 1038 4072 4081
3 4082 4081 4072
3 1040 4087 4084
3 4089 4084 4087
3 831 4085 3243
3 4092 3243 4085
3 1042 4097 4094
3 4100 4094 4097
3 839 4095 3279
3 4104 3279 4095
3 4023 4110 1025
3 4105 1025 4110
3 4113 1045 4114
3 4106 4114 1045
3 1029 4041 4115
3 4121 4115 4041
3 1049 4116 4127
3 4128 4127 4116
3 4113 4134 1045
3 4129 1045 4134
3 4130 4138 1026
3 4031 1026 4138
3 3283 4144 838
3 4139 838 4144
3 4140 4148 1042
3 4097 1042 4148
3 3153 4154 806
3 4149 806 4154
3 4150 4158 835
3 3274 835 4158
3 4164 4159 4123
3 1048 4123 4159
3 1057 4160 4167
3 4168 4167 4160
3 3887 4175 988
3 4169 988 4175
3 4170 4182 1061
3 4181 1061 4182
3 4188 4183 4127
3 1049 4127 4183
3 985 4184 3877
3 4192 3877 4184
3 1065 4197 4194
3 4199 4194 4197
3 4195 4202 934
3 3679 934 4202
3 648 2521 4203
3 4208 4203 2521
3 930 4204 3669
3 4212 3669 4204
3 4219 4214 4217
3 1069 4217 4214
3 4222 2502 4215
3 643 4215 2502
3 2555 4229 656
3 4223 656 4229
3 1073 4224 4235
3 4236 4235 4224
3 3428 4242 875
3 4237 875 4242
3 4238 4246 667
3 2597 667 4246
3 1077 4251 4248
3 4254 4248 4251
3 872 4249 3420
3 4258 3420 4249
3 4265 4259 3921
3 997 3921 4259
3 4260 4270 1081
3 4269 1081 4270
3 4272 1083 4277
3 4275 4277 1083
3 4280 3951 4273
3 1007 4273 3951
3 671 2615 4281
3 4286 4281 2615
3 1069 4282 4217
3 4292 4217 4282
3 4297 4293 2645
3 677 2645 4293
3 1085 4294 4287
3 4302 4287 4294
3 4308 4303 4298
3 1088 4298 4303
3 4304 4312 1090
3 4311 1090 4312
3 4288 4317 1086
3 4313 1086 4317
3 4314 4320 1061
3 4171 1061 4320
3 3739 4326 945
3 4321 945 4326
3 4322 4332 1077
3 4251 1077 4332
3 3719 4337 942
3 4333 942 4337
3 4334 4342 1093
3 4327 1093 4342
3 1096 4338 4343
3 4348 4343 4338
3 1098 4344 4351
3 4352 4351 4344
3 4328 4357 1094
3 4353 1094 4357
3 4354 4360 1081
3 4261 1081 4360
3 3831 4367 972
3 4361 972 4367
3 4362 4374 1103
3 4373 1103 4374
3 3818 4380 969
3 4375 969 4380
3 4376 4386 1101
3 4368 1101 4386
3 4382 4393 1106
3 4387 1106 4393
3 4388 4398 1109
3 4397 1109 4398
3 1102 4369 4399
3 4404 4399 4369
3 1111 4400 4407
3 4408 4407 4400
3 1002 3939 4409
3 4415 4409 3939
3 1115 4410 4421
3 4422 4421 4410
3 1000 3933 4423
3 4427 4423 3933
3 1113 4424 4416
3 4432 4416 4424
3 4428 4438 1117
3 4433 1117 4438
3 4434 4442 1119
3 4441 1119 4442
3 1114 4417 4443
3 4448 4443 4417
3 1121 4444 4451
3 4452 4451 4444
3 3991 4459 1016
3 4453 1016 4459
3 1125 4454 4465
3 4466 4465 4454
3 3978 4471 1013
3 4467 1013 4471
3 4468 4476 1123
3 4460 1123 4476
3 1127 4472 4477
3 4482 4477 4472
3 1129 4478 4485
3 4486 4485 4478
3 1124 4461 4487
3 4492 4487 4461
3 4488 4496 1131
3 4495 1131 4496
3 982 3867 4497
3 4502 4497 3867
3 1105 4498 4381
3 4508 4381 4498
3 993 3907 4509
3 4513 4509 3907
3 1133 4510 4503
3 4518 4503 4510
3 4514 4524 1136
3 4519 1136 4524
3 4520 4528 1138
3 4527 1138 4528
3 1134 4504 4529
3 4533 4529 4504
3 1108 4530 4394
3 4536 4394 4530
