ply
format ascii 1.0
comment Created in Blender version 5.1.2
element vertex 3957
property float x
property float y
property float z
property float nx
property float ny
property float nz
element face 7910
property list uchar uint vertex_indices
end_header
0.043936297 -0.68491244 1.5264796 0.067077614 -0.99515426 -0.07189359
0.051290553 -0.6843614 1.5249517 0.24571954 -0.9680427 -0.05015127
0.044598334 -0.6859653 1.5304147 0.024322653 -0.9766739 0.21334593
0.051601306 -0.6852218 1.529043 0.27247083 -0.9465732 0.17250721
0.061292645 -0.6777215 1.5266317 0.81929237 -0.57016206 -0.060622685
0.06120767 -0.67919457 1.5304649 0.78159523 -0.54027635 0.3117859
0.063271195 -0.674115 1.5287975 0.87570447 -0.46625704 0.12548308
0.061889805 -0.6755584 1.5318805 0.68765694 -0.3562042 0.6326503
0.064131975 -0.6713818 1.5315971 0.7348002 -0.6601834 -0.15564828
0.061883423 -0.6736234 1.532564 0.6701741 -0.7350323 -0.10292833
0.064140774 -0.6741792 1.5345727 0.6135327 -0.5583881 -0.558373
0.06260424 -0.6752408 1.5335748 0.38969392 -0.47290155 -0.79025483
0.062104676 -0.6781971 1.5376704 0.5195989 -0.6714113 -0.52841634
0.06180954 -0.67893064 1.5357105 0.734937 -0.5645308 -0.37572938
0.05853138 -0.68360317 1.5408493 0.21532516 -0.6987863 -0.682153
0.057978027 -0.68383884 1.5382345 0.4915884 -0.79116344 -0.36386967
0.057447873 -0.6827093 1.5295069 0.49074107 -0.82280785 0.28663635
0.057603307 -0.681712 1.5252932 0.5764122 -0.8140661 -0.07102994
0.052815083 -0.6858863 1.5429527 0.13168284 -0.7840774 -0.6065329
0.05259053 -0.68651205 1.5398085 0.248907 -0.9497376 -0.18985206
0.04453586 -0.68732285 1.5428393 0.23221338 -0.68504286 -0.69050217
0.04520107 -0.6870593 1.5395883 0.06895172 -0.93244135 -0.35468116
0.037386533 -0.687272 1.5391823 0.36141157 -0.6851548 -0.6324118
0.0394469 -0.68536174 1.5359343 0.24236898 -0.7903121 -0.5627292
0.033544786 -0.6870712 1.535597 0.55388016 -0.782456 -0.28456885
0.035715044 -0.6857095 1.5339404 0.4925492 -0.8241979 -0.27945128
0.032684214 -0.68794954 1.5317906 0.74575204 -0.6451421 0.16626973
0.03531251 -0.6855384 1.5320249 0.59780395 -0.7973588 0.082760826
0.03522455 -0.6864944 1.5288548 0.5633249 -0.7379583 0.37159467
0.03723688 -0.6850381 1.5311007 0.17802042 -0.8760471 0.44816324
0.039246652 -0.6851966 1.5279472 0.15812585 -0.9817074 0.106050834
0.04006429 -0.6854425 1.53118 -0.11615557 -0.92298996 0.36687538
0.042817 -0.68738693 1.5210736 0.34180653 -0.7525379 0.5628988
0.051051445 -0.6856181 1.5196117 0.31758562 -0.8188981 0.478064
0.058583926 -0.68206537 1.5199469 0.50890493 -0.7734749 0.37782568
0.037208572 -0.6887417 1.5238589 0.563473 -0.61210394 0.5548214
0.06602244 -0.6715808 1.5261676 0.7108266 -0.616462 0.33867422
0.067516826 -0.6676433 1.5304538 0.7310261 -0.67837125 -0.073574275
0.06756414 -0.6717769 1.5352703 0.60724556 -0.56193453 -0.5616782
0.031456694 -0.68963283 1.5367887 0.7160783 -0.6026594 -0.35218388
0.030807368 -0.6907615 1.532252 0.8767747 -0.44021973 0.19357882
0.033207502 -0.6907844 1.5270002 0.76618344 -0.44549263 0.4631405
0.061374236 -0.68566626 1.5426352 0.41237682 -0.6973072 -0.58626616
0.054668996 -0.68996185 1.5447568 0.22333486 -0.63047594 -0.7433853
0.044618703 -0.69257426 1.5440922 0.24023755 -0.47030324 -0.84917647
0.03558444 -0.6911366 1.5406721 0.3680872 -0.49863437 -0.7847774
0.065351374 -0.6791356 1.5394932 0.5530261 -0.5798861 -0.59824264
0.06344907 -0.67638034 1.5223944 0.64028686 -0.6738642 0.36870015
0.029799778 -0.6928275 1.5387373 0.57981133 -0.7041685 -0.40983582
0.028737236 -0.69422054 1.5338086 0.7838927 -0.5869635 0.20245042
0.030146955 -0.69632286 1.527374 0.76781166 -0.5023902 0.39757937
0.026395498 -0.6955204 1.5404478 0.19338919 -0.9523146 -0.23600307
0.025539912 -0.69665647 1.5354315 0.4501921 -0.8274014 0.33575878
0.025557162 -0.7003771 1.5298862 0.47876516 -0.7250631 0.49504283
0.02133862 -0.69573945 1.5411303 -0.030195998 -0.999431 -0.015030836
0.02105846 -0.6975916 1.5360454 -0.0056708534 -0.8906532 0.45464775
0.0206956 -0.7012711 1.5302805 0.0017279797 -0.8204024 0.5717841
0.0249131 -0.70880336 1.518352 0.51045775 -0.7026032 0.49576366
0.019939838 -0.70989317 1.5188586 0.0051540956 -0.7834669 0.6214121
0.024733217 -0.7199206 1.5028242 0.47168306 -0.8797409 0.05975797
0.018923564 -0.72093177 1.5031497 -0.022741714 -0.9904253 0.13616322
0.024446927 -0.7176092 1.4967842 0.4772097 -0.580445 -0.659814
0.01867947 -0.7199768 1.4969987 -0.04806554 -0.8599379 -0.50813043
0.021776559 -0.7154616 1.4943011 0.464616 -0.3447426 -0.81564975
0.018655144 -0.7165181 1.4940871 -0.053561576 -0.5531925 -0.83132976
0.024676124 -0.7129184 1.5131055 0.5477504 -0.63088846 0.5494991
0.019577967 -0.7144282 1.5136632 0.00803604 -0.7490776 0.66243345
0.025248492 -0.7045005 1.5243983 0.46303603 -0.7328766 0.49848717
0.020333478 -0.70538163 1.5248008 0.0032784496 -0.8039952 0.5946267
0.042061184 -0.69059974 1.5176483 0.42448848 -0.77948266 0.4606693
0.051494002 -0.68836397 1.5150002 0.35698488 -0.8231402 0.4415903
0.060604494 -0.6836677 1.5147426 0.55840766 -0.753693 0.34659466
0.035388574 -0.69303805 1.5216241 0.67717576 -0.5855452 0.44561163
0.064176165 -0.68608224 1.5467362 0.68085223 -0.6940476 -0.23396188
0.055466853 -0.69275385 1.5483414 0.43364736 -0.8264784 -0.3590034
0.044849347 -0.6965124 1.5472562 0.2901952 -0.8190184 -0.49497014
0.033470646 -0.69697696 1.5439359 0.17819706 -0.7851836 -0.59307027
0.07088854 -0.6679892 1.522656 0.7805636 -0.5490326 0.29880363
0.07211238 -0.6627244 1.5293376 0.85344285 -0.51921433 0.0452962
0.07195938 -0.66733944 1.5367622 0.87303674 -0.40682554 -0.26888624
0.06900588 -0.6776199 1.5425228 0.81878346 -0.49468505 -0.29134232
0.06694388 -0.6761058 1.5178313 0.7001784 -0.6298764 0.3361638
0.08398082 -0.6222968 1.508997 0.976668 -0.10051616 -0.18977931
0.08514377 -0.62047535 1.5190184 0.9518046 -0.29604676 0.080152445
0.08530251 -0.6133052 1.527705 0.895876 -0.3548786 0.2673336
0.079253964 -0.6440835 1.5436453 0.965426 -0.26049638 -0.009704712
0.079068854 -0.64488626 1.5273918 0.96360314 -0.25120226 0.09146797
0.0814611 -0.64941573 1.5092943 0.9685646 -0.24872391 -0.004359839
0.07107044 -0.6678132 1.5611204 0.92311674 -0.37247202 0.09549954
0.027548872 -0.6977338 1.5447099 -0.044092167 -0.9173472 -0.3956386
0.021483708 -0.6968756 1.5451391 -0.042967156 -0.9412408 -0.3349922
0.02925075 -0.7047714 1.5158503 0.8014248 -0.53417695 0.26902285
0.028823027 -0.7089751 1.5098988 0.8507394 -0.42058703 0.31519684
0.030033672 -0.70096904 1.5215536 0.74901927 -0.57291204 0.33277887
0.041448258 -0.6929914 1.5120934 0.4104494 -0.87743896 0.24825822
0.05181163 -0.69127256 1.5088586 0.39189485 -0.88727283 0.2432392
0.06395317 -0.68387353 1.5062072 0.6973129 -0.7119509 0.08294923
0.034465283 -0.69630307 1.5165999 0.7004873 -0.6750651 0.23152661
0.07073106 -0.67407227 1.5110794 0.8387747 -0.53186744 0.11650765
0.07446503 -0.66057706 1.5435294 0.95744824 -0.28828818 -0.013517707
0.07553099 -0.6563992 1.5278897 0.92994714 -0.35422885 0.098590724
0.07518938 -0.66318053 1.5177513 0.8956325 -0.4129768 0.16520435
0.03439035 -0.70019114 1.5509998 0.087590404 -0.99357796 -0.071629554
0.02788042 -0.7000587 1.5508771 -0.095991604 -0.99393314 -0.053688925
0.02167414 -0.69875854 1.5506574 -0.032912523 -0.9965188 -0.07659678
0.065707035 -0.6843164 1.5536724 0.807273 -0.5733309 0.14000723
0.056157064 -0.69297564 1.5553578 0.51780075 -0.845773 0.12864845
0.04476446 -0.6978324 1.553896 0.2794979 -0.9560591 0.088497624
0.071156874 -0.6738636 1.549779 0.93748045 -0.342555 0.061534442
0.04370223 -0.6938159 1.566205 0.24138594 -0.92022586 0.30808634
0.055523243 -0.68931067 1.5672755 0.5324092 -0.7909806 0.30148003
0.026928449 -0.6973567 1.5604059 -0.019142648 -0.9673921 0.25255898
0.022203647 -0.69702965 1.5613431 -0.019596228 -0.97828096 0.20635474
0.033853743 -0.69533485 1.5664551 0.09258206 -0.9529378 0.2886835
0.022528498 -0.69547385 1.5675645 -0.016575236 -0.964248 0.26448274
0.06438184 -0.67964476 1.5656632 0.80743235 -0.55038846 0.21242794
0.08358999 -0.6248861 1.5404516 0.97776246 -0.20745711 -0.030691795
0.082493834 -0.63199806 1.5230045 0.97764397 -0.19136524 0.08712988
0.08388337 -0.6328368 1.5092344 0.9931275 -0.10261083 -0.05629234
0.021124288 -0.710655 1.4918423 0.5219608 -0.50373125 -0.6883399
0.018708447 -0.7112379 1.4916251 -0.05365303 -0.4922775 -0.8687831
0.02425402 -0.70916814 1.4764923 0.19231059 -0.98029834 0.045076877
0.018075112 -0.7092631 1.4750892 -0.029775355 -0.9992136 -0.026184581
0.023845436 -0.70800644 1.4809415 0.22152372 -0.9403752 0.2581115
0.023012545 -0.70707875 1.4859331 0.2523643 -0.9588455 0.130106
0.018643497 -0.70625293 1.4865916 -0.030750789 -0.9984967 -0.045372512
0.018297106 -0.7083071 1.4797257 -0.017632956 -0.97374564 0.22695489
0.03232443 -0.7045945 1.4741614 0.5597262 -0.81073815 -0.17149451
0.0336786 -0.702889 1.4798282 0.5434164 -0.8131912 0.20837176
0.03665131 -0.7010358 1.4722881 0.48821872 -0.8399742 -0.23682414
0.038696993 -0.70013577 1.4779522 0.5412322 -0.8323261 0.11958589
0.04354592 -0.69549656 1.4676082 0.33717865 -0.8614575 -0.3797386
0.047744956 -0.69263583 1.468101 0.69463533 -0.69497466 -0.18571997
0.046195015 -0.6946851 1.4727283 0.67448795 -0.73747414 -0.034608293
0.04232346 -0.6972353 1.4699036 0.38997173 -0.82194 -0.4151344
0.0421221 -0.694588 1.4653672 0.263603 -0.92427576 -0.27609357
0.0457475 -0.69199604 1.4624768 0.56091094 -0.7639097 -0.319094
0.03679697 -0.6972285 1.4630834 0.5918624 -0.77820027 -0.21000795
0.038381223 -0.69348073 1.456755 0.48693502 -0.8313657 -0.26781574
0.03266058 -0.6997291 1.4617245 0.50498027 -0.7653272 -0.39908543
0.032829072 -0.69618666 1.4558332 0.48198643 -0.8566642 -0.18389012
0.023401279 -0.70390826 1.4602708 0.22683616 -0.76877224 -0.59794194
0.023023749 -0.7009112 1.4563938 0.28014013 -0.92985505 -0.23851845
0.01761836 -0.7051437 1.4609337 -0.04969547 -0.78913134 -0.61221075
0.017559063 -0.70191586 1.4570701 -0.04136729 -0.9430542 -0.33005694
0.05125984 -0.68793595 1.4684246 0.74904513 -0.6366134 -0.18345237
0.049865346 -0.69061524 1.4753282 0.6742195 -0.73641294 -0.05589303
0.050014358 -0.6870003 1.4614996 0.7450999 -0.59987634 -0.29150373
0.033477634 -0.7006101 1.4854975 0.5164024 -0.7841331 0.3441858
0.039574757 -0.69773155 1.4829503 0.5458409 -0.78712636 0.28721038
0.02350416 -0.7017157 1.451811 0.29180178 -0.9338899 0.2066433
0.017383141 -0.7022259 1.4528365 -0.019288199 -0.98434746 0.1751802
0.040904734 -0.68988276 1.4497286 0.63428307 -0.7457981 -0.20364197
0.034186866 -0.6952218 1.4490764 0.63805926 -0.769774 0.01811933
0.056217052 -0.6828606 1.4697949 0.7769869 -0.5865996 -0.22845607
0.054649204 -0.6872628 1.478124 0.6649369 -0.72463167 -0.18101904
0.0551482 -0.67953503 1.4608368 0.8053391 -0.4913158 -0.33171937
0.026618399 -0.70387954 1.4892309 0.55658376 -0.823374 -0.110768594
0.03065196 -0.7008078 1.4893196 0.62906253 -0.7660138 -0.1322991
0.03501439 -0.69578665 1.4982888 0.7339153 -0.6791452 0.011399228
0.046493668 -0.69378966 1.4946716 0.30089775 -0.95316523 -0.03060369
0.054622546 -0.68984675 1.490347 0.52689445 -0.84122306 -0.12135102
0.028794397 -0.7059066 1.4808105 0.4801659 -0.825032 0.29793125
0.039451644 -0.6948981 1.5051416 0.43693545 -0.89868075 0.038212467
0.04984545 -0.69304156 1.5013797 0.35471395 -0.93398446 0.043021437
0.059292473 -0.6875575 1.4970524 0.6212207 -0.7811403 -0.06248651
0.033188894 -0.69900596 1.509819 0.7609311 -0.6201771 0.19069408
0.046294786 -0.68810874 1.4547385 0.6501825 -0.68051684 -0.33787504
0.03219869 -0.70294636 1.5046538 0.89838755 -0.32311654 0.2974819
0.050413046 -0.68002045 1.4509746 0.7848644 -0.50271446 -0.36230633
0.044258572 -0.685717 1.5283986 -0.008714069 -0.96998924 -0.24299148
0.051341634 -0.68459386 1.5269495 0.21796189 -0.95094085 -0.21955425
0.06125437 -0.67846096 1.5285491 0.8520013 -0.5083119 -0.12535082
0.06295275 -0.67489177 1.530297 0.9051869 -0.3577846 0.22940569
0.06310467 -0.67256737 1.5320013 0.7399703 -0.65848315 -0.1372729
0.06345963 -0.67472243 1.5340681 0.6741573 -0.51485986 -0.5295575
0.061912704 -0.67854756 1.5367284 0.8807208 -0.47332287 0.017212037
0.05805928 -0.6834504 1.5395293 0.619027 -0.78340816 -0.055472884
0.057521135 -0.68219846 1.5273762 0.5613286 -0.80815196 -0.1783278
0.052689597 -0.68601745 1.541517 0.27916622 -0.9517746 0.12724485
0.044841498 -0.6872228 1.5413197 0.07315901 -0.9938901 -0.08264517
0.038234133 -0.6861 1.537771 0.20029864 -0.8904186 -0.4086994
0.03459016 -0.6863422 1.5347904 0.4261367 -0.8832327 -0.19572297
0.033884246 -0.6866492 1.5318694 0.6539532 -0.74944556 0.103327386
0.036195397 -0.6856172 1.5298948 0.35438296 -0.89880085 0.25801083
0.039587952 -0.68544704 1.5295147 -0.04960024 -0.9983317 -0.029556258
0.07121745 -0.6721334 1.4952537 0.8756143 -0.45675206 -0.15709007
0.065719046 -0.67878616 1.4888555 0.80113614 -0.5603952 -0.21009079
0.028335277 -0.70767105 1.4755832 0.47076926 -0.87779725 -0.0885912
0.028133584 -0.7041833 1.4852391 0.50590485 -0.80421096 0.31193745
0.043156743 -0.69724774 1.4761279 0.6137665 -0.7849236 0.08476786
0.039721645 -0.69915295 1.4712961 0.43518528 -0.8163184 -0.37978694
0.045808684 -0.6939664 1.4796369 0.6002518 -0.79180205 0.11290378
0.027903672 -0.6984483 1.455841 0.43349287 -0.88782054 -0.15446235
0.028636066 -0.70174056 1.4608647 0.4378635 -0.7169418 -0.54246664
0.029352084 -0.6991482 1.4501069 0.5240171 -0.83636254 0.16094641
0.042085554 -0.6929216 1.459563 0.42768234 -0.8392601 -0.3357533
0.03938397 -0.69562805 1.4642453 0.47578073 -0.8701364 -0.12843446
0.07601199 -0.6633881 1.5016435 0.92735684 -0.36043903 -0.10046359
0.071330145 -0.6617426 1.4821324 0.90553993 -0.30905962 -0.29065362
0.06668446 -0.6696407 1.4771618 0.8640313 -0.39522532 -0.31184408
0.06888352 -0.6544003 1.4687315 0.9061092 -0.3223733 -0.2739371
0.06393236 -0.6634456 1.4642099 0.8713396 -0.37168708 -0.32033724
0.021985551 -0.70770955 1.4893905 0.35399675 -0.8399819 -0.41123807
0.018711308 -0.70737016 1.4889591 -0.050066557 -0.7984673 -0.5999528
0.03248663 -0.70377964 1.492619 0.5640745 -0.46876827 -0.6797619
0.035013266 -0.7015587 1.4947733 0.92590636 -0.23562084 -0.2952628
0.019252539 -0.71830666 1.5088553 -0.0011294268 -0.8511151 0.524978
0.02504074 -0.71721756 1.5084488 0.52305347 -0.70468205 0.4794145
0.028942576 -0.71493 1.5026389 0.8106116 -0.5671318 0.14584392
0.028220084 -0.71537197 1.4980606 0.61414856 -0.5824709 -0.5324934
0.028868448 -0.7122821 1.5064205 0.83089215 -0.40283808 0.38384843
0.033731446 -0.70835334 1.4992427 0.9178843 -0.39675024 0.008816322
0.031797685 -0.7101544 1.4962648 0.5837498 -0.54710513 -0.5999267
0.03351094 -0.7054253 1.502447 0.8916773 -0.1455226 0.42864278
0.03527833 -0.70025474 1.4979893 0.9888355 -0.019910082 0.14767486
0.03488523 -0.69698703 1.4913192 0.6424056 -0.765876 0.027366964
0.022828303 -0.71249175 1.4957714 0.79872257 0.09891043 -0.5935141
0.02661676 -0.704965 1.4917054 0.3869061 -0.8788628 -0.27911243
0.022227077 -0.71005005 1.493572 0.89313143 -0.32687303 -0.30898252
0.023262195 -0.70752186 1.4914222 0.7085103 -0.6600688 -0.2496443
0.027357062 -0.71254283 1.4966938 -0.13312785 -0.07400944 -0.9883317
0.029458947 -0.7048547 1.4927726 0.08500224 -0.74622405 -0.6602457
0.024777427 -0.71388435 1.4967651 0.39018035 0.12455283 -0.91227514
0.029407462 -0.709255 1.4957405 -0.33692425 -0.32875147 -0.8822723
0.02322019 -0.7096422 1.497513 0.91285694 0.12376739 -0.38906804
0.02625815 -0.70546997 1.4931978 0.36973572 -0.9289702 0.017604653
0.022925815 -0.70847654 1.4951775 0.9656467 -0.2544658 -0.05266442
0.023801707 -0.7071167 1.4931736 0.7628753 -0.6429613 0.067984484
0.026305618 -0.7085001 1.499376 -0.4911773 0.17177068 -0.85395527
0.028285958 -0.70513946 1.4941556 -0.3701982 -0.86048204 -0.3500342
0.024422638 -0.7097458 1.4991913 0.34562764 0.38019818 -0.85789907
0.028085625 -0.7076636 1.497024 -0.819038 -0.18874656 -0.5418039
0.023762198 -0.70644367 1.4991854 0.7208732 -0.34343904 -0.60198957
0.02545198 -0.7046079 1.4964331 0.09661169 -0.9949409 0.027547367
0.023607416 -0.705823 1.4979388 0.8281468 -0.5241525 -0.1985874
0.02410291 -0.70513576 1.496693 0.6424715 -0.76293373 0.07185077
0.025569128 -0.70642245 1.4996507 -0.2507186 -0.37765625 -0.8913562
0.026586778 -0.7048386 1.4965918 -0.45317543 -0.8683625 -0.20144145
0.024528954 -0.706843 1.4997941 0.27213418 -0.17445385 -0.9463133
0.026470885 -0.7056944 1.4986581 -0.5692874 -0.58842725 -0.5741648
0.024893546 -0.7052112 1.4983847 0.163363 -0.8653985 -0.47370642
0.041275106 -0.6949747 1.4879116 0.39990288 -0.91131073 0.09793045
0.049006622 -0.69190085 1.483953 0.47717053 -0.87700635 -0.056286875
0.067008495 -0.647542 1.4513922 0.8597696 -0.31705812 -0.4003379
0.058724463 -0.6594638 1.445571 0.8155781 -0.35969767 -0.45326567
0.07080667 -0.60880744 1.4593178 0.9423012 -0.07234445 -0.3268555
0.03868485 -0.64825505 1.4275897 0.5483645 -0.2005802 -0.8118275
0.061865654 -0.6192263 1.447828 0.8480417 -0.14461197 -0.5098163
0.049338933 -0.66603965 1.4356763 0.71483105 -0.30376637 -0.62987494
0.016916562 -0.7046406 1.4426634 -0.03026321 -0.99726266 -0.067463145
0.02422861 -0.70351386 1.4424438 0.30148488 -0.95182836 -0.05594204
0.016649555 -0.70119834 1.4333546 -0.046879876 -0.83388656 -0.5499414
0.025213111 -0.6995645 1.4321731 0.27018613 -0.76496744 -0.5846573
0.032072194 -0.6991601 1.4398688 0.61838627 -0.7734686 -0.13908479
0.033153325 -0.69313705 1.4313959 0.59241307 -0.49539527 -0.63531893
0.044704214 -0.68366754 1.4443178 0.77312005 -0.5408335 -0.33133742
0.046971843 -0.67601776 1.4389266 0.7730713 -0.3938261 -0.49725416
0.038820554 -0.69105995 1.4403393 0.7807904 -0.58763206 -0.21226121
0.053985607 -0.6718954 1.4488106 0.82033473 -0.41962674 -0.38854116
0.039418913 -0.6837447 1.4327813 0.7096517 -0.33963814 -0.61728466
0.061272226 -0.6763676 1.4719479 0.82519794 -0.48150977 -0.29529104
0.06099809 -0.68290925 1.4839857 0.7328149 -0.6387125 -0.2345817
0.0592568 -0.6715554 1.4613544 0.85273427 -0.39791057 -0.33839548
0.01697104 -0.68243206 1.4251506 -0.04682949 -0.07434041 -0.9961328
0.027756067 -0.68401676 1.4255161 0.2585956 -0.15857625 -0.95288086
0.02323979 -0.69281757 1.4267316 0.13869749 -0.39419723 -0.9084996
0.016640717 -0.6942602 1.4275995 -0.051670503 -0.4614243 -0.8856736
0.082026124 -0.6301025 1.4984239 0.9848505 -0.059415426 -0.16290857
0.082050204 -0.6214732 1.5006261 0.98969954 0.021194085 -0.14158218
0.07741423 -0.62802315 1.4667827 0.96136886 -0.13715181 -0.2386616
0.073026836 -0.63690966 1.4579784 0.917892 -0.22497472 -0.3268955
0.07635848 -0.61889386 1.4622139 0.89235216 0.164958 -0.42011476
0.080224454 -0.641051 1.4945358 0.963875 -0.16352145 -0.2102514
0.07574871 -0.6527771 1.4874719 0.93129295 -0.2548101 -0.2603176
0.07802816 -0.63372475 1.4806126 0.9557767 -0.22182582 -0.19309089
0.07331437 -0.6446736 1.4736507 0.9308883 -0.27878353 -0.23606522
0.08066561 -0.6248696 1.4845861 0.9796924 -0.11112653 -0.16689415
0.08164202 -0.61866117 1.4884326 0.9770296 -0.06899015 -0.20162693
0.07357755 -0.6028797 1.4727793 0.964434 0.11006513 -0.24031803
0.07678072 -0.60382175 1.4821326 0.69848496 0.21299903 -0.68319106
0.079084314 -0.6116208 1.4832593 0.823483 -0.024370424 -0.5668172
0.07901173 -0.6153112 1.4757295 0.9613581 0.17829518 -0.20976555
0.07547377 -0.5836758 1.4765244 0.9780123 0.02006687 -0.20757939
0.07748735 -0.592217 1.4887953 0.69899774 0.3609488 -0.6173476
0.07957475 -0.57151234 1.4906785 0.94940966 0.06961367 -0.30622733
0.08092976 -0.5838892 1.4977696 0.6979546 0.47584084 -0.53519607
0.085196085 -0.5650557 1.5103407 0.95144016 0.114457816 -0.28576383
0.08605403 -0.5786507 1.512775 0.79875845 0.5500438 -0.24379626
0.08996172 -0.5707759 1.5283118 0.9780671 0.012600913 -0.20790835
0.08855602 -0.58133984 1.5250823 0.9265299 0.3711117 0.061793815
0.09152634 -0.5848157 1.5404733 0.97394484 -0.123810254 -0.19000614
0.08864879 -0.5892928 1.5318532 0.9378091 0.03766143 0.3451026
0.08818627 -0.6035252 1.5434513 0.9693678 -0.19482036 -0.14957002
0.086701274 -0.6028054 1.5334908 0.9464733 -0.18366495 0.2654343
0.037088875 -0.6747622 1.4281845 0.49944314 -0.1619837 -0.8510686
0.04611501 -0.65798914 1.430865 0.49669287 -0.0813227 -0.8641081
0.0289702 -0.6530527 1.4241706 0.28303656 -0.33909643 -0.89716434
0.03161168 -0.66783303 1.4259621 0.21774238 -0.04581388 -0.97493047
0.017989712 -0.6536393 1.4228181 -0.047823437 -0.4304478 -0.9013477
0.017548138 -0.6672299 1.4251747 -0.04609412 -0.061757673 -0.99702626
0.08076398 -0.6399236 1.5563369 0.96094114 -0.27538434 -0.02748748
0.075956784 -0.65465385 1.5578254 0.9466633 -0.32195374 0.013207217
0.08515887 -0.6221993 1.555592 0.9643881 -0.25193715 -0.08051842
0.08225381 -0.63622695 1.5706658 0.95441866 -0.2977807 0.020291828
0.07701834 -0.65155995 1.5714606 0.94175476 -0.33376342 0.041230083
0.07840692 -0.6288052 1.6026664 0.86950654 -0.24740097 0.42749405
0.073183596 -0.6444551 1.6022645 0.84905845 -0.31308326 0.42553326
0.06754822 -0.6262699 1.6184828 0.6992752 -0.19826706 0.6868073
0.06335892 -0.6450402 1.615443 0.6738596 -0.3179374 0.666955
0.027579686 -0.6275288 1.634907 0.040032778 -0.15524559 0.9870644
0.026762504 -0.64756185 1.6299876 0.031472575 -0.36011684 0.9323762
0.04039936 -0.6470552 1.6279382 0.2511478 -0.35566556 0.9002371
0.042963553 -0.627253 1.6324811 0.26425904 -0.16534948 0.95017195
0.07677805 -0.64865667 1.584873 0.92971367 -0.32261118 0.17763582
0.082256176 -0.6324978 1.5845156 0.9402083 -0.29511783 0.1700403
0.034788404 -0.69141585 1.5792382 0.14113086 -0.94871974 0.28286567
0.035736214 -0.6868598 1.5949454 0.16139726 -0.89620364 0.41324314
0.03648387 -0.6777298 1.6083081 0.17101383 -0.7305103 0.6611421
0.037739746 -0.66455656 1.6190245 0.20814376 -0.55152535 0.8077722
0.023177257 -0.6921404 1.5798115 -0.015732553 -0.95965046 0.28075516
0.024018597 -0.68754905 1.5954751 -0.007839333 -0.90678 0.4215312
0.024909515 -0.67831326 1.6091623 0.007999332 -0.7455912 0.6663555
0.02581621 -0.6649676 1.6204784 0.020667113 -0.5627003 0.82640254
0.06862315 -0.6590473 1.5996494 0.8167869 -0.3939943 0.42145914
0.059677128 -0.6615575 1.6094586 0.60774857 -0.46880972 0.640983
0.07170311 -0.66256183 1.585489 0.8948652 -0.40444455 0.18878773
0.07194992 -0.66470563 1.573623 0.90624654 -0.4174284 0.06686395
0.06419799 -0.66881865 1.5970689 0.72923726 -0.5400086 0.42024228
0.05610686 -0.6739118 1.6014361 0.5323065 -0.6556925 0.5354597
0.06580822 -0.6723111 1.5878828 0.77617204 -0.5779052 0.25215578
0.056400448 -0.6803197 1.5905191 0.5516667 -0.76175123 0.33970416
0.05269064 -0.6458449 1.6233276 0.46371916 -0.3397241 0.8182617
0.05623059 -0.62625355 1.6272644 0.48882836 -0.17733863 0.854165
0.049088415 -0.6634443 1.6154677 0.39657372 -0.52514666 0.752961
0.04605146 -0.6768965 1.6054996 0.3437752 -0.7122256 0.6120077
0.045895733 -0.68459684 1.5932512 0.33941874 -0.85731673 0.38704374
0.06521612 -0.6763545 1.5762974 0.7802609 -0.60815984 0.14606273
0.055067696 -0.6851383 1.5783601 0.5315482 -0.80364746 0.2675955
0.044636708 -0.6892628 1.5785723 0.28748053 -0.9118188 0.2931576
0.07976669 -0.5459865 1.5076847 0.8528669 0.4115287 -0.3213442
0.07515825 -0.55410147 1.4886593 0.8428303 0.38265803 -0.37843084
0.05322788 -0.5245446 1.5044926 0.32596144 0.86484987 -0.38181633
0.050006244 -0.5335305 1.4856648 0.34194362 0.8454909 -0.41014597
0.038508013 -0.5211435 1.5046601 0.13052589 0.9119214 -0.38905323
0.036490895 -0.5297969 1.4864691 0.1263614 0.91165596 -0.39104503
0.024649765 -0.52031696 1.5050675 0.0031986132 0.91949266 -0.39309403
0.023445956 -0.5292456 1.4867275 0.0034324569 0.92349404 -0.38359728
0.068755 -0.5322987 1.5055329 0.6098161 0.7038112 -0.3643817
0.063240804 -0.5403118 1.4861786 0.5837232 0.685645 -0.43492302
0.035022106 -0.53465474 1.472397 0.13714002 0.9856396 -0.098525345
0.022579463 -0.53399175 1.4730512 -0.0018077968 0.99078506 -0.1354314
0.03973026 -0.51381546 1.5250705 0.16429125 0.95275885 -0.25545812
0.02588164 -0.51256704 1.5254369 0.012175746 0.9655856 -0.25980005
0.041977577 -0.5116522 1.5646292 0.18045285 0.9729331 0.14435378
0.027851554 -0.5102287 1.565451 0.035841618 0.9860854 0.16232947
0.04116716 -0.52417696 1.5961308 0.13512953 0.8089187 0.57218045
0.028925555 -0.52385426 1.59724 0.050128505 0.8105005 0.5835889
0.04260309 -0.5386664 1.6118886 0.16626395 0.6411007 0.7492304
0.029232174 -0.53787214 1.6129194 0.053317 0.6582203 0.75093496
0.04585388 -0.5731359 1.6282939 0.23815042 0.25689587 0.9366369
0.029013006 -0.5726134 1.6306174 0.051541876 0.2743837 0.960238
0.044069525 -0.60946393 1.6337656 0.25845787 -0.016577575 0.9658803
0.044946257 -0.5921187 1.6325439 0.2552721 0.12718496 0.9584676
0.02818418 -0.6090295 1.6361319 0.045070212 -0.0037092015 0.9989769
0.028664464 -0.59096545 1.6349117 0.049063724 0.14813364 0.9877496
0.0445333 -0.5548879 1.6221592 0.2137554 0.43017852 0.8770719
0.029263059 -0.55402654 1.6240412 0.053559486 0.44574538 0.8935561
0.041427575 -0.51568747 1.5804343 0.15429257 0.91925627 0.36216235
0.02846463 -0.5150109 1.5816271 0.04431812 0.9211434 0.38669193
0.094014026 -0.5826626 1.55344 0.9939245 -0.07764082 -0.07801386
0.0913031 -0.5797802 1.5826013 0.96495634 0.03644478 0.2598675
0.085304864 -0.5773796 1.598569 0.8786886 0.08954982 0.46892142
0.07427392 -0.5748499 1.6134543 0.69948953 0.14952682 0.6988248
0.09106574 -0.60168326 1.5559607 0.9706878 -0.20925966 -0.11821861
0.09046638 -0.59852767 1.5845124 0.96366864 -0.09483211 0.24969913
0.08438235 -0.5963015 1.6012732 0.87844056 -0.036514536 0.47645447
0.07345435 -0.59412354 1.6161207 0.7180308 0.022075746 0.6956612
0.060967755 -0.5735888 1.6230164 0.46716222 0.21570858 0.8574551
0.059476487 -0.59245527 1.6269476 0.4880249 0.088976644 0.8682827
0.08175045 -0.6124558 1.6028296 0.8760893 -0.1430815 0.4604295
0.070955254 -0.6101057 1.618122 0.717397 -0.076550536 0.69244605
0.058494136 -0.6092621 1.6280718 0.49844587 -0.03573217 0.86618406
0.094017744 -0.5813751 1.5684274 0.9958757 -0.016196234 0.08927107
0.09251347 -0.60022485 1.5706753 0.98764837 -0.15144332 0.040194713
0.08757594 -0.6186996 1.5701275 0.96117526 -0.27592006 -0.0031931675
0.08713292 -0.6158567 1.5842113 0.9525063 -0.23335283 0.19564806
0.041596845 -0.51067394 1.5450255 0.18576804 0.9804334 -0.065118805
0.026972663 -0.50909394 1.5460887 0.025869712 0.99825644 -0.0530554
0.09382261 -0.5650429 1.5500357 0.99245465 0.09729309 -0.074617945
0.09069535 -0.55060184 1.5475036 0.9442608 0.320455 -0.07536687
0.08337344 -0.5361955 1.5448527 0.82158244 0.56538475 -0.07309239
0.07122707 -0.5234763 1.5435065 0.61462444 0.7848789 -0.07875068
0.09335929 -0.56455404 1.5658453 0.9843612 0.14081728 0.105846934
0.089756966 -0.549013 1.5635843 0.9256861 0.36477253 0.10023118
0.082102455 -0.53489256 1.561569 0.8038524 0.58928156 0.08104595
0.07067872 -0.52314615 1.5623995 0.6075336 0.7897651 0.084699705
0.079241924 -0.5451523 1.591659 0.77413076 0.45721176 0.43781158
0.07508038 -0.5346873 1.5851403 0.7027945 0.60873944 0.36812523
0.069548704 -0.54205567 1.6017734 0.57491356 0.5482598 0.6073595
0.06714293 -0.53016376 1.5899953 0.51464516 0.7176355 0.46919042
0.08586441 -0.54720014 1.5781541 0.8744008 0.4060598 0.2655911
0.07852012 -0.53372544 1.5746734 0.757654 0.61188567 0.22706011
0.05650104 -0.5149762 1.5438343 0.38335586 0.9200263 -0.08117773
0.067765184 -0.52418226 1.5768181 0.54345226 0.7933772 0.27424836
0.09007622 -0.5629643 1.5808532 0.94312024 0.190553 0.2724221
0.083486244 -0.5594708 1.5955055 0.84618473 0.26399386 0.46290246
0.07268322 -0.55732435 1.609329 0.65116477 0.33147743 0.6827204
0.056957275 -0.5155217 1.5633504 0.37379357 0.92058545 0.11314047
0.056871787 -0.53947794 1.6080601 0.34500173 0.6138586 0.7100363
0.0537067 -0.5260156 1.5944638 0.29727396 0.78554636 0.54271996
0.05448969 -0.51840645 1.5790087 0.3219631 0.8877329 0.3290439
0.060090967 -0.5562145 1.6173344 0.41995898 0.39131123 0.81884676
0.07030939 -0.5264297 1.5247736 0.6133868 0.75742406 -0.223753
0.055213496 -0.5180859 1.5244612 0.3608193 0.899059 -0.24799646
0.08212319 -0.54024315 1.5260266 0.8469392 0.485442 -0.21688716
0.08868343 -0.55838007 1.5275563 0.9549277 0.19876595 -0.22046581
0.043226514 -0.6856168 1.5236226 0.23971821 -0.8973361 0.37057123
0.03803138 -0.68663466 1.5256802 0.43981588 -0.7657764 0.46919972
0.05786712 -0.6816125 1.5225897 0.5443781 -0.8232863 0.16078627
0.05113949 -0.6843738 1.5221716 0.29271373 -0.9318695 0.21433108
0.06577717 -0.67292327 1.5349767 0.5223919 -0.58233446 -0.62289095
0.065778665 -0.6694662 1.5310421 0.70167345 -0.69549996 -0.15470685
0.06449082 -0.6727943 1.527431 0.76407623 -0.5917675 0.25690192
0.034054216 -0.6885098 1.5278183 0.70434636 -0.5390553 0.46186092
0.03158981 -0.68922436 1.5319679 0.8351014 -0.5173806 0.1868767
0.032451414 -0.6882554 1.5362251 0.6492418 -0.68133765 -0.33802947
0.036435086 -0.68911165 1.5400183 0.41291454 -0.5013731 -0.76034635
0.044597134 -0.6898679 1.5433427 0.22274001 -0.25148395 -0.94188255
0.053720683 -0.6879635 1.5437578 0.011042094 -0.40430453 -0.91455775
0.05991134 -0.6847865 1.5414239 0.11762601 -0.55995107 -0.8201335
0.063800424 -0.6788397 1.5382407 0.2860144 -0.58821374 -0.7564392
0.062070727 -0.6768348 1.5244722 0.73890555 -0.6457264 0.19249976
0.070124924 -0.62763256 1.4494162 0.74377495 0.15895812 -0.6492543
0.053364985 -0.63076246 1.4396161 0.70852643 -0.1221959 -0.6950241
0.06369949 -0.63913083 1.4420121 0.680885 0.0054905596 -0.7323698
0.04679665 -0.6404963 1.4333138 0.6421042 -0.08168675 -0.7622528
0.055491917 -0.64935726 1.4358721 0.61995333 -0.0734391 -0.7811943
0.029455408 -0.641464 1.4152092 0.45065024 -0.6587161 -0.6025009
0.01801271 -0.6438202 1.4142311 -0.035515603 -0.7792811 -0.6256674
0.02616242 -0.6352986 1.4010223 0.27175063 -0.8515085 -0.44842494
0.017670158 -0.6355767 1.3988289 -0.023804694 -0.8520752 -0.5228776
0.03536333 -0.629153 1.3946176 0.2474732 -0.9472388 -0.20370479
0.017401036 -0.62830305 1.3880957 -0.013903176 -0.9482188 -0.31731355
0.03715566 -0.6356061 1.418327 0.66287273 -0.61167395 -0.4318041
0.034749392 -0.6284603 1.3732597 0.019534022 -0.9969365 0.07573736
0.016985625 -0.6233794 1.3725536 -0.010883627 -0.99993503 -0.0033971602
0.039873127 -0.6491381 1.3291866 0.058516886 -0.68563914 0.7255859
0.017514933 -0.65175873 1.3269967 0.0049352935 -0.7282386 0.6853059
0.04589027 -0.6694541 1.3022494 0.020102374 -0.8747923 0.48408097
0.01807213 -0.67173916 1.2984562 0.0055952 -0.9078377 0.4192844
0.070648424 -0.5803868 1.4424239 0.9953046 0.0828916 0.0499776
0.07606715 -0.57624495 1.4131299 0.90774286 -0.10306348 0.4066703
0.017832726 -0.6637711 1.3151217 0.0033683735 -0.8283009 0.5602734
0.042464297 -0.66112673 1.3200104 0.026635638 -0.78178316 0.6229812
0.035769608 -0.6332215 1.3517584 0.10193963 -0.8996346 0.42457733
0.016956411 -0.6301101 1.3506458 0.0011589201 -0.8753975 0.48340246
0.047254816 -0.5376682 1.4722687 0.41351843 0.9031943 -0.11507584
0.071763195 -0.5618257 1.474132 0.9006206 0.3388502 -0.2721455
0.060384978 -0.54652005 1.4722469 0.69726545 0.68378603 -0.21507533
0.077283636 -0.47931185 1.3507416 0.12063478 0.82787865 0.54778105
0.015644457 -0.48101074 1.3442404 -0.012046512 0.9479733 0.3181218
0.015679121 -0.49767813 1.3737319 -0.0017666137 0.84974146 0.52719665
0.0168182 -0.5150976 1.3983741 0.013760572 0.8587163 0.5122665
0.046993386 -0.5340004 1.4509473 0.4135904 0.8827559 0.22290134
0.048795175 -0.52545947 1.4246095 0.3040605 0.86126906 0.40713996
0.055743728 -0.5133975 1.4019231 0.25529912 0.77100986 0.58340895
0.0637901 -0.49763435 1.3812892 0.18468983 0.7705479 0.6100374
0.02101431 -0.53338504 1.4516757 -0.010488695 0.9905955 0.13642077
0.018592624 -0.52715427 1.4215294 0.0067467503 0.93985873 0.34149694
0.10427619 -0.63062465 1.3398043 0.061897628 -0.583643 0.80964786
0.07428068 -0.5569075 1.4159319 0.868115 0.18344226 0.46122164
0.065887034 -0.6119525 1.4024581 0.7494049 -0.65588033 0.09062668
0.05357681 -0.6237077 1.3750412 0.49170414 -0.86669934 0.08401963
0.07112315 -0.60630125 1.3751575 0.60885715 -0.77290195 0.17864901
0.05108364 -0.6238373 1.3981864 0.5220781 -0.8528965 -0.0014272537
0.06721336 -0.5619071 1.4461443 0.95452136 0.28884453 0.07387726
0.08505784 -0.6084817 1.3543832 0.17418286 -0.74513716 0.64376307
0.060994104 -0.6228377 1.3503784 0.3576005 -0.77990973 0.5136757
0.07287249 -0.5939464 1.4078382 0.8917668 -0.37810344 0.24857554
0.07170915 -0.6007924 1.4391556 0.964196 -0.26255435 -0.037300892
0.14347552 -0.573173 1.3624754 0.31849763 -0.1148341 0.9409423
0.06332114 -0.6142119 1.4315803 0.7964419 -0.59409183 -0.11284962
0.047677174 -0.6244386 1.4237728 0.71707964 -0.6552629 -0.23754436
0.07231379 -0.63938475 1.3348004 0.052960165 -0.5706875 0.81945765
0.060213473 -0.54451466 1.4493097 0.7971579 0.5781664 0.17396261
0.13752644 -0.53243166 1.361035 0.37720832 0.27699405 0.88373536
0.06513214 -0.537323 1.4220607 0.7528545 0.51478463 0.41013035
0.13755861 -0.6103901 1.3548293 0.20634344 -0.5254403 0.82543015
0.11069084 -0.53928554 1.3812227 0.5349619 0.23878513 0.8104304
0.089401364 -0.5468972 1.3966842 0.6329045 0.20516899 0.7465504
0.094851844 -0.5731973 1.3927336 0.65933406 -0.25870773 0.7059383
0.1192663 -0.5723992 1.3773507 0.5132544 -0.21587132 0.83064395
0.086502455 -0.59326243 1.3816372 0.55785775 -0.6836351 0.47057176
0.112223364 -0.6003214 1.3644516 0.1954354 -0.5748036 0.79461044
0.08989839 -0.51456934 1.3814577 0.45386517 0.53000313 0.71631217
0.07438517 -0.5271533 1.4002976 0.5860258 0.48525843 0.6489207
0.11333558 -0.49977297 1.3556795 0.32918137 0.5415233 0.77355814
0.042887557 -0.47873822 1.3456739 -0.09046319 0.91689104 0.3887506
0.0349454 -0.5127308 1.400202 -0.0911994 0.855239 0.51014596
0.037346292 -0.49620315 1.375849 -0.08544262 0.8442379 0.5291142
0.03346092 -0.53176224 1.4514111 0.022037415 0.9829431 0.18258475
0.03229312 -0.5249385 1.4232396 -0.09682354 0.9334806 0.3453102
0.2563824 -0.5022608 1.1988032 0.9703678 0.1464767 0.1921741
0.21070662 -0.49917927 1.0998251 -0.62871414 -0.71404934 -0.30798054
0.22932802 -0.53928655 1.1332607 0.12564872 -0.784233 -0.6076108
0.23547815 -0.5037684 1.0937936 -0.019948611 -0.9865765 -0.16207679
0.25409585 -0.51589155 1.2237972 0.97065103 0.21285164 0.11194026
0.2567722 -0.52590036 1.1510963 0.86430603 -0.46095535 -0.2012344
0.22675765 -0.55984724 1.1639318 0.1620352 -0.8659292 -0.47319263
0.2235916 -0.5805694 1.2098285 0.21356922 -0.70196384 -0.67943716
0.19919133 -0.46201316 1.2167717 -0.40274936 0.8384059 0.36724457
0.19761121 -0.48424646 1.2503668 -0.23655897 0.9551541 0.17810209
0.23044893 -0.4854774 1.2460991 0.524145 0.75084054 0.4018837
0.23444565 -0.4685716 1.2174692 0.5409691 0.7200845 0.43454656
0.17706469 -0.48480406 1.1993978 -0.95381165 0.2758955 0.118848845
0.18211435 -0.5053679 1.2255499 -0.9812498 0.142627 0.12963925
0.18164067 -0.5176449 1.1729245 -0.95570654 -0.2203093 -0.19516379
0.1862262 -0.5415454 1.2090856 -0.96157396 -0.19110622 -0.197114
0.19837424 -0.54551834 1.162472 -0.6653732 -0.6097696 -0.43065012
0.19594128 -0.56770474 1.2018752 -0.64947575 -0.5563065 -0.5183669
0.25331926 -0.54035443 1.178523 0.8947031 -0.4263075 -0.13329804
0.25080988 -0.55597395 1.2070228 0.8853643 -0.3944425 -0.24605902
0.20242149 -0.5279699 1.137772 -0.64575857 -0.5471095 -0.5326039
0.1955383 -0.47127503 1.0687399 -0.997516 -0.05744604 -0.040766064
0.19658351 -0.47022206 1.0915673 -0.9998054 0.01972503 -0.00037006979
0.19385709 -0.4790553 1.1133384 -0.9714309 -0.05816402 -0.23008458
0.2229704 -0.430861 1.1417526 -0.17545724 0.89403844 0.41220155
0.23877923 -0.4347569 1.1399518 0.4250262 0.7861491 0.44868946
0.21047458 -0.43652627 1.1300989 -0.7234617 0.6824239 0.10440724
0.22835949 -0.41927305 1.1153966 -0.18305595 0.96269053 0.19929202
0.2500653 -0.42931458 1.1165724 0.6126958 0.71137935 0.3443013
0.21337038 -0.43414363 1.1060956 -0.7994563 0.5969465 -0.06726465
0.23555264 -0.41488612 1.0868366 -0.14910862 0.98782104 0.04445379
0.25554147 -0.42433867 1.0888126 0.62837356 0.75116885 0.20221785
0.21928035 -0.43042296 1.0796996 -0.7055559 0.70829344 -0.022611087
0.24055296 -0.4555426 1.1864517 0.54522985 0.7407192 0.39250425
0.26792946 -0.44338298 1.0877118 0.8207205 0.504332 0.2684531
0.20489402 -0.44616678 1.0729333 -0.85643667 0.5152987 0.031361956
0.21879096 -0.4402698 1.1585982 -0.1923816 0.9178265 0.34725192
0.25089204 -0.44826475 1.150187 0.67236906 0.6481178 0.35757956
0.19881071 -0.4516075 1.1364337 -0.8554609 0.51716614 -0.026942799
0.20589814 -0.44941354 1.1011494 -0.8926333 0.44918305 -0.03795205
0.2595416 -0.4442177 1.1175488 0.8089711 0.50748575 0.29668838
0.18625869 -0.46486148 1.1666026 -0.8691302 0.49274617 -0.042588346
0.20827344 -0.45221183 1.186077 -0.29931897 0.9100494 0.28673714
0.25954965 -0.498343 1.1077285 0.6234312 -0.7800645 0.05322402
0.25744998 -0.5040918 1.1215813 0.77721244 -0.5791037 -0.24612953
0.23337795 -0.51264393 1.1066324 0.12829801 -0.78353405 -0.607959
0.20955952 -0.5079861 1.1110346 -0.57302636 -0.58383006 -0.5751376
0.20721167 -0.49761373 1.0729917 -0.679921 -0.7332296 -0.009042633
0.2377143 -0.5063592 1.0748613 -0.14843033 -0.9802663 0.13056193
0.266633 -0.50294435 1.0880901 0.43560275 -0.84587765 0.30780068
0.28493413 -0.4768282 1.0909399 0.9230285 -0.07945501 0.37643763
0.26823664 -0.47714013 1.1423202 0.9700755 0.07502469 0.23092166
0.27465686 -0.47329593 1.1173369 0.9589051 -0.0048813457 0.28368494
0.18671815 -0.50335187 1.1480684 -0.9392616 -0.13602558 -0.3150946
0.26056325 -0.48643276 1.169483 0.9569559 0.13561884 0.25659898
0.30125406 -0.44444492 0.85818607 0.42032266 0.8483358 0.32195523
0.31093082 -0.45736748 0.8530957 0.97459644 0.12080265 0.18859623
0.28513813 -0.44593677 0.8547196 -0.5604192 0.78210145 0.27248433
0.22354136 -0.42414516 1.037184 -0.58310574 0.8062523 -0.099723965
0.24605268 -0.41495275 1.0414351 0.019406054 0.99973786 -0.012146343
0.26892674 -0.42659542 1.0425837 0.58863497 0.79870725 0.12480208
0.25886095 -0.42084432 0.98273766 -0.059714675 0.9850218 -0.16175964
0.28114647 -0.42904577 0.98596746 0.55865335 0.82926315 0.015139463
0.24046826 -0.43311036 0.978233 -0.6062914 0.7363084 -0.30043426
0.27436528 -0.43386468 0.9165227 -0.15469201 0.96615666 -0.20642579
0.29012066 -0.43838084 0.91711855 0.5306234 0.84695786 -0.03318357
0.25919923 -0.44687814 0.9127939 -0.6651608 0.688741 -0.28843886
0.25893322 -0.47672826 0.85196245 -0.86867875 0.23708248 0.4349586
0.2614064 -0.49347466 0.85320437 -0.67883 -0.6383367 0.36292705
0.28572583 -0.498502 0.8500946 0.3180888 -0.947513 -0.032228064
0.24904035 -0.51512474 1.0350097 -0.07621877 -0.9970467 0.009411694
0.21652333 -0.5016015 1.033573 -0.6480116 -0.7494273 -0.1357925
0.28766048 -0.5044129 1.0421038 0.64246327 -0.7562192 0.12398973
0.25575605 -0.4893367 0.91671056 -0.68743044 -0.6878915 -0.23290509
0.27330533 -0.5009849 0.91891915 -0.09724068 -0.9865053 -0.13172482
0.29583046 -0.49346012 0.91970676 0.64128006 -0.76645523 -0.036140777
0.26178125 -0.5102649 0.9811445 -0.027529947 -0.99012357 -0.13746764
0.29055536 -0.50091994 0.98589176 0.62806964 -0.7780661 -0.011903379
0.23499894 -0.49956757 0.98087674 -0.6141677 -0.7391686 -0.2764558
0.3044476 -0.4549075 0.913346 0.9172064 0.39309952 0.06484692
0.30646592 -0.47424668 0.9149728 0.9784647 -0.20137681 0.04532258
0.3094091 -0.47667897 0.8465198 0.9131433 -0.3803005 -0.14676803
0.29674196 -0.4918881 0.847397 0.617997 -0.77661216 -0.12228351
0.27467707 -0.45414472 0.8514259 -0.69493943 0.70410913 0.14590932
0.2639985 -0.46596602 0.84969395 -0.7756017 0.55966175 0.29192588
0.24944301 -0.45961004 0.91062635 -0.88655317 0.32702556 -0.32722744
0.24842766 -0.47601703 0.91323894 -0.9161285 -0.26035702 -0.3048324
0.30053723 -0.47665247 1.0434437 0.9785818 -0.044941306 0.20089279
0.30613163 -0.47411728 0.9884759 0.9925019 -0.10970444 0.053896707
0.28756276 -0.445366 1.043635 0.8094606 0.54525745 0.21787113
0.29854813 -0.44846073 0.9859849 0.8707672 0.48769495 0.06259523
0.22511166 -0.45140785 0.9762146 -0.83686894 0.41660088 -0.35509714
0.22068417 -0.47233135 0.9763985 -0.91758823 -0.15008058 -0.36811373
0.20621072 -0.446091 1.0310779 -0.8732379 0.4439487 -0.20091088
0.20119461 -0.4721387 1.0291377 -0.9593948 -0.14560603 -0.24157919
0.081976786 -0.72102433 1.1566854 0.018020485 -0.9994458 0.027988134
0.074199714 -0.7221937 1.1924447 -0.039962325 -0.988746 0.14416781
0.017823784 -0.7098787 1.1943942 -0.00549045 -0.98741615 0.15804836
0.018446034 -0.7113261 1.1666992 -0.013036843 -0.98587275 0.16698794
0.16523436 -0.57589793 1.3586816 0.17242673 -0.12922119 0.9765096
0.16099294 -0.5317273 1.3555788 0.21263598 0.32415056 0.9217984
0.16014357 -0.608835 1.3487713 0.21957304 -0.53439945 0.8162138
0.14483878 -0.6312078 1.3280356 0.2616705 -0.7911754 0.5527838
0.16810542 -0.6261317 1.325351 0.21511875 -0.8467671 0.48652786
0.16084985 -0.6411299 1.2956347 0.3972083 -0.78690404 0.47223672
0.18069756 -0.63085157 1.3046407 0.24310817 -0.9194409 0.3090741
0.19135001 -0.6489291 1.2349461 0.8008252 -0.59669167 -0.05136147
0.20919895 -0.62881404 1.244274 0.6675545 -0.6980472 -0.25903848
0.19016103 -0.6282507 1.2097704 0.88939756 -0.31030938 -0.3356785
0.20120095 -0.6069139 1.2223097 0.6698242 -0.3210664 -0.6695162
0.19466482 -0.5974595 1.1939441 0.9955083 -0.08134078 -0.048444673
0.18921113 -0.5837812 1.2175673 0.7097711 -0.1605889 -0.6858835
0.18268195 -0.5066836 1.2358398 0.039876565 0.85153306 -0.5227822
0.18284677 -0.54986733 1.2231314 0.21730013 0.50611466 -0.8346427
0.16870157 -0.47596824 1.2260348 0.6506142 0.7132129 -0.26082277
0.17536496 -0.5059578 1.2042147 0.8857444 0.44556332 -0.13011587
0.19277611 -0.54718095 1.1919013 0.9634106 0.21835917 0.15543236
0.18748105 -0.489022 1.2473466 0.2991646 0.7890078 -0.5366258
0.15691017 -0.46939132 1.258914 0.37034944 0.9265762 0.0655581
0.18336168 -0.48467368 1.2735435 0.37014887 0.919695 0.13096157
0.14205228 -0.47820598 1.3178385 0.3401925 0.8510511 0.39997625
0.1686481 -0.49533227 1.3231822 0.35907918 0.7613481 0.5398252
0.16344225 -0.5115128 1.3425491 0.3330449 0.5605964 0.758164
0.1399825 -0.4980326 1.3455868 0.35461003 0.5694381 0.74161446
0.108620115 -0.6509281 1.3174022 0.21876608 -0.80435205 0.55241215
0.124442995 -0.67256624 1.2849323 0.30262336 -0.77627444 0.5530073
0.15852034 -0.6949326 1.2028224 0.6790639 -0.7337284 0.022689616
0.079671495 -0.66188496 1.3105097 0.11343187 -0.811246 0.5735968
0.092804335 -0.6831475 1.28077 0.109408215 -0.8390691 0.53290987
0.11967931 -0.71927094 1.1891226 0.33149135 -0.9379809 0.10151549
0.01846147 -0.6844134 1.2710351 0.0034901306 -0.8991301 0.4376677
0.07456155 -0.6508153 1.3276175 0.07898459 -0.6902917 0.7192071
0.111232355 -0.64202344 1.331985 0.20635891 -0.68654656 0.69718707
0.056856293 -0.6878754 1.27482 -0.032630168 -0.87211967 0.48820335
0.19729295 -0.6337518 1.2760917 0.4280879 -0.8814018 0.19967896
0.17976989 -0.65011215 1.267135 0.570976 -0.7360329 0.3636508
0.14226535 -0.691292 1.243851 0.4245105 -0.82551086 0.3719174
0.109509856 -0.7048699 1.2357397 0.18244396 -0.90519947 0.38383338
0.06590396 -0.7083729 1.2318499 -0.0365774 -0.92857534 0.36933702
0.017861381 -0.7012727 1.230122 -0.0010548541 -0.94859177 0.31650043
0.17692237 -0.48784024 1.2992039 0.35816592 0.8919578 0.27591377
0.14874406 -0.4714324 1.2863274 0.30272806 0.9328775 0.19517988
0.17798957 -0.6691975 1.2202686 0.81935495 -0.5732345 -0.0077240695
0.14623526 -0.6553242 1.29146 0.44325176 -0.6978861 0.562568
0.13065274 -0.6444295 1.3144624 0.34468117 -0.7782026 0.5249719
0.1630349 -0.66858906 1.2574171 0.5639758 -0.72664064 0.39233223
0.15848663 -0.68396246 1.1678114 0.80751103 -0.5450479 -0.2254967
0.17642061 -0.6495909 1.1885183 0.90366095 -0.3445356 -0.25434667
0.12295131 -0.7158766 1.1562619 0.45988673 -0.88591033 -0.060555853
0.23252653 -0.6029876 1.2326955 0.60908556 -0.6315726 -0.47971967
0.22888558 -0.57368994 1.3345771 0.6875512 -0.11867231 0.716373
0.2530597 -0.5599086 1.3022401 0.9248721 0.00693645 0.38021502
0.21425839 -0.5346095 1.3390256 0.51095563 0.360953 0.7801521
0.2341691 -0.52175397 1.313454 0.70051694 0.49100885 0.517867
0.22013758 -0.6070522 1.3259015 0.60117483 -0.5466833 0.58286047
0.24887046 -0.5955116 1.2847322 0.886708 -0.43702516 0.15085712
0.2585796 -0.53559047 1.2558192 0.9788765 0.1854313 0.08611712
0.23456363 -0.5007588 1.2733773 0.63809246 0.7079338 0.30276704
0.25415692 -0.5749386 1.2415825 0.9315872 -0.32810292 -0.15650465
0.2044705 -0.49439478 1.2798687 0.27402118 0.93218905 0.23650779
0.20297873 -0.62355536 1.3176789 0.33021787 -0.8483107 0.4139144
0.22878851 -0.6216355 1.2786552 0.624665 -0.7785503 0.060439892
0.19388993 -0.51243156 1.3305548 0.33060625 0.6533822 0.6810222
0.20774841 -0.5005282 1.3099087 0.38361323 0.81557167 0.43322474
0.18962923 -0.6071428 1.3421313 0.29190278 -0.5338404 0.7936039
0.19702089 -0.57689834 1.3526981 0.34493133 -0.15074764 0.92644346
0.18968603 -0.5410376 1.351687 0.29286286 0.26017064 0.92007744
0.18231484 -0.5204029 1.3419544 0.28836212 0.56784815 0.77097064
0.18529133 -0.62006736 1.3299435 0.20137227 -0.806004 0.5566029
0.04941175 -0.7175979 1.1654699 -0.13016576 -0.9888081 0.07290659
0.042486772 -0.7167618 1.1946541 -0.19907992 -0.9692251 0.14480916
0.034593835 -0.6862476 1.2727376 -0.13112535 -0.8790501 0.4583417
0.03905308 -0.7054652 1.2314805 -0.16034938 -0.9288437 0.3339724
0.018247075 -0.67684287 1.285472 0.00566705 -0.910024 0.4145169
0.031093493 -0.67787254 1.2855493 -0.078832306 -0.8763335 0.4752105
0.015855525 -0.48024347 1.3208139 -0.011278702 0.99591637 0.08957255
0.038314782 -0.4736393 1.324814 -0.19895922 0.9538506 0.2249096
0.016639821 -0.4751442 1.2360519 -0.009316397 0.9989984 0.04376407
0.04355053 -0.45888606 1.2374744 -0.3343552 0.94205666 -0.027127385
0.022162722 -0.48307583 1.1332626 0.022249628 0.96338516 -0.26719624
0.04666094 -0.47233838 1.1347487 -0.22821642 0.9371883 -0.26380906
0.031884067 -0.53525347 0.9986391 0.05912181 0.958131 -0.28015992
0.058250856 -0.5296825 1.0024081 -0.15919329 0.9334145 -0.32155073
0.040097795 -0.5379112 0.92052114 0.035764437 0.9918542 0.12225434
0.06420748 -0.53110796 0.92515004 -0.22753252 0.9714407 0.06731884
0.036246467 -0.5430314 0.95544475 0.045468595 0.99882364 -0.016849192
0.06101073 -0.5347823 0.95843107 -0.19106573 0.98134416 -0.021390403
0.028296988 -0.50966 1.0477343 0.054289494 0.9159336 -0.39764088
0.054292113 -0.50489056 1.0492841 -0.12696965 0.9016936 -0.41331276
0.01627127 -0.47780883 1.2736344 -0.0111721875 0.9947981 0.10125159
0.04165463 -0.4608429 1.2750343 -0.32737032 0.93857473 0.109115645
0.01904239 -0.47374842 1.1704053 0.013805396 0.9850041 -0.17197718
0.04516847 -0.46465963 1.1705154 -0.19234435 0.9678391 -0.16214502
0.078035995 -0.47019994 1.3322536 0.021716604 0.93030304 0.3661483
0.113096885 -0.4807022 1.3414851 0.24762666 0.76813173 0.5904698
0.07695021 -0.4615481 1.3048704 -0.0038554478 0.97788054 0.20912848
0.11059277 -0.46726888 1.3107275 0.18372548 0.9492804 0.25517014
0.016063115 -0.47928804 1.297548 -0.010955388 0.99858665 0.052007094
0.04019011 -0.4672138 1.3013701 -0.3127078 0.9319967 0.18329185
0.08171822 -0.4520944 1.2370975 -0.00878375 0.9999045 0.010664139
0.078147456 -0.45843652 1.2750313 0.017864147 0.99233544 0.12227548
0.11427657 -0.46406227 1.2798718 0.16443597 0.9756833 0.1449235
0.12071944 -0.45804012 1.2417948 0.2050806 0.97749436 0.049465027
0.017278606 -0.46918264 1.2042675 -0.0028183472 0.9992388 0.038907386
0.04474362 -0.46204266 1.2093399 -0.24189891 0.96844983 -0.059915382
0.19404748 -0.6027725 1.1576815 0.95658726 -0.25801566 -0.13553137
0.17751595 -0.60239094 1.1141763 0.959601 -0.14591512 -0.24057178
0.19548582 -0.5510297 1.1570525 0.97374535 0.1893019 -0.1264308
0.17475386 -0.6378481 1.169358 0.91118515 -0.38889322 -0.13602771
0.17367579 -0.638578 1.143921 0.9253538 -0.3731792 -0.066765934
0.17715058 -0.5081299 1.1618603 0.7959583 0.59320927 -0.12063671
0.13428769 -0.46245408 1.1995018 0.3884584 0.8989899 -0.20227976
0.13585933 -0.47219965 1.1741489 0.4753422 0.8542408 -0.21052922
0.084059425 -0.45758888 1.1968437 0.0003136164 0.99057084 -0.13700104
0.086632155 -0.46327183 1.1666226 0.05419843 0.9814063 -0.18413089
0.13157372 -0.47592187 1.1451625 0.42512658 0.88158995 -0.2051015
0.09068648 -0.4680675 1.1349826 0.074779086 0.9748727 -0.20983602
0.13059005 -0.48536113 1.1084346 0.45205268 0.82873416 -0.32992142
0.08885454 -0.47775948 1.101043 0.05647757 0.9302206 -0.3626292
0.085791804 -0.50091916 1.0517685 0.05823679 0.9146834 -0.39995337
0.025121305 -0.493634 1.0933913 0.03842526 0.94750845 -0.3174132
0.048489954 -0.4854472 1.09685 -0.20904106 0.9121145 -0.35263142
0.0190597 -0.7265366 1.1187356 -0.020015353 -0.997198 0.07208038
0.052942634 -0.7265945 1.1171417 0.009740788 -0.9993843 0.033705447
0.020533243 -0.7219625 1.0802776 -0.020923376 -0.99853677 -0.049865004
0.055544633 -0.7219397 1.0814924 0.031834934 -0.9954871 -0.0893978
0.089181766 -0.72552264 1.1138306 0.14639936 -0.9890756 0.01722649
0.15659164 -0.6808258 1.128127 0.83715916 -0.54479724 0.04858541
0.12644786 -0.7137723 1.1145803 0.5352028 -0.84436655 -0.024558509
0.051904663 -0.7210052 1.1443632 -0.035582613 -0.98352164 0.17725433
0.018802553 -0.71834064 1.1471413 -0.020324657 -0.9621057 0.27191824
0.12461105 -0.71367157 1.138818 0.52358526 -0.85187507 0.01293395
0.086371996 -0.7223739 1.1377677 0.096507564 -0.98910165 0.11119445
0.15597057 -0.67765033 1.1503118 0.8522259 -0.5163034 -0.08450902
0.18237054 -0.5631343 1.1114289 0.93794894 0.08333248 -0.33661178
0.16841377 -0.51946217 1.1089097 0.7833071 0.51425976 -0.34923768
0.1576388 -0.6795089 1.09127 0.8415567 -0.5344312 -0.07852078
0.12668046 -0.7093754 1.0854793 0.5412612 -0.825834 -0.15822278
0.17197755 -0.64271784 1.106771 0.9701491 -0.23577064 -0.05677092
0.090816125 -0.72328985 1.0832233 0.16067664 -0.97403896 -0.15947156
0.11883858 -0.53622067 0.9365017 0.38858005 0.88948816 0.24045011
0.1190312 -0.5232729 1.0083935 0.3769275 0.8614504 -0.34033632
0.115943246 -0.53865063 0.96817493 0.3737217 0.9219172 -0.101983696
0.14364922 -0.5550416 0.9391585 0.66566396 0.7145589 0.21516725
0.145207 -0.5444473 1.01204 0.78640336 0.57592684 -0.22333391
0.1421325 -0.554758 0.96790844 0.71213037 0.7006865 -0.043687716
0.13888648 -0.694579 0.91451377 0.45890924 -0.85809165 0.2303932
0.11945553 -0.6887252 0.99205 0.5409408 -0.83836895 -0.06723545
0.126745 -0.68685025 0.9521025 0.5530229 -0.8131043 0.18173358
0.033931136 -0.72505033 0.8923472 -0.052083824 -0.9986426 -0.00026037454
0.026361028 -0.7237416 0.9771694 -0.040101465 -0.99918383 0.0048350454
0.029785315 -0.72584116 0.93320024 -0.05192091 -0.99848443 0.018249538
0.10233426 -0.7029594 0.9457828 0.46323052 -0.8806299 0.09954125
0.09816958 -0.7030192 0.9873378 0.50122446 -0.8653154 0.0018015094
0.107424185 -0.7035111 0.9076375 0.35973963 -0.92688537 0.107101746
0.06557469 -0.72016466 0.98274386 0.2796692 -0.9598839 0.020196479
0.06992902 -0.7207139 0.94037336 0.29547954 -0.9537782 0.054762077
0.074967764 -0.72157073 0.9010831 0.27777773 -0.95799226 0.07134729
0.16614878 -0.63805526 0.96315765 0.95594704 -0.25317767 0.148547
0.16405451 -0.6395597 1.0028036 0.97646207 -0.21487296 -0.01874652
0.15721089 -0.5766475 1.0087377 0.9516412 0.2922235 -0.09478633
0.15015092 -0.66788477 0.9949888 0.7732112 -0.6314492 -0.058450133
0.15344094 -0.6648836 0.95705503 0.7653292 -0.6186811 0.17749645
0.16777295 -0.6673321 0.9240169 0.7876311 -0.54142374 0.29410473
0.061223432 -0.7216729 1.0263648 0.21809031 -0.9758313 -0.013784546
0.023570769 -0.7238049 1.0227447 -0.02737286 -0.9996208 -0.0029899443
0.1262876 -0.6981138 1.0378543 0.5285372 -0.8245811 -0.20177794
0.09276935 -0.71018213 1.032083 0.34273067 -0.92829585 -0.14423047
0.086388916 -0.5219515 1.0067734 -0.044144794 0.9272766 -0.37176526
0.08863514 -0.5328839 0.963738 0.06584464 0.9972327 -0.034515865
0.089342214 -0.52796656 0.93143445 0.015976744 0.9880404 0.15336525
0.16881034 -0.603575 1.0591469 0.99006844 0.049228456 -0.13168533
0.16592921 -0.57018155 1.0624679 0.949329 0.21116464 -0.23277439
0.16830955 -0.6375585 1.052143 0.9819764 -0.1660339 -0.09030615
0.15193374 -0.5358673 1.0630126 0.7946101 0.5150149 -0.32148787
0.15395188 -0.6725988 1.0444736 0.82710975 -0.54774386 -0.12596056
0.12146086 -0.50829524 1.0581264 0.45457235 0.8138704 -0.36191028
0.06688918 -0.5227502 0.8681352 -0.30888695 0.9275397 0.21037826
0.047420576 -0.5283819 0.8638899 0.023499295 0.9800528 0.19734299
0.04313908 -0.7217592 0.8104144 -0.003828111 -0.99241877 -0.122842304
0.08021277 -0.71530235 0.8208944 0.32684445 -0.9156034 -0.23418616
0.08028943 -0.68653256 0.7646453 -0.55371547 -0.6691906 -0.49556333
0.14584692 -0.8060809 0.5155775 0.7653269 -0.62330264 0.16052586
0.08991078 -0.7089577 0.7635959 -0.67898613 -0.55480695 0.4807982
0.097520605 -0.8168986 0.5149989 -0.47763136 -0.8604603 0.17741553
0.20715345 -0.62649506 0.7689742 0.99847186 0.019261036 -0.05179716
0.14189816 -0.815071 0.4404856 0.71246946 -0.7004922 -0.0412064
0.18025857 -0.6569453 0.87065166 0.8458974 -0.49392173 0.20124328
0.16731751 -0.6097293 0.9657879 0.9837836 0.11052729 0.14125691
0.07176488 -0.67176 0.74266434 -0.9352016 -0.25767323 0.2429043
0.1236438 -0.6973908 0.8318493 0.3512801 -0.91904503 -0.17876945
0.15953138 -0.6839416 0.852707 0.54382545 -0.83822286 0.040451963
0.13104238 -0.5181514 0.88168395 0.28845578 0.8954406 0.33908612
0.16071239 -0.53935164 0.88035005 0.6849637 0.61418325 0.39192304
0.0991637 -0.8291352 0.44247922 -0.37396312 -0.92742544 0.0058111963
0.09238194 -0.8221491 0.48448673 -0.6124076 -0.7807018 0.12434477
0.14997853 -0.807034 0.47849995 0.8293942 -0.5581563 0.02380338
0.119097605 -0.83185124 0.43846184 0.2320078 -0.9692763 -0.08170571
0.12214965 -0.8226944 0.52829134 0.17479935 -0.94902384 0.26229545
0.12187718 -0.83157396 0.48614013 0.20345278 -0.9717649 0.11949884
0.15186402 -0.7911979 0.5339536 0.7685709 -0.6376455 0.05202931
0.0813545 -0.80317223 0.53942645 -0.5889876 -0.79745877 0.13097009
0.12108756 -0.8162539 0.54888403 0.1411693 -0.96202374 0.23362702
0.14804778 -0.80682856 0.41917348 0.8071091 -0.58488363 -0.08053625
0.15592676 -0.7925311 0.4768892 0.9154167 -0.40224493 -0.014532574
0.08077378 -0.8199221 0.42279094 -0.5279413 -0.84922194 -0.010004737
0.078817226 -0.80263615 0.4856267 -0.75095373 -0.6510596 0.110407986
0.17387676 -0.7589394 0.52647126 0.92457557 -0.35215715 -0.1454144
0.15820242 -0.7801376 0.42925832 0.9890672 -0.12585835 -0.07684917
0.16376135 -0.77116036 0.47263393 0.97686946 -0.16666734 -0.13397008
0.111163124 -0.692219 0.8094602 0.13723862 -0.9838997 -0.11448573
0.09418223 -0.69572103 0.7814472 -0.12169614 -0.9682034 0.21856815
0.14332613 -0.80124366 0.35454166 0.72964066 -0.65461224 -0.19775562
0.08142634 -0.8134525 0.36140713 -0.41857597 -0.896998 -0.14208679
0.11462872 -0.81650245 0.35321137 0.18200672 -0.95903075 -0.2171028
0.1398948 -0.6982459 0.50577676 0.3615004 0.7515389 -0.5518213
0.12279702 -0.7280979 0.42369902 0.39282602 0.91446567 0.09716075
0.12781258 -0.720874 0.46053278 0.35896406 0.86234 -0.357092
0.10919193 -0.692488 0.50525385 0.026217287 0.8253445 -0.56402045
0.097738184 -0.72368073 0.42655697 0.06470889 0.9894994 0.12924261
0.10338462 -0.7122001 0.4614974 0.034027223 0.9328857 -0.35856166
0.07502867 -0.6975545 0.50617033 -0.49960226 0.71806496 -0.48454133
0.07069075 -0.7255113 0.43032885 -0.5107942 0.8361359 0.19991493
0.07849975 -0.7172382 0.46445087 -0.4568465 0.8440382 -0.280875
0.05971953 -0.77830076 0.53350776 -0.87553895 -0.4831468 0.0007956441
0.062380124 -0.8004499 0.4341699 -0.8094409 -0.5768312 0.10986879
0.065748125 -0.78686327 0.4846277 -0.8401599 -0.5319247 0.10577063
0.055924837 -0.7378408 0.47334364 -0.9229411 0.36731216 -0.11515923
0.046196677 -0.71955544 0.7903366 0.051618088 -0.97060883 -0.23506196
0.05711473 -0.635197 0.7295179 -0.97445863 -0.14927216 0.16777444
0.07791393 -0.70965534 0.8010653 0.3992779 -0.8741365 -0.27651855
0.16122189 -0.74899524 0.46619353 0.92918575 0.25414252 -0.26837575
0.15425393 -0.7574508 0.4255428 0.9390069 0.33098897 -0.09333952
0.17481495 -0.7340908 0.517509 0.9406879 0.10722218 -0.32188454
0.052915875 -0.77819103 0.43604985 -0.9626256 -0.24385905 0.11783257
0.05401994 -0.7658673 0.4795293 -0.9749845 -0.21314467 0.063043356
0.056647915 -0.5883128 0.72720647 -0.9511883 0.30752376 -0.025880931
0.052387375 -0.7230717 0.5166203 -0.93520445 0.25216055 -0.24861129
0.04614799 -0.6860019 0.74339753 0.52600396 -0.30645975 -0.7933488
0.06779187 -0.68647075 0.76145154 0.44584674 -0.27026287 -0.85333383
0.043842353 -0.5328324 0.88953125 0.028034834 0.977444 0.20932582
0.07686462 -0.72424096 0.8586488 0.23085573 -0.97016495 -0.074064426
0.051261604 -0.52528065 0.8312807 0.08281625 0.9959421 -0.035222262
0.06418355 -0.53066945 0.89431125 -0.22827747 0.95925295 0.1665027
0.06585179 -0.51546013 0.8340474 -0.46128798 0.8871643 0.012362463
0.038464494 -0.7247711 0.851395 -0.03585953 -0.9960332 -0.08143751
0.17543966 -0.66699964 0.89765716 0.8636084 -0.48461318 0.1390347
0.15972851 -0.5788935 0.96602243 0.9048112 0.41815993 0.08036661
0.115870275 -0.7068154 0.8664432 0.38146365 -0.92348474 -0.040760845
0.15316892 -0.6958132 0.8827968 0.5536902 -0.8321475 0.030946607
0.12510574 -0.5268583 0.9092287 0.31258377 0.88993317 0.33213007
0.09043422 -0.52459913 0.9010557 -0.1138572 0.9721501 0.20484297
0.15126522 -0.5455409 0.9087741 0.68915534 0.6371628 0.34509206
0.054179493 -0.53314334 0.7995619 0.09806617 0.9523461 -0.28882504
0.06876225 -0.5182629 0.7919782 -0.6089463 0.7628292 -0.21743052
0.054865636 -0.5500684 0.7777461 0.06543459 0.5273332 -0.8471352
0.065668665 -0.53543967 0.7647407 -0.77281064 0.497655 -0.3938314
0.053660057 -0.57365394 0.77125055 0.033877768 0.105637565 -0.99382746
0.06405467 -0.57013094 0.7520358 -0.9249665 0.23523277 -0.29850063
0.04554468 -0.6595229 0.745115 0.66408265 0.105748564 -0.74014294
0.05847111 -0.6618733 0.75472564 0.5390123 0.022251619 -0.8420038
0.05877794 -0.61438787 0.75765675 -0.9303601 0.12922628 -0.34311894
0.051364396 -0.6053078 0.77193695 0.036469597 0.12895551 -0.99097955
0.070719406 -0.65880716 0.7605252 -0.5594634 -0.31728026 -0.7657244
0.16515496 -0.71413773 0.51194036 0.7421476 0.4977904 -0.44880015
0.18552363 -0.69589025 0.8005436 0.5881831 -0.7125355 0.3825362
0.052252695 -0.7522576 0.5249059 -0.9809442 -0.17990953 -0.07335487
0.048117183 -0.7033214 0.75593024 0.2652176 -0.7282554 -0.63190466
0.0709017 -0.7001547 0.77157444 0.41566133 -0.6912247 -0.5911294
0.1417034 -0.7395737 0.42294136 0.7078669 0.70634174 0.002396208
0.15012074 -0.7316656 0.4617976 0.66183424 0.65578765 -0.36320513
0.0531646 -0.7518741 0.43606198 -0.9615227 0.24606317 0.12217607
0.09336188 -0.5141566 0.87305266 -0.15095949 0.94651026 0.28518322
0.1866384 -0.7090559 0.7678557 0.6424939 -0.69530946 0.32209682
0.17934504 -0.7579079 0.6592635 0.6885546 -0.6993978 0.19166465
0.12962815 -0.78325224 0.6705631 0.089651614 -0.9330778 0.34832218
0.08224196 -0.77190846 0.6589765 -0.53892 -0.76391864 0.3549556
0.20875019 -0.6442501 0.7306338 0.99236 0.11368627 -0.047926597
0.17062135 -0.5724171 0.7119262 0.5362864 0.5787846 -0.6143332
0.16486456 -0.59774715 0.6823386 0.4897884 0.7036195 -0.51480764
0.07773732 -0.57124275 0.6893298 -0.43788138 0.7868137 -0.4349531
0.08245705 -0.55426776 0.7172543 -0.5059101 0.688165 -0.52008075
0.12078634 -0.58808285 0.672804 0.18805854 0.8224316 -0.53688
0.12866175 -0.5662801 0.69925153 0.14495817 0.7209366 -0.6776707
0.13722405 -0.72828263 0.7765248 -0.007157366 -0.81073695 0.5853668
0.13719277 -0.709666 0.79599255 -0.081437424 -0.7481043 0.658565
0.053848144 -0.74704623 0.6398623 -0.8829954 -0.4056244 0.2361948
0.044298496 -0.7048984 0.6175158 -0.9952731 -0.035080608 0.090558186
0.046364 -0.6681886 0.59990156 -0.9503253 0.27523077 -0.1453607
0.070874386 -0.6383161 0.58142716 -0.50403416 0.7195746 -0.477663
0.11055982 -0.6392266 0.57212687 0.06440363 0.83811384 -0.54168016
0.15697446 -0.64786345 0.58194 0.46313766 0.7406075 -0.48683053
0.19888476 -0.59202456 0.7328606 0.8793925 0.328009 -0.34507817
0.19652005 -0.6160623 0.7044656 0.8446971 0.42534804 -0.32490885
0.20550917 -0.6587218 0.78787374 0.9617908 -0.23421401 0.14178187
0.20822638 -0.6762076 0.7523957 0.9622978 -0.24086538 0.12636015
0.19067611 -0.66781497 0.6003939 0.77869487 0.49886462 -0.38048434
0.20642811 -0.6944278 0.6187625 0.9784459 0.0918919 -0.18493114
0.20345058 -0.7212386 0.63466597 0.94350886 -0.3313097 0.004983972
0.09623838 -0.50279605 0.8350493 -0.16393186 0.97944516 0.11753087
0.09701771 -0.5031608 0.78424066 -0.22659172 0.9525279 -0.203339
0.0934143 -0.5210866 0.74311435 -0.30178195 0.7833132 -0.5434593
0.13795666 -0.5062052 0.83762735 0.26921982 0.9503626 0.15598576
0.14628835 -0.50841063 0.775874 0.28960025 0.92421395 -0.24891815
0.14071536 -0.53084224 0.7334759 0.19873185 0.7544657 -0.6255295
0.16938709 -0.52398396 0.8404666 0.64872974 0.72419256 0.23386936
0.17491786 -0.5225058 0.78748727 0.6627014 0.7391492 -0.12035482
0.17140365 -0.54297644 0.7395776 0.59048104 0.6421611 -0.48883653
0.19277117 -0.55661017 0.8383453 0.85665774 0.4475291 0.2566227
0.20029166 -0.55718297 0.7966626 0.8926689 0.4502033 -0.021426244
0.1999165 -0.5729209 0.752639 0.86781514 0.4030195 -0.29064074
0.19531289 -0.652602 0.8470028 0.8109599 -0.504455 0.29642737
0.20251445 -0.65238965 0.8129102 0.9022218 -0.37766376 0.20824508
0.17006157 -0.6836774 0.8347909 0.47132197 -0.81440425 0.33852816
0.13124527 -0.6939007 0.8167914 0.025095826 -0.97866106 0.20394285
0.075516544 -0.7042418 0.78335476 0.39381203 -0.8499627 -0.34996507
0.047666702 -0.71171606 0.77042943 0.11034482 -0.9001656 -0.42133826
0.10258368 -0.69279164 0.79223865 0.021866227 -0.9854317 0.16865999
0.18088241 -0.68943393 0.81679386 0.5239766 -0.70217484 0.48207787
0.13625404 -0.7009263 0.8047872 -0.109432206 -0.8283298 0.54944915
0.084255286 -0.74184996 0.7127832 -0.62245435 -0.65502405 0.4283621
0.13365616 -0.75739294 0.7262924 0.044025265 -0.8840214 0.4653685
0.18374935 -0.73356384 0.7145303 0.67535526 -0.6833633 0.2773261
0.059257004 -0.7107847 0.693697 -0.92161775 -0.24496593 0.30101883
0.053251367 -0.67041755 0.67414147 -0.9842316 -0.065440245 0.16433428
0.04853597 -0.6291409 0.6593645 -0.9664605 0.24276233 -0.083788656
0.07305104 -0.6035369 0.6335303 -0.4437364 0.7834634 -0.4350667
0.11707763 -0.6090851 0.62404376 0.15351331 0.87323534 -0.46248648
0.16303438 -0.62330574 0.6311728 0.49193075 0.7674904 -0.41105074
0.19618487 -0.64353836 0.6532374 0.80888164 0.51047623 -0.291761
0.21067277 -0.67082536 0.67503524 0.9897736 0.11569677 -0.083441734
0.20768224 -0.70030177 0.69422626 0.9500884 -0.29842713 0.09095724
0.17037314 -0.77892405 0.59687597 0.6883318 -0.72204024 0.06969383
0.12535614 -0.79956543 0.6096349 0.10577729 -0.95959437 0.2607487
0.08041077 -0.789936 0.5998365 -0.5152368 -0.82481927 0.23281771
0.04253682 -0.72838676 0.5713524 -0.9944737 -0.10264557 -0.022044344
0.04644818 -0.69459057 0.55760336 -0.92252153 0.2929749 -0.25123644
0.053333353 -0.76448774 0.5871276 -0.874387 -0.4730149 0.10818645
0.109983996 -0.66384745 0.5370375 0.034628525 0.78649205 -0.61662877
0.14951965 -0.67107856 0.54211694 0.43642783 0.70804834 -0.55515605
0.071846165 -0.6664994 0.5424004 -0.4973076 0.6773482 -0.5421113
0.17822248 -0.6908045 0.55593574 0.74221396 0.47921 -0.4684828
0.19389318 -0.71351004 0.56677926 0.93082345 0.113417394 -0.34742507
0.19354013 -0.74135256 0.5798903 0.9276718 -0.34641534 -0.1393608
0.11284888 -0.7029758 0.23157297 0.63688135 0.7528456 -0.16614936
0.12740375 -0.7293517 0.23083994 0.95476836 0.19703385 -0.22269958
0.1623082 -0.57519746 0.9383475 0.8665621 0.46351063 0.18500811
0.16685137 -0.5751635 0.9082674 0.87891144 0.38332283 0.2838631
0.07155344 -0.692061 0.10280904 -0.27286646 0.94213146 0.19476207
0.20905213 -0.5990292 0.8380205 0.96066624 0.15346956 0.23144633
0.04812295 -0.7032875 0.37423006 -0.6727727 0.6776257 0.29698542
0.086598724 -0.6886441 0.37195572 -0.04082717 0.94388074 0.32775348
0.12444557 -0.6960962 0.364728 0.4629676 0.8457993 0.26511207
0.107085064 -0.76555175 0.10032264 0.80032015 -0.4939766 0.33981583
0.0702715 -0.77562284 0.09465991 -0.5936866 -0.77194357 0.22724323
0.09020737 -0.7825024 0.09858121 0.13497034 -0.8792778 0.45678613
0.18017249 -0.56808716 0.87740284 0.82438135 0.38199192 0.41770515
0.07995539 -0.69008243 0.23393969 -0.22531961 0.96875054 -0.10369935
0.060908366 -0.77048826 0.23597725 -0.802511 -0.5882507 -0.09968578
0.15600541 -0.77394927 0.35964546 0.9796465 -0.1661647 -0.112614624
0.15461233 -0.74204755 0.3617933 0.98202825 0.1886995 -0.0036204245
0.053536765 -0.71720135 0.24001463 -0.87846226 0.4565818 -0.14084455
0.049330246 -0.7477212 0.23792967 -0.9783557 -0.16559401 -0.12409188
0.12559955 -0.7531552 0.23173253 0.9489558 -0.20180252 -0.2424019
0.07913204 -0.78853303 0.22991501 -0.44212535 -0.8853561 -0.1437694
0.11323321 -0.74610245 0.097868435 0.9652312 -0.099413246 0.24175584
0.03659155 -0.73163444 0.37344372 -0.96630335 0.16825818 0.19479983
0.054847993 -0.7912649 0.37155807 -0.781554 -0.62234485 -0.04313065
0.039120458 -0.7649313 0.36981267 -0.95194757 -0.3014977 0.053803932
0.11878596 -0.8272027 0.4070587 0.20883217 -0.9657533 -0.15397918
0.09990331 -0.7911906 0.22781403 0.27043048 -0.93575203 -0.22635278
0.055570535 -0.7604445 0.0959642 -0.796562 -0.6004555 0.07030022
0.050469298 -0.7118236 0.09634638 -0.85966593 0.47474942 0.18864645
0.043878067 -0.7378269 0.09848911 -0.99225366 -0.09014312 0.08548038
0.11139168 -0.71626836 0.10029717 0.9131073 0.36540973 0.18086167
0.14595449 -0.7150346 0.36297607 0.8260996 0.5467491 0.1364731
0.11671492 -0.77711666 0.229277 0.79501504 -0.5563573 -0.24169734
0.09811212 -0.69996524 0.10062744 0.5448653 0.8128812 0.20578147
0.08013904 -0.8007893 0.29492775 -0.4165715 -0.89310515 -0.16979817
0.114684865 -0.68436277 0.3099761 0.38962635 0.92086196 -0.014304885
0.08055515 -0.6797344 0.30859196 -0.15194196 0.9883805 0.004189431
0.041645102 -0.7123922 0.28879592 -0.893831 0.4071069 -0.18796274
0.13147071 -0.78824055 0.2910943 0.71247756 -0.6430237 -0.28088477
0.14451425 -0.7657079 0.29355475 0.93583214 -0.24051511 -0.2576249
0.10745662 -0.8037207 0.28959236 0.21871573 -0.948989 -0.22711982
0.0371352 -0.75004274 0.29599047 -0.96973985 -0.2143543 -0.116862595
0.056100428 -0.7814702 0.30320188 -0.7549788 -0.64300567 -0.12864988
0.046739873 -0.6956811 0.3166592 -0.730083 0.6832097 -0.014258792
0.14517567 -0.7287033 0.290746 0.95437604 0.22268014 -0.19894703
0.12543397 -0.69342196 0.28680992 0.63221055 0.75052655 -0.1924047
0.114885025 -0.7229761 0.1599406 0.9612571 0.25106576 -0.11380213
0.10114497 -0.7017675 0.16248542 0.58057183 0.8098787 -0.083861664
0.21146719 -0.5975596 0.80615044 0.9935789 0.11289835 0.007411278
0.059317313 -0.7643115 0.16804564 -0.8066379 -0.58950144 -0.042700965
0.05071902 -0.7398689 0.16780183 -0.99989206 0.014279211 0.0034660439
0.09191807 -0.77795696 0.16454998 0.22691144 -0.9587229 -0.17135257
0.073329225 -0.7746073 0.16564548 -0.40585196 -0.90758157 -0.10760936
0.11267074 -0.7496783 0.16072887 0.9571059 -0.25631133 -0.13510299
0.060318917 -0.7169529 0.16521752 -0.8601154 0.5097674 0.01840367
0.07654229 -0.6948197 0.1629709 -0.32189718 0.94651425 -0.02220087
0.1632063 -0.60869205 1.0077862 0.9939504 0.10824075 -0.018609827
0.10416312 -0.7680683 0.16153161 0.76183355 -0.62651867 -0.16457248
0.19248033 -0.60462165 0.8754739 0.9026905 0.093419455 0.42002705
0.079457544 -0.68412113 0.27448353 -0.2135476 0.9547837 -0.20684655
0.18000387 -0.61052614 0.9072004 0.9503253 0.14287221 0.2765308
0.17403612 -0.610269 0.9372402 0.9672086 0.14365931 0.2094504
0.17500946 -0.63959587 0.9302702 0.94757617 -0.18232527 0.26240578
0.18134353 -0.6392875 0.9036126 0.96690464 -0.14317392 0.21117917
0.20947716 -0.6267103 0.80857366 0.9915597 -0.12626494 0.029438084
0.20852228 -0.59517187 0.7775092 0.986235 0.10763183 -0.12552209
0.20656225 -0.6266837 0.8444884 0.9409469 -0.18200746 0.2854686
0.18859437 -0.6321483 0.87503904 0.909479 -0.22066854 0.35235417
0.27945235 -0.43880957 0.8854278 -0.24679966 0.94693786 -0.20590946
0.29670772 -0.44196153 0.8825794 0.54131407 0.84077585 -0.008669202
0.2674141 -0.4489604 0.8841897 -0.6912798 0.6700132 -0.27058187
0.2623587 -0.48644447 0.88428974 -0.81407565 -0.57536745 -0.078950614
0.2739931 -0.49788925 0.8863888 -0.20501049 -0.978665 -0.013619931
0.2971427 -0.49137428 0.8826657 0.6049179 -0.79592615 0.023999728
0.30930755 -0.4617315 0.8777884 0.97606766 0.2075026 0.06507346
0.3062303 -0.478411 0.88061213 0.9121588 -0.40633646 0.053451482
0.25938302 -0.46219763 0.88085455 -0.89121634 0.36632115 -0.26747373
0.25746703 -0.47629064 0.88090223 -0.9683702 -0.17002693 -0.18261978
0.2853255 -0.45457375 0.73425514 0.8724412 0.12156614 -0.47335827
0.27115995 -0.46708158 0.7310383 -0.019292552 -0.77280796 -0.63434666
0.29127514 -0.46485752 0.75390285 0.9450717 -0.2801894 -0.16832529
0.28048274 -0.47815222 0.75302523 0.5919758 -0.77858114 -0.2082691
0.28047717 -0.46344027 0.73005956 0.58301336 -0.51130044 -0.63140106
0.28836262 -0.47325134 0.7558962 0.78406036 -0.61834985 -0.053783853
0.29058042 -0.46168146 0.7459106 0.94792706 -0.13538542 -0.28827944
0.27828696 -0.47590414 0.74366736 0.42902264 -0.7289941 -0.53339213
0.28680623 -0.472222 0.7449654 0.70426995 -0.59611946 -0.38554567
0.2566776 -0.456828 0.7467286 -0.9236364 0.36912492 0.10316277
0.2701365 -0.450998 0.70799583 0.638975 -0.52884185 -0.5586028
0.26517448 -0.44520706 0.7010624 0.42638546 -0.29723272 -0.85431147
0.25983834 -0.4523029 0.70479697 -0.14637473 -0.76827973 -0.6231538
0.23909248 -0.40791813 0.6826736 0.35914364 0.15586406 -0.92017514
0.23059946 -0.41618884 0.68151313 -0.06681736 -0.25777966 -0.9638906
0.2353308 -0.41308096 0.68098444 0.14954434 -0.037449803 -0.9880456
0.23040886 -0.4000558 0.68048733 0.3648114 0.27466908 -0.8896458
0.22326285 -0.40778545 0.67944676 -0.20337069 -0.25453544 -0.9454375
0.22527061 -0.40147233 0.6785442 0.061038 0.10553362 -0.99254066
0.22940616 -0.3943179 0.6885491 0.14161623 0.9884173 0.054552373
0.21745771 -0.40597767 0.685364 -0.991704 -0.04816002 -0.11917919
0.21971686 -0.39693823 0.68456554 -0.7053733 0.6931259 -0.14840792
0.21903864 -0.4078797 0.69182146 -0.9072064 -0.0595653 0.4164475
0.22737235 -0.39687803 0.6935421 -0.13551451 0.79080486 0.5968782
0.2418729 -0.40284097 0.69183195 0.66996807 0.72773874 0.14676239
0.22202341 -0.3989043 0.6924913 -0.63659 0.55017096 0.5404305
0.2571889 -0.44877395 0.7021291 -0.21924774 -0.6706092 -0.70867044
0.26204824 -0.45504314 0.7087231 -0.05262255 -0.8742746 -0.48257107
0.2720724 -0.44138128 0.7077657 0.88044953 0.17082466 -0.4422979
0.27050212 -0.44158006 0.74204 -0.50767386 0.8483163 -0.15042156
0.25750607 -0.45720798 0.737274 -0.9881605 -0.1506679 -0.028949762
0.26111606 -0.4486447 0.7414155 -0.79133403 0.5552647 0.2558739
0.2661738 -0.4447869 0.7500943 -0.75962234 0.60425055 0.24053112
0.261293 -0.4497949 0.7483521 -0.7827149 0.55370873 0.28419015
0.27348095 -0.44451526 0.7625693 -0.7984115 0.55667055 0.22947086
0.25540695 -0.46448717 0.7568937 -0.81834924 0.55990285 0.12966602
0.2634439 -0.455701 0.7582624 -0.7675343 0.59483534 0.23887649
0.27301818 -0.4815693 0.74513686 0.6823388 -0.5058728 -0.52773714
0.26713428 -0.47325298 0.73679763 0.074400164 -0.3281897 -0.9416773
0.26161012 -0.4630992 0.7320112 -0.67615277 -0.68251497 -0.27747178
0.2772934 -0.48346087 0.76194406 0.7634777 -0.6204225 -0.17938183
0.26496944 -0.46995586 0.73755866 -0.2814868 -0.06508854 -0.957355
0.2606903 -0.46426648 0.7402611 -0.7753354 -0.07198054 -0.6274344
0.22626229 -0.42030942 0.6881611 -0.7078501 -0.67632025 -0.20381154
0.27405968 -0.44414568 0.7118119 0.92945504 0.07537006 -0.36115474
0.25596306 -0.46180418 0.7464227 -0.95614505 0.23535353 -0.17434286
0.24385214 -0.4874507 0.74023485 -0.79698026 -0.6037436 -0.017781401
0.27520317 -0.44004446 0.7396088 -0.50429404 0.05816751 -0.8615707
0.26966646 -0.43829137 0.7469656 -0.86245215 0.48493734 -0.14495534
0.282804 -0.44700226 0.73830897 0.50206345 0.2122449 -0.838382
0.23510672 -0.40571782 0.6999418 0.18777469 0.43058938 0.8827986
0.22966121 -0.41029033 0.7004701 -0.30361792 0.012428383 0.95271283
0.22531833 -0.41690868 0.6962412 -0.65799946 -0.47376305 0.5853078
0.26954952 -0.4385168 0.704907 0.8116311 0.2526369 -0.52671593
0.2778922 -0.4428985 0.7376865 0.5585011 0.80742663 -0.19010195
0.29014403 -0.45299083 0.7442741 0.79595006 -0.1875574 -0.5755743
0.29488614 -0.45972824 0.7630643 0.79872084 -0.5565154 -0.22876962
0.26556057 -0.43918595 0.7341954 -0.18188092 0.9002158 0.39563984
0.27655554 -0.44159886 0.7281925 0.6911875 0.72246766 -0.017329473
0.2779012 -0.44888765 0.7213755 0.9046611 0.07348901 -0.41974705
0.25489813 -0.4515658 0.7264804 -0.96771026 -0.18501228 0.17119358
0.26604685 -0.45965075 0.71876675 -0.0012243057 -0.8863088 -0.4630931
0.25764385 -0.45703527 0.7213488 -0.66926014 -0.73146516 -0.1305736
0.25703833 -0.44340593 0.730682 -0.80127907 0.4440564 0.4009559
0.27368894 -0.4555604 0.7183955 0.6195975 -0.54091346 -0.5687807
0.26059878 -0.42840654 0.6968008 0.79661965 0.21781923 -0.5638722
0.25991288 -0.42292973 0.7046906 0.66963875 0.72695625 0.1520478
0.24154659 -0.43547413 0.7069093 -0.8468314 -0.3293438 0.4176234
0.2494052 -0.4382359 0.6952137 -0.12771098 -0.6980603 -0.70455784
0.24327141 -0.4388505 0.7003275 -0.6309502 -0.739947 -0.23319572
0.24529612 -0.42863345 0.71191734 -0.59840906 0.20411475 0.774754
0.250793 -0.4239255 0.71192414 -0.039894573 0.65667385 0.7531188
0.25563905 -0.43476003 0.6940237 0.38645074 -0.3483101 -0.85401165
0.28807154 -0.47327387 0.7638372 0.792043 -0.6018438 -0.102234416
0.07567113 -0.67713076 0.024037043 -0.21041985 0.9540689 -0.2132512
0.048253175 -0.6961753 0.019187959 -0.80963093 0.535268 -0.24080256
0.106236644 -0.6832113 0.019859586 0.4537674 0.8539111 -0.25481567
0.07324045 -0.67864543 0.05587834 -0.25601637 0.9509202 0.17379932
0.07228416 -0.6863569 0.07996882 -0.25239214 0.9236613 0.28835398
0.10023494 -0.6918232 0.0793762 0.4727608 0.8052643 0.357836
0.10622039 -0.68152165 0.048941858 0.47947046 0.8630655 0.15882674
0.047735736 -0.69821984 0.050989218 -0.8277316 0.5544375 0.086367734
0.047763467 -0.70704687 0.07311656 -0.86479074 0.45945722 0.20257342
0.1571198 -0.90234494 0.025223596 0.4517666 -0.16950244 0.87588567
0.096056096 -0.9239512 0.028647592 -0.3167697 -0.36105806 0.87709415
0.12777825 -0.9274 0.029620735 0.1632571 -0.40954864 0.89756167
0.13091566 -0.82588154 0.053455163 0.5992214 -0.18663839 0.77852404
0.108200744 -0.8420833 0.057563223 0.08944133 -0.41215324 0.90671384
0.08329321 -0.84079874 0.05061429 -0.5798583 -0.36611077 0.72782356
0.12157866 -0.7943658 0.068943925 0.67963874 -0.18493623 0.7098519
0.0987584 -0.8077265 0.07645708 0.059761684 -0.49033743 0.86948127
0.07872576 -0.8080616 0.065922216 -0.6307924 -0.46270758 0.62289846
0.1232676 -0.9015538 0.03664474 0.12123636 -0.21061197 0.9700228
0.08894359 -0.9058933 0.03165253 -0.38812557 -0.26317826 0.8832303
0.15860948 -0.8815517 0.027097164 0.47585416 -0.08809667 0.8751011
0.14618357 -0.8527617 0.036599793 0.5245247 -0.10537923 0.84484845
0.11578063 -0.87204134 0.043800917 0.113242134 -0.28426993 0.95203304
0.08336922 -0.87393343 0.037601687 -0.47108766 -0.2653428 0.84123105
0.05316474 -0.75651073 0.019493701 -0.8544421 -0.33571276 -0.3965169
0.043526854 -0.7241823 0.01784504 -0.9332877 -0.0502214 -0.35560074
0.05033683 -0.7594281 0.04813669 -0.9350667 -0.35395557 -0.019122666
0.05295181 -0.75999177 0.07231337 -0.8820671 -0.45668337 0.11574956
0.043008383 -0.73216575 0.072328985 -0.99344105 -0.066636294 0.092921734
0.039382763 -0.72817534 0.048510086 -0.9993993 -0.03430419 -0.0049175723
0.06763481 -0.8039014 0.021619475 -0.92592305 -0.12272359 -0.35721895
0.068090424 -0.80839705 0.045636773 -0.92613953 -0.303712 0.22366162
0.06505505 -0.87293893 0.008308681 -0.95826805 -0.06562368 -0.27823704
0.07199545 -0.87373734 0.027341692 -0.8392644 -0.1551241 0.52112544
0.16327542 -0.916576 0.017957661 0.7463365 -0.5110841 0.42635044
0.096730344 -0.9377865 0.021724047 -0.39146674 -0.80215055 0.45089722
0.13122688 -0.9413163 0.019268144 0.2703622 -0.91249627 0.30700946
0.16456075 -0.9146645 0.007052067 0.77604455 -0.48785782 -0.39968678
0.09613982 -0.9373631 0.006868629 -0.3866543 -0.79149735 -0.47331864
0.13041428 -0.9383841 0.006318423 0.22068721 -0.7907318 -0.5709995
0.07380829 -0.91139036 0.010704627 -0.8995373 -0.40254217 -0.16968338
0.08016377 -0.9080965 0.024035243 -0.7339577 -0.30951113 0.6045734
0.07260354 -0.8375623 0.035721123 -0.923687 -0.16422881 0.34616634
0.069122024 -0.8355783 0.014348834 -0.9575267 0.060947966 -0.28182968
0.11642968 -0.7736666 0.08141846 0.77649087 -0.2646593 0.5718543
0.09403957 -0.7936916 0.08625912 0.043774307 -0.6189925 0.7841761
0.07139624 -0.7864638 0.07570826 -0.70060265 -0.5654154 0.43527144
0.05877448 -0.7803484 0.04768569 -0.9266091 -0.36978146 0.068243496
0.062340997 -0.77926284 0.020906912 -0.8547463 -0.2848847 -0.43387723
0.14768863 -0.81405246 0.033768456 0.8759363 0.18623857 0.44502893
0.13746828 -0.7877825 0.047606546 0.9133011 0.12067139 0.38899803
0.1623452 -0.84488654 0.023798157 0.8394783 0.17751963 0.5135786
0.120760396 -0.7404638 0.07948148 0.92844766 0.032510117 0.3700379
0.1161258 -0.71149105 0.0790025 0.86023414 0.3921561 0.3259
0.13144997 -0.73405033 0.018200425 0.9265427 0.09264652 -0.36460283
0.12351798 -0.7027081 0.017504679 0.84177125 0.4434151 -0.30790308
0.12550154 -0.70400923 0.047678262 0.8827169 0.44496796 0.15104446
0.13246347 -0.73399264 0.047340747 0.9793965 0.13688947 0.14847147
0.14007048 -0.7849755 0.018126564 0.86140996 0.37854123 -0.33864367
0.1318766 -0.7617559 0.020058027 0.9156788 0.12817535 -0.3809243
0.15173174 -0.81107825 0.011955685 0.8375274 0.43152335 -0.33516487
0.17052025 -0.87728506 0.019180834 0.8673862 -0.0050916243 0.49760965
0.17243749 -0.8788795 0.006652736 0.9180488 -0.011004433 -0.39631468
0.1342192 -0.7621076 0.04919845 0.97577053 0.04910684 0.21321444
0.16465716 -0.84098554 0.0072012185 0.87728834 0.304601 -0.37092227
0.08902365 -0.7747043 0.1302927 0.22799486 -0.9722435 0.052544292
0.0727769 -0.7717343 0.13032667 -0.40767127 -0.9126911 0.028267443
0.056908254 -0.7162223 0.13050438 -0.8513935 0.5073486 0.13314092
0.07406364 -0.6955208 0.13249598 -0.30659255 0.94873786 0.076795205
0.11141742 -0.7203862 0.12963398 0.94947267 0.3133513 -0.017680142
0.09777273 -0.70240766 0.13107172 0.56040174 0.8282126 0.0036921606
0.05757575 -0.76170224 0.13232775 -0.76584244 -0.6428048 0.016952157
0.047310732 -0.739372 0.13342679 -0.9950387 -0.018671751 0.09772049
0.11108065 -0.7480633 0.1288959 0.9730132 -0.23057842 0.008884314
0.10234015 -0.76544183 0.13053285 0.7544535 -0.6562677 0.010615245
0.15795408 -0.9089361 0.000400086 0.2876482 -0.20798847 -0.93487936
0.09633463 -0.927982 0.0022819417 -0.22963513 -0.2589866 -0.93818635
0.12892048 -0.9280594 0.0011647337 0.06586476 -0.22375977 -0.9724163
0.13787305 -0.811019 0.002627576 0.24238041 0.25289282 -0.93664134
0.079153396 -0.8306783 0.004056068 -0.40966678 0.14496168 -0.90064377
0.10661844 -0.8204576 0.0028128857 -0.06735108 0.07942616 -0.99456286
0.12095712 -0.76254934 0.008074649 0.46256474 0.01887794 -0.8863845
0.071962 -0.77673084 0.010208415 -0.45395458 -0.21430156 -0.86487
0.096479796 -0.77143097 0.0044966303 -0.027685132 -0.09285106 -0.99529505
0.1143318 -0.70674825 0.003453562 0.46359214 0.27012807 -0.84386796
0.051600605 -0.7205151 0.0064191907 -0.5975059 -0.012888949 -0.8017609
0.079024106 -0.7128044 -0.0024376458 -0.08965572 0.11142172 -0.9897207
0.105386384 -0.68833196 0.010435734 0.34555042 0.65169185 -0.67519826
0.078278266 -0.68632805 0.007360685 -0.10991139 0.65534955 -0.74728596
0.052936405 -0.6980864 0.010621425 -0.5788294 0.44124645 -0.6857537
0.11871677 -0.73658055 0.0039472254 0.46396488 -0.021746073 -0.8855867
0.08762051 -0.74234957 0.00031288608 -0.03141415 -0.114733495 -0.9928995
0.061535016 -0.7509398 0.007037676 -0.49079356 -0.23370801 -0.83934635
0.12700714 -0.7870098 0.0072873486 0.32788882 0.20720597 -0.9217129
0.102221146 -0.79400975 0.0057200613 -0.08528603 0.011674612 -0.9962881
0.076529935 -0.79961634 0.01183804 -0.4933518 -0.014836961 -0.8697033
0.15298663 -0.84227514 -0.001195117 0.26243266 0.14806017 -0.95352364
0.15915307 -0.8744437 -0.0011171208 0.23457022 0.004496005 -0.97208875
0.12076411 -0.891505 0.005209106 -0.016771244 -0.0090207355 -0.9998186
0.11447175 -0.85379356 0.0024256795 -0.018349685 -6.883237e-05 -0.9998316
0.08224767 -0.90058976 0.00040481388 -0.2915803 -0.14327507 -0.94575536
0.07666132 -0.86530626 -0.0010296443 -0.32962134 0.05736058 -0.9423691
0.023134759 -0.7031789 1.4697227 0.15253215 -0.23304541 0.96042895
0.01798115 -0.70503527 1.4698035 0.029117173 -0.4163358 0.9087445
0.023610162 -0.707053 1.464709 0.26607588 -0.9474949 -0.17736122
0.017685046 -0.70789325 1.4645866 -0.037813194 -0.9727704 -0.22866562
0.042441525 -0.6955724 1.467692 -0.14975059 -0.8412338 -0.51951945
0.041719865 -0.6965243 1.46918 -0.12353225 -0.66571945 -0.7359059
0.04158583 -0.6948236 1.4664825 -0.03611674 -0.9932063 -0.110619694
0.039491344 -0.6946078 1.4682252 -0.0968606 -0.30347624 -0.94790304
0.03656093 -0.6963837 1.4685221 0.073168814 -0.23123065 -0.9701436
0.03225942 -0.69812447 1.4684297 0.2638727 -0.25372782 0.9305876
0.028056646 -0.70086503 1.469209 0.26537266 -0.19887486 0.94341195
0.033396 -0.7005671 1.4648658 0.64510125 -0.764046 0.008839241
0.029163683 -0.7045745 1.4646603 0.5584953 -0.80843204 -0.18579772
0.032324664 -0.7034529 1.4722311 0.3417077 -0.7165982 -0.60804826
0.028450403 -0.7065524 1.4736711 0.35975304 -0.7395649 -0.56887746
0.024168799 -0.7086998 1.4744579 0.20103627 -0.9019851 -0.38210902
0.018009769 -0.70893276 1.4733136 -0.043161932 -0.9287782 -0.36811435
0.03952574 -0.6978972 1.4700891 0.17779355 -0.562872 -0.8071954
0.03654414 -0.70033723 1.4709036 0.32810447 -0.7144907 -0.61794055
0.039796308 -0.6953854 1.465924 0.371756 -0.91540384 0.15438008
0.0370943 -0.6969311 1.4654899 0.57076514 -0.7975501 0.19529712
0.02350785 -0.70606273 1.4683516 0.24890915 -0.7414476 0.62313694
0.017851213 -0.70719564 1.4681387 -0.0017836633 -0.86306286 0.50509334
0.039635252 -0.6951363 1.4671303 0.36190686 -0.8702334 0.3342413
0.036828436 -0.69627357 1.4672892 0.50580305 -0.79709226 0.3298595
0.032788742 -0.69986784 1.467174 0.5440222 -0.595124 0.59149575
0.02868235 -0.70415264 1.4678208 0.49094847 -0.6490341 0.5811406
0.017972877 -0.7080727 1.4718027 -0.0518881 -0.69742715 -0.71477485
0.032061175 -0.70125276 1.4702367 0.14885147 -0.5270864 -0.83667386
0.028229533 -0.7038567 1.4713013 0.18593319 -0.5335935 -0.8250496
0.023853716 -0.7072234 1.4721146 0.1962721 -0.64466596 -0.73883885
0.039482072 -0.69591147 1.4691706 0.08464159 -0.49808225 -0.8629889
0.03618371 -0.6986801 1.4693862 0.19589163 -0.48705953 -0.85111654
0.041322295 -0.6950606 1.4678644 -0.39638576 -0.813895 -0.42479774
0.04085017 -0.6955058 1.4687407 -0.25710437 -0.63929254 -0.72470844
0.040823273 -0.6946119 1.4672391 -0.046138357 -0.9974743 -0.0540015
0.03759349 -0.68366194 1.5338238 0.568834 -0.5324671 -0.62682253
0.037083223 -0.68357456 1.53284 0.67498136 -0.7214754 0.1545099
0.038387485 -0.68338084 1.5323381 0.12402425 -0.52012944 0.84503454
0.04567998 -0.6851614 1.5385118 0.25113598 -0.11287243 -0.96134824
0.04048618 -0.6836827 1.5354337 0.484477 -0.34590444 -0.8035124
0.0601208 -0.67806405 1.5350558 -0.27376607 -0.31519946 -0.9086811
0.05625746 -0.681834 1.537433 -0.26571965 -0.1739611 -0.94822496
0.051587157 -0.6848057 1.5385936 -0.06764666 -0.1163267 -0.9909046
0.060257554 -0.6745944 1.532541 0.007327995 -0.5333031 0.84589255
0.06045108 -0.6741792 1.5330346 0.09336428 -0.99219984 -0.08259859
0.060661636 -0.6746652 1.5335945 -0.15492217 -0.5993159 -0.7853787
0.05140028 -0.6831209 1.5304847 0.12697525 -0.15764098 0.979299
0.059072513 -0.6781463 1.5314474 -0.12549925 -0.20846376 0.9699448
0.056129366 -0.68086195 1.5307025 -0.046212338 -0.13967519 0.9891184
0.045467917 -0.68418753 1.5318089 0.17284913 -0.04649589 0.9838502
0.041922595 -0.68364865 1.5324006 0.18714505 -0.04810467 0.9811537
0.039322358 -0.68168736 1.533253 0.647022 -0.742786 0.17213778
0.05691194 -0.6827974 1.5374472 -0.052787006 -0.40651026 -0.91212
0.040044863 -0.684526 1.5355464 0.3932622 -0.45172825 -0.80080354
0.044851467 -0.680653 1.5381992 0.4238518 -0.23899595 -0.87363064
0.054426335 -0.6777547 1.5372968 -0.22842674 -0.42963552 -0.8736329
0.049816433 -0.6796131 1.5387129 -0.01071701 -0.26652935 -0.96376723
0.05833244 -0.6741929 1.5332061 0.10908844 -0.9936096 0.028978774
0.060820065 -0.67859 1.5350387 0.04931741 -0.48814 -0.87137085
0.052058026 -0.6856805 1.5387504 0.067646995 -0.54107267 -0.8382507
0.0503897 -0.68035 1.5304514 0.07591103 -0.06855326 0.99475527
0.054464143 -0.67825305 1.5304354 -0.053275924 -0.18102516 0.98203444
0.0447883 -0.68090284 1.5306367 0.20023443 0.009509811 0.9797019
0.057235472 -0.67657715 1.5313507 -0.099398956 -0.40455404 0.9090962
0.041570053 -0.6817206 1.5320745 0.46275103 -0.05246387 0.8849344
0.05757014 -0.6761399 1.5352477 -0.18617481 -0.5605398 -0.8069287
0.04187132 -0.6816458 1.5357165 0.632419 -0.3274071 -0.7020333
0.05543271 -0.67476135 1.533266 0.041021995 -0.99596167 0.07985916
0.061507348 -0.67491126 1.5335294 -0.14068645 -0.495681 -0.8570342
0.06121925 -0.6740283 1.5328096 0.27167362 -0.9582471 0.08919612
0.0488873 -0.6769822 1.5370796 0.15767834 -0.75576943 -0.63557065
0.053612616 -0.6757496 1.5354804 0.004921587 -0.8487103 -0.52883506
0.044172194 -0.67815775 1.5360659 0.5309444 -0.7194123 -0.44782117
0.04172773 -0.67940617 1.5332357 0.7194617 -0.6818863 0.131931
0.056816593 -0.68189883 1.5304341 0.17845361 -0.46382633 0.867767
0.060959566 -0.67507786 1.5324842 0.13883618 -0.31957555 0.93733454
0.049445137 -0.6779943 1.5312357 0.14998174 -0.47606722 0.866525
0.05342398 -0.6758989 1.5314828 0.096873336 -0.68352103 0.7234739
0.04405012 -0.6782728 1.5316855 0.4145735 -0.6715509 0.61412394
0.03675058 -0.68473786 1.5338103 0.5909033 -0.5787708 -0.5620122
0.04550187 -0.6860923 1.5386463 0.19099885 -0.509534 -0.8389842
0.03778341 -0.68423516 1.531835 0.1349108 -0.65311664 0.74514276
0.036244374 -0.6846151 1.5324402 0.6547899 -0.73557454 0.17372419
0.048399992 -0.6759099 1.5335379 0.26174358 -0.9487834 0.17691892
0.04514654 -0.68526286 1.5314798 0.14696683 -0.63724136 0.7565211
0.040923607 -0.68473357 1.5322137 -0.03133017 -0.5307247 0.84696496
0.05155334 -0.6842253 1.5300741 0.22481966 -0.53966886 0.8113037
0.060060147 -0.67875165 1.5313834 0.21272695 -0.40073106 0.8911576
0.08663076 -0.58463573 1.4969459 0.042883564 0.85458696 -0.5175346
0.09132886 -0.57995135 1.5116113 0.088113494 0.9940995 -0.06326366
0.08056154 -0.60371584 1.4821172 0.02742506 0.15775427 -0.98709744
0.08251417 -0.593169 1.4879171 0.006828899 0.60702723 -0.79465175
0.08229682 -0.6165907 1.4891993 0.89029944 -0.29676914 -0.34539095
0.081769824 -0.61081797 1.4838607 0.31216663 -0.4691344 -0.82611436
0.08545577 -0.6073626 1.5052978 0.7849189 -0.3158608 -0.5330425
0.08597806 -0.61818826 1.5122951 0.94452554 -0.2751228 -0.17938489
0.085582815 -0.6122026 1.508212 0.8727371 -0.11978628 -0.47326648
0.087183855 -0.61357665 1.516645 0.979338 0.13678123 -0.14895637
0.08884873 -0.61024904 1.5225265 0.90654755 -0.10182076 -0.40963894
0.08846094 -0.61230755 1.5251689 0.81925595 -0.49614373 0.2875085
0.086732425 -0.61748564 1.5170649 0.9423786 -0.330864 -0.049513165
0.0869706 -0.61310536 1.5130203 0.9914936 0.10052735 -0.08267229
0.086688235 -0.6107267 1.5106492 0.99520797 0.09599274 -0.018612908
0.08777638 -0.59799063 1.4905 0.9826585 -0.14005427 -0.12152023
0.0919734 -0.58948135 1.4992465 0.94239914 -0.19325279 -0.273015
0.087536566 -0.5948674 1.4870107 0.62374645 0.32605693 -0.71037126
0.09185859 -0.5856542 1.4956696 0.65031874 0.49899876 -0.5727877
0.08257772 -0.61112106 1.4959792 0.7805657 0.15129167 0.60648835
0.08087995 -0.61549795 1.5005223 0.90060216 0.43454105 -0.0094718225
0.08351124 -0.6147695 1.4903989 0.91341 -0.39829132 -0.08394082
0.08437804 -0.6117364 1.492669 0.86898434 -0.26515314 0.41780382
0.086269245 -0.6093254 1.4884531 0.93852574 -0.34319028 0.03727971
0.08461926 -0.6105768 1.4847863 0.6070146 -0.5446338 -0.57871157
0.08565432 -0.60393703 1.4823204 0.53523064 0.005725411 -0.8446865
0.08759219 -0.6042241 1.487461 0.9785211 -0.15202032 -0.13923392
0.093407065 -0.6022463 1.5263637 0.8400524 -0.31602764 -0.44095173
0.093181774 -0.60274947 1.5301083 0.7209358 -0.3627304 0.5904898
0.09761782 -0.5925367 1.5247816 0.89325947 -0.41190574 -0.18005878
0.09706523 -0.59073824 1.52915 0.7144687 0.113177575 0.6904529
0.09901477 -0.58699507 1.5210582 0.9712793 -0.22093089 -0.088350825
0.09814025 -0.5834189 1.5238823 0.6138999 0.63146657 0.47368446
0.098144144 -0.5846219 1.5110955 0.8928223 -0.36770013 -0.26012468
0.097977 -0.5795188 1.5109484 0.6304329 0.75713664 -0.17116795
0.09230433 -0.5897769 1.5304767 0.3552485 0.34265342 0.86970514
0.09263196 -0.58308715 1.5240076 0.2737905 0.831713 0.4830032
0.08911553 -0.6025504 1.5317081 0.4852762 -0.25270715 0.8370461
0.083804734 -0.6149486 1.5046985 0.82048565 0.21150838 -0.5311002
0.08615765 -0.60588753 1.508014 0.9962267 0.0057223034 0.0865998
0.08508833 -0.60116494 1.5011278 0.80112946 -0.54055554 -0.25688758
0.08687182 -0.59886366 1.5056404 0.82872814 -0.5594753 -0.014041836
0.08107712 -0.6077746 1.495554 0.6643439 -0.115756035 0.7384089
0.08378676 -0.607278 1.4928901 0.7600273 -0.2422729 0.6030442
0.0814073 -0.6115047 1.5052139 0.4273596 0.08319271 -0.90024596
0.07887202 -0.6136754 1.5009822 0.44491303 0.88037956 0.16426872
0.07977006 -0.613448 1.5031084 0.41589552 0.7108489 -0.5672078
0.07765692 -0.60862625 1.497967 0.6063012 -0.24514504 0.756507
0.07651073 -0.6106479 1.5040286 0.47971126 0.021739347 -0.877157
0.0766118 -0.61188114 1.4987686 0.54863334 0.46621454 0.6940068
0.07654629 -0.60818404 1.5026556 0.51344323 -0.6621203 -0.54586864
0.07420207 -0.61210096 1.5018326 0.9084739 0.39847004 -0.12608281
0.07573905 -0.6080316 1.5003656 0.7958346 -0.57299644 0.19576116
0.08852996 -0.6024645 1.521691 0.9859017 -0.16283758 0.03849405
0.088976055 -0.6001006 1.5232202 0.87587047 -0.2888878 -0.38651618
0.09445773 -0.59310675 1.5227418 0.7527517 -0.5479953 -0.36478215
0.08426013 -0.6088648 1.5172112 0.9602604 0.04008517 -0.2762121
0.084670685 -0.6089916 1.5138069 0.9517752 0.25541878 0.16995688
0.09214711 -0.5915858 1.5003836 0.91987425 -0.09544478 -0.38042313
0.09560065 -0.58909446 1.5187365 0.88202256 -0.428374 -0.19629543
0.09447483 -0.5867441 1.5106459 0.8868985 -0.43441305 -0.1571502
0.08816543 -0.5985818 1.4938095 0.92975134 -0.3653891 0.04531235
0.08704313 -0.6037828 1.4925214 0.8658897 -0.35296467 0.35447264
0.09234321 -0.5945949 1.501524 0.7856491 -0.49850187 -0.36640334
0.09241012 -0.59785426 1.5102262 0.5816922 -0.7343914 -0.34971893
0.09667852 -0.59303033 1.509516 0.95789224 -0.1813113 -0.2226399
0.09224055 -0.59667885 1.5176178 0.66469455 -0.62743175 0.405599
0.090308964 -0.59611505 1.5048807 0.558164 -0.8181092 -0.13838466
0.08876132 -0.60349715 1.5149516 0.5768733 -0.6905294 -0.4363327
0.08896232 -0.60017765 1.519067 0.8734128 -0.16173165 0.45933968
0.09054277 -0.59692174 1.5204916 0.67869246 -0.73299354 -0.045793243
0.08726574 -0.60675836 1.521868 0.8382218 -0.13721144 -0.5277852
0.09007141 -0.60027283 1.5247946 0.5977889 -0.2748999 -0.7530461
0.092804335 -0.5957853 1.5209635 0.6820373 -0.73014504 0.04139217
0.09562134 -0.5943459 1.5175642 0.8831143 -0.42681208 0.19478352
0.09326397 -0.59757406 1.5151681 0.79558164 -0.5931745 0.12326327
0.090345964 -0.6024582 1.5179069 0.8922141 -0.40244043 0.20492873
0.08146277 -0.6079246 1.5039424 0.3238667 -0.55639654 -0.7652014
0.0846035 -0.6050123 1.5106546 0.9777928 -0.004446882 0.20952691
0.08749998 -0.5983845 1.4970896 0.7199783 -0.6897915 0.07628199
0.08508305 -0.6004831 1.4981942 0.7577536 -0.6358788 0.146518
0.08287604 -0.60339063 1.500344 0.6950647 -0.6478202 -0.3117915
0.08744259 -0.5984825 1.5089297 0.5250052 -0.77690953 -0.34753573
0.08521547 -0.6028338 1.5129676 0.7366721 -0.52972734 -0.42036065
0.08673851 -0.59905547 1.5073874 0.8813493 -0.47201705 0.020571977
0.08252323 -0.6043981 1.4968508 0.6688156 -0.60934526 0.425892
0.079455525 -0.6059461 1.4991287 0.5949019 -0.7959945 0.11173388
0.27025703 -0.44122827 0.7527187 -0.7929057 0.47778 0.3781888
0.3122517 -0.41524836 0.77737784 0.64401865 0.71710795 0.26645112
0.23777182 -0.39920503 0.69115865 0.56568563 0.8100179 0.15450175
0.2355832 -0.40384236 0.6820051 0.42994517 0.22973594 -0.8731372
0.22536892 -0.4043404 0.6973621 -0.48017135 0.25995424 0.8377704
0.23128323 -0.4085546 0.67971116 0.18601829 -0.056453865 -0.98092306
0.23119599 -0.40093902 0.6974774 0.057171784 0.6111473 0.7894494
0.22099015 -0.41379702 0.68660724 -0.8039495 -0.56173795 -0.19523251
0.22161663 -0.41256967 0.69457936 -0.7963578 -0.30565742 0.52190787
0.22632036 -0.41197962 0.680484 -0.1523372 -0.357502 -0.9214042
0.24585663 -0.41143236 0.6841985 0.5577634 0.431592 -0.70896286
0.2524641 -0.41844717 0.68745255 0.7887784 0.20731616 -0.5786611
0.2493881 -0.41480544 0.68510395 0.67314976 0.34064823 -0.65637505
0.24105766 -0.4293507 0.6857562 -0.09411249 -0.7086547 -0.6992506
0.23447007 -0.42258367 0.68255115 -0.3206627 -0.45051718 -0.8331925
0.23781553 -0.42610475 0.68340325 -0.21651053 -0.57444125 -0.7893924
0.24020562 -0.41796425 0.68136615 0.12829141 -0.020111902 -0.99153256
0.24687064 -0.42484966 0.68447423 0.40706626 -0.33735207 -0.8488172
0.24370413 -0.42144936 0.68211013 0.26654112 -0.16847874 -0.948984
0.24206823 -0.41426367 0.7010842 0.06307655 0.53237295 0.84415656
0.2335296 -0.4243028 0.6973692 -0.7395387 -0.3918705 0.5472841
0.23724574 -0.41834894 0.7008697 -0.43877298 0.06533163 0.89621985
0.23571008 -0.4302187 0.69236994 -0.6650775 -0.73315364 -0.14197774
0.22997479 -0.42430013 0.68913305 -0.684935 -0.7101827 -0.16280179
0.23287614 -0.42745596 0.6903711 -0.68399227 -0.72019374 -0.116084054
0.25192964 -0.41389835 0.696562 0.6418967 0.7411617 0.19659084
0.24664254 -0.40786174 0.69324785 0.7023977 0.68167377 0.20483708
0.24938409 -0.41103142 0.69452184 0.66162515 0.71529126 0.2249682
0.26802576 -0.44842505 0.7039006 0.5439609 -0.41155156 -0.7312536
0.26019746 -0.43522972 0.7206007 -0.1302246 0.79221976 0.596179
0.25180843 -0.4458395 0.7163977 -0.8959713 -0.23112975 0.3792286
0.2550678 -0.43950716 0.7201959 -0.7171583 0.31680727 0.6207392
0.2547372 -0.45317128 0.7141097 -0.7118509 -0.69213057 -0.11926202
0.25061476 -0.4479029 0.7081001 -0.7028146 -0.6984502 -0.13497843
0.2528332 -0.45067963 0.7108387 -0.72850674 -0.677593 -0.10072642
0.26787594 -0.43197688 0.7127724 0.64798963 0.74097157 0.17626809
0.2722973 -0.4366412 0.71851265 0.6611903 0.7486112 0.04907758
0.2702281 -0.4345005 0.715445 0.6346042 0.75924134 0.14432661
0.23674767 -0.4145984 0.68112135 0.10614453 0.00045324746 -0.9943506
0.23103184 -0.41908917 0.6822505 -0.3315253 -0.44724858 -0.83069825
0.24275117 -0.40804267 0.68407977 0.5623353 0.45489717 -0.69054145
0.22278358 -0.3992463 0.6789323 -0.3512074 0.46244973 -0.8141213
0.22039174 -0.4068494 0.6801897 -0.65919805 -0.19080059 -0.72736025
0.22990732 -0.3973056 0.6814445 0.30100736 0.7289198 -0.6148744
0.23643285 -0.40182102 0.6832882 0.5808356 0.5535071 -0.5968752
0.22472948 -0.4131991 0.6817016 -0.46503085 -0.5351286 -0.7052544
0.29713857 -0.42892325 0.7419995 0.83210593 0.31321058 -0.45771044
0.28421113 -0.4394712 0.7365875 0.036319252 -0.4508699 -0.8918505
0.29212594 -0.43539554 0.73610437 0.5237623 -0.26171353 -0.81066585
0.27737877 -0.42079595 0.72270733 0.52131367 -0.3706157 -0.7686847
0.27300063 -0.41629252 0.71796465 0.3794449 -0.20300652 -0.90266824
0.26922584 -0.42266905 0.7207593 -0.10087098 -0.71935874 -0.6872759
0.24920352 -0.38471478 0.70532805 0.5368571 0.14769815 -0.8306441
0.24177583 -0.3923464 0.70400363 0.084145494 -0.37441573 -0.9234351
0.24599059 -0.3893787 0.70380586 0.29948542 -0.14127769 -0.9435831
0.24144302 -0.37839755 0.7024724 0.47103143 0.3490967 -0.8100993
0.23578824 -0.38533947 0.70035094 -0.11329615 -0.2700306 -0.95616287
0.23744154 -0.37988663 0.7001957 0.19433413 0.14286853 -0.97047555
0.23966339 -0.3741848 0.7083834 0.11285093 0.99283314 0.039332744
0.22961974 -0.38370612 0.70487475 -0.9647774 -0.028979823 -0.26146656
0.2322018 -0.37624744 0.7043467 -0.6624582 0.7067026 -0.24843654
0.2304295 -0.38511077 0.7110288 -0.9422438 -0.0126195615 0.33469006
0.2376377 -0.3759017 0.7123271 -0.20980226 0.8348478 0.5089322
0.24976394 -0.38064024 0.7139771 0.56383187 0.7781183 0.27681303
0.23326929 -0.37749252 0.71090215 -0.669121 0.6153378 0.41669703
0.26684457 -0.42030936 0.7191119 -0.21828572 -0.62299925 -0.751148
0.27150023 -0.42496356 0.7232791 -0.036780752 -0.7551909 -0.6544721
0.2795953 -0.4129651 0.72350615 0.7970708 0.26026246 -0.5449235
0.28462204 -0.42162082 0.7548707 -0.35556602 0.8508525 0.38681114
0.27201986 -0.43438956 0.74873555 -0.94759095 0.24096131 0.2097834
0.27603146 -0.4283728 0.7523296 -0.712909 0.3982883 0.5771717
0.275225 -0.4365628 0.738864 -0.6677876 -0.46102148 -0.5843962
0.23704563 -0.39603853 0.7096423 -0.6623698 -0.71431434 -0.22587912
0.2819647 -0.41560188 0.7257549 0.79918146 0.20785487 -0.5640082
0.2434746 -0.38310897 0.7195547 0.02324307 0.525616 0.85040444
0.23887798 -0.38705045 0.71975183 -0.44955376 0.1106513 0.8863733
0.23577683 -0.39254686 0.7164464 -0.7252515 -0.41730994 0.54759705
0.27734032 -0.41036493 0.72159845 0.74354374 0.3479643 -0.5710197
0.29146534 -0.42125803 0.748725 0.48647884 0.8736606 0.0074481703
0.2779731 -0.41680095 0.7473635 -0.17713886 0.73581576 0.653603
0.28729364 -0.41594097 0.7396976 0.63399965 0.77065885 0.06426045
0.28741074 -0.42112544 0.7319463 0.7819755 0.23411319 -0.57767236
0.2685124 -0.42736164 0.7392564 -0.91443294 -0.35052872 0.20234132
0.27713925 -0.4304667 0.729738 -0.03451644 -0.6986731 -0.7146079
0.27050093 -0.43014294 0.73336446 -0.60890913 -0.7501185 -0.2579766
0.2704092 -0.42120144 0.7443544 -0.7539328 0.21651049 0.62024873
0.28322762 -0.42656636 0.7291507 0.46141377 -0.32107687 -0.8270471
0.2679222 -0.40142617 0.71686673 0.7223722 0.37590304 -0.5804097
0.26752305 -0.39782202 0.7246504 0.5881827 0.78202486 0.20610231
0.25312147 -0.41022128 0.72564244 -0.7671564 -0.4605731 0.44647902
0.25823316 -0.4108473 0.71493804 -0.13584179 -0.6242854 -0.769295
0.25381625 -0.4123385 0.71947813 -0.59279 -0.7700832 -0.23573701
0.2559607 -0.405158 0.7303592 -0.59326243 -0.00700008 0.80497867
0.26024422 -0.4003138 0.7312763 -0.08541039 0.5319899 0.84243214
0.26380467 -0.40698692 0.7139293 0.35201985 -0.19664806 -0.91510195
0.24622744 -0.3777317 0.71231586 0.48029545 0.8473067 0.22668846
0.24599482 -0.38142097 0.704396 0.5455744 0.31673858 -0.77590287
0.23562124 -0.38195536 0.7161329 -0.56050855 0.34992743 0.75058705
0.24260144 -0.3857122 0.701745 0.33710238 -0.08683532 -0.9374548
0.24062888 -0.37908214 0.7164843 -0.04838604 0.67839867 0.7330989
0.2325431 -0.39063805 0.70698947 -0.75839746 -0.5944187 -0.26739427
0.23254414 -0.38893133 0.71404487 -0.84343994 -0.2633707 0.46823594
0.2381948 -0.3888547 0.70191884 -0.020204492 -0.467793 -0.88360703
0.25474727 -0.38710812 0.7078898 0.6235423 0.47774062 -0.61883664
0.25979874 -0.39226863 0.71042293 0.77413946 0.34567448 -0.5302991
0.25748822 -0.3896349 0.70883286 0.7071009 0.41271797 -0.57417095
0.24996564 -0.40289807 0.7084642 -0.099991426 -0.6586739 -0.7457549
0.24474043 -0.39774576 0.70580435 -0.22457257 -0.49624312 -0.83863574
0.24751252 -0.4003993 0.7067589 -0.1612232 -0.57078195 -0.805118
0.25002706 -0.39340925 0.7048802 0.21050422 -0.04701781 -0.97646165
0.2551809 -0.3984492 0.7072767 0.39618453 -0.24577886 -0.88466406
0.25274682 -0.39596394 0.70564806 0.30278516 -0.13976783 -0.94275445
0.25079712 -0.3910736 0.7228793 -0.022991305 0.51207244 0.8586345
0.24357428 -0.39981076 0.7190398 -0.7144404 -0.44473645 0.54017067
0.24697423 -0.39540085 0.72271824 -0.48739198 0.01835907 0.8729903
0.24572697 -0.40458247 0.71415627 -0.6246846 -0.76397675 -0.16158198
0.24043992 -0.3994967 0.7110942 -0.64057964 -0.7407424 -0.20238163
0.24299239 -0.40207043 0.71247995 -0.64232534 -0.75024027 -0.15670888
0.25908238 -0.3898724 0.7189698 0.5632525 0.77451587 0.28787428
0.2540051 -0.38477004 0.7159592 0.5852985 0.74481285 0.32043648
0.256491 -0.38726166 0.7173008 0.5681673 0.7526468 0.33272913
0.2751726 -0.41837892 0.7198435 0.509359 -0.31630918 -0.80031365
0.27028146 -0.41074884 0.73764646 -0.15043387 0.6195656 0.77039474
0.2636271 -0.42019796 0.732083 -0.8327592 -0.41351855 0.36812294
0.2659465 -0.41536105 0.7368753 -0.6910152 0.06757966 0.7196742
0.2665244 -0.42550302 0.7286615 -0.66011953 -0.724149 -0.19962583
0.2619853 -0.42031536 0.72465044 -0.6639785 -0.7286534 -0.16791882
0.26432362 -0.42295098 0.7264334 -0.67036676 -0.7258501 -0.15411031
0.2762359 -0.40567014 0.7299042 0.5953557 0.7732423 0.21828409
0.28120118 -0.41024995 0.73362505 0.5937055 0.7960574 0.11750062
0.27878058 -0.40803894 0.7316821 0.58619565 0.78552467 0.19830693
0.24717128 -0.390734 0.70425475 0.23588885 -0.08005507 -0.968477
0.24194549 -0.39499646 0.70507693 -0.20680656 -0.51787937 -0.83007956
0.2521032 -0.3844613 0.7073996 0.65686584 0.5017721 -0.5628073
0.23533508 -0.37808412 0.7002486 -0.22032449 0.45716476 -0.86165977
0.23289233 -0.38437685 0.7009852 -0.5601667 -0.18506652 -0.8074426
0.24056071 -0.3760017 0.7033661 0.32568735 0.7737903 -0.5433013
0.24642026 -0.37952346 0.7059895 0.6298185 0.63737863 -0.44393364
0.23647298 -0.3899665 0.70318544 -0.3541949 -0.60489446 -0.71319616
0.31318262 -0.41443524 0.7591496 0.93035716 0.29867032 -0.21267693
0.30364302 -0.4220207 0.7521212 0.1538493 -0.4219107 -0.8934885
0.31065294 -0.41879377 0.7531519 0.69268864 -0.21792871 -0.68752414
0.30118454 -0.40709832 0.7424858 0.57464474 -0.24039838 -0.78229916
0.2972421 -0.4025085 0.73988026 0.38856122 0.004753284 -0.9214107
0.29503742 -0.40746936 0.7406142 -0.033565626 -0.4609608 -0.8867855
0.2799507 -0.3783592 0.7359908 0.46182093 0.38637456 -0.7983959
0.27500004 -0.38297492 0.73365206 0.03544011 -0.112222984 -0.9930509
0.27777022 -0.3811114 0.7340727 0.2658096 0.18620089 -0.94587237
0.27476233 -0.3736101 0.7360588 0.3505256 0.636359 -0.6871528
0.27041352 -0.37811553 0.73347807 -0.17206152 0.07357575 -0.9823347
0.27130547 -0.3743126 0.73437756 -0.0068052155 0.50510997 -0.8630281
0.27364224 -0.37212136 0.7420037 0.04912829 0.9319061 0.35935676
0.2661112 -0.37853846 0.73749036 -0.9804717 0.06156095 -0.18677685
0.26804045 -0.3731825 0.7389007 -0.69675016 0.71615875 0.0406925
0.26678738 -0.3812951 0.7414696 -0.93671435 -0.13620664 0.32251194
0.27246624 -0.37464046 0.74466574 -0.20067728 0.6197941 0.7586725
0.28179997 -0.376979 0.74305135 0.6205036 0.69048613 0.3717583
0.2689374 -0.37594032 0.7435514 -0.6726289 0.40563864 0.6188923
0.29317024 -0.40526646 0.73976433 -0.09037067 -0.40579388 -0.9094858
0.2964302 -0.40961263 0.7418946 0.04083651 -0.588078 -0.8077726
0.30210438 -0.4009254 0.7440278 0.7709203 0.37692633 -0.5134281
0.30117562 -0.40929678 0.7675228 -0.20938258 0.84481835 0.49238282
0.2912994 -0.41758347 0.7590395 -0.9175572 0.36451253 -0.15880637
0.29516235 -0.41268235 0.7645261 -0.7318466 0.60750115 0.30877635
0.29543558 -0.419603 0.75420946 -0.5439387 -0.17813575 -0.819999
0.2716078 -0.38772666 0.7364868 -0.62675023 -0.56889117 -0.5324912
0.3040705 -0.4032487 0.74572766 0.8490419 0.26722682 -0.4557606
0.27729934 -0.3807007 0.7475846 0.12071191 0.24530068 0.9619024
0.27328953 -0.3843199 0.7472012 -0.38645735 -0.20500812 0.8992343
0.27041802 -0.38768512 0.7426391 -0.7260331 -0.61015284 0.3171583
0.3000326 -0.39864856 0.74307495 0.7213644 0.44560772 -0.5301577
0.3098776 -0.40965232 0.7652776 0.5511311 0.80247563 0.22866438
0.29748228 -0.40378892 0.76023024 0.39468315 0.81323045 0.42764646
0.30557927 -0.40342975 0.7562876 0.6074564 0.7556317 0.24498463
0.30733666 -0.40746424 0.75043935 0.87339544 0.27820748 -0.39972627
0.29150212 -0.41191855 0.7535839 -0.9555857 -0.29373434 0.024000585
0.29966864 -0.41480502 0.7468167 0.050791923 -0.6386487 -0.76782024
0.2939059 -0.4144074 0.7484429 -0.5670234 -0.7007334 -0.4329632
0.2925557 -0.40755373 0.75719833 -0.8246134 0.18989663 0.5328715
0.30466804 -0.41217497 0.74753773 0.5755813 -0.25701207 -0.77630585
0.29413182 -0.391915 0.74026716 0.7533544 0.40241784 -0.52011245
0.29388845 -0.38990232 0.7466874 0.6367059 0.704223 0.31412682
0.2816346 -0.39979258 0.74607456 -0.79233235 -0.5423581 0.27938685
0.2871994 -0.3982183 0.7373083 0.0009412497 -0.4200808 -0.9074862
0.2830867 -0.40048537 0.7399795 -0.5195167 -0.7021404 -0.4869304
0.28378782 -0.39632988 0.75075585 -0.5873706 -0.120275825 0.80033094
0.28774697 -0.39248908 0.7519677 -0.036004808 0.3922975 0.9191335
0.2911663 -0.39531207 0.7375685 0.42110965 -0.038288034 -0.90620124
0.27911842 -0.37502533 0.7432947 0.46816358 0.77113795 0.431473
0.27786627 -0.37589917 0.73627007 0.4688173 0.51406014 -0.7182984
0.27087227 -0.38002136 0.74599457 -0.5271325 0.07236938 0.8466959
0.2751869 -0.37819305 0.7338976 0.24251021 0.24868652 -0.9377333
0.27482337 -0.37757134 0.7466715 -0.014669507 0.4099807 0.9119763
0.26820657 -0.38363862 0.7366491 -0.77391994 -0.45345214 -0.4420736
0.26815897 -0.384552 0.74220157 -0.84537697 -0.42436525 0.32442555
0.27224493 -0.38052914 0.733426 -0.061762474 -0.08714053 -0.9942796
0.28426722 -0.38075668 0.73671615 0.51957875 0.6131522 -0.5950481
0.28860995 -0.38438842 0.737063 0.7030076 0.49156144 -0.5139531
0.28663582 -0.38266054 0.73679304 0.56519055 0.61351234 -0.5515091
0.28125194 -0.39158183 0.7338628 -0.06814325 -0.33378363 -0.9401835
0.27745584 -0.38766107 0.73391384 -0.21932763 -0.14859168 -0.9642696
0.27957618 -0.38959727 0.7336462 -0.19064076 -0.17289014 -0.96631515
0.28105593 -0.3843863 0.7340341 0.1495023 0.23531137 -0.96035284
0.28523833 -0.3884409 0.73389316 0.34432402 0.025462156 -0.9385056
0.2832464 -0.38649687 0.7337003 0.177689 0.20325035 -0.9628686
0.28260255 -0.38493243 0.74736863 0.123413846 0.38896754 0.9129476
0.2755724 -0.39254105 0.74292433 -0.729808 -0.59660715 0.33382684
0.27837908 -0.3891296 0.74693584 -0.44001293 -0.16497435 0.8827072
0.2776704 -0.39457452 0.73677856 -0.5561875 -0.64947206 -0.51849926
0.27416104 -0.39030266 0.736332 -0.5991416 -0.57134026 -0.5608917
0.2759041 -0.39248013 0.73660237 -0.64509356 -0.57472724 -0.5035305
0.2884815 -0.38369703 0.7438463 0.6270943 0.6947394 0.35226396
0.2849438 -0.38004467 0.7430255 0.64054304 0.6802991 0.3562272
0.28669897 -0.3818658 0.7433331 0.61500496 0.69005305 0.38156992
0.29954582 -0.40474698 0.74092126 0.49175847 -0.07781039 -0.86724806
0.2938502 -0.39883074 0.7542432 -0.07580201 0.53511643 0.8413706
0.28812838 -0.40711802 0.7491663 -0.82642734 -0.52082187 0.21392152
0.28988203 -0.40327913 0.7534545 -0.6602499 -0.022002755 0.75072366
0.29188922 -0.4107545 0.7447515 -0.5274382 -0.71341294 -0.46135756
0.28836334 -0.4065084 0.74288774 -0.57360506 -0.6780225 -0.45963326
0.29011944 -0.4085698 0.74368984 -0.5760512 -0.6765625 -0.45872462
0.29961818 -0.39597574 0.7494913 0.6137526 0.7267513 0.30844817
0.30273935 -0.39930385 0.75152636 0.63304234 0.74209386 0.22034995
0.3013355 -0.39773655 0.7502556 0.6268214 0.7402999 0.24300417
0.27835616 -0.38200796 0.73405373 0.2058489 0.16872102 -0.9639291
0.27502194 -0.38531294 0.73409563 -0.18705197 -0.22316946 -0.95666444
0.28237364 -0.37860057 0.73736626 0.59259355 0.6345594 -0.49615255
0.26992136 -0.37342143 0.73531735 -0.39511156 0.7141582 -0.5778105
0.26825622 -0.37793088 0.73424894 -0.63917124 0.08881692 -0.7639185
0.2740916 -0.37207177 0.7377042 0.21620889 0.9447555 -0.2463548
0.2784534 -0.374897 0.7377471 0.56885135 0.75140125 -0.33437154
0.27075225 -0.38183057 0.734054 -0.37097713 -0.29551595 -0.88036716
0.2657092 -0.4816545 0.73706275 0.75194514 -0.24547137 -0.6118188
0.2512938 -0.4918178 0.7396256 -0.2648024 -0.92446476 -0.27430746
0.25980872 -0.49038112 0.73682004 0.39989182 -0.7684584 -0.49955785
0.25284734 -0.4817785 0.71634865 0.5126924 -0.7184093 -0.4701431
0.24993953 -0.47850758 0.7097969 0.42920512 -0.6004571 -0.6747105
0.24379303 -0.48279923 0.7138592 -0.24257064 -0.8769459 -0.41487977
0.23640707 -0.45215878 0.682171 0.60954267 -0.31098017 -0.7292113
0.22771819 -0.458437 0.68259966 0.0069700335 -0.73708117 -0.6757683
0.23258075 -0.45654166 0.6818408 0.35879 -0.56298256 -0.744527
0.23139727 -0.44664115 0.67615825 0.5680622 -0.05686314 -0.82101876
0.22365148 -0.45242387 0.67662495 -0.2157918 -0.58884704 -0.7789051
0.2269307 -0.4480699 0.6741073 0.1734583 -0.2509796 -0.9523243
0.22996372 -0.43979293 0.6807547 0.2841494 0.91818166 -0.27604616
0.219105 -0.44742936 0.68023854 -0.95269793 0.18356127 -0.24222262
0.22295482 -0.4418355 0.67734146 -0.5016624 0.7196631 -0.4800207
0.21961255 -0.4465113 0.68626344 -0.8971152 0.38739833 0.21238379
0.22752495 -0.43976283 0.6846627 -0.08532281 0.9829699 0.162758
0.23807351 -0.44532558 0.6884904 0.7319517 0.6813192 -0.007134868
0.22341256 -0.44102046 0.68333393 -0.5555006 0.82664293 0.08989111
0.24243872 -0.48061967 0.71086615 -0.277244 -0.81935287 -0.5017935
0.24509314 -0.48444033 0.7173144 -0.18787062 -0.92976016 -0.316624
0.2564517 -0.47426552 0.71451163 0.88053757 -0.09631717 -0.4640867
0.25461206 -0.46677113 0.74127513 -0.37304747 0.89838475 -0.2318198
0.24186513 -0.47965854 0.7434603 -0.9692812 0.081424646 0.23208585
0.2455884 -0.47204232 0.74344695 -0.71725917 0.6245939 0.30890393
0.24717106 -0.49237943 0.7529465 -0.72832274 -0.6851512 -0.010669192
0.22201377 -0.45771104 0.6892277 -0.83549654 -0.54665256 0.055825736
0.2578921 -0.47575626 0.71793836 0.90205103 -0.13471657 -0.4100674
0.2315744 -0.44409716 0.693948 0.110024646 0.8022078 0.58681947
0.22617699 -0.44657773 0.6948628 -0.42528933 0.55951864 0.7113844
0.22182412 -0.45160654 0.6937046 -0.81321466 0.053528596 0.57949686
0.2548173 -0.47240347 0.7114907 0.85218334 -0.056169637 -0.5202196
0.26260892 -0.4700807 0.7368572 0.38417774 0.57624185 -0.7213549
0.2513974 -0.46622187 0.73517615 -0.045677196 0.98947513 0.13730471
0.2601941 -0.47088522 0.7306638 0.7719874 0.59474117 -0.22431803
0.26092294 -0.47861752 0.72623974 0.9030997 -0.13946202 -0.40615416
0.23982568 -0.47589102 0.73135334 -0.96278363 0.14001201 0.23117998
0.2477011 -0.48736393 0.7260215 -0.1972746 -0.93609464 -0.29122066
0.24047102 -0.48274237 0.7280362 -0.8418925 -0.5388587 0.029124793
0.24372882 -0.46925533 0.73298454 -0.6677518 0.69236314 0.27338767
0.25578308 -0.48507404 0.7248611 0.49634552 -0.7290654 -0.4712798
0.2493432 -0.46535084 0.7016787 0.86186516 -0.107318886 -0.49565214
0.2491256 -0.4585155 0.7070466 0.7631224 0.6449964 0.040297605
0.2319176 -0.46543396 0.7108198 -0.8795125 0.076940894 0.4696145
0.23770885 -0.47299498 0.70182705 -0.23242399 -0.85630095 -0.46122417
0.23192525 -0.47074792 0.70645195 -0.8183538 -0.5746905 0.0052876617
0.23622137 -0.45987627 0.71275926 -0.5399461 0.5664236 0.62259334
0.24144249 -0.4569028 0.7119334 0.035291553 0.84881055 0.5275179
0.24411915 -0.4708432 0.70060325 0.41542587 -0.64884776 -0.6375092
0.23527555 -0.4426107 0.685942 0.62233436 0.7819972 -0.034354452
0.234655 -0.4492336 0.6795844 0.68302846 -0.16870868 -0.71064013
0.22460994 -0.4431347 0.689659 -0.4921012 0.723851 0.48360735
0.23057005 -0.45361927 0.67835873 0.34016755 -0.5253144 -0.7799556
0.22940989 -0.44140643 0.68951964 0.033363566 0.9084722 0.41661146
0.21930623 -0.4530385 0.684769 -0.9403215 -0.33829919 -0.03672993
0.22013599 -0.44909358 0.69020355 -0.886874 0.19345741 0.41955766
0.2251975 -0.45545748 0.6795141 -0.12877154 -0.73986423 -0.6603171
0.24195974 -0.4553987 0.6871514 0.7691468 0.015239083 -0.6388905
0.24541725 -0.45986775 0.6923273 0.8686215 -0.09977419 -0.48532635
0.24385487 -0.4577178 0.6895317 0.81626844 -0.018689122 -0.57737046
0.23333229 -0.46824965 0.692943 -0.25739384 -0.87823653 -0.40304944
0.22975968 -0.46389315 0.6876628 -0.323582 -0.76790416 -0.55282724
0.23161665 -0.46622252 0.6901121 -0.2992597 -0.82015526 -0.4876362
0.23600882 -0.46137288 0.6858646 0.27108574 -0.5012042 -0.8217705
0.23988442 -0.46596995 0.6910664 0.40912473 -0.66986287 -0.6195972
0.23815796 -0.46397132 0.68820745 0.33032608 -0.5760106 -0.7477276
0.23573105 -0.45043972 0.70004344 0.04367158 0.81178886 0.58231574
0.22707982 -0.4580833 0.69931394 -0.8307607 0.042895325 0.5549743
0.23103717 -0.45321393 0.7007683 -0.4823765 0.5201433 0.70481485
0.22759649 -0.4647273 0.69747394 -0.8435731 -0.5322097 0.07167494
0.22434044 -0.4605581 0.69225144 -0.8195442 -0.56473726 0.09705164
0.22605227 -0.4627001 0.6947171 -0.8414383 -0.5307144 0.101605624
0.2445013 -0.4525855 0.69776565 0.7247251 0.6879724 0.0383066
0.24110484 -0.44868383 0.69235986 0.7494638 0.6598051 0.05441725
0.24270988 -0.45074973 0.6951032 0.7005606 0.71061164 0.065160744
0.25148278 -0.48024923 0.7127267 0.4907317 -0.66681737 -0.5608359
0.24741589 -0.46464172 0.7223922 0.030108234 0.9314092 0.3627263
0.23772584 -0.47274157 0.7215297 -0.9096324 0.1224432 0.39695916
0.24201985 -0.46722323 0.7230061 -0.5797843 0.64972264 0.4916409
0.23881811 -0.4803979 0.7214067 -0.8518417 -0.5233632 0.021368664
0.23635322 -0.4770268 0.7152476 -0.8395716 -0.5416247 0.041977044
0.23775405 -0.47887385 0.718224 -0.8497944 -0.5249759 0.04743225
0.2540072 -0.4649814 0.7161036 0.754763 0.6556285 0.022001294
0.25710273 -0.46801716 0.7220603 0.7512506 0.6508603 -0.10956037
0.25560793 -0.466727 0.7190564 0.7345587 0.6776814 -0.03422612
0.23323838 -0.4575671 0.68284905 0.3051093 -0.52078605 -0.7973018
0.22697663 -0.46023786 0.68463755 -0.32905447 -0.77603596 -0.53804386
0.23931228 -0.45171586 0.6843812 0.7803367 0.059722103 -0.62250125
0.22489518 -0.44570515 0.67361665 -0.21734323 0.22041303 -0.95088387
0.22102113 -0.45052293 0.67668784 -0.69410145 -0.27317226 -0.6660331
0.23104016 -0.4437275 0.6763148 0.49137187 0.49228626 -0.718476
0.23550016 -0.44689968 0.6804335 0.7931333 0.27030537 -0.5457789
0.22274113 -0.45562077 0.6810585 -0.558886 -0.7067648 -0.43373957
0.23381424 -0.48143092 0.7473018 -0.44653055 -0.885364 -0.12938713
0.22581565 -0.47515777 0.7523953 -0.7336708 -0.67784053 0.04753382
0.22945534 -0.47881222 0.7507457 -0.65237045 -0.7536078 -0.08054856
0.22884543 -0.47784507 0.7389289 -0.43102702 -0.8770313 -0.21220686
0.22071074 -0.47187757 0.74421114 -0.7459554 -0.6518806 0.13638961
0.22331698 -0.4745485 0.7389443 -0.6051966 -0.78923887 -0.10411091
0.23489837 -0.4723729 0.73366284 0.35541344 -0.16563877 -0.91991574
0.2201421 -0.463114 0.74172133 -0.7822062 0.58713984 -0.20837498
0.2242314 -0.46668637 0.7329146 -0.38275424 0.25875488 -0.8868737
0.22620983 -0.4591419 0.7442183 -0.31882998 0.93947524 -0.12543407
0.23687442 -0.46621984 0.7367023 0.5359075 0.40241322 -0.74220395
0.2444321 -0.47799152 0.74457616 0.71043 -0.40824267 -0.57326
0.23030598 -0.46143824 0.73696035 0.08285379 0.7633354 -0.64066714
0.22405061 -0.4656093 0.75654775 -0.8091943 0.34978124 0.472078
0.24532226 -0.46651086 0.7472925 0.8427167 0.41211483 -0.3463957
0.24040425 -0.46012452 0.75064546 0.5094248 0.85881805 -0.054018505
0.23180948 -0.45881203 0.75514287 -0.16452856 0.93631446 0.31023479
0.24464738 -0.4930354 0.7724973 0.30492178 -0.89630204 -0.3219711
0.25203955 -0.48512164 0.7705393 0.9350682 -0.3096401 -0.1725415
0.23655815 -0.46915922 0.77709085 -0.2528059 0.9207154 0.29727486
0.2281038 -0.4844421 0.77674747 -0.9650618 -0.25946975 -0.036486212
0.23000003 -0.47455314 0.7777202 -0.848771 0.49713197 0.18013223
0.24437204 -0.4699209 0.7754095 0.37939504 0.90091443 0.21074294
0.2507956 -0.47426477 0.77313197 0.8787298 0.47720942 0.010246944
0.23458569 -0.491775 0.7742431 -0.5050389 -0.8291177 -0.2397908
0.24155262 -0.47609338 0.740514 0.643889 -0.333654 -0.68853605
0.2319623 -0.47982526 0.74252766 -0.41373527 -0.8989723 -0.14377713
0.23627044 -0.459893 0.7439005 0.37082756 0.8695385 -0.32617426
0.22690299 -0.47661817 0.7454588 -0.5992233 -0.80016667 0.025784623
0.24157457 -0.46657452 0.74149746 0.73750883 0.36783788 -0.5663709
0.22149907 -0.46412206 0.7502991 -0.824476 0.45045233 0.34253773
0.22909662 -0.45843822 0.74960554 -0.24073243 0.9643438 0.10995001
0.22305876 -0.47297016 0.74816924 -0.7197721 -0.6692914 0.18432891
0.24081104 -0.48642233 0.75481147 0.028337969 -0.87790656 -0.47799277
0.24264625 -0.49097472 0.7636904 0.15503612 -0.91925466 -0.3618492
0.24197806 -0.48853034 0.758437 0.097940624 -0.8824244 -0.4601464
0.22733454 -0.4822622 0.7690143 -0.9589702 -0.28098 -0.03776793
0.22671959 -0.47769523 0.7613222 -0.95494145 -0.2967118 -0.0069948426
0.2270106 -0.4797321 0.7647521 -0.96983165 -0.2388922 -0.048549958
0.23217332 -0.4835974 0.7581144 -0.6198269 -0.7218121 -0.30789888
0.23328172 -0.48855212 0.76637757 -0.564088 -0.7729249 -0.29050273
0.23290646 -0.48593453 0.7615627 -0.57803243 -0.7368157 -0.35068655
0.24980532 -0.4700158 0.7600528 0.9026103 0.4240355 -0.07408367
0.23451807 -0.46419978 0.7654985 -0.21299645 0.8561877 0.47071758
0.24375014 -0.4645079 0.7628895 0.47199965 0.8488399 0.23809063
0.22942136 -0.47059315 0.76871175 -0.8153941 0.4607217 0.35052514
0.22694737 -0.4677878 0.76262707 -0.79307485 0.34266856 0.5035977
0.22845867 -0.4693111 0.76559985 -0.7940106 0.3767125 0.47711104
0.25099272 -0.4839609 0.76265025 0.890451 -0.39604253 -0.22415903
0.24835147 -0.48115525 0.75264186 0.78063756 -0.42032063 -0.46253163
0.24989566 -0.48266387 0.7573352 0.8372003 -0.41671932 -0.35417604
0.31301895 -0.43498698 0.79674137 0.983444 -0.18121147 -0.0004468227
0.3094406 -0.4207148 0.8034528 0.6326548 0.7570749 0.1630507
0.30240878 -0.41784006 0.8041511 0.07224065 0.9906989 0.11531314
0.23053436 -0.48029652 0.75352085 -0.660246 -0.72864944 -0.18205816
0.22553569 -0.47457835 0.75650615 -0.9082971 -0.39177755 0.1466518
0.23820722 -0.48361152 0.7492262 -0.033883803 -0.91748255 -0.3963302
0.22206566 -0.47287074 0.73608476 -0.6780246 -0.4687224 -0.56619954
0.21857548 -0.46924427 0.74265724 -0.9853192 -0.16347656 -0.049208336
0.22972123 -0.47706053 0.73608696 -0.14651734 -0.7133569 -0.68531346
0.23484789 -0.48044798 0.7413503 0.052537262 -0.87666893 -0.47821686
0.22124608 -0.4699962 0.74940014 -0.8959082 -0.2942351 0.3328277
0.24475761 -0.48871842 0.7436793 -0.7819926 -0.62245643 -0.032178566
0.24471179 -0.48437658 0.75544363 -0.9827199 -0.033862356 0.18197517
0.24783243 -0.47609973 0.7575401 -0.8762799 0.44371203 0.1877585
0.2869687 -0.4267332 0.77372044 -0.78646123 0.6069595 0.11436261
0.31143284 -0.41160098 0.76855403 0.6458811 0.7323856 0.2155199
0.28026208 -0.4362033 0.7673558 -0.81517917 0.54934406 0.18358646
0.28489286 -0.4248507 0.76180327 -0.678737 0.66596216 0.3095328
0.27725154 -0.43173105 0.75817037 -0.75740033 0.48456854 0.43765077
0.2729765 -0.43725574 0.7547908 -0.841553 0.38922834 0.37455285
0.25383294 -0.46652716 0.7479595 -0.8109051 0.5839748 0.03750096
0.24709854 -0.4737286 0.7483942 -0.7736953 0.552483 0.3100936
0.24295627 -0.48169583 0.7482349 -0.9754709 0.0357774 0.21720143
0.30331597 -0.41112652 0.77225995 -0.10304678 0.9082269 0.40559223
0.29076278 -0.4180018 0.76498514 -0.8521756 0.5199904 0.058366954
0.29395375 -0.41429013 0.7690215 -0.6771845 0.6826424 0.27462786
0.303392 -0.41464385 0.7810741 -0.14829731 0.92865795 0.34000334
0.2943116 -0.41938683 0.77812237 -0.6291493 0.7362008 0.24935792
0.2725333 -0.4895186 0.75341815 0.81375754 -0.5289254 -0.24090804
0.2586725 -0.49729306 0.75981355 -0.081747845 -0.9959503 -0.037420824
0.2674879 -0.49588758 0.75640994 0.46575564 -0.8770518 -0.11769359
0.3062339 -0.4420239 0.7621707 0.9590092 -0.15922618 -0.23441105
0.297992 -0.45382494 0.75623673 0.6084902 -0.70240426 -0.36928034
0.30406314 -0.44994164 0.76072717 0.85235965 -0.46615118 -0.2370361
0.31487593 -0.42314133 0.7805486 0.98254794 0.15044294 0.109391265
0.31057152 -0.43322843 0.7660262 0.74793816 -0.5435744 -0.38094032
0.31509393 -0.42931616 0.77193546 0.95258427 -0.2937153 -0.07946413
0.30869296 -0.43994847 0.7711149 0.90382946 -0.3762964 -0.20369932
0.31187445 -0.41836882 0.7860842 0.6313763 0.7381285 0.23776114
0.30428416 -0.45177448 0.7674121 0.84369016 -0.51008785 -0.16732371
0.26486987 -0.49521962 0.74796873 0.39700288 -0.8469676 -0.35360235
0.3141031 -0.43233237 0.7782563 0.9501932 -0.31068912 -0.024597663
0.24970883 -0.49453017 0.7633839 -0.65876657 -0.7507525 0.048961055
0.26980197 -0.49505907 0.7682494 0.52805215 -0.8407239 -0.11976797
0.26988095 -0.48794577 0.7459448 0.7160221 -0.50012547 -0.48701838
0.2555272 -0.49604893 0.7485358 -0.18884017 -0.9586786 -0.21277857
0.30185047 -0.44567767 0.74822396 0.7816477 -0.34648246 -0.5186298
0.3044423 -0.43830127 0.75394326 0.9327243 0.03080852 -0.35927165
0.29493362 -0.4497148 0.745954 0.53167164 -0.54452986 -0.64870065
0.31513703 -0.42587575 0.7637519 0.9168855 -0.25758544 -0.30491093
0.3153885 -0.4204263 0.7701507 0.97976977 0.19890057 0.022132086
0.30969384 -0.42986852 0.76002353 0.6567837 -0.5013008 -0.5633228
0.30519283 -0.43228692 0.75684273 0.772211 -0.1361285 -0.62061185
0.28916767 -0.42028144 0.75754905 -0.467808 0.8815649 -0.06323829
0.2991224 -0.4259908 0.7527586 0.5113745 0.29137683 -0.80845255
0.29386058 -0.42163935 0.7539558 0.09008169 0.79711163 -0.5970747
0.28920418 -0.4218439 0.76269585 -0.78370196 0.61004347 0.116868205
0.23202986 -0.49733737 0.8105236 -0.7874011 -0.60017574 0.14067198
0.22836824 -0.48567027 0.8105496 -0.98063767 0.01716877 0.19507697
0.24216379 -0.50471073 0.80634326 -0.32858825 -0.9441857 -0.023307413
0.24049799 -0.4975396 0.83072704 -0.6203387 -0.6374039 0.4570515
0.23539133 -0.48642695 0.831706 -0.8495511 -0.04989029 0.52514184
0.24892442 -0.5043175 0.82401264 -0.20751043 -0.96059 0.18494935
0.25580275 -0.49624142 0.8452498 -0.46952888 -0.6682758 0.57701826
0.24885195 -0.48706615 0.8444351 -0.67039824 -0.14289297 0.7281125
0.26546755 -0.50252545 0.8394772 -0.02337828 -0.9732607 0.22851047
0.27009884 -0.49913418 0.85307777 -0.21774311 -0.9653611 0.14375599
0.2676446 -0.49587485 0.8696108 -0.6144696 -0.77856076 0.12755506
0.2743208 -0.49887043 0.8697617 -0.07775121 -0.9935462 0.0825873
0.25836226 -0.48698264 0.8530482 -0.845706 -0.1440419 0.5138416
0.26242512 -0.4896431 0.86694384 -0.90433794 -0.40374783 0.13842186
0.2927625 -0.44363895 0.85781056 -0.12219839 0.9562819 0.26569235
0.30802125 -0.44909242 0.8566297 0.8396463 0.4360781 0.3237746
0.28679168 -0.44142556 0.871123 -0.11265895 0.9696096 -0.21717536
0.29690862 -0.44326663 0.8679519 0.2822429 0.95796514 -0.051398184
0.2799616 -0.4450791 0.86927795 -0.46509755 0.84148735 -0.27492398
0.29002333 -0.49172106 0.8325981 0.60025585 -0.7700279 -0.21621744
0.2917563 -0.4824401 0.8101433 0.781112 -0.5812649 -0.22802435
0.31223062 -0.42924812 0.8176365 0.9161132 0.3666966 0.16208044
0.30991143 -0.444168 0.7935357 0.9393137 -0.3324804 -0.084536985
0.29915237 -0.4710666 0.8108173 0.8180107 -0.51770806 -0.25067285
0.30414882 -0.47461095 0.83231705 0.8356526 -0.45568728 -0.30664942
0.30254588 -0.417196 0.7877823 -0.13912389 0.9735671 0.1811397
0.30605188 -0.46059057 0.8120932 0.8782988 -0.43830308 -0.19100152
0.31223142 -0.45548913 0.8387136 0.9939669 -0.10967615 -0.0010126982
0.27742034 -0.49982446 0.83539593 0.3447645 -0.9373514 -0.050096888
0.3064424 -0.44314846 0.85013694 0.6780601 0.5841743 0.44606614
0.29771635 -0.43724316 0.85045546 0.17321686 0.7625058 0.6233625
0.31067738 -0.4480285 0.8458661 0.9370986 0.2310902 0.26161698
0.28539297 -0.4374249 0.84857816 -0.45970383 0.6591639 0.5951264
0.26033014 -0.4626827 0.84233695 -0.6172373 0.62706745 0.47518894
0.2498286 -0.47346747 0.8429744 -0.67138135 0.4108246 0.6168226
0.26382518 -0.45907933 0.77893585 -0.8043739 0.59377277 -0.020410161
0.2608752 -0.4557826 0.80274945 -0.7060981 0.7031008 -0.084111854
0.256468 -0.45683482 0.8287481 -0.59955496 0.7725666 0.2089848
0.26815405 -0.4504002 0.83133006 -0.7116182 0.67642736 0.18985665
0.27013996 -0.44865084 0.80339366 -0.71845627 0.695482 -0.011196707
0.27229562 -0.44645095 0.7812138 -0.8012093 0.5978417 -0.025474912
0.2761779 -0.43828198 0.83406925 -0.7766572 0.5837465 0.23673515
0.27812326 -0.43553346 0.8067319 -0.8240794 0.5506166 -0.13309571
0.28016943 -0.43602136 0.78480417 -0.7856722 0.61798483 0.02852939
0.2589336 -0.47712985 0.791078 -0.8178731 0.3441479 -0.4611352
0.23913376 -0.47134814 0.8060016 -0.4803125 0.87448406 -0.067657545
0.24888943 -0.47102886 0.796859 -0.17698917 0.9123565 -0.36916178
0.26033533 -0.45546675 0.8141682 -0.60742664 0.7906262 -0.07709008
0.2690105 -0.4499234 0.8159069 -0.7162688 0.69743437 -0.02332848
0.27653366 -0.4358234 0.8179578 -0.8093196 0.58736587 -0.0017668562
0.25381657 -0.46599114 0.79702896 -0.7969245 0.51401085 -0.31733918
0.25395918 -0.46318454 0.807166 -0.6396416 0.744638 -0.1907167
0.24562816 -0.46561754 0.8226445 -0.63944507 0.76180845 0.103719726
0.2605905 -0.49744886 0.7706335 0.015867747 -0.9933083 -0.1143979
0.24585769 -0.48595673 0.7632159 -0.9772544 -0.059414875 0.2035772
0.25142553 -0.4958504 0.7743531 -0.71211857 -0.6988662 -0.06688229
0.24979703 -0.487969 0.7770667 -0.9289686 -0.00910195 0.3700467
0.25680485 -0.50217193 0.7893895 -0.057077833 -0.96513456 -0.25545532
0.25159118 -0.49879852 0.7868506 -0.94394684 -0.23953624 0.22712699
0.26327237 -0.49280006 0.78933036 -0.938337 0.27532172 -0.20909691
0.25795656 -0.49073684 0.789443 0.33016238 -0.17273308 -0.92798495
0.24895674 -0.47764617 0.7657686 -0.9134465 0.35440525 0.20003103
0.25262803 -0.50074923 0.792542 -0.28596848 -0.7036504 -0.65045995
0.2504967 -0.4781848 0.77642417 -0.88863325 0.2868143 0.35786653
0.257652 -0.4804242 0.7872017 -0.85199046 -0.12580986 0.5082166
0.2618858 -0.4572132 0.7908871 -0.7631683 0.625255 -0.16318795
0.27107242 -0.4471565 0.79239815 -0.73997587 0.67235714 -0.019274034
0.28006822 -0.4365885 0.7950231 -0.7982199 0.5985024 -0.0681158
0.27258593 -0.44555926 0.77132386 -0.78767914 0.6155823 0.024899159
0.27973172 -0.4359143 0.7765131 -0.7938104 0.60816514 0.00033948457
0.26279616 -0.45664063 0.7682562 -0.7795478 0.61656 0.11026802
0.25511113 -0.46653998 0.76573163 -0.81582785 0.55846924 0.1501232
0.25691932 -0.4684283 0.7773824 -0.8791747 0.4624845 0.11471672
0.25468612 -0.46775192 0.7873773 -0.9809868 0.14443201 -0.12963137
0.2310592 -0.47661138 0.8082748 -0.7970325 0.5968433 0.09228894
0.28846052 -0.47730014 0.7881024 0.80964476 -0.5531748 -0.19614564
0.2966271 -0.4658992 0.78940076 0.79587555 -0.579542 -0.17525166
0.30571774 -0.45525017 0.7917551 0.8667641 -0.48020726 -0.13461395
0.25111866 -0.5058874 0.80048054 -0.01286188 -0.992148 -0.124406435
0.26737046 -0.4987185 0.7896436 0.41465124 -0.8997192 -0.13627113
0.26297817 -0.50286555 0.80785316 0.2829009 -0.9577371 -0.052025735
0.28159612 -0.4939099 0.8098898 0.59754 -0.7866412 -0.15537556
0.2806052 -0.48961577 0.78753114 0.71125984 -0.67609763 -0.19235738
0.23773009 -0.47358263 0.8269509 -0.7573123 0.5608594 0.33453673
0.23300247 -0.49661186 0.7944097 -0.65946686 -0.72867286 -0.18476821
0.23441361 -0.494843 0.7846829 -0.5434401 -0.8047822 -0.23874366
0.23374632 -0.49577242 0.789422 -0.5905272 -0.7750821 -0.22477861
0.22725806 -0.48664874 0.7960341 -0.9961322 -0.07939714 -0.03763883
0.2280226 -0.48618147 0.78664684 -0.97638303 -0.20530543 -0.06727463
0.2277505 -0.48667672 0.7911241 -0.9843405 -0.15575764 -0.08254375
0.24556541 -0.4965837 0.7814148 0.2565569 -0.88450915 -0.3896436
0.2465678 -0.5000723 0.78982425 0.021482613 -0.8740163 -0.48542157
0.245968 -0.49841097 0.785584 0.21360418 -0.89632416 -0.3885566
0.25389326 -0.4768891 0.7836127 0.82370913 0.47176376 -0.31455073
0.30039358 -0.4218827 0.82245445 0.11903637 0.9513542 0.28417525
0.3069599 -0.42436045 0.8215635 0.57692236 0.7646677 0.28713062
0.23759864 -0.47150162 0.7892919 -0.31359214 0.943954 0.10300914
0.3081741 -0.43420196 0.8390297 0.67747986 0.5819569 0.44983009
0.31253117 -0.43858498 0.83515245 0.91711277 0.30760938 0.25353616
0.24618056 -0.47142652 0.786545 0.28351548 0.95882136 -0.016751107
0.3133718 -0.4266504 0.7994057 0.9710565 0.21598083 0.10198783
0.30000278 -0.42836273 0.8397324 0.22639388 0.82723737 0.51422185
0.23023877 -0.4776454 0.7962435 -0.8242258 0.5644418 0.045355722
0.22979747 -0.47638118 0.78707993 -0.8353293 0.53981125 0.10406176
0.22982532 -0.47724915 0.79114825 -0.84203655 0.52949804 0.10298719
0.2524715 -0.48728958 0.7777575 0.8972552 -0.3391458 -0.2826895
0.255215 -0.4895238 0.78607595 0.76531285 -0.3130825 -0.56238383
0.25352588 -0.48870492 0.7817476 0.85398954 -0.35917345 -0.37642562
0.3046411 -0.48410356 0.8459404 0.760857 -0.63109565 -0.15104617
0.30932745 -0.4646782 0.83529186 0.9312434 -0.29706883 -0.211035
0.2985593 -0.48292413 0.8317486 0.7379927 -0.60448605 -0.29993883
0.31160995 -0.46642494 0.84891295 0.99434495 -0.106037304 -0.0058438117
0.31036982 -0.46867824 0.8635739 0.99355006 -0.07939905 0.08095781
0.30933025 -0.46018234 0.8629793 0.9580467 0.25339282 0.13393493
0.30820617 -0.47793075 0.8615082 0.8835601 -0.4630867 0.069800705
0.31286663 -0.44005537 0.81585383 0.9959985 -0.07706034 -0.045262586
0.31059837 -0.4495975 0.8146736 0.94968164 -0.28260288 -0.13505718
0.31408596 -0.44545448 0.8293658 0.99888587 -0.046620015 -0.007320702
0.28595266 -0.42863753 0.83735234 -0.44198212 0.8145929 0.37561956
0.2897209 -0.42256293 0.81893307 -0.43105203 0.8896022 0.15100402
0.28633446 -0.4267027 0.7986659 -0.72062993 0.6809695 -0.13028072
0.29373172 -0.42039225 0.80089086 -0.4602815 0.88703364 -0.03622485
0.29539067 -0.4208402 0.78681 -0.5515097 0.8315415 0.06615051
0.2870466 -0.42735085 0.78476053 -0.728978 0.6841952 0.021633532
0.28502485 -0.4256151 0.8082923 -0.68828595 0.7232782 -0.05595571
0.27397287 -0.44954064 0.84413934 -0.70634913 0.574462 0.41359928
0.017997555 -0.7052998 1.4703852 -0.05075303 -0.27049977 -0.9613813
0.023101225 -0.70287645 1.4701312 0.027982494 -0.19421266 -0.98056024
0.0393681 -0.6948401 1.4679012 0.21207686 -0.47495797 0.8540716
0.036402747 -0.6962151 1.4681582 0.35232797 -0.43987393 0.8260604
0.02811327 -0.70059824 1.4696646 -0.019708758 -0.24552706 -0.96918935
0.03213247 -0.69780344 1.4687605 -0.07837739 -0.13199931 -0.9881463
0.02310388 -0.70187193 1.4697978 -0.05813522 0.30021197 0.95209926
0.018024601 -0.703846 1.4700218 0.049171124 0.1716611 0.9839282
0.039385337 -0.6938373 1.4682038 -0.23368965 0.18109627 -0.95529747
0.036406063 -0.6952899 1.4685049 -0.17319123 0.20442683 -0.96343887
0.03219749 -0.6969583 1.4684739 -0.06008431 0.34639162 0.93616384
0.028006598 -0.6995117 1.4692935 -0.016308444 0.3021905 0.953108
0.04097616 -0.69381154 1.4677976 -0.87493455 0.48028412 0.061779562
0.018044064 -0.70380974 1.4704301 -0.037663195 0.2223436 -0.97424066
0.023120895 -0.70184016 1.4701545 -0.18229857 0.25239486 -0.9502968
0.039371032 -0.69386667 1.4678714 -0.047605842 0.34610277 0.93698806
0.036390465 -0.69532156 1.4681469 -0.06379146 0.3294745 0.94200706
0.028022083 -0.69948006 1.469651 -0.2663936 0.22352327 -0.93758833
0.03221286 -0.69692653 1.4688315 -0.256215 0.27338976 -0.92715263
0.023094561 -0.70086163 1.4689593 -0.29703018 0.79172033 0.53380895
0.018012656 -0.70288396 1.4691558 0.04991818 0.7959435 0.6033092
0.039522763 -0.69261605 1.4686213 -0.4391354 0.51401573 -0.73684996
0.036463212 -0.6941568 1.4690546 -0.35939983 0.64297676 -0.6763228
0.0321924 -0.69594884 1.4676232 -0.33162254 0.7956849 0.506865
0.028002068 -0.6985022 1.4684455 -0.34416902 0.7812785 0.5207222
0.041352123 -0.69221485 1.4676111 -0.9398795 0.3413289 -0.011009022
0.018104935 -0.7027121 1.4710913 -0.014427475 0.6729352 -0.73956066
0.023181215 -0.7007002 1.4707767 -0.34580046 0.691891 -0.633805
0.039458137 -0.6927481 1.4671224 -0.31408566 0.7122232 0.6277645
0.03638789 -0.6943088 1.4673297 -0.30826664 0.77923447 0.5456787
0.028081018 -0.69834065 1.4702667 -0.4556724 0.6591885 -0.5981917
0.03226851 -0.6957908 1.4694031 -0.4082417 0.6572538 -0.63352674
0.023016758 -0.7003337 1.4668612 -0.28951338 0.83562666 0.46680832
0.017948914 -0.7020424 1.4670829 0.04780932 0.8426234 0.53637666
0.03959317 -0.6916815 1.469648 -0.62540084 0.42214525 -0.6562524
0.03655246 -0.69330984 1.4705669 -0.42853668 0.65471303 -0.6226613
0.0321346 -0.6954118 1.4656104 -0.36157334 0.7937448 0.48911542
0.027930617 -0.6979776 1.4663053 -0.3777007 0.8144062 0.44055045
0.041466523 -0.69082314 1.4673208 -0.986671 0.15881647 0.035464346
0.018226117 -0.70150816 1.4730908 -0.008324197 0.7505692 -0.6607394
0.023298366 -0.6998048 1.4728153 -0.33697206 0.73656785 -0.5864448
0.039414216 -0.6920442 1.4655274 -0.53189737 0.6151859 0.5819204
0.036327776 -0.6937595 1.4654564 -0.35423175 0.7795359 0.5165691
0.028193198 -0.69745356 1.4722102 -0.46761072 0.6929102 -0.5488313
0.03236688 -0.69491714 1.4711882 -0.45168337 0.6895366 -0.5661462
0.023002261 -0.69722307 1.4634217 -0.13658482 0.58878213 0.7966682
0.017938232 -0.6982869 1.4636877 0.052408528 0.5756605 0.8160076
0.039737172 -0.6882136 1.4708203 -0.74958086 0.14930804 -0.64485323
0.03672771 -0.68985486 1.4725416 -0.45937288 0.30765727 -0.8332607
0.032111365 -0.69238377 1.462737 -0.24948503 0.5205211 0.8165873
0.027894353 -0.6949946 1.4629309 -0.23066972 0.5674298 0.79045236
0.041592762 -0.687391 1.4668002 -0.9958277 0.08246719 0.039068457
0.018473247 -0.6972029 1.4758658 -0.028437767 0.4327677 -0.90105677
0.023520831 -0.69615126 1.4754843 -0.23783906 0.43318397 -0.8693585
0.039423212 -0.6888752 1.4632819 -0.62826306 0.3345842 0.70238096
0.03631008 -0.69071 1.4628221 -0.29371956 0.4900155 0.8207396
0.028404238 -0.69394743 1.4747419 -0.38243404 0.4072576 -0.82938856
0.032571416 -0.69141424 1.4736856 -0.39487776 0.37472016 -0.8388423
0.023085479 -0.68782204 1.4592063 0.0071668257 0.2593193 0.96576506
0.018039444 -0.6889268 1.4597101 0.05036987 0.2704924 0.96140355
0.04009984 -0.67862743 1.471714 -0.8232946 -0.009825517 -0.5675293
0.037096392 -0.6799229 1.4743077 -0.5145772 0.02223964 -0.8571556
0.0322452 -0.6829565 1.4587595 -0.14723283 0.22190878 0.9638874
0.02799266 -0.68559444 1.4586885 -0.08694313 0.24731767 0.96502584
0.018872408 -0.68726295 1.4784169 -0.041780777 0.11071462 -0.9929737
0.02390034 -0.6861313 1.4782236 -0.14277482 0.091679774 -0.9854999
0.039620265 -0.6796469 1.4600646 -0.6839567 0.12812392 0.71818346
0.036458634 -0.68126154 1.4590515 -0.2659968 0.21040104 0.94073224
0.028774235 -0.68394613 1.4772915 -0.27728704 0.074925564 -0.9578611
0.032954276 -0.6814357 1.4759841 -0.34374478 0.043205243 -0.9380686
0.023312509 -0.67559373 1.4582146 0.118223704 -0.05520049 0.99145156
0.018352605 -0.6767437 1.4587202 0.043701805 -0.038244307 0.9983123
0.04000562 -0.66668344 1.470563 -0.78652936 -0.2562582 -0.5618748
0.036927376 -0.66792256 1.473125 -0.42838323 -0.2611951 -0.86502314
0.032188497 -0.6708921 1.4577856 0.0013914017 -0.084060974 0.9964596
0.02807988 -0.67343867 1.4577005 0.06998831 -0.062178362 0.9956081
0.019170789 -0.6747172 1.4771625 -0.05016464 -0.22082302 -0.97402287
0.024111195 -0.6737798 1.4769847 -0.045487873 -0.23404269 -0.9711616
0.039519925 -0.66768587 1.4590667 -0.6427323 -0.15226376 0.75080687
0.03628964 -0.6692382 1.4580649 -0.15274787 -0.08477566 0.9846223
0.028850649 -0.67173225 1.4760635 -0.12594678 -0.24652733 -0.96091706
0.032909803 -0.6693948 1.4747835 -0.21393748 -0.26736304 -0.9395465
0.023164358 -0.6632593 1.4609371 0.18060227 -0.329456 0.92673707
0.018872514 -0.66405886 1.461294 0.034088593 -0.31766683 0.9475894
0.037115086 -0.6579238 1.4682139 -0.5895939 -0.54418486 -0.59686005
0.034187414 -0.65806997 1.4692571 -0.1844751 -0.572123 -0.7991522
0.030380614 -0.65994203 1.4605113 0.15191457 -0.3880445 0.9090343
0.02705909 -0.66173404 1.4605403 0.19890772 -0.34390274 0.9176963
0.019386876 -0.6617688 1.4719054 -0.053854708 -0.5408517 -0.83939207
0.02364512 -0.6613565 1.4716607 0.016716404 -0.5348629 -0.8447735
0.036790818 -0.65858394 1.4606375 -0.37739882 -0.5510562 0.74424946
0.033815015 -0.6588261 1.4605929 0.0045318357 -0.46468937 0.8854622
0.027515441 -0.6603279 1.4710696 0.0076939394 -0.53655255 -0.8438318
0.030797122 -0.65900075 1.4702865 -0.039651677 -0.559555 -0.8278441
0.01974759 -0.6553572 1.4656583 0.012430189 -0.9872946 0.15841354
0.023226349 -0.6543519 1.4655608 0.21036471 -0.97444993 0.0787016
0.027069155 -0.65394646 1.4651692 0.15266821 -0.9838625 0.09331112
0.030518735 -0.653465 1.4648603 0.06072973 -0.9949665 0.0797094
0.033896104 -0.6537335 1.4645221 -0.26935995 -0.95498955 0.12425816
0.037572365 -0.6564569 1.4642359 -0.7251087 -0.66642123 0.17349377
0.041617516 -0.6667892 1.4646082 -0.9780961 -0.19722609 0.06655753
0.041992288 -0.6787027 1.4656603 -0.9986342 0.018397182 0.048901558
-0.0017803856 -0.6835704 1.5285494 -0.1311266 -0.98938304 -0.06266624
-0.0091859205 -0.6825898 1.5276896 -0.30526504 -0.95193255 -0.02525121
-0.002152584 -0.68459076 1.5325317 -0.06195057 -0.9740625 0.21763363
-0.0091854045 -0.6834384 1.5317943 -0.31082845 -0.9294715 0.19866607
-0.018580792 -0.6753863 1.530247 -0.8536338 -0.52069694 0.01356582
-0.018247267 -0.676867 1.5340614 -0.7811477 -0.49418432 0.38156265
-0.02014304 -0.6716758 1.5325731 -0.8872151 -0.41406175 0.20347543
-0.018586326 -0.6732004 1.5355229 -0.64824486 -0.316944 0.6923331
-0.020590492 -0.6689023 1.5354321 -0.783399 -0.6152628 -0.08796441
-0.01840592 -0.67127055 1.536198 -0.7189366 -0.69387394 -0.040854197
-0.020504143 -0.67169785 1.5384036 -0.69301826 -0.51945764 -0.4998894
-0.01912819 -0.67284507 1.5372738 -0.4862599 -0.44674253 -0.75098085
-0.01844616 -0.67583066 1.5413164 -0.60356534 -0.63809735 -0.47805932
-0.018369831 -0.6765763 1.5393394 -0.7977528 -0.51885766 -0.3072086
-0.014934713 -0.68144083 1.5441746 -0.31656903 -0.68301916 -0.6582316
-0.0146308895 -0.681703 1.541521 -0.5681233 -0.75979686 -0.3161403
-0.014803935 -0.6805918 1.5327772 -0.51051944 -0.7933951 0.33150288
-0.015268799 -0.6795805 1.5285915 -0.6272982 -0.7785867 -0.01731228
-0.009201602 -0.68405896 1.5457599 -0.23176163 -0.77334166 -0.59010947
-0.009295426 -0.6846895 1.54261 -0.3203107 -0.9329949 -0.16407779
-0.0010682902 -0.6859779 1.5449042 -0.33360314 -0.66820234 -0.6649922
-0.0020032923 -0.6856689 1.541725 -0.15523092 -0.92591435 -0.34436312
0.0057141213 -0.6863391 1.5406152 -0.45671386 -0.6608293 -0.5955813
0.00349133 -0.6843034 1.5375619 -0.33827502 -0.7730936 -0.5365598
0.0092233885 -0.68635434 1.5366977 -0.62238955 -0.7475491 -0.23195165
0.0069998633 -0.68486375 1.5352407 -0.5633815 -0.79289234 -0.23221321
0.009688703 -0.68727183 1.5328323 -0.7645774 -0.60071605 0.23358425
0.0072389487 -0.68471116 1.5332966 -0.6339206 -0.7610343 0.13773634
0.006990024 -0.6856635 1.5301336 -0.57028663 -0.704664 0.42216337
0.0052758846 -0.6840965 1.5325491 -0.18809594 -0.8652872 0.4646482
0.002991473 -0.68413013 1.5295899 -0.20519057 -0.9710242 0.12250994
0.0024501465 -0.68433523 1.5328842 0.094720095 -0.9289717 0.35782635
-0.0012888344 -0.686094 1.5230713 -0.33326846 -0.73285484 0.59317434
-0.009491317 -0.68384796 1.522353 -0.32045108 -0.8002907 0.5067995
-0.01673086 -0.6798686 1.5233561 -0.5172896 -0.7436033 0.42363372
0.0044470103 -0.68777984 1.5253423 -0.54666644 -0.57971215 0.6042264
-0.022957511 -0.6689843 1.530195 -0.7127284 -0.5747264 0.4021291
-0.023832126 -0.6649746 1.5345889 -0.773236 -0.634086 -0.0064090784
-0.023701124 -0.6691029 1.5394012 -0.68723416 -0.52335614 -0.5037931
0.011253718 -0.68903697 1.5377035 -0.7790077 -0.5582857 -0.28541902
0.011430762 -0.6901908 1.5331296 -0.8803564 -0.38866916 0.2718621
0.008577426 -0.6900599 1.5281154 -0.74673116 -0.4012929 0.53043056
-0.017725436 -0.68333644 1.5462153 -0.50385064 -0.67011267 -0.54505366
-0.011127511 -0.6880217 1.547735 -0.32614052 -0.6142225 -0.71858406
-0.0013522395 -0.69121796 1.5461729 -0.3431056 -0.4528629 -0.8229178
0.0074085547 -0.69030577 1.5419471 -0.4661069 -0.47371164 -0.7472226
-0.021568362 -0.6765806 1.5434271 -0.6377424 -0.544401 -0.5448964
-0.021014474 -0.6739178 1.5262175 -0.6431913 -0.63632977 0.4258984
0.0128849 -0.69232875 1.5395029 -0.65473425 -0.6674075 -0.35481006
0.013423872 -0.6937694 1.5345019 -0.79583997 -0.5406565 0.272634
0.011329573 -0.6957695 1.5282259 -0.7574185 -0.4580104 0.46534243
0.016263455 -0.6952215 1.5409065 -0.2696547 -0.93857133 -0.21533716
0.016602773 -0.696393 1.535836 -0.4661104 -0.8006348 0.3764638
0.015879799 -0.7000923 1.5303246 -0.47408253 -0.6974384 0.5374248
0.015013843 -0.7085135 1.5188 -0.5040968 -0.67333347 0.5408405
0.013178345 -0.7195838 1.5033467 -0.5149841 -0.85092264 0.10354731
0.013067431 -0.71727824 1.4972988 -0.5674986 -0.5491492 -0.61349857
0.015634174 -0.71528333 1.4945785 -0.5552258 -0.31359428 -0.77031356
0.014547774 -0.7126221 1.5135641 -0.53223556 -0.59974515 0.5975206
0.015462909 -0.70421314 1.5248414 -0.4585184 -0.70624435 0.53942543
-0.0010277727 -0.68933815 1.5195999 -0.42633632 -0.7547367 0.498608
-0.010492644 -0.6865561 1.517807 -0.3632914 -0.80218846 0.47382805
-0.01928262 -0.6813459 1.5183583 -0.5682583 -0.7209179 0.39668614
0.0058066165 -0.6921699 1.5229639 -0.6679757 -0.5463478 0.5052846
-0.020170804 -0.68359596 1.5505536 -0.73896015 -0.6518768 -0.17027791
-0.011767864 -0.6907695 1.5513843 -0.5122245 -0.79842496 -0.3164549
-0.0015340345 -0.69514275 1.5493555 -0.38140833 -0.7990577 -0.46479502
0.009453813 -0.69626814 1.545023 -0.27689677 -0.77164775 -0.5726151
-0.027884332 -0.6651187 1.527126 -0.78175503 -0.5033321 0.36812475
-0.028206533 -0.65979975 1.5338782 -0.8750732 -0.46836716 0.12197997
-0.02767431 -0.6644219 1.5412718 -0.91606516 -0.35356855 -0.1892456
-0.024842227 -0.67486006 1.5467705 -0.8694493 -0.44437915 -0.2158358
-0.024865016 -0.67343974 1.521986 -0.7031861 -0.5889116 0.39838737
-0.03942612 -0.6188216 1.514575 -0.99363166 -0.044496283 -0.1035191
-0.039599724 -0.6169192 1.524658 -0.9561889 -0.24164735 0.16525513
-0.038578752 -0.6097469 1.5333056 -0.88703895 -0.30362937 0.34780905
-0.03294395 -0.6408013 1.548723 -0.97608185 -0.20338528 0.07680286
-0.03424044 -0.64160395 1.5325191 -0.9647928 -0.19477543 0.17674115
-0.038457505 -0.6459952 1.5147204 -0.9780769 -0.19206876 0.080468744
-0.024658985 -0.6649876 1.565453 -0.9313109 -0.3174632 0.17854162
0.015365133 -0.69737387 1.5452614 -0.04585548 -0.917311 -0.39552224
0.010714613 -0.7042283 1.5166899 -0.8042442 -0.48742285 0.3400151
0.0103715025 -0.7084356 1.5107343 -0.84270346 -0.3713098 0.3898458
0.010659587 -0.70040035 1.5224313 -0.7486776 -0.52934873 0.39908874
-0.0010442334 -0.6917493 1.5140196 -0.43701312 -0.8527874 0.28596014
-0.011507888 -0.6894332 1.5117253 -0.41945988 -0.8637043 0.27940688
-0.023355009 -0.68135375 1.5101582 -0.7276619 -0.6703122 0.14556655
0.00609243 -0.6954708 1.5178868 -0.71549094 -0.63370496 0.2940931
-0.029090004 -0.6711914 1.5155965 -0.85497206 -0.48227164 0.19088423
-0.029167125 -0.657537 1.5482199 -0.97021925 -0.23118275 0.072312936
-0.03135678 -0.6532918 1.5327272 -0.936778 -0.2993601 0.18119168
-0.032300342 -0.660073 1.522616 -0.90021366 -0.36046448 0.24429618
0.008978539 -0.6994401 1.5521498 -0.15213092 -0.9864879 -0.060810056
0.015447094 -0.6996912 1.5514396 0.03201624 -0.9977201 -0.05941101
-0.02097021 -0.68175834 1.5575951 -0.8240058 -0.5249518 0.21316667
-0.011841563 -0.6909664 1.5584351 -0.5531527 -0.8140935 0.1768442
-0.00093595486 -0.6964815 1.555964 -0.32627273 -0.93816024 0.115765125
-0.026112845 -0.6709988 1.5541813 -0.9469218 -0.28653213 0.14573386
0.0014563861 -0.6925652 1.5681165 -0.26655388 -0.90519834 0.33100602
-0.009930622 -0.6873735 1.5702375 -0.54895175 -0.7589665 0.3501738
0.017403366 -0.69707495 1.5608368 -0.015252993 -0.9674961 0.25242558
0.01117847 -0.6946635 1.5674812 -0.12227079 -0.946579 0.29839244
-0.018307215 -0.6771994 1.5694051 -0.8163019 -0.5022249 0.28534427
-0.036413983 -0.6213959 1.5458802 -0.98700655 -0.1502032 0.05707072
-0.037278272 -0.6285565 1.5284224 -0.97555584 -0.13483435 0.17352389
-0.039909124 -0.629335 1.5148325 -0.99850976 -0.045234848 0.030529156
0.016361136 -0.71051687 1.492058 -0.6100567 -0.46912092 -0.63855803
0.012053798 -0.70882 1.4770428 -0.24316113 -0.96789604 0.06363769
0.012897806 -0.70769274 1.481436 -0.2511817 -0.92709136 0.27822512
0.01419687 -0.70682484 1.4863317 -0.294724 -0.943237 0.15310673
0.0041124322 -0.7037933 1.475435 -0.6189718 -0.77593404 -0.121656515
0.0033366736 -0.70202214 1.4811999 -0.5693046 -0.7813762 0.2556238
-0.00012517032 -0.6999961 1.4739494 -0.5551531 -0.8091473 -0.19257623
-0.0016374615 -0.6989884 1.4797751 -0.5761041 -0.8001201 0.1670685
-0.00701508 -0.69408375 1.4698935 -0.41809908 -0.8392668 -0.34759825
-0.010969974 -0.6909996 1.4707553 -0.74756604 -0.65219265 -0.12565736
-0.009179891 -0.6931283 1.4752315 -0.71706694 -0.6965973 0.0238152
-0.0057223546 -0.69588566 1.4720756 -0.47229382 -0.7963662 -0.3778086
-0.0057273773 -0.69325596 1.4675297 -0.33858067 -0.90724266 -0.24954759
-0.009399464 -0.6904738 1.4649678 -0.6295848 -0.72871196 -0.2694472
-0.0007857543 -0.6961824 1.4647803 -0.6524424 -0.7410718 -0.15852916
-0.0026363065 -0.6923552 1.4586065 -0.55516857 -0.8006769 -0.22517635
0.0030602128 -0.6989045 1.4630605 -0.61155313 -0.6916127 -0.38428456
0.002637764 -0.69535613 1.4571956 -0.5438621 -0.82705015 -0.14213419
0.011889427 -0.70358694 1.4607904 -0.3224278 -0.75191945 -0.5750282
0.012134421 -0.7006095 1.456885 -0.35216144 -0.9114625 -0.21264637
-0.014149043 -0.6861212 1.471382 -0.7981255 -0.5906081 -0.11907012
-0.012366683 -0.68886524 1.4781429 -0.7183302 -0.6956968 0.002792488
-0.013406182 -0.68526465 1.4643654 -0.80110997 -0.5533015 -0.22821093
0.0041446765 -0.699768 1.4868233 -0.52873015 -0.7542678 0.3892616
-0.0019520435 -0.6965447 1.4848286 -0.56324923 -0.7553823 0.33488485
0.011250175 -0.7013789 1.4523636 -0.32387817 -0.9173105 0.23161241
-0.0054677175 -0.6886353 1.4518217 -0.6917994 -0.70622295 -0.15054171
0.00081198185 -0.6943156 1.450582 -0.6775248 -0.7320567 0.071085855
-0.018653044 -0.68079084 1.473181 -0.8265516 -0.5390823 -0.1618723
-0.016683994 -0.6852563 1.4813514 -0.7192395 -0.6839497 -0.12209488
-0.018105175 -0.67755264 1.4641482 -0.8577676 -0.44108558 -0.26396656
0.011079548 -0.70343095 1.4899337 -0.6114804 -0.78897417 -0.060095392
0.0072612255 -0.7001335 1.4903775 -0.6818892 -0.7275768 -0.07522756
0.0039940304 -0.69488764 1.499694 -0.76844424 -0.6352864 0.07684172
-0.0075957864 -0.6922321 1.4971179 -0.35696253 -0.9341178 -0.0012758756
-0.015796913 -0.6878333 1.4935334 -0.5835686 -0.8087844 -0.07290766
0.008092266 -0.705314 1.4817455 -0.49889854 -0.7974038 0.339481
0.00023043276 -0.693759 1.5069157 -0.4836013 -0.8717286 0.07886119
-0.010305686 -0.69130147 1.5041025 -0.40303 -0.91195464 0.07684771
-0.019728292 -0.68528885 1.5006284 -0.6688693 -0.7433563 -0.0059373076
0.0066083604 -0.69822896 1.5110235 -0.7762792 -0.5751133 0.25813818
-0.010317729 -0.68657583 1.4572953 -0.71513665 -0.6394349 -0.28231654
0.0069124238 -0.7022096 1.5057979 -0.88666904 -0.2703812 0.375116
-0.014193939 -0.67831177 1.4538947 -0.84049034 -0.452982 -0.29729304
-0.0019781832 -0.6843587 1.5304922 -0.06974041 -0.96832275 -0.23976515
-0.0090746395 -0.6828227 1.5296844 -0.29205906 -0.93599766 -0.19649419
-0.018418321 -0.67612934 1.5321553 -0.88829166 -0.45672596 -0.04836494
-0.019741701 -0.6724714 1.53404 -0.9010345 -0.30417794 0.30921304
-0.019604724 -0.6701454 1.5357453 -0.7868158 -0.61328095 -0.0693345
-0.019903947 -0.6722787 1.5378411 -0.7482305 -0.47231284 -0.46590936
-0.018359581 -0.67618984 1.5403618 -0.9022032 -0.4203453 0.09663964
-0.01457359 -0.68131316 1.542817 -0.6666299 -0.745386 0.002055308
-0.015033294 -0.68007416 1.5306603 -0.6215951 -0.77320564 -0.12558855
-0.009212399 -0.6841941 1.5443193 -0.32200804 -0.9340511 0.15446448
-0.0015011831 -0.6858569 1.5434178 -0.13850157 -0.987691 -0.07268972
0.004815245 -0.685116 1.5392834 -0.28837678 -0.87591755 -0.386791
0.008156333 -0.6855636 1.5359874 -0.4933342 -0.8559839 -0.15463746
0.00857906 -0.68590325 1.5330161 -0.6850656 -0.7100232 0.16294803
0.0061685806 -0.68473315 1.5312552 -0.3820607 -0.8771568 0.29090473
0.002776089 -0.6843638 1.5311823 -0.011604907 -0.9994572 -0.030832225
-0.030810196 -0.66923577 1.4998704 -0.91122246 -0.40403983 -0.080158025
-0.026281364 -0.67618126 1.4930183 -0.8478392 -0.511678 -0.13911968
0.0080105765 -0.7070919 1.4765009 -0.526659 -0.848834 -0.04594762
0.009217907 -0.70363927 1.4860942 -0.5222619 -0.77490944 0.35603067
-0.006041624 -0.6958544 1.4783524 -0.648855 -0.7482418 0.13828017
-0.0031411622 -0.6979447 1.4732333 -0.5135063 -0.7882066 -0.339178
-0.008190003 -0.69243383 1.4820788 -0.63328815 -0.7560274 0.16543487
0.0073904158 -0.697882 1.456767 -0.49486867 -0.8611426 -0.116355166
0.006868455 -0.7011337 1.4618473 -0.49932697 -0.6865219 -0.5285454
0.0054637115 -0.6984957 1.4511855 -0.5546091 -0.80650026 0.20485616
-0.00605351 -0.69159687 1.4617374 -0.50245523 -0.8121348 -0.29660723
-0.0031626367 -0.6944439 1.4661677 -0.53413737 -0.8410156 -0.085965194
-0.034516037 -0.6602416 1.5066446 -0.9520762 -0.30525634 -0.019220676
-0.031398594 -0.65890515 1.4867799 -0.9433648 -0.25468525 -0.21259901
-0.027660992 -0.6670355 1.481431 -0.90902495 -0.34254235 -0.23735696
-0.029612193 -0.65179384 1.4731826 -0.9425627 -0.26901904 -0.19800055
-0.025584435 -0.6610706 1.4682552 -0.9148433 -0.3189638 -0.24763647
0.015471727 -0.70752156 1.4896847 -0.4378079 -0.8162022 -0.3770122
0.005545397 -0.70300096 1.4938372 -0.6446562 -0.44011444 -0.62507415
0.0033528523 -0.70064336 1.4962045 -0.96036243 -0.1792501 -0.21347918
0.013525689 -0.71688133 1.5089699 -0.51831084 -0.6745589 0.5256655
0.009270784 -0.7143569 1.5035287 -0.8264538 -0.5191291 0.21789686
0.009561742 -0.7148293 1.4989045 -0.6924469 -0.5435857 -0.4743753
0.009829652 -0.7117265 1.5072825 -0.8158877 -0.35495818 0.4564339
0.00460342 -0.7075068 1.5005602 -0.9355113 -0.3417377 0.089632295
0.0061601717 -0.7094101 1.4974244 -0.66354746 -0.5019317 -0.5547696
0.0052718576 -0.70460355 1.5037245 -0.85802245 -0.09385378 0.50496435
0.0034413368 -0.69933224 1.4994293 -0.97195476 0.03843461 0.232006
0.0034522195 -0.6960812 1.4927398 -0.6811863 -0.72721374 0.08452981
0.014898917 -0.7122616 1.49613 -0.8406465 0.1488547 -0.52072614
0.011230344 -0.70452034 1.4924008 -0.46073326 -0.85389835 -0.24203804
0.0154525675 -0.70985365 1.4938788 -0.9348907 -0.27144396 -0.22868682
0.01438871 -0.707265 1.4918244 -0.76552826 -0.6160655 -0.18555292
0.0104696015 -0.7120522 1.497457 0.038984068 -0.07926781 -0.99609077
0.008504648 -0.70424885 1.4937204 -0.20145512 -0.74658495 -0.63405573
0.012962028 -0.71354115 1.4972993 -0.462096 0.15043132 -0.873978
0.008547877 -0.70864993 1.496684 0.21491176 -0.33018026 -0.9191267
0.014834511 -0.7093987 1.4978924 -0.93436694 0.17992412 -0.307548
0.0116877435 -0.70504814 1.4938579 -0.41983244 -0.9060607 0.0528661
0.014994222 -0.70824665 1.4955364 -0.98014605 -0.19549413 0.03310399
0.014029058 -0.70683366 1.4936167 -0.79052603 -0.59701574 0.13653131
0.011988232 -0.7080838 1.5000238 0.42330468 0.14324261 -0.89459187
0.009776023 -0.7046039 1.4949932 0.2865436 -0.8802078 -0.3783215
0.01377907 -0.70943654 1.499673 -0.39781156 0.4025992 -0.82441485
0.010073035 -0.7071413 1.4978391 0.75534964 -0.23730494 -0.6108463
0.01463773 -0.706179 1.4995984 -0.7903612 -0.29774156 -0.5354241
0.012827341 -0.7042426 1.4970043 -0.15136991 -0.9877192 0.038705163
0.014720373 -0.7055655 1.4983411 -0.87232673 -0.4729432 -0.12397881
0.014160161 -0.7048479 1.4971431 -0.6774437 -0.7239158 0.13044491
0.012883209 -0.70605445 1.5002251 0.14586607 -0.3902989 -0.9090599
0.011698217 -0.7044076 1.4972651 0.38140333 -0.8932535 -0.23796986
0.013904082 -0.70653486 1.5002749 -0.36593717 -0.15515025 -0.91761553
0.01194342 -0.7052732 1.4993155 0.47972286 -0.6210048 -0.619854
0.013517136 -0.7048816 1.4988991 -0.25524008 -0.8530165 -0.4552092
-0.003062828 -0.6937033 1.4899147 -0.4416352 -0.8870459 0.13456528
-0.010880745 -0.69019586 1.486663 -0.5301902 -0.84778374 -0.0126872845
-0.028685573 -0.6452124 1.4557039 -0.905317 -0.26685128 -0.33044142
-0.021580398 -0.6574914 1.4491898 -0.8683935 -0.30924124 -0.3876372
-0.029746627 -0.6066229 1.4638335 -0.9697107 -0.035916083 -0.24160106
-0.0020269451 -0.6474888 1.4293833 -0.621094 -0.16841327 -0.7654275
-0.022221569 -0.6175952 1.4515609 -0.8938381 -0.11342081 -0.4338078
-0.013369636 -0.66453296 1.438503 -0.7796852 -0.25577953 -0.57154864
0.009695251 -0.70312095 1.4431016 -0.35696736 -0.9336721 -0.028822795
0.008137894 -0.69911265 1.4329432 -0.36231834 -0.7460908 -0.5586357
0.0019616073 -0.69835424 1.4412274 -0.67127824 -0.73607266 -0.08707792
0.00059495744 -0.6922877 1.4328635 -0.67230606 -0.4552216 -0.5837618
-0.009263814 -0.6822527 1.446754 -0.8287526 -0.4915427 -0.26749754
-0.011435874 -0.6745399 1.441561 -0.8334419 -0.34258494 -0.43360132
-0.004199946 -0.68992347 1.4422805 -0.8295135 -0.53851306 -0.14802317
-0.01740246 -0.67005277 1.4520352 -0.8723623 -0.36802053 -0.32178387
-0.004908585 -0.682614 1.434782 -0.7779686 -0.29001227 -0.5573668
-0.02310984 -0.6740429 1.4757646 -0.87401855 -0.43088555 -0.22456448
-0.022243654 -0.68055916 1.4877521 -0.7864951 -0.5938915 -0.16946492
-0.021657493 -0.66939163 1.4650118 -0.8997254 -0.3448804 -0.26749146
0.006123722 -0.68347543 1.4264908 -0.34940782 -0.13738899 -0.9268432
0.010099393 -0.69247746 1.4273231 -0.24019451 -0.38224745 -0.8922967
-0.038838726 -0.6267464 1.5038869 -0.996964 -0.0030352406 -0.07780474
-0.038184002 -0.6181393 1.50606 -0.99541754 0.077498585 -0.056017738
-0.03674551 -0.6251874 1.4719286 -0.9836167 -0.08452473 -0.15922877
-0.03357095 -0.63430625 1.462782 -0.95224494 -0.17292203 -0.2516497
-0.035572503 -0.6162515 1.4672524 -0.91271514 0.21242468 -0.34903693
-0.038003232 -0.63776684 1.499882 -0.98611134 -0.10739871 -0.12668858
-0.034823835 -0.6497176 1.4924737 -0.9631921 -0.1998985 -0.17972608
-0.03656127 -0.6306734 1.4857887 -0.97959703 -0.16712937 -0.111612976
-0.033059847 -0.6418607 1.4784567 -0.96151483 -0.22517933 -0.15742795
-0.038356975 -0.6217002 1.489961 -0.994877 -0.056251276 -0.08399801
-0.03865895 -0.6154445 1.493865 -0.9928683 -0.013954226 -0.11839739
-0.031107076 -0.60039407 1.4774909 -0.97523844 0.15622771 -0.15653402
-0.033556204 -0.60102016 1.4871053 -0.7445331 0.251031 -0.6185902
-0.036162872 -0.60864305 1.4884564 -0.86981434 0.022111839 -0.49288327
-0.03692602 -0.6123787 1.4809572 -0.9638499 0.23088838 -0.13298035
-0.031747553 -0.5811271 1.4813497 -0.9907231 0.07017252 -0.116377
-0.033074427 -0.58938813 1.4937785 -0.7312769 0.39411467 -0.5566935
-0.033929747 -0.5686206 1.4957918 -0.9689494 0.11743979 -0.21758874
-0.035261903 -0.580815 1.5030096 -0.715615 0.5126109 -0.47447377
-0.037344366 -0.561707 1.5158682 -0.96612763 0.16597709 -0.19760807
-0.038711254 -0.5752143 1.518407 -0.78494465 0.59414613 -0.17564803
-0.040741052 -0.5670678 1.5342132 -0.9906764 0.06792014 -0.11809764
-0.040229477 -0.5776814 1.5308987 -0.8952694 0.42241836 0.14161696
-0.041989285 -0.5809682 1.5465059 -0.9926221 -0.06745253 -0.10075493
-0.04016099 -0.5855988 1.5376734 -0.899549 0.09055948 0.42732954
-0.039476827 -0.5998211 1.5492231 -0.9884881 -0.13829148 -0.061374713
-0.03885136 -0.59918493 1.5391662 -0.9277121 -0.12969281 0.35004303
-0.0023171508 -0.6738069 1.4299631 -0.5774706 -0.12451241 -0.8068608
-0.009949625 -0.656739 1.4333853 -0.56916827 -0.04446114 -0.8210181
0.0071591227 -0.6526364 1.4251441 -0.37137082 -0.320441 -0.87143636
0.0035161478 -0.6671927 1.427227 -0.30375838 -0.026223816 -0.95238805
-0.033072926 -0.63657844 1.5614883 -0.97406656 -0.218381 0.059196204
-0.029030554 -0.651562 1.5625771 -0.95904547 -0.26557592 0.098495215
-0.03646786 -0.61863595 1.5610938 -0.98078305 -0.19498028 0.006873291
-0.033057135 -0.63282675 1.575883 -0.9646209 -0.2411603 0.10652844
-0.028686509 -0.6484381 1.576244 -0.95233524 -0.27769607 0.12626402
-0.025925692 -0.6257137 1.6073855 -0.8405906 -0.19676864 0.50466776
-0.021694757 -0.6416411 1.6065567 -0.8243612 -0.26347348 0.5010093
-0.013558548 -0.62386286 1.6221513 -0.64505666 -0.15839674 0.7475375
-0.0107782865 -0.6428388 1.6187968 -0.62867564 -0.27928743 0.7257861
0.013050955 -0.6462422 1.6291754 -0.18957558 -0.3425753 0.92016476
0.012083566 -0.62633497 1.6338778 -0.18682347 -0.15195297 0.97057056
-0.027076285 -0.645583 1.589572 -0.9274485 -0.26760596 0.26120165
-0.03159976 -0.62913185 1.5896659 -0.9368828 -0.23965307 0.25459182
0.011625656 -0.6907294 1.5802864 -0.17089316 -0.9394749 0.2969552
0.012362832 -0.68616617 1.5960027 -0.17623103 -0.8861881 0.42850125
0.0133606875 -0.6770429 1.6093543 -0.1536518 -0.72088104 0.6758118
0.013856077 -0.66384673 1.6201051 -0.16675073 -0.54039866 0.82472026
-0.018259736 -0.65647 1.6035802 -0.79745716 -0.34611312 0.49423456
-0.008634253 -0.6595293 1.6125493 -0.5742228 -0.43374163 0.6943603
-0.022799086 -0.6597625 1.5897648 -0.8966667 -0.35130808 0.2693909
-0.024232872 -0.6618611 1.5779755 -0.9197142 -0.36326692 0.14887182
-0.014670812 -0.66647893 1.6006373 -0.7191644 -0.4970384 0.48554653
-0.006537504 -0.6720524 1.6042707 -0.51978517 -0.6244879 0.5829565
-0.01730217 -0.6698476 1.5916433 -0.78320944 -0.5316473 0.32238808
-0.008188698 -0.6784039 1.5934418 -0.5629471 -0.7287041 0.38997555
0.0004887358 -0.64429355 1.625689 -0.40737292 -0.31386277 0.8576348
-0.0015160684 -0.6245379 1.6298764 -0.41947538 -0.15037614 0.8952248
0.0023202833 -0.6620547 1.6175834 -0.35747847 -0.50276864 0.7870406
0.0036465374 -0.6756373 1.6074182 -0.32876095 -0.6922803 0.6423894
0.0022453612 -0.6833017 1.5952262 -0.35327673 -0.83677906 0.41832572
-0.017990682 -0.6738907 1.5800626 -0.7986244 -0.56131554 0.21708046
-0.00823909 -0.68326235 1.5812249 -0.5519219 -0.7715363 0.31640798
0.0019037437 -0.68799615 1.5805058 -0.31329495 -0.89402 0.32027236
-0.031189896 -0.5430143 1.5126866 -0.8555209 0.4572471 -0.24291773
-0.028880775 -0.5515274 1.4933428 -0.85405624 0.42446658 -0.3006927
-0.004014781 -0.52304965 1.5070736 -0.313499 0.88099366 -0.35435674
-0.0032496029 -0.53228724 1.4880639 -0.32512274 0.8705641 -0.36934185
0.010796507 -0.5204269 1.5059117 -0.114367016 0.9192993 -0.37657535
0.010434771 -0.5291934 1.4876462 -0.11801337 0.9164848 -0.3822676
-0.01973848 -0.52995896 1.5095208 -0.60167617 0.736086 -0.31010187
-0.016651956 -0.53841203 1.4897747 -0.59730804 0.7120697 -0.36902565
0.010110965 -0.53415155 1.4735185 -0.09938571 0.9878725 -0.11929137
0.012014365 -0.51305324 1.526321 -0.13141985 0.96049225 -0.2453234
0.013651551 -0.51083523 1.5659082 -0.11045867 0.9813359 0.15741257
0.016635386 -0.5234576 1.5972388 -0.0355071 0.81394416 0.57985693
0.015799051 -0.5378763 1.6130998 -0.06010045 0.6478094 0.759428
0.012029664 -0.5721337 1.6298231 -0.1371538 0.26801562 0.9536018
0.012152713 -0.608516 1.6352091 -0.17083345 -0.0038270154 0.98529243
0.012196075 -0.59114707 1.6340247 -0.15983965 0.1394952 0.9772371
0.013860858 -0.5539811 1.6235458 -0.108103745 0.43970037 0.8916149
0.015428371 -0.5149307 1.5816084 -0.06742003 0.9257485 0.37208068
-0.043168098 -0.57867986 1.559639 -0.99972355 -0.019986538 0.012384624
-0.037671316 -0.57599175 1.5884304 -0.9338162 0.092084035 0.3456991
-0.030125448 -0.5739773 1.6037867 -0.8260328 0.13968864 0.5460374
-0.017665986 -0.57213306 1.6176103 -0.6236095 0.18855454 0.7586556
-0.041110925 -0.59782434 1.5619367 -0.9878903 -0.15228401 -0.029702513
-0.037763618 -0.59475094 1.5903101 -0.94117045 -0.03880224 0.335697
-0.030074805 -0.59292024 1.6064482 -0.8325466 0.013972264 0.55377877
-0.017744394 -0.59142345 1.6202443 -0.64985406 0.0625268 0.7574827
-0.0034995447 -0.57168096 1.6259308 -0.37442738 0.24059735 0.8954982
-0.0027737857 -0.5906098 1.629762 -0.40165377 0.11532981 0.90850055
-0.028269652 -0.60919964 1.6078051 -0.83796716 -0.09239245 0.53784263
-0.016022515 -0.60752714 1.6220549 -0.65534973 -0.035867486 0.7544734
-0.0026884743 -0.60744596 1.6308386 -0.41957954 -0.008489495 0.9076789
-0.04174341 -0.57740635 1.5745633 -0.9830051 0.041482065 0.17882983
-0.04114321 -0.59630144 1.5767182 -0.9871747 -0.09357018 0.12934749
-0.037365623 -0.61502326 1.5757784 -0.97207946 -0.2191361 0.083909616
-0.03549486 -0.6122367 1.5897574 -0.9431037 -0.17748345 0.28116742
0.012247213 -0.5098418 1.5463494 -0.13493425 0.98954505 -0.050923727
-0.04227587 -0.5611158 1.5561831 -0.9879316 0.15411548 0.015478247
-0.038576577 -0.5468903 1.5533408 -0.92739755 0.37394524 0.009931734
-0.030728316 -0.53293735 1.5500033 -0.79140335 0.61129427 0.00031462128
-0.01806396 -0.52093565 1.5475352 -0.5737017 0.8186833 -0.024978569
-0.040348813 -0.56065947 1.5718863 -0.96096283 0.19723168 0.19403638
-0.03607919 -0.54536223 1.5692682 -0.8902506 0.41730776 0.18250507
-0.027845316 -0.5317132 1.5665339 -0.7580202 0.6343056 0.15186043
-0.01574055 -0.52064973 1.5663012 -0.55094254 0.82319176 0.13717711
-0.02284305 -0.542157 1.5962713 -0.70342994 0.5004638 0.50470024
-0.01869206 -0.53194374 1.5893761 -0.6300719 0.6476421 0.42844972
-0.012106817 -0.5396539 1.6054628 -0.48468313 0.5793956 0.65527314
-0.010096178 -0.52790165 1.593484 -0.42750636 0.7452065 0.51176727
-0.030774845 -0.5437929 1.5834234 -0.8217386 0.4554775 0.34247017
-0.023013948 -0.5307691 1.5792593 -0.6973108 0.65414923 0.2929956
-0.0029187242 -0.5132886 1.5465149 -0.33635652 0.94046897 -0.048810404
-0.01157526 -0.5218719 1.5804007 -0.46959147 0.8228584 0.31998116
-0.03563046 -0.5592812 1.5865337 -0.9019618 0.24440871 0.35599065
-0.027547348 -0.55620545 1.6005235 -0.78404695 0.31181243 0.5366967
-0.015429844 -0.55472577 1.6133114 -0.5663308 0.36731967 0.73779786
-0.0015780198 -0.51383257 1.5659928 -0.3084553 0.9402904 0.14390694
0.0012180052 -0.5378386 1.6105748 -0.24297224 0.63119537 0.73658454
0.003910244 -0.52455574 1.5967132 -0.20075516 0.80016565 0.56518334
0.0021551587 -0.51688266 1.5813718 -0.23894808 0.90410686 0.35425228
-0.002120982 -0.5543772 1.620146 -0.32068095 0.4131704 0.8523227
-0.01909063 -0.52394974 1.5288053 -0.5881486 0.79078364 -0.16953601
-0.0036620286 -0.5164613 1.5271169 -0.33149263 0.9181197 -0.21718363
-0.03147097 -0.5370714 1.5311514 -0.8348726 0.5323198 -0.14008333
-0.038849648 -0.5547867 1.5333123 -0.9585072 0.2521932 -0.13290024
-0.0013679534 -0.6843084 1.5256423 -0.2574316 -0.88278157 0.39297026
0.0039127963 -0.68563217 1.5272254 -0.4402114 -0.73999596 0.5085468
-0.015761765 -0.67946184 1.5259223 -0.5750835 -0.79047716 0.21077219
-0.009281239 -0.6826052 1.5249077 -0.32605106 -0.9138036 0.24218546
-0.022019293 -0.6703503 1.5389504 -0.6096895 -0.5485889 -0.5721266
-0.022161528 -0.6668948 1.5350229 -0.75244415 -0.6525203 -0.08969426
-0.021396548 -0.6702854 1.5313185 -0.77163917 -0.5466055 0.32526213
0.007942165 -0.6877417 1.5290009 -0.6908294 -0.49811748 0.52405506
0.010717737 -0.68860936 1.5329134 -0.8440607 -0.4680505 0.26170623
0.010295935 -0.6876024 1.5372283 -0.71594507 -0.6408496 -0.27701005
0.0066246786 -0.6882329 1.5413677 -0.508584 -0.47391805 -0.718849
-0.0012361772 -0.6885161 1.5454172 -0.32123113 -0.23505601 -0.9173654
-0.010154476 -0.6860806 1.5466489 -0.11723314 -0.40055856 -0.9087405
-0.016326133 -0.68254185 1.5448747 -0.22378065 -0.5499275 -0.804675
-0.020119758 -0.6763737 1.5420392 -0.38708293 -0.5682688 -0.7261112
-0.019490905 -0.67445356 1.5281636 -0.75551075 -0.6018084 0.2589015
-0.030818656 -0.6253848 1.453955 -0.7839055 0.20018189 -0.5877239
-0.014878374 -0.6294987 1.4426306 -0.76759523 -0.11030782 -0.63137126
-0.02559009 -0.63715196 1.4460284 -0.72870654 0.04376848 -0.683426
-0.009256389 -0.6394396 1.4358225 -0.7148576 -0.048697878 -0.69757223
-0.018427776 -0.64771926 1.4391978 -0.6837 -0.020287596 -0.7294811
0.0067748483 -0.6411701 1.4161389 -0.5162562 -0.6432354 -0.5654447
0.009350169 -0.63518536 1.4016025 -0.31697017 -0.8476089 -0.42554545
-0.00011248954 -0.62896043 1.3958342 -0.26828006 -0.94672954 -0.17812635
-0.00044759057 -0.63513285 1.4198664 -0.7116298 -0.5939636 -0.3752202
-0.00067538774 -0.62841296 1.3744776 -0.007329191 -0.99774945 0.06665155
-0.0049157254 -0.6496329 1.3290448 -0.054343037 -0.697773 0.7142546
-0.009853869 -0.67003846 1.3017279 -0.010813836 -0.87511545 0.48379338
-0.03031968 -0.5792531 1.4465659 -0.98157674 0.10956514 0.15653291
-0.039141048 -0.5760618 1.4167745 -0.8870551 -0.08915022 0.45297402
-0.0069359886 -0.6616446 1.3195484 -0.021666806 -0.7858382 0.61805236
-0.0018113148 -0.6335042 1.3522215 -0.074613094 -0.8980555 0.43350807
-0.002178247 -0.53666043 1.4744946 -0.35562792 0.9297634 -0.09523009
-0.027310453 -0.5596318 1.4785857 -0.91779166 0.3607936 -0.16579002
-0.015584823 -0.5449451 1.4756635 -0.67778283 0.72553545 -0.11920043
-0.045874886 -0.4804817 1.3492339 -0.09141371 0.838736 0.53681034
-0.005035108 -0.53382033 1.4531804 -0.35276145 0.90642744 0.23226845
-0.011151162 -0.52585715 1.426725 -0.2698684 0.8579699 0.43710253
-0.022086272 -0.51406044 1.4033346 -0.2570841 0.7723043 0.5809078
-0.032482974 -0.49857873 1.3810208 -0.2178571 0.77551377 0.59255093
-0.06797364 -0.63258135 1.3411546 0.1114059 -0.59411246 0.7966297
-0.03714254 -0.55697316 1.4194956 -0.84283113 0.16821441 0.5112138
-0.029984538 -0.61167955 1.4053398 -0.73879737 -0.6541806 0.16194463
-0.019399296 -0.623812 1.3766961 -0.48064247 -0.8695583 0.11336366
-0.037340164 -0.60692596 1.3763193 -0.5964352 -0.7755675 0.20678557
-0.015517953 -0.6235043 1.4004097 -0.5231773 -0.85101116 0.045447085
-0.026165286 -0.5611076 1.4499848 -0.94616973 0.28175437 0.15930231
-0.051003475 -0.60968447 1.354242 -0.10314781 -0.75432897 0.64834285
-0.027011119 -0.6236775 1.3509662 -0.35650712 -0.788125 0.5017585
-0.036492452 -0.5937027 1.4111682 -0.8732209 -0.37088868 0.31611207
-0.032203164 -0.59940755 1.4434453 -0.9678504 -0.24305472 0.06473105
-0.11329413 -0.57625556 1.3773874 -0.10712409 -0.10319935 0.9888753
-0.024851205 -0.6130916 1.4351851 -0.8135471 -0.58090365 -0.026308026
-0.010176665 -0.6237375 1.4261086 -0.748088 -0.6418799 -0.16838832
-0.03756976 -0.6405431 1.3340344 -0.030284727 -0.58691156 0.8090845
-0.018582486 -0.54403114 1.4526048 -0.75837994 0.61491483 0.21619369
-0.11421077 -0.5357663 1.3729898 -0.16922681 0.28402975 0.9437634
-0.027530242 -0.5376954 1.4252055 -0.7177727 0.50462437 0.47974634
-0.10038001 -0.6144724 1.368777 0.061920766 -0.5328171 0.84396183
-0.078570336 -0.5404411 1.3842969 -0.34274992 0.26184145 0.9021982
-0.05574435 -0.5475224 1.3980196 -0.6057299 0.18844116 0.77303374
-0.060611583 -0.57379824 1.3936008 -0.5679668 -0.26584774 0.7789343
-0.08475967 -0.5738089 1.3850737 -0.27706763 -0.22579843 0.9339425
-0.052614484 -0.594073 1.3822019 -0.48488823 -0.7055171 0.51684517
-0.07571936 -0.6017727 1.3698516 0.038039483 -0.59574544 0.8022719
-0.05778751 -0.515639 1.3804659 -0.38746038 0.5484853 0.74097115
-0.04072588 -0.5279866 1.402022 -0.5866847 0.47718862 0.6542874
-0.09002067 -0.5024761 1.3605695 -0.15412566 0.5477379 0.82233113
-0.011662339 -0.47931 1.3451637 0.06264565 0.92031837 0.3861212
-0.00118072 -0.51307416 1.4009641 0.08340748 0.864803 0.49513522
-0.0060268226 -0.49664214 1.3757921 0.060222857 0.8561285 0.51324195
0.008596808 -0.5317552 1.4525069 0.001441226 0.98520035 0.17140068
0.005100891 -0.5251575 1.4241982 0.098503366 0.9336466 0.34438503
-0.24451578 -0.5984065 1.2123979 -0.8921842 -0.34611169 0.29019654
-0.19880918 -0.61573887 1.1185031 0.9751328 -0.22110927 0.015054429
-0.1944862 -0.6373721 1.164013 0.40825248 -0.8921907 -0.19319887
-0.21416761 -0.6352591 1.1242759 0.62900823 -0.60293067 0.49073738
-0.2375623 -0.5952633 1.239386 -0.92497677 -0.327213 0.19326054
-0.22637345 -0.63582426 1.1802919 -0.42587838 -0.890985 0.15739523
-0.18364231 -0.6359945 1.1970165 0.43717945 -0.899242 -0.015423595
-0.1735744 -0.6263737 1.2402891 0.35328665 -0.8774922 -0.32433924
-0.22028732 -0.52708477 1.2003863 -0.33930057 0.9273564 -0.15775038
-0.2049981 -0.52050006 1.2411132 -0.4187208 0.8916375 -0.17220785
-0.23680288 -0.54966104 1.242127 -0.89814436 0.41362193 0.14917678
-0.24725743 -0.5538589 1.2105638 -0.8993372 0.39865544 0.17962827
-0.18417318 -0.5332677 1.1899092 0.4876621 0.77694446 -0.3981747
-0.16994636 -0.5259321 1.2282059 0.4433177 0.6954212 -0.5655606
-0.16794783 -0.572059 1.1787989 0.88388336 0.24774946 -0.39669928
-0.1565941 -0.5664815 1.2217118 0.86241 0.21688586 -0.45739415
-0.16680487 -0.60828143 1.1835377 0.9038266 -0.31135637 -0.29352096
-0.15349865 -0.59957784 1.2238911 0.86446583 -0.3325957 -0.3769335
-0.21830882 -0.63186544 1.2087592 -0.4387624 -0.8686779 0.22997032
-0.21058634 -0.62841606 1.238327 -0.4454345 -0.89045215 0.09318359
-0.17871179 -0.61139625 1.1567993 0.8674519 -0.29907882 -0.39759168
-0.19446023 -0.6103561 1.0786202 0.8131345 0.5401534 -0.21690248
-0.20231667 -0.5955226 1.0938281 0.7664216 0.58528966 -0.264639
-0.19851384 -0.5867034 1.1139883 0.82350534 0.36905038 -0.43086067
-0.25219935 -0.5568351 1.1240605 -0.43702146 0.8922309 -0.11373738
-0.262632 -0.56928766 1.1276213 -0.85342 0.51300687 0.0921863
-0.23780668 -0.55958736 1.1131496 0.14218502 0.89633185 -0.41996747
-0.2607003 -0.5683404 1.094537 -0.46667382 0.7808469 -0.41532356
-0.27235317 -0.5862139 1.105585 -0.96124536 0.27561793 0.006489104
-0.23893663 -0.5746743 1.0903352 0.27764052 0.75917006 -0.5887076
-0.26281044 -0.5905531 1.0680189 -0.47212857 0.6154768 -0.63109654
-0.27350646 -0.60609484 1.0798508 -0.96994007 0.1448859 -0.19551073
-0.23951626 -0.5945028 1.0675455 0.14358762 0.74167556 -0.6552099
-0.25658715 -0.5625088 1.1787928 -0.90944296 0.39423895 0.13224639
-0.27194273 -0.6246941 1.0930806 -0.9965456 -0.063682325 0.053305533
-0.21745066 -0.5994468 1.0683331 0.36898705 0.76253766 -0.5313989
-0.24470152 -0.55238026 1.142813 -0.43285984 0.8897401 -0.14489575
-0.26562044 -0.58001554 1.1454989 -0.95524395 0.2512964 0.15607421
-0.21987034 -0.5592574 1.1232127 0.3557749 0.804444 -0.47570366
-0.22349328 -0.5826569 1.0923034 0.4410159 0.73254424 -0.5185402
-0.27152675 -0.59999675 1.116326 -0.98914987 0.021233788 0.1453672
-0.20359792 -0.5452058 1.1537004 0.3515465 0.7986438 -0.4884496
-0.23152134 -0.5412747 1.1705163 -0.37532035 0.90391773 -0.20510335
-0.23904687 -0.6380863 1.1366997 -0.05789731 -0.73998046 0.6701319
-0.23628674 -0.6340056 1.1479695 -0.27619183 -0.9234555 0.26636085
-0.21036193 -0.63332504 1.135006 0.4066234 -0.9015653 -0.14777447
-0.19435225 -0.6150843 1.1291158 0.83349895 -0.38730723 -0.39404646
-0.18987045 -0.6281438 1.1006985 0.9284322 0.073767565 0.36410436
-0.20892824 -0.64910966 1.1154126 0.62083054 -0.22170345 0.7519421
-0.23694563 -0.6557516 1.1292521 0.063942194 -0.40628803 0.911505
-0.26664293 -0.65076596 1.1198221 -0.77220905 -0.32601756 0.5453492
-0.26248637 -0.61266935 1.1551795 -0.8201228 -0.39012772 0.41856778
-0.26681206 -0.6263588 1.134609 -0.81993693 -0.36193675 0.44351462
-0.18000829 -0.57988113 1.1524154 0.83944416 0.24877812 -0.4831592
-0.25374344 -0.60278076 1.1809263 -0.87799275 -0.35120285 0.32524648
-0.22008105 -0.79707026 0.93345094 -0.57557595 0.39779198 -0.7144745
-0.2247344 -0.80754393 0.94489974 -0.9934398 -0.11163536 -0.024797592
-0.20264588 -0.7990659 0.9295854 0.26451284 0.7162421 -0.6457788
-0.23318328 -0.62439746 1.0333105 0.027586196 0.6402121 -0.76770264
-0.25706714 -0.6301175 1.0357368 -0.57742065 0.43320453 -0.6920399
-0.2682917 -0.64888144 1.0495573 -0.93974704 0.09054605 -0.32966167
-0.24459288 -0.6819679 1.0017992 -0.45390943 0.3660783 -0.81237483
-0.25806457 -0.696935 1.0148884 -0.8986779 0.046112314 -0.43617833
-0.22203729 -0.6800582 1.0027447 0.14993364 0.48743683 -0.8601891
-0.22868995 -0.7422502 0.96919006 -0.36390412 0.4014203 -0.84049714
-0.2384957 -0.7531856 0.97640413 -0.8752962 0.050895393 -0.48090166
-0.208527 -0.74191743 0.9719592 0.21340032 0.53300977 -0.8187557
-0.16920482 -0.8073968 0.9561255 0.7039208 0.69594353 -0.14197966
-0.16964942 -0.81304306 0.9734667 0.72069967 0.27744174 0.63530934
-0.19231257 -0.82159865 0.978745 -0.105089 -0.58102566 0.80707216
-0.19970165 -0.6860865 1.0994016 0.6112828 -0.37557 0.69662076
-0.18200186 -0.6614354 1.0810843 0.9563948 -0.03200063 0.29031873
-0.23773907 -0.6989011 1.106132 -0.10651626 -0.6213208 0.7762827
-0.18310691 -0.7570972 1.0033604 0.98508185 -0.068549015 0.15784426
-0.19083387 -0.7713545 1.0171268 0.67672515 -0.45441872 0.5792639
-0.21277371 -0.7805576 1.0177292 -0.07926799 -0.7258524 0.6832678
-0.19551143 -0.7273343 1.0631776 0.6140467 -0.5218637 0.592119
-0.22448832 -0.73669016 1.066691 -0.04349582 -0.7346656 0.6770337
-0.18075632 -0.706753 1.0492175 0.97170043 -0.14996788 0.18250461
-0.23920667 -0.7717697 0.9885532 -0.94395465 -0.3295595 -0.018442404
-0.23042203 -0.78095967 1.003609 -0.68446136 -0.61850226 0.38596296
-0.21798135 -0.8195155 0.9606161 -0.7808087 -0.5263805 0.33654317
-0.20351762 -0.8230197 0.9728216 -0.43427685 -0.6553826 0.61796206
-0.18856445 -0.8039693 0.9341673 0.52313846 0.6123258 -0.59277594
-0.17546368 -0.8072155 0.94478345 0.5927017 0.6667893 -0.45177054
-0.1931397 -0.7435931 0.9769398 0.60380244 0.47126925 -0.6429059
-0.18388921 -0.7489 0.9899458 0.9447374 0.22717132 -0.2363566
-0.26387694 -0.6921871 1.0911779 -0.79533744 -0.4558049 0.39960015
-0.25247976 -0.73149997 1.053535 -0.7256742 -0.60184383 0.333438
-0.2720602 -0.6687979 1.0671208 -0.9943264 -0.09949905 -0.037615415
-0.26041743 -0.7165279 1.0323423 -0.9622615 -0.2561772 -0.09179353
-0.19910342 -0.68117756 1.0103172 0.5227621 0.4439366 -0.7277638
-0.1837912 -0.68845415 1.0238726 0.9031557 0.23104884 -0.36183727
-0.2051714 -0.6296306 1.0393585 0.48672196 0.57889307 -0.6542053
-0.18562575 -0.64102626 1.0543648 0.89185816 0.3431282 -0.29470664
-0.044485204 -0.7198044 1.1512023 -0.039342046 -0.9992212 -0.003031716
-0.038487226 -0.7217235 1.1886046 0.02480384 -0.9923384 0.12103389
-0.13575692 -0.5791163 1.3763462 -0.08807479 -0.066436686 0.9938959
-0.14022972 -0.53530335 1.3694868 -0.19810909 0.3275436 0.9238333
-0.12470456 -0.61398053 1.3675606 -0.045519836 -0.5214528 0.8520651
-0.10649679 -0.6367284 1.3411906 -0.050324295 -0.84859693 0.526641
-0.12931836 -0.6332157 1.3446048 -0.05273367 -0.87247753 0.48580045
-0.12156031 -0.64695346 1.3084785 -0.2358034 -0.8860914 0.39904732
-0.13904895 -0.63920534 1.3253621 -0.051769737 -0.9530184 0.29845545
-0.14371973 -0.65308404 1.2450284 -0.9587059 -0.27480006 0.07326607
-0.14537115 -0.643776 1.2725888 -0.6046304 -0.7822869 -0.14983104
-0.14310455 -0.63029397 1.2164689 -0.9985572 -0.052926335 0.009071544
-0.14092799 -0.62315226 1.2504746 -0.72253144 -0.3593491 -0.5906069
-0.14780736 -0.59950477 1.1981814 -0.9864519 -0.13517192 0.09295821
-0.1390194 -0.59796906 1.2426429 -0.5512319 -0.4263724 -0.717182
-0.15928997 -0.5141553 1.2429024 -0.51611096 0.34026965 -0.78603184
-0.14273204 -0.5584246 1.2423731 -0.4813635 0.0012005388 -0.87652016
-0.14350031 -0.48017198 1.2293952 -0.64683104 0.6935664 -0.317136
-0.1422063 -0.50766134 1.2032919 -0.84542674 0.44734254 -0.2917846
-0.15335794 -0.54932797 1.1907539 -0.9982071 0.05921255 0.008749085
-0.17329451 -0.50009674 1.2515063 -0.51230747 0.69979244 -0.49782687
-0.13997306 -0.47556102 1.2678533 -0.38810986 0.9209699 0.034425005
-0.17272823 -0.49420562 1.2804372 -0.520288 0.85394156 -0.0091818245
-0.1308947 -0.48519695 1.3300083 -0.32285553 0.8544559 0.40702513
-0.1567971 -0.50182796 1.3347508 -0.42766714 0.75231713 0.5011185
-0.14753267 -0.51646465 1.3554655 -0.35229102 0.57783 0.7362088
-0.12436936 -0.5032195 1.35699 -0.24569009 0.59863275 0.76241404
-0.07274689 -0.6530556 1.3181108 -0.13159393 -0.8401128 0.5262068
-0.088883996 -0.6750805 1.2844383 -0.24057285 -0.82054365 0.5184908
-0.12347142 -0.6946324 1.1942272 -0.7028888 -0.7102774 -0.03812361
-0.04393493 -0.6631807 1.3093536 -0.09091627 -0.8200993 0.56495243
-0.056075964 -0.6846931 1.279386 -0.09089724 -0.8495844 0.5195614
-0.083637565 -0.7183703 1.1819652 -0.34275222 -0.938085 0.050174188
-0.039379 -0.6520098 1.3265518 -0.050767574 -0.7065158 0.705874
-0.074645616 -0.644246 1.334125 -0.034546852 -0.7413487 0.6702303
-0.019916417 -0.68868023 1.2741016 0.040322304 -0.8762018 0.48025438
-0.14531782 -0.6441774 1.3010184 -0.17097059 -0.97308993 0.15448351
-0.13554108 -0.6553614 1.2802624 -0.5951005 -0.76135 0.25729683
-0.107138924 -0.69293916 1.2402052 -0.4266642 -0.84966266 0.30988872
-0.07340202 -0.7057892 1.2321637 -0.18388654 -0.9215133 0.34205106
-0.029991768 -0.7087564 1.2298203 0.03024213 -0.9373318 0.34712312
-0.16726571 -0.49599138 1.3089857 -0.4443112 0.85734963 0.2598829
-0.13671662 -0.4788472 1.298351 -0.32640973 0.9287525 0.17571469
-0.14010167 -0.67017543 1.2175708 -0.89920485 -0.43702242 0.021022735
-0.10887379 -0.659262 1.2976487 -0.31215456 -0.80422246 0.5057526
-0.09337551 -0.6479589 1.320571 -0.16736351 -0.8717674 0.4604465
-0.12559786 -0.6714755 1.2599113 -0.58769214 -0.7432843 0.31960332
-0.12089799 -0.6811343 1.1551285 -0.80816025 -0.5159514 -0.2840266
-0.13815467 -0.64817506 1.1807361 -0.95802367 -0.22417136 -0.17871171
-0.085112385 -0.713781 1.1468898 -0.46933007 -0.8758265 -0.112504065
-0.1730584 -0.63985634 1.2658831 -0.0777842 -0.9576331 -0.27728772
-0.19881317 -0.58724093 1.354792 -0.6513841 -0.16847447 0.7398075
-0.2227017 -0.5926409 1.3221607 -0.8639423 -0.26397917 0.42885742
-0.19593987 -0.5444343 1.351416 -0.60051274 0.33806184 0.7246369
-0.22257544 -0.54618585 1.3197052 -0.86890745 0.31858754 0.37881625
-0.18140684 -0.6200789 1.3513312 -0.47960344 -0.5859095 0.65321547
-0.20172164 -0.62769246 1.3137616 -0.62844294 -0.71680564 0.30207473
-0.23369381 -0.59674394 1.2754114 -0.93327427 -0.3254617 0.15190044
-0.23344053 -0.5492385 1.2733029 -0.9254251 0.351472 0.14161834
-0.20736209 -0.6288456 1.2736809 -0.5800599 -0.8130629 0.049591642
-0.20476982 -0.5177394 1.2771392 -0.6666894 0.74527186 -0.009747005
-0.16101028 -0.63458437 1.3429812 -0.14629084 -0.86379594 0.48213646
-0.17304654 -0.6439265 1.3084494 -0.22956501 -0.9634159 0.13831007
-0.18072031 -0.51980066 1.3409575 -0.451871 0.6743156 0.5840471
-0.20236301 -0.5150326 1.3141071 -0.64621043 0.7139256 0.2696707
-0.15366305 -0.6136691 1.3648609 -0.17644061 -0.4826581 0.8578518
-0.16694461 -0.5819023 1.3724792 -0.2985674 -0.08067432 0.95097274
-0.16802856 -0.5453038 1.3663589 -0.32635367 0.30556673 0.8944955
-0.16554454 -0.5253002 1.3544761 -0.35068724 0.5783031 0.7366029
-0.1465919 -0.62789345 1.352762 -0.04214038 -0.7887009 0.61333114
-0.012555656 -0.717107 1.1630291 0.108125165 -0.99175334 0.06880529
-0.0069206124 -0.71656775 1.1930382 0.18302299 -0.97328544 0.13862924
0.0022795096 -0.6865415 1.2725016 0.13950706 -0.8795285 0.45493656
-0.0032788503 -0.7056154 1.2305977 0.1542243 -0.9338513 0.32270208
0.0054258695 -0.6781417 1.2853093 0.08825 -0.87468445 0.47659105
-0.006808119 -0.47411236 1.324392 0.1724447 0.95820993 0.22824638
-0.010673205 -0.459454 1.2370036 0.3136118 0.94944865 -0.013959892
-0.0025969928 -0.4717753 1.1326635 0.26685926 0.94126076 -0.20691633
0.0055840323 -0.5278412 0.99835783 0.2712181 0.9241979 -0.26888445
0.01627052 -0.52885354 0.9203764 0.29872024 0.9457046 0.12809746
0.01214417 -0.5326309 0.9538669 0.2744264 0.96099013 0.034468714
0.0025746499 -0.5034786 1.0457597 0.22979055 0.8985318 -0.37394777
-0.009483892 -0.46137902 1.2745559 0.30390865 0.9456345 0.115822814
-0.0068636267 -0.46457762 1.1688379 0.19759156 0.97275865 -0.12123533
-0.046906855 -0.47152475 1.3305572 -0.015144925 0.93414366 0.3565756
-0.09398222 -0.48435318 1.3467699 -0.14836155 0.78532165 0.601048
-0.04524063 -0.46294886 1.3033637 -0.009553434 0.9787609 0.20478216
-0.08995714 -0.4707787 1.3146086 -0.16554838 0.9567745 0.23911557
-0.008378944 -0.46772295 1.3009158 0.2871455 0.9390039 0.18925938
-0.048972093 -0.45346755 1.2359519 0.0042761974 0.99964064 0.02646091
-0.045737818 -0.45982394 1.2736931 -0.03285871 0.9917263 0.12409346
-0.091102466 -0.46767133 1.2832179 -0.1729925 0.9754434 0.13632226
-0.09306182 -0.46078652 1.243337 -0.22281407 0.9728827 0.06207358
-0.010702016 -0.4624454 1.2085766 0.2254207 0.9736094 -0.035639368
-0.15203501 -0.6000096 1.1458592 -0.96526927 -0.22340205 -0.13544987
-0.13282515 -0.5962971 1.0959086 -0.9471753 -0.09759048 -0.30550766
-0.15309471 -0.5489983 1.1457897 -0.9694136 0.18121423 -0.16552567
-0.13584046 -0.6351931 1.1579386 -0.9350987 -0.32927227 -0.13103549
-0.1326288 -0.63426465 1.1280242 -0.93157697 -0.3335712 -0.1445496
-0.13635567 -0.5062273 1.1510259 -0.7963224 0.57948685 -0.17339435
-0.10029172 -0.46359575 1.1966474 -0.38993704 0.8947943 -0.21746787
-0.0979351 -0.47186738 1.1675187 -0.44515637 0.87442654 -0.19290967
-0.04950954 -0.4584365 1.1950228 -0.013956916 0.9914653 -0.129622
-0.04783899 -0.46280786 1.162718 -0.05239137 0.9897232 -0.13305321
-0.088479355 -0.47373143 1.1359131 -0.3958182 0.8939325 -0.21026783
-0.046470784 -0.46654785 1.1291912 -0.035176676 0.9828506 -0.18101713
-0.08145233 -0.4818968 1.0968326 -0.38848174 0.85010207 -0.35553962
-0.038708802 -0.47549954 1.0938469 0.014112803 0.9419037 -0.33558634
-0.028818667 -0.4978459 1.0440198 0.04065521 0.9251879 -0.37732545
0.001731854 -0.48456442 1.0941373 0.28136852 0.9107453 -0.30228248
-0.014611601 -0.7252448 1.1131113 -0.052492242 -0.99851686 0.014445168
-0.014348548 -0.7201655 1.0768764 -0.039182004 -0.9971379 -0.064659275
-0.050411187 -0.7226155 1.105406 -0.1853946 -0.9824874 -0.018641632
-0.11629211 -0.6759759 1.1125646 -0.85900795 -0.5108229 -0.0341369
-0.0869203 -0.70937085 1.101723 -0.5670208 -0.8188916 -0.08890433
-0.014221908 -0.72031385 1.1413283 -0.008111716 -0.9871919 0.15933077
-0.08611478 -0.71055055 1.1276722 -0.55016154 -0.83387536 -0.044430926
-0.04862601 -0.72021186 1.1305553 -0.13693152 -0.9882062 0.06854446
-0.11669576 -0.67417747 1.1367843 -0.8569884 -0.49195355 -0.15346885
-0.13577324 -0.5570604 1.0929278 -0.910626 0.1264541 -0.39340782
-0.120079 -0.5143549 1.0926331 -0.7351592 0.54656565 -0.40100718
-0.11432635 -0.6729244 1.0736954 -0.8525929 -0.49163976 -0.17713208
-0.08464141 -0.7040208 1.0715476 -0.56043047 -0.7961392 -0.22821057
-0.12829727 -0.6363357 1.088474 -0.9696174 -0.19067486 -0.15324847
-0.049595427 -0.71970665 1.0739243 -0.2261595 -0.9621471 -0.15206797
-0.039802376 -0.5287236 0.92090964 -0.35440257 0.91793823 0.1782924
-0.055046402 -0.5174048 0.99500126 -0.27137402 0.8897881 -0.366924
-0.043847248 -0.5317219 0.953652 -0.28278428 0.9474523 -0.14955652
-0.06628204 -0.5450897 0.91846573 -0.63893217 0.76667154 0.06309095
-0.08276704 -0.5367284 0.9944833 -0.7078552 0.6256453 -0.32788545
-0.07082805 -0.5454774 0.9484654 -0.6185728 0.7695368 -0.15868486
-0.06971004 -0.6839052 0.8923149 -0.5778315 -0.8103748 0.09697075
-0.06422972 -0.6812002 0.9760741 -0.58649933 -0.7916906 -0.17101048
-0.06470585 -0.67779225 0.9331535 -0.64592355 -0.76145315 0.054513518
-0.041214954 -0.6960863 0.93138474 -0.5548099 -0.8319561 -0.005915527
-0.04380038 -0.6970269 0.9745869 -0.5737722 -0.81200624 -0.106916845
-0.03853848 -0.69592726 0.89188105 -0.46488973 -0.8853003 0.010996743
-0.012557123 -0.7167981 0.9758612 -0.35007817 -0.9348085 -0.059820153
-0.010266621 -0.71684825 0.93226826 -0.392126 -0.9198011 -0.014252884
-0.0074501866 -0.7173261 0.8922505 -0.38386807 -0.9233861 -0.0018330608
-0.10073759 -0.6258707 0.9376197 -0.9855395 -0.16439265 -0.041072823
-0.10605447 -0.629335 0.9805166 -0.97336465 -0.14134657 -0.18050592
-0.095907085 -0.56762266 0.98867035 -0.90308684 0.35636047 -0.23966905
-0.093167834 -0.65801966 0.9740291 -0.7987949 -0.56869876 -0.19623537
-0.089645594 -0.6535232 0.9332878 -0.8422519 -0.5388826 0.014740323
-0.09714808 -0.6540207 0.8963229 -0.8840778 -0.45836994 0.091122866
-0.013930585 -0.71919405 1.0206951 -0.23404025 -0.9694432 -0.07351876
-0.07810074 -0.69165224 1.0227509 -0.5455101 -0.7881193 -0.28510803
-0.045039166 -0.70573175 1.0217557 -0.4218963 -0.8772128 -0.22913124
-0.02245873 -0.5182357 0.99833924 0.15958509 0.9313322 -0.32734245
-0.015743896 -0.52831864 0.9541314 0.025804775 0.99944866 -0.02089217
-0.009245032 -0.5233299 0.92169285 0.046017293 0.9854074 0.16387397
-0.117379814 -0.5955056 1.0392327 -0.9616046 0.10560535 -0.25330648
-0.11319972 -0.5625484 1.0433464 -0.90100855 0.26616612 -0.3425481
-0.11783147 -0.6291589 1.0317988 -0.9696795 -0.10848645 -0.21898071
-0.097708374 -0.5292727 1.0462018 -0.72281766 0.5672863 -0.39461473
-0.10470412 -0.6646706 1.0256534 -0.8326457 -0.49612135 -0.24609882
-0.06550897 -0.5034152 1.0456041 -0.37281996 0.8435319 -0.38659957
0.027706971 -0.52077925 0.8638691 0.35320166 0.88643944 0.29912165
0.007001 -0.7130587 0.8086233 -0.33055204 -0.9130396 -0.23894325
0.007572547 -0.67373466 0.7235677 0.5272963 -0.60346276 -0.59815663
-0.10214587 -0.6706701 0.45160127 -0.87543684 -0.48256755 0.027180893
-0.00932179 -0.68750894 0.7107501 0.54529816 -0.83824205 0.00039202019
-0.057549782 -0.689423 0.44064063 0.27579036 -0.94036376 -0.19913717
-0.106419146 -0.59460163 0.74986523 -0.98138344 0.18882492 0.035095103
-0.10253832 -0.64866 0.3719099 -0.8243494 -0.48088259 -0.2986637
-0.09517742 -0.6443336 0.84072685 -0.9109653 -0.41231462 -0.011782339
-0.09984336 -0.5977877 0.9407471 -0.9819882 0.18614368 -0.0324001
0.015960962 -0.6525288 0.70449436 0.8574374 -0.5144314 -0.012703172
-0.035190575 -0.69223005 0.80879784 -0.38976872 -0.8993906 -0.19793181
-0.073105834 -0.67459595 0.82544583 -0.63154584 -0.77327293 -0.056557845
-0.036824398 -0.5092894 0.8636117 -0.2594804 0.9211593 0.29006112
-0.06725491 -0.5280978 0.85723877 -0.694475 0.67581385 0.24694136
-0.06214824 -0.6632798 0.35835227 0.24043486 -0.8064735 -0.54017735
-0.055004902 -0.68337065 0.40810996 0.40865967 -0.8704583 -0.27440748
-0.10816208 -0.657124 0.4164231 -0.9270782 -0.3639697 -0.08973375
-0.08210005 -0.6602442 0.35525668 -0.35282445 -0.719452 -0.5982504
-0.08215931 -0.69493496 0.45446 -0.37066105 -0.92618454 -0.069228224
-0.085820474 -0.6870864 0.41061464 -0.39953595 -0.8818922 -0.2502741
-0.103720516 -0.6628058 0.47485912 -0.8879267 -0.453788 -0.07524968
-0.037507735 -0.6891263 0.46632677 0.39880237 -0.8874515 -0.23105526
-0.07862336 -0.6969398 0.4758233 -0.3419171 -0.93410385 -0.1026776
-0.1070346 -0.6280844 0.35633954 -0.852591 -0.341476 -0.39557895
-0.1108685 -0.6424285 0.42116287 -0.9794699 -0.1958998 -0.04755967
-0.041169576 -0.639641 0.34176818 0.40452123 -0.6120226 -0.6795519
-0.03747572 -0.6690541 0.41460875 0.59411436 -0.756738 -0.2727193
-0.11829237 -0.626609 0.4821861 -0.9864364 -0.09031684 -0.13706213
-0.113121055 -0.6151929 0.38128397 -0.9998428 -0.011836303 -0.013203477
-0.11403585 -0.62060064 0.42584035 -0.99445057 0.087046534 -0.059085343
-0.018522982 -0.6881019 0.783614 -0.23087235 -0.9572021 -0.17453404
-0.003031852 -0.68743134 0.7443737 -0.008702375 -0.97529715 -0.2207256
-0.10330765 -0.5702443 0.31787315 -0.75462705 -0.23257978 -0.61355084
-0.041603673 -0.58065754 0.30812803 0.36777118 -0.40273994 -0.8381795
-0.07526615 -0.57626146 0.30302238 -0.22054288 -0.38368896 -0.89674056
-0.07271754 -0.57057124 0.48002616 -0.20743173 0.95257354 -0.22265571
-0.0705346 -0.5795426 0.40168223 -0.25518143 0.6424856 0.72256124
-0.06876461 -0.57863426 0.4289669 -0.13638367 0.98537683 -0.10213672
-0.04159236 -0.5711254 0.47756553 0.12915103 0.9578196 -0.25671285
-0.044854224 -0.5804062 0.4030613 0.14010525 0.65533656 0.74222946
-0.043066908 -0.576001 0.4300143 0.14529362 0.9785579 -0.14599416
-0.00944736 -0.58253473 0.47213092 0.61171305 0.7379829 -0.2849358
-0.018313566 -0.58663857 0.40188858 0.685996 0.4320253 0.5854602
-0.019816345 -0.5864786 0.42765036 0.5885644 0.7994069 -0.12058469
-0.011182594 -0.66854125 0.46669725 0.73753893 -0.6233879 -0.25966108
-0.021049958 -0.6398036 0.3620227 0.64949346 -0.62751496 -0.42939875
-0.021350643 -0.65719867 0.41764727 0.67394 -0.6911021 -0.2611184
-0.0017514138 -0.61174905 0.42471063 0.96557266 0.22547907 -0.1297253
0.037616078 -0.6194134 0.70455885 0.9158105 -0.3994702 -0.0414072
0.014238194 -0.7085804 0.78366387 -0.35680422 -0.8872703 -0.29230493
-0.10708463 -0.5992537 0.42780286 -0.8505329 0.52093804 -0.07223201
-0.105898954 -0.59753984 0.3901672 -0.8885262 0.37125176 0.26961678
-0.114097424 -0.6005958 0.48277906 -0.9063858 0.39800432 -0.14162415
-0.008622738 -0.6276634 0.37551498 0.8959537 -0.37285158 -0.24134761
-0.0056106546 -0.63897395 0.4192816 0.9041411 -0.3824619 -0.19039902
0.047652066 -0.57760864 0.7161281 0.9939247 0.106713936 -0.026941754
0.007430459 -0.61374766 0.4697081 0.95173043 0.14817837 -0.2687979
0.021188954 -0.67657053 0.72278553 0.15949908 -0.24311046 -0.9567954
-0.0003368149 -0.7201809 0.85018754 -0.30614692 -0.9465427 -0.1016422
0.023219196 -0.5286235 0.8900878 0.28280672 0.93180394 0.22751191
0.03750356 -0.5142194 0.8317708 0.5190205 0.84314436 0.14044677
-0.09855289 -0.6523868 0.8675414 -0.91910034 -0.38685778 -0.07480463
-0.089779384 -0.56790537 0.9430137 -0.8593965 0.5072666 -0.06417424
-0.038051028 -0.6986514 0.8494857 -0.46114653 -0.88259447 -0.09149293
-0.076651126 -0.6836234 0.85747766 -0.6368063 -0.766204 -0.08607646
-0.03877079 -0.51867795 0.8923146 -0.2867272 0.92011446 0.26678997
-0.0031418626 -0.51994413 0.8913995 0.1638508 0.95639235 0.24179856
-0.065839775 -0.53459775 0.8861805 -0.699057 0.6853789 0.2038995
0.042891316 -0.5165161 0.7920202 0.71460325 0.6918187 -0.10358086
0.04696091 -0.53255224 0.76361287 0.8826042 0.37919125 -0.27789167
0.04370208 -0.5665269 0.74815243 0.9715505 0.08922422 -0.21938244
0.03296144 -0.65456253 0.73160744 0.3922131 0.27584305 -0.87754166
0.042462897 -0.6128268 0.7546094 0.9340505 -0.046638742 -0.35408273
0.019828347 -0.6467191 0.7361216 0.6958464 -0.0653155 -0.7152145
-0.10051554 -0.5823117 0.4834141 -0.6291121 0.76140285 -0.15647238
-0.096286446 -0.6751502 0.76282185 -0.7439531 -0.6364011 0.20378268
0.0014666009 -0.64324737 0.46693856 0.92179954 -0.30854768 -0.23469965
0.022440286 -0.69577515 0.74322605 -0.05847381 -0.8235308 -0.5642497
-0.09113986 -0.5853374 0.39698055 -0.61457634 0.5752157 0.5398359
-0.092749424 -0.5844186 0.4288898 -0.5021212 0.8596827 -0.093913816
-0.0048594177 -0.61012024 0.38987416 0.99871993 -0.00965238 0.04965178
0.0019023353 -0.5093814 0.86322105 0.18066096 0.9231956 0.33922186
-0.10353182 -0.67381763 0.72578496 -0.796558 -0.58840877 0.13881792
-0.11628903 -0.6740184 0.6063445 -0.8207423 -0.5710876 0.015525463
-0.07304454 -0.7105544 0.60137624 -0.28159016 -0.95941025 -0.015454515
-0.024954548 -0.70485437 0.5884448 0.36705163 -0.9296894 -0.030833233
-0.11375291 -0.5955147 0.7121584 -0.9410175 0.3023807 0.15182865
-0.06209928 -0.5307534 0.7106353 -0.42346644 0.8293164 -0.364569
-0.06335886 -0.54336655 0.67764974 -0.3295435 0.93095964 -0.15721087
0.028945098 -0.5413341 0.6825881 0.61529577 0.7716946 -0.16093004
0.028542692 -0.53524435 0.7135544 0.6747702 0.6689359 -0.31178507
-0.01807319 -0.54024225 0.6666465 0.0040859375 0.98653036 -0.16352728
-0.019719992 -0.52915233 0.696939 0.022672076 0.91364497 -0.40588036
-0.057872247 -0.704955 0.7245947 -0.09019382 -0.9836666 0.15577248
-0.04974664 -0.69701713 0.7547064 -0.033246707 -0.9685224 0.24669613
0.007313435 -0.6804232 0.57580924 0.77873933 -0.6246974 -0.057604834
0.024983017 -0.6353915 0.56879354 0.9638153 -0.25529608 -0.0767082
0.030294139 -0.59490013 0.5658062 0.97537524 0.12892134 -0.17894821
0.012100322 -0.5562376 0.56250423 0.61865675 0.74450326 -0.2509554
-0.027261063 -0.5463217 0.55867106 0.093425766 0.97774506 -0.187846
-0.07388453 -0.54921234 0.570704 -0.30758765 0.94443655 -0.11588571
-0.09314708 -0.5507356 0.7266936 -0.8106515 0.5681211 -0.14171326
-0.097303234 -0.562026 0.69581574 -0.74387085 0.6677398 -0.027923075
-0.10993324 -0.631741 0.75956213 -0.9820765 -0.11772216 0.14719748
-0.11869603 -0.63328445 0.7226408 -0.97832453 -0.09353703 0.18474805
-0.11021238 -0.5679369 0.5851193 -0.6635885 0.7456528 -0.060433637
-0.13055983 -0.59601593 0.5947878 -0.9397666 0.34181234 0.0017546411
-0.13285546 -0.62687546 0.59966826 -0.99247 -0.121061504 0.01863686
0.00916274 -0.499023 0.8295168 0.24131773 0.95189965 0.1888197
0.01809919 -0.49671558 0.7842679 0.3875233 0.9203676 -0.052431833
0.023542803 -0.50770366 0.74429184 0.47722843 0.7964094 -0.37146315
-0.03196143 -0.49833098 0.82734203 -0.18058603 0.9665934 0.18189535
-0.029994713 -0.49280718 0.7756533 -0.12829702 0.98613447 -0.10525498
-0.024799589 -0.50517976 0.7357756 -0.039379004 0.90016085 -0.43377364
-0.064702906 -0.51279306 0.82552224 -0.6066799 0.7712926 0.19247662
-0.06115562 -0.50434136 0.7828902 -0.54162145 0.8399895 -0.03261631
-0.057238273 -0.5126372 0.7404952 -0.45428315 0.8281495 -0.32832175
-0.08999343 -0.5425837 0.8186271 -0.8438113 0.5088208 0.17053978
-0.091187485 -0.5365535 0.78509116 -0.8406 0.541148 0.023461154
-0.09051222 -0.5396843 0.7475606 -0.7985356 0.5801418 -0.16055004
-0.103349775 -0.6394305 0.81660074 -0.8998587 -0.40889126 0.1518625
-0.10587336 -0.6339228 0.7838635 -0.9649339 -0.25088796 0.077187344
-0.07949964 -0.6734727 0.804315 -0.55169624 -0.8099108 0.19918758
-0.03975801 -0.6877148 0.78852665 -0.17326675 -0.98376876 0.046666604
0.018931834 -0.70194966 0.76219124 -0.28125948 -0.8974732 -0.3397572
-0.009244287 -0.6872671 0.7614506 -0.15795279 -0.9843742 -0.077834904
-0.0894209 -0.6750789 0.7820779 -0.62809706 -0.7367272 0.2504537
-0.04577512 -0.69192076 0.7696546 -0.06641874 -0.9592278 0.27471915
-0.016072998 -0.6994016 0.64998186 0.4778358 -0.8769713 0.050935138
-0.06663736 -0.7100001 0.66363776 -0.20230858 -0.97610945 0.079257034
-0.11095167 -0.67417717 0.6666183 -0.8060639 -0.58450204 0.0928356
0.014376347 -0.6687635 0.6398365 0.8490824 -0.5274424 0.029386884
0.028796233 -0.6269494 0.63492006 0.9447819 -0.3247893 -0.043576878
0.04237835 -0.5861883 0.6343176 0.98918504 0.05475703 -0.13606843
0.02233192 -0.5472123 0.6213523 0.5961987 0.78640586 -0.16159478
-0.022994349 -0.53927016 0.6165056 0.036865372 0.9974737 -0.06072196
-0.070996895 -0.5455087 0.6244467 -0.3134293 0.94955564 -0.010303831
-0.10661469 -0.56608534 0.6418912 -0.6800146 0.73154134 0.04926753
-0.12561427 -0.59643126 0.6544833 -0.93732864 0.3263153 0.12220176
-0.12819289 -0.63118374 0.6618679 -0.98497367 -0.12266995 0.12156879
-0.11567097 -0.67150486 0.54000926 -0.8284514 -0.55130106 -0.09866848
-0.075832464 -0.70354354 0.5386498 -0.3043996 -0.9490308 -0.08174058
-0.0304279 -0.69965976 0.52706283 0.3286345 -0.93386346 -0.14106177
0.018821923 -0.64025253 0.5174182 0.94350946 -0.27365798 -0.18681863
0.02190706 -0.6036282 0.51716024 0.94901514 0.18511982 -0.25514883
0.0009973032 -0.67691845 0.5207087 0.7502932 -0.63626647 -0.17951375
-0.034129627 -0.5560958 0.5172972 0.10862132 0.9478744 -0.2995589
-0.07397194 -0.5570757 0.52459913 -0.2954053 0.93119824 -0.2135544
0.0026910552 -0.5676427 0.5163546 0.6041449 0.7216337 -0.33801448
-0.10562109 -0.57470435 0.53418267 -0.6390606 0.7501744 -0.16982281
-0.12541337 -0.59640676 0.5382674 -0.8982592 0.40932536 -0.15994728
-0.13064913 -0.62665147 0.54055107 -0.98792356 -0.086395 -0.1286191
-0.07637831 -0.41214585 0.328514 -0.61667246 0.5429201 0.57004625
-0.091904484 -0.42637473 0.30680653 -0.95904183 0.2619676 0.10775726
-0.08614969 -0.563312 0.91363984 -0.80836236 0.5880602 -0.027117778
-0.08375455 -0.5624401 0.88201994 -0.86497754 0.49066862 0.10515762
-0.041821428 -0.3048898 0.26658586 0.30162 0.20440377 0.93125963
-0.109909795 -0.58307606 0.8125306 -0.967614 0.23267683 0.09790129
-0.0034789625 -0.5296071 0.40340835 0.66696256 0.06870057 0.7419172
-0.041490573 -0.52036804 0.41631413 0.0929841 0.12623739 0.9876325
-0.079921804 -0.519415 0.40820947 -0.41606224 0.13946775 0.89857715
-0.080099724 -0.32917082 0.19991897 -0.84997505 -0.4204525 -0.31743062
-0.043319725 -0.33278877 0.1884648 0.49403718 -0.60736847 -0.62211794
-0.063952334 -0.33610338 0.18367152 -0.24115819 -0.74883914 -0.61731887
-0.08794852 -0.5550866 0.85022014 -0.85838944 0.4549728 0.23699637
-0.042956844 -0.40627706 0.3388248 0.2535201 0.64563715 0.7203334
-0.026750792 -0.4518954 0.2714765 0.78057706 -0.21021748 -0.5886493
-0.11457334 -0.55987996 0.34343842 -0.9911011 -0.029045 -0.12990382
-0.11177512 -0.5435468 0.37050566 -0.966079 0.047606915 0.2538209
-0.017161923 -0.42568877 0.31811333 0.8818441 0.40778288 0.23677866
-0.01423274 -0.44076514 0.29107437 0.9592559 0.051100634 -0.27787933
-0.09092402 -0.44016147 0.28722444 -0.9710838 0.049443714 -0.23356263
-0.045947287 -0.4570699 0.25390595 0.40534672 -0.3706385 -0.83565617
-0.08507337 -0.3185349 0.21647371 -0.98716134 -0.1595194 0.008124637
0.0069926013 -0.5447252 0.37891248 0.9762078 -0.052914 0.21028177
-0.01368046 -0.5768485 0.33030814 0.7363957 -0.3125475 -0.6000295
0.0029916556 -0.56041116 0.34982294 0.93882513 -0.18245734 -0.29209006
-0.07939619 -0.6286714 0.3285265 -0.27162024 -0.5151126 -0.8129461
-0.06685464 -0.45716417 0.25169387 -0.31445503 -0.36124557 -0.87784946
-0.028113782 -0.32991847 0.20282416 0.74681234 -0.4085391 -0.5247543
-0.021032168 -0.3103379 0.24631293 0.8555038 -0.06438793 0.51377773
-0.015685992 -0.3237537 0.2240263 0.97554743 -0.21120283 -0.06083208
-0.08228011 -0.30909905 0.24435195 -0.91519576 0.066633776 0.39746276
-0.10210168 -0.529096 0.39286336 -0.7751466 0.088531025 0.62554777
-0.08305442 -0.45104465 0.265231 -0.82965326 -0.1512654 -0.5373958
-0.06843542 -0.30398136 0.25893867 -0.5509974 0.19870315 0.8105053
-0.043247364 -0.5179312 0.28076005 0.37812835 -0.35381085 -0.8554746
-0.072982125 -0.4668588 0.38784334 -0.3621736 0.50653017 0.78246886
-0.03884877 -0.46225372 0.38907227 0.18260267 0.54569924 0.81784385
-0.002190664 -0.4629597 0.34883407 0.8943202 0.40968186 0.17986701
-0.0942647 -0.5091896 0.29191968 -0.7477741 -0.15243663 -0.64621735
-0.10638002 -0.49917793 0.31272313 -0.95713866 0.050545793 -0.28518528
-0.07090381 -0.5157935 0.27686754 -0.26065245 -0.3575186 -0.8967947
0.0014499435 -0.48971787 0.32122868 0.9542205 0.0065733376 -0.2990321
-0.01814691 -0.5135727 0.3001471 0.7242415 -0.23385814 -0.648679
-0.0051767067 -0.4769791 0.37842745 0.74949306 0.4085563 0.52090484
-0.10595451 -0.47632298 0.3419419 -0.9563388 0.2594134 0.13461277
-0.08529752 -0.4529054 0.368085 -0.6173987 0.55771464 0.55477315
-0.0846669 -0.36388895 0.2704157 -0.95408666 0.21873412 0.20463142
-0.06977771 -0.3549187 0.28945613 -0.55567557 0.51756775 0.6506521
-0.10769241 -0.5767264 0.78616714 -0.96923184 0.24359126 -0.035399243
-0.0303223 -0.3925107 0.23727794 0.7788402 -0.28695717 -0.55773073
-0.020668996 -0.37956187 0.25767958 0.99851406 0.024493398 -0.048679985
-0.06364262 -0.39631045 0.22509126 -0.27005926 -0.41749647 -0.86762005
-0.04493689 -0.3956942 0.22768529 0.36348987 -0.41112792 -0.8359718
-0.08356422 -0.37833074 0.24782306 -0.97596216 -0.058136504 -0.21004288
-0.029416626 -0.36524794 0.27628067 0.8790668 0.3071699 0.36453807
-0.044912443 -0.3516407 0.29457417 0.35516068 0.5745776 0.7373746
-0.10386292 -0.59896815 0.9863277 -0.96793455 0.18031293 -0.1749
-0.07579076 -0.3884858 0.2321702 -0.7941832 -0.25437027 -0.5518775
-0.1029104 -0.5910124 0.8455166 -0.96199375 0.17425075 0.21024889
-0.039809 -0.4363514 0.36648664 0.23301803 0.7121766 0.66219866
-0.09971182 -0.5961834 0.8775609 -0.96884876 0.24376798 0.043694183
-0.10061457 -0.5969853 0.9095904 -0.9735416 0.22848147 -0.003603262
-0.10284768 -0.62586856 0.90170926 -0.9949639 -0.08831792 0.047399323
-0.102982916 -0.6244946 0.87305164 -0.9987751 -0.041395552 -0.02710612
-0.10932484 -0.6064382 0.78385955 -0.99917716 -0.0026234784 -0.040473625
-0.10280042 -0.56737596 0.7637418 -0.9518446 0.2902141 -0.09883232
-0.11133805 -0.61174077 0.8155494 -0.9887998 -0.09855565 0.11207912
-0.101970665 -0.618283 0.84414595 -0.9824615 -0.13408302 0.1295806
-0.21982756 -0.76779586 0.9513223 -0.29533166 0.53602606 -0.79085726
-0.23050402 -0.7795256 0.954738 -0.87570405 0.11444874 -0.46908846
-0.20451878 -0.76675725 0.9541166 0.24409008 0.5992301 -0.7624588
-0.17952913 -0.7835963 0.9827344 0.9629424 0.11613556 0.24342239
-0.18475676 -0.7951696 0.99584204 0.63265437 -0.33478162 0.6983335
-0.20812877 -0.8068214 0.9919584 -0.2099199 -0.7076314 0.67467874
-0.23001266 -0.7975341 0.9673189 -0.92217875 -0.38673013 0.005118426
-0.22124173 -0.8050637 0.98165226 -0.67284065 -0.6436379 0.3647131
-0.18932569 -0.7709267 0.95839274 0.59862167 0.5159456 -0.6127415
-0.1791864 -0.7775479 0.9705013 0.92631745 0.33262882 -0.176901
-0.18689346 -0.921797 0.91140634 -0.78617644 -0.5870095 -0.19325258
-0.17189968 -0.9242698 0.9227897 0.20138179 -0.7414 0.64013386
-0.19525312 -0.90554607 0.9265815 -0.8580861 -0.35376993 0.37220314
-0.18256855 -0.9079265 0.93745935 -0.3595823 -0.45578673 0.81422293
-0.18106785 -0.92660475 0.9194436 -0.41697976 -0.81898654 0.39419413
-0.19131969 -0.9048988 0.9346665 -0.66450226 -0.29127917 0.688181
-0.19390772 -0.91232747 0.9213605 -0.8208753 -0.53215444 0.20730509
-0.17990874 -0.91545826 0.9337452 -0.16256401 -0.6768394 0.7179564
-0.1886137 -0.9153988 0.93084764 -0.5664075 -0.6075783 0.5568044
-0.16221127 -0.9043118 0.9151876 0.75784624 0.38933852 -0.52353084
-0.16662546 -0.94317853 0.9015426 -0.4240464 -0.816226 0.39237717
-0.15992244 -0.94675153 0.89343756 -0.096135005 -0.9953609 -0.00384418
-0.1557084 -0.94366115 0.90174514 0.37272763 -0.733591 0.56825894
-0.13190109 -0.9370805 0.8522948 0.10422814 -0.7752427 -0.623005
-0.12277784 -0.9376313 0.8599416 0.56606764 -0.7954122 -0.21653378
-0.12714355 -0.93900895 0.8564706 0.35175192 -0.8184404 -0.4543411
-0.12431465 -0.9304252 0.8453839 0.07529131 -0.69339633 -0.71661204
-0.116529174 -0.9314051 0.8524775 0.6672739 -0.7155264 -0.20680322
-0.118724994 -0.93006974 0.8463022 0.40451404 -0.7113539 -0.57475567
-0.12809008 -0.9212832 0.84437525 -0.28920698 0.43988782 -0.8502105
-0.11456513 -0.92336965 0.85445124 0.9238439 0.3672279 0.10796331
-0.117399655 -0.92084014 0.8459027 0.5841534 0.556129 -0.5911729
-0.11878519 -0.92018455 0.8590633 0.59654737 0.7147797 0.36499485
-0.12836877 -0.9177564 0.84928095 -0.2840147 0.8770369 -0.38748154
-0.13924664 -0.92922205 0.8517618 -0.77120537 0.13009025 -0.62315226
-0.12292427 -0.9169527 0.8511667 0.22259967 0.96343654 -0.149129
-0.15268685 -0.94436294 0.897617 0.48514387 -0.7755866 0.4038575
-0.15872516 -0.9412604 0.9055182 0.23916914 -0.6365954 0.73317415
-0.16913146 -0.9418087 0.89204925 -0.7228796 -0.6341493 -0.27440777
-0.17536968 -0.9078535 0.9000392 0.41268772 0.23516104 -0.87999326
-0.16084969 -0.91316754 0.91387653 0.98483765 0.14018776 -0.102187485
-0.16602808 -0.9084162 0.9065072 0.67210716 0.5441953 -0.502119
-0.17327824 -0.90090716 0.9046101 0.66462 0.50590044 -0.5498591
-0.16769464 -0.9024983 0.90893674 0.65262663 0.5472963 -0.5239707
-0.18372722 -0.88941944 0.9089345 0.67513376 0.47362968 -0.5655699
-0.16051391 -0.8965314 0.92323095 0.6306521 0.41220784 -0.65754277
-0.17083696 -0.89446247 0.91656435 0.596192 0.47459212 -0.64754725
-0.1737057 -0.91407233 0.9364299 -0.4761804 -0.7355158 0.48194277
-0.16874233 -0.91892105 0.9279043 -0.055289228 -0.96183395 0.26798967
-0.16310376 -0.9202935 0.91865003 0.7844029 -0.38266698 0.4881374
-0.1794439 -0.8995117 0.94426745 -0.61472726 -0.39694646 0.68157464
-0.1637846 -0.91836995 0.9232516 0.3010692 -0.94246703 -0.1453041
-0.16004549 -0.9130885 0.9191859 0.7923753 -0.38378707 -0.47418228
-0.12154052 -0.9324942 0.86717945 0.80763984 -0.13223892 0.5746571
-0.17200182 -0.93917 0.89594924 -0.812245 -0.5695412 -0.126019
-0.15932867 -0.90607727 0.91882896 0.7690908 0.20498605 -0.60537595
-0.14464355 -0.9179004 0.9419661 0.7746343 -0.08173453 0.6271053
-0.18082927 -0.9096884 0.8977876 0.5520924 -0.6011211 -0.57779515
-0.17754343 -0.90120345 0.89794296 0.7758889 0.17970625 -0.60473305
-0.1864941 -0.9144555 0.90412116 -0.318641 -0.85313255 -0.41307715
-0.13680613 -0.9211416 0.8589675 -0.6709693 0.7407009 0.03409265
-0.13165449 -0.9203189 0.86381614 -0.20308712 0.84677184 0.49166366
-0.12500042 -0.92444116 0.86815244 0.35328263 0.5228163 0.77579284
-0.16593799 -0.94283885 0.88826317 -0.6035688 -0.67907244 -0.41781014
-0.1809334 -0.9133213 0.8999253 -0.427402 -0.21698475 -0.87763613
-0.19644624 -0.9101148 0.9151743 -0.6856306 -0.69106597 0.22877572
-0.20041813 -0.8952934 0.92460674 -0.69250053 -0.39914072 0.6009406
-0.16951546 -0.9144137 0.8959273 0.039050378 0.5713951 -0.8197455
-0.17862017 -0.9232518 0.89742666 -0.7400444 -0.044096846 -0.67111087
-0.17774785 -0.93157315 0.90313065 -0.7974781 -0.59058577 -0.12343942
-0.15649511 -0.9218072 0.90613204 0.9206386 0.348354 0.17627825
-0.16469888 -0.9334474 0.91260415 0.18839107 -0.6197049 0.7618888
-0.15741174 -0.9283862 0.9103523 0.74370307 -0.11849867 0.65792376
-0.1601404 -0.9165826 0.8990434 0.6601882 0.6428654 -0.38842708
-0.17236474 -0.9348429 0.90879446 -0.42552373 -0.7972983 0.4280713
-0.15537131 -0.94310904 0.87585676 -0.5413972 -0.71912503 -0.435601
-0.15810657 -0.9343137 0.8735391 -0.75617385 0.13532808 -0.6402245
-0.14058736 -0.9298509 0.8866986 0.654883 0.56865317 0.49775678
-0.14340238 -0.943616 0.88485616 0.44460863 -0.8069408 0.38880557
-0.13950509 -0.9372381 0.8874865 0.7445051 -0.22248375 0.62945455
-0.14652972 -0.9245386 0.8819244 0.24559033 0.9610234 0.12696287
-0.15210684 -0.92496026 0.87733084 -0.31715414 0.8905954 -0.32596475
-0.1490738 -0.9457122 0.88091874 -0.0061960025 -0.9999694 -0.0047849533
-0.19173071 -0.89714056 0.9366042 -0.6716562 -0.30382884 0.6756966
-0.031890348 -0.23176898 0.25392738 0.2948193 0.47253752 0.8305359
-0.0049389093 -0.2389812 0.23492646 0.8656273 0.24372232 0.4373658
-0.061254736 -0.22458307 0.24680443 -0.35301906 0.6089977 0.7102812
-0.035745874 -0.26100555 0.26279202 0.26933488 0.10495706 0.9573101
-0.03945956 -0.28456798 0.26358426 0.26254794 0.032706626 0.96436447
-0.06721924 -0.28220776 0.2584376 -0.48983458 0.050983984 0.87032336
-0.066888146 -0.25036225 0.25781745 -0.45151597 0.23466982 0.8608504
-0.010672892 -0.2679679 0.2432378 0.8171576 -0.058941312 0.5733928
-0.015037423 -0.2901413 0.24237931 0.8326937 -0.17912874 0.52395993
-0.12103323 -0.28521273 0.04311754 -0.63424116 -0.7678353 0.09037124
-0.0632507 -0.30790257 0.02431103 0.1059539 -0.99099433 -0.08187855
-0.09459988 -0.30294824 0.020874605 -0.36945823 -0.9202963 -0.12866752
-0.097624645 -0.29597887 0.12524693 -0.7635977 -0.6455552 0.0133014005
-0.077030554 -0.30892235 0.11134655 -0.28825837 -0.94674927 -0.14343305
-0.051200982 -0.3075153 0.110828824 0.38377848 -0.91419464 -0.13023913
-0.09042822 -0.30476657 0.16048087 -0.820784 -0.5711939 0.007159909
-0.07006036 -0.3205185 0.15091132 -0.24736619 -0.9347468 -0.2550654
-0.0484372 -0.31452864 0.14716509 0.48447222 -0.8349433 -0.2610675
-0.09035241 -0.3029522 0.047700714 -0.33337373 -0.93907577 0.083657704
-0.056015454 -0.30698937 0.042545855 0.17937134 -0.9836707 0.014754852
-0.121817 -0.28058812 0.06351546 -0.65325725 -0.7380964 0.16872643
-0.110188596 -0.28365391 0.0940897 -0.69953954 -0.7019227 0.13397363
-0.0830314 -0.30262658 0.07820477 -0.32787728 -0.94471705 0.0024838515
-0.050182037 -0.30441412 0.07501076 0.26915252 -0.9630847 -0.0049821204
-0.012338192 -0.2592817 0.17952393 0.8967332 0.08423159 -0.4344819
-0.0012818312 -0.24842218 0.2087088 0.98049766 0.13083433 -0.14665188
-0.015315282 -0.28713998 0.18621728 0.905289 -0.28358588 -0.31627667
-0.022279957 -0.30892357 0.19404164 0.82698476 -0.42470038 -0.36840987
-0.011302727 -0.29980582 0.21930349 0.9602044 -0.27925855 -0.0046943207
-0.003320802 -0.27808416 0.21502814 0.97912747 -0.20316531 -0.005771275
-0.028494062 -0.27350715 0.13655579 0.976569 0.089847945 -0.19555108
-0.03404306 -0.29745713 0.1401114 0.8422632 -0.5058981 -0.18617149
-0.02608641 -0.28080913 0.067474745 0.99071276 0.031966746 -0.13216037
-0.03690851 -0.29726174 0.07229953 0.70241535 -0.71160847 0.015036315
-0.12624052 -0.28124863 0.02729455 -0.8445941 -0.38449463 -0.37259156
-0.063158885 -0.30532855 0.0090413345 0.24605419 -0.7382633 -0.6280322
-0.09649806 -0.29660165 0.0044781473 -0.37537065 -0.4930375 -0.78486353
-0.12509951 -0.27025074 0.025885599 -0.6983708 0.39852068 -0.59452456
-0.0594306 -0.29148826 0.0050707827 0.43661615 0.12720577 -0.8906094
-0.092826046 -0.2838557 0.0034696893 -0.13566197 0.34989727 -0.92691296
-0.037108038 -0.29234067 0.031318173 0.89327157 -0.15363044 -0.42244956
-0.04595241 -0.30243105 0.03831228 0.57328916 -0.8123098 -0.107201725
-0.037449595 -0.2948249 0.10940597 0.8245328 -0.5638079 -0.04760513
-0.029369062 -0.27452895 0.10484222 0.99696547 0.077732444 -0.0041821375
-0.08688322 -0.31159216 0.184436 -0.879084 -0.4693211 -0.08336056
-0.06652555 -0.3268711 0.16794331 -0.21831575 -0.91104275 -0.34977046
-0.042125393 -0.31851757 0.17094347 0.58892775 -0.70435584 -0.39629143
-0.02430526 -0.29241732 0.16683006 0.8706821 -0.37871364 -0.313829
-0.02239467 -0.26636782 0.15904029 0.91130936 0.13214359 -0.38994032
-0.1092466 -0.27008924 0.13008434 -0.94479215 -0.16157717 0.2850627
-0.10137198 -0.27883112 0.15921515 -0.9708786 -0.13149069 0.20026202
-0.12286209 -0.26592067 0.09756383 -0.92026395 -0.24152976 0.30785966
-0.08951214 -0.29744136 0.2141762 -0.977338 -0.15893647 0.13982005
-0.08367592 -0.28697634 0.24041384 -0.88165915 -0.007295994 0.4718305
-0.0876155 -0.23555261 0.1992898 -0.83457285 0.5475027 -0.06106519
-0.078498386 -0.22591606 0.22794911 -0.7457009 0.5980623 0.29368648
-0.086509414 -0.25377712 0.23664595 -0.87172145 0.1834378 0.45437014
-0.09446727 -0.26253805 0.20887966 -0.98280704 0.10365586 0.15279335
-0.09757377 -0.24925533 0.1524085 -0.75578433 0.6027155 0.25597647
-0.089322716 -0.24601975 0.17444207 -0.81879777 0.57370883 -0.020696828
-0.10824335 -0.24723078 0.12631115 -0.71676546 0.62622154 0.30674723
-0.1315578 -0.26939172 0.06509505 -0.95166206 -0.27780187 0.1310169
-0.1308714 -0.25776476 0.059849445 -0.8134578 0.5644631 -0.1402419
-0.097617574 -0.2732307 0.1835862 -0.99588424 0.015120998 0.08936379
-0.12142374 -0.24882184 0.09629781 -0.76257235 0.62453634 0.16863498
-0.063188165 -0.36405754 0.20737998 -0.2640069 -0.522657 -0.8106355
-0.046787333 -0.36371917 0.20976526 0.33794907 -0.48915783 -0.8040616
-0.028242093 -0.33783773 0.25800505 0.8739999 0.14780073 0.462903
-0.04450432 -0.3284009 0.27737036 0.3375431 0.45753026 0.8226365
-0.08310646 -0.3369689 0.25523683 -0.9403249 0.172421 0.29335985
-0.06857442 -0.32999635 0.27131823 -0.5436387 0.4315825 0.7198566
-0.030914223 -0.36153433 0.21939923 0.7207159 -0.35347605 -0.5963416
-0.01953365 -0.35200024 0.23921224 0.9961769 -0.08465879 -0.02155233
-0.0840724 -0.3492816 0.23048533 -0.9835702 -0.113929905 -0.14003432
-0.07608528 -0.359252 0.215942 -0.780024 -0.34302765 -0.5233494
-0.116954975 -0.26381457 0.029485144 -0.09458641 0.87299585 -0.47846788
-0.058173746 -0.2844426 0.012677379 0.40858328 0.74927604 -0.5211958
-0.08975291 -0.27637255 0.011833219 0.12905705 0.85537535 -0.50167435
-0.0927468 -0.24150142 0.1237319 -0.021595936 0.99958336 -0.01915068
-0.036719225 -0.26120225 0.10629731 0.601966 0.79118514 -0.107995406
-0.062731296 -0.25106633 0.11529627 0.2839228 0.9373446 -0.2019228
-0.07621053 -0.2372118 0.17000929 -0.28219953 0.9190244 -0.27524084
-0.029467681 -0.2536356 0.15791938 0.6076001 0.6375435 -0.47366685
-0.051894765 -0.24158205 0.1609113 0.21991065 0.8874452 -0.40506828
-0.066906296 -0.21610816 0.2197148 -0.28469914 0.95754415 -0.0453381
-0.006776821 -0.23529178 0.20835476 0.7355209 0.61967033 -0.27389342
-0.03144984 -0.21944536 0.21248949 0.27264515 0.933058 -0.23466462
-0.058782004 -0.21791007 0.23901303 -0.17969497 0.90894175 0.37621096
-0.03157819 -0.21942678 0.24003841 0.27776656 0.88969696 0.36233267
-0.007958065 -0.23107678 0.23034002 0.7192568 0.66903025 0.1872651
-0.07237461 -0.22561836 0.19246043 -0.28976405 0.8981891 -0.33059502
-0.041452095 -0.2301943 0.1862779 0.20927288 0.87076116 -0.44494936
-0.017782489 -0.24433967 0.18059795 0.6257705 0.599175 -0.4994002
-0.08261515 -0.24233355 0.14730455 -0.119631864 0.9909603 -0.06071105
-0.058363963 -0.24810901 0.14058338 0.29653442 0.9164989 -0.26850885
-0.03492776 -0.26110965 0.13740698 0.67405915 0.69538015 -0.24918021
-0.108331 -0.2439096 0.09271647 -0.04792169 0.987917 -0.14738858
-0.116038725 -0.25210828 0.061973464 -0.023950774 0.9575525 -0.2872622
-0.080767915 -0.27126437 0.048056502 0.22642377 0.9254474 -0.3037752
-0.07210097 -0.25903702 0.08333878 0.22722676 0.9265636 -0.2997463
-0.0426231 -0.2777735 0.03848375 0.47664705 0.77646756 -0.4121961
-0.035056245 -0.26736608 0.07182808 0.52328354 0.8226601 -0.22227174
0.01295402 -0.7028909 1.4701817 -0.07878555 -0.22661076 0.97079366
0.011855648 -0.70672244 1.465239 -0.33411354 -0.930162 -0.15220597
-0.0059157833 -0.6942208 1.4698772 0.05540973 -0.84838825 -0.5264667
-0.0051385895 -0.69520986 1.4712985 0.019377725 -0.67180645 -0.74047315
-0.005117822 -0.6935212 1.4685925 -0.028733041 -0.9936842 -0.1084716
-0.0028820476 -0.6934233 1.4701393 -0.0060705263 -0.30676782 -0.951765
-6.196187e-05 -0.6953561 1.4701782 -0.17307304 -0.2231058 -0.9593068
0.0040929965 -0.6973327 1.4697002 -0.19319153 -0.24057545 0.95120996
0.008165268 -0.7003041 1.4701061 -0.19121835 -0.18582776 0.9637965
0.0025315576 -0.69970286 1.4662589 -0.7033766 -0.70466226 0.09334074
0.0064790333 -0.70393765 1.4656839 -0.6026092 -0.78824925 -0.124599725
0.004022148 -0.7026513 1.4735091 -0.4352521 -0.69287646 -0.574872
0.0078033735 -0.70596564 1.4746027 -0.45085222 -0.71517545 -0.53409386
0.011996798 -0.7083534 1.4750069 -0.285571 -0.88764447 -0.36129814
-0.0029686668 -0.69670206 1.4720104 -0.2813079 -0.54888535 -0.78714085
-9.1247035e-05 -0.69930345 1.4725583 -0.42268407 -0.69166696 -0.58560646
-0.0034200049 -0.69418037 1.4678766 -0.40765765 -0.8935909 0.1879105
-0.0008668707 -0.6958713 1.4672045 -0.59688675 -0.7642917 0.24409914
0.012310317 -0.7057464 1.4688568 -0.23398401 -0.7284335 0.6439225
-0.0031465928 -0.6939416 1.4690629 -0.3794467 -0.84957665 0.36638746
-0.0004208879 -0.6952304 1.4689735 -0.5200052 -0.7683011 0.37323987
0.0033622165 -0.6990413 1.468502 -0.5237961 -0.5651524 0.6373699
0.00723716 -0.70354813 1.4687881 -0.4748778 -0.62199473 0.62258625
0.004251631 -0.7004677 1.4714925 -0.2532171 -0.5148662 -0.81902003
0.007988392 -0.70328367 1.4722141 -0.2895198 -0.51896644 -0.8042711
0.012202374 -0.70689267 1.4726392 -0.29798347 -0.6297652 -0.7173574
-0.0028804685 -0.694723 1.4710867 -0.18931532 -0.4905274 -0.85061306
0.00024172715 -0.69766897 1.471009 -0.29930782 -0.47157383 -0.8294775
-0.0047583883 -0.6937729 1.4699463 0.31090084 -0.83622926 -0.45173135
-0.0042454614 -0.69424325 1.4707782 0.15546721 -0.6542124 -0.74015945
-0.004285818 -0.6933528 1.469277 -0.014731767 -0.9984441 -0.053779777
0.005244852 -0.68270934 1.5352887 -0.6535008 -0.4955662 -0.57214576
0.005669304 -0.68264914 1.5342633 -0.70014423 -0.68054146 0.21601233
0.004340216 -0.6823781 1.5338808 -0.07764771 -0.5141798 0.85416025
-0.002462129 -0.683744 1.5406905 -0.3431443 -0.09536139 -0.9344293
0.002513084 -0.6825651 1.5371526 -0.5743922 -0.3142457 -0.7558593
-0.016697299 -0.6758092 1.5385329 0.17181912 -0.3288963 -0.928604
-0.012872551 -0.6798014 1.5405619 0.16856354 -0.18718237 -0.96775466
-0.00830404 -0.68304294 1.5413048 -0.029009778 -0.11754102 -0.9926442
-0.016850196 -0.6723341 1.5360312 0.038063344 -0.53409576 0.84456676
-0.01697423 -0.6719095 1.5365391 -0.15802127 -0.98484695 -0.071454786
-0.017162383 -0.6723837 1.5371165 0.04854499 -0.6055035 -0.79436064
-0.008736165 -0.68135536 1.5332073 -0.047218278 -0.1525892 0.98716104
-0.015978536 -0.6759462 1.5348446 0.2001552 -0.21803519 0.95519555
-0.013280891 -0.67882615 1.5338445 0.12712865 -0.1447944 0.98126084
-0.0027892045 -0.68276805 1.5339944 -0.08595528 -0.03888916 0.9955397
0.00081739156 -0.6824386 1.5342624 -0.10042513 -0.039542142 0.99415857
0.0035926118 -0.6806353 1.5348715 -0.671726 -0.7037212 0.23143183
-0.013579028 -0.68072456 1.540638 -0.05369481 -0.40681547 -0.91193104
0.0029118934 -0.6834331 1.5372272 -0.48982176 -0.42535955 -0.76101506
-0.0013997303 -0.6792914 1.5402929 -0.5141735 -0.21115132 -0.83128864
-0.010822636 -0.6758375 1.5402498 0.12349398 -0.44024187 -0.88934606
-0.006225986 -0.6779639 1.5412501 -0.09190138 -0.26428643 -0.96005565
-0.014855426 -0.6720464 1.5365188 -0.1635376 -0.9856651 0.041470136
-0.017425269 -0.676293 1.5385804 -0.15615776 -0.48225144 -0.86200243
-0.008810468 -0.68388855 1.5415058 -0.17455524 -0.53406554 -0.8272269
-0.0075733946 -0.67864776 1.5330755 0.010301996 -0.0665245 0.99773157
-0.01149747 -0.67631775 1.5334216 0.13106142 -0.18651761 0.9736704
-0.0020253113 -0.6795266 1.5327564 -0.11035109 0.018768195 0.99371547
-0.0140697975 -0.6744864 1.5345786 0.15745124 -0.41201407 0.89747065
0.0012521253 -0.6805337 1.5339007 -0.38364944 -0.02750009 0.9230693
-0.014029948 -0.6740387 1.5384887 0.07988719 -0.5687111 -0.81864864
0.0012820706 -0.68045145 1.5375538 -0.71116304 -0.28740147 -0.6415975
-0.0120032765 -0.67278224 1.5363187 -0.09165402 -0.9920627 0.08608808
-0.018022723 -0.6725801 1.5371288 0.03382153 -0.50105953 -0.86475164
-0.017748322 -0.6717138 1.5363837 -0.31824565 -0.9409019 0.11585946
-0.0052935057 -0.67538863 1.539532 -0.25840762 -0.7436532 -0.61660796
-0.010053416 -0.6738799 1.5383629 -0.10216227 -0.8457322 -0.5237365
-0.00076693634 -0.67683583 1.5381 -0.61052406 -0.6856355 -0.3964396
0.0013352741 -0.6782173 1.535065 -0.74363923 -0.6387109 0.19760858
-0.014048013 -0.6798209 1.5336418 -0.12631984 -0.45489135 0.88154244
-0.017580988 -0.6727757 1.5360391 -0.07226375 -0.31337422 0.9468762
-0.0064270794 -0.67635345 1.5337648 -0.098701105 -0.4687243 0.8778129
-0.010234024 -0.6740297 1.5343653 -0.07087624 -0.6787097 0.73097855
-0.0010446839 -0.6769463 1.5337274 -0.3962315 -0.6477735 0.65068424
0.0060163233 -0.6838329 1.5352015 -0.67233753 -0.54088295 -0.505379
-0.0023284233 -0.6846839 1.5408115 -0.29557815 -0.495158 -0.81697744
0.0048451023 -0.68326485 1.5333276 -0.10523788 -0.6460289 0.75602365
0.006404256 -0.683736 1.5337915 -0.678894 -0.696096 0.23356676
-0.005060686 -0.6743398 1.535957 -0.29989943 -0.9322373 0.20246927
-0.0025620237 -0.6838597 1.5336404 -0.11521814 -0.6295619 0.7683596
0.0017295046 -0.6835795 1.5339891 0.07651062 -0.5337057 0.84220207
-0.008988841 -0.6824483 1.5328149 -0.18205008 -0.5279038 0.8295633
-0.017000837 -0.6764929 1.5348713 -0.15484962 -0.38993496 0.90772915
-0.041044235 -0.5812277 1.5027047 -0.0442853 0.84775674 -0.5285332
-0.044132903 -0.57620925 1.5177257 -0.034767214 0.9973366 -0.06411697
-0.03731712 -0.6007069 1.4874308 -0.104170345 0.16320468 -0.9810774
-0.038205776 -0.59004235 1.49336 -0.050595723 0.6108703 -0.79011226
-0.03913349 -0.6133373 1.4946834 -0.93181765 -0.24816021 -0.26482514
-0.0387475 -0.6076816 1.4892964 -0.41246632 -0.45229644 -0.79075885
-0.04037335 -0.6038663 1.5109828 -0.8458157 -0.2710436 -0.4594901
-0.040892042 -0.6146022 1.518029 -0.97072905 -0.22098996 -0.09406714
-0.04051264 -0.60867673 1.5139109 -0.91651267 -0.069749005 -0.39387769
-0.041445762 -0.6099256 1.5224578 -0.97924465 0.19271153 -0.062785864
-0.042389765 -0.606502 1.5284585 -0.9438235 -0.04901257 -0.32679486
-0.041887235 -0.6085735 1.5310614 -0.81686497 -0.4494491 0.36156216
-0.041181423 -0.6138499 1.5228466 -0.960283 -0.27669677 0.0359914
-0.041526325 -0.6094765 1.5188267 -0.98759353 0.15698451 0.0038645798
-0.04131873 -0.60712963 1.516433 -0.9860414 0.15224923 0.0673982
-0.04347162 -0.59449804 1.4964215 -0.99565965 -0.08710116 -0.032790083
-0.046410177 -0.5857109 1.5054921 -0.97244316 -0.14116438 -0.18554468
-0.04337693 -0.5914244 1.4929154 -0.66250724 0.37515756 -0.648337
-0.04641164 -0.58192295 1.5019082 -0.6609078 0.5306179 -0.53070295
-0.038532235 -0.6078189 1.5014513 -0.7153861 0.19544901 0.6708371
-0.036695886 -0.61224663 1.5058347 -0.8727143 0.48386058 0.06518187
-0.04014043 -0.61144745 1.4959834 -0.9371531 -0.3489165 -0.0011973721
-0.040642478 -0.6083625 1.4983143 -0.8411901 -0.21888056 0.49445975
-0.042759854 -0.60588443 1.4942768 -0.9485459 -0.292284 0.12178191
-0.04149811 -0.6072607 1.4904765 -0.68567413 -0.5117209 -0.51768005
-0.042392258 -0.6006079 1.4880946 -0.6069027 0.035838448 -0.79396766
-0.043888144 -0.6007416 1.4933933 -0.993704 -0.099369295 -0.051750455
-0.04612298 -0.598256 1.5326698 -0.89288837 -0.26727667 -0.3623721
-0.045592524 -0.59876853 1.5363808 -0.683949 -0.3226403 0.65430653
-0.049899187 -0.5883416 1.5314461 -0.9276075 -0.36086938 -0.09652781
-0.04885481 -0.58657575 1.5357424 -0.6418932 0.15234663 0.75150764
-0.051310994 -0.58274424 1.5278476 -0.9861722 -0.16572098 0.0010045597
-0.0499856 -0.5792235 1.5305719 -0.5323656 0.6657831 0.52279985
-0.05121213 -0.58045465 1.5178387 -0.93187386 -0.3170812 -0.1762686
-0.050777003 -0.5753761 1.5176634 -0.5982379 0.7923737 -0.11939626
-0.04394718 -0.58587766 1.5366325 -0.2563012 0.36120886 0.89656997
-0.044477966 -0.57919544 1.5301998 -0.18295479 0.847154 0.4988563
-0.041396506 -0.5987949 1.5376072 -0.42124784 -0.22641459 0.87822926
-0.039209623 -0.61152095 1.5102574 -0.8506476 0.25820875 -0.4579594
-0.040750116 -0.60234654 1.5137471 -0.98288274 0.061423425 0.1736914
-0.04003323 -0.5977227 1.5067792 -0.8493678 -0.4962176 -0.17984004
-0.041277975 -0.5953191 1.5114282 -0.8546698 -0.51588964 0.05828726
-0.036887806 -0.60458755 1.5008805 -0.6007124 -0.076684535 0.7957788
-0.039791577 -0.6039543 1.4984688 -0.7150474 -0.201027 0.6695485
-0.03658658 -0.608219 1.5105461 -0.5007658 0.108379625 -0.85877085
-0.03455732 -0.6105382 1.5061074 -0.3795642 0.90436566 0.19507363
-0.03525208 -0.61025393 1.5083063 -0.42405093 0.73256683 -0.5324722
-0.03332887 -0.60557824 1.502986 -0.54866225 -0.21350577 0.80832237
-0.031773392 -0.607639 1.5089221 -0.5542832 0.04938525 -0.83086175
-0.032396477 -0.6088838 1.5036988 -0.45963725 0.49622285 0.7365436
-0.031792056 -0.6051831 1.5075513 -0.595783 -0.6327306 -0.49466616
-0.029751124 -0.6092219 1.5065305 -0.8928231 0.44793844 -0.047097094
-0.031181617 -0.6050785 1.5051993 -0.8049043 -0.52945364 0.26797014
-0.04170391 -0.5987574 1.5275756 -0.986126 -0.10672571 0.12714171
-0.041876525 -0.59637237 1.5291328 -0.9222759 -0.23755538 -0.30491748
-0.046972595 -0.5890899 1.5291312 -0.8121305 -0.5045107 -0.2931093
-0.038221292 -0.6053879 1.5227461 -0.9770643 0.0942081 -0.19097133
-0.038935848 -0.60550356 1.5193924 -0.9173188 0.30940348 0.25059077
-0.046595376 -0.58779216 1.5066462 -0.95408547 -0.044403013 -0.29622516
-0.048243202 -0.5850337 1.5252336 -0.918412 -0.37902737 -0.11339142
-0.04772166 -0.5827837 1.5170662 -0.92051965 -0.38392094 -0.072445616
-0.043598536 -0.5950365 1.4997562 -0.9399063 -0.3149959 0.13173397
-0.04287562 -0.6002921 1.4983854 -0.84811074 -0.30671683 0.4320105
-0.046852708 -0.5907751 1.5078081 -0.8420005 -0.45477566 -0.29019684
-0.046323072 -0.5939781 1.5164927 -0.6511091 -0.7011812 -0.29052
-0.050363295 -0.5889282 1.5161563 -0.9827254 -0.12689199 -0.1347191
-0.04542864 -0.5927902 1.5238373 -0.658233 -0.5895367 0.4681622
-0.044613246 -0.5923895 1.510973 -0.6126267 -0.7862718 -0.080405794
-0.04258901 -0.59979737 1.5208869 -0.6517852 -0.6572714 -0.37837863
-0.042238846 -0.59645593 1.5249943 -0.8361846 -0.113007404 0.53667915
-0.043497663 -0.5931148 1.5265481 -0.71959543 -0.6941102 0.01983231
-0.040675335 -0.60311115 1.5276501 -0.8889559 -0.088533476 -0.44935435
-0.042834662 -0.59647804 1.5308005 -0.6779322 -0.23959851 -0.6949824
-0.045639705 -0.5918548 1.5272186 -0.7147786 -0.69106543 0.10733165
-0.04866399 -0.5902736 1.5240822 -0.8840764 -0.37698662 0.27620655
-0.046715178 -0.59363407 1.5214919 -0.8127966 -0.54777443 0.19825438
-0.04384541 -0.59865844 1.5239704 -0.8910906 -0.35219368 0.28621188
-0.036552463 -0.6046528 1.509275 -0.42198408 -0.53702945 -0.7304306
-0.038921725 -0.60155284 1.5162355 -0.95407313 0.05034854 0.29531232
-0.042636108 -0.5948499 1.5029644 -0.7457188 -0.64972144 0.14753124
-0.040248353 -0.5970688 1.503853 -0.7738019 -0.5943123 0.21914265
-0.038024783 -0.60006535 1.5058057 -0.75470924 -0.6092751 -0.24330567
-0.041534323 -0.59488285 1.514756 -0.5968422 -0.7484691 -0.2890903
-0.039202753 -0.5993384 1.5185889 -0.8000877 -0.48738715 -0.34973344
-0.041002687 -0.5955042 1.5131568 -0.89010143 -0.4426485 0.1085439
-0.03803381 -0.6011208 1.5022945 -0.6576369 -0.57269144 0.4894263
-0.034871023 -0.6028031 1.5042949 -0.6232325 -0.7632776 0.17025988
-0.17805351 -0.89648247 0.90235543 0.7208601 0.628182 -0.29282758
-0.22669728 -0.8750051 0.88725364 -0.83214986 0.2966402 -0.4685416
-0.13588184 -0.92594 0.8487931 -0.6785382 0.2179059 -0.7015005
-0.12904617 -0.93385786 0.84879535 0.018190678 -0.7335451 -0.6793972
-0.12744793 -0.917475 0.8579042 -0.03893072 0.9687551 0.24494462
-0.123551466 -0.93561226 0.85232335 0.328524 -0.8314413 -0.44808188
-0.13295063 -0.91876036 0.85416365 -0.53101796 0.8326675 -0.15711391
-0.11713036 -0.9279391 0.8614125 0.8688406 -0.02508223 0.4944563
-0.121651195 -0.9217394 0.8641002 0.4782545 0.6149604 0.626974
-0.119108126 -0.93417627 0.85626376 0.6306883 -0.7675847 -0.11421947
-0.13827157 -0.9410638 0.85554737 -0.22455543 -0.61325824 -0.75729066
-0.14530331 -0.944176 0.8633966 -0.53180325 -0.7229611 -0.44103554
-0.14196429 -0.943744 0.8592622 -0.3860828 -0.6926339 -0.6092605
-0.13247679 -0.94519305 0.87275606 0.44253394 -0.819445 0.36424378
-0.12582824 -0.9417097 0.8656515 0.7263873 -0.68560416 0.048044447
-0.12875228 -0.9442185 0.86886257 0.61554635 -0.7671726 0.18041348
-0.13103484 -0.9433221 0.8605123 0.34179935 -0.8317197 -0.43751064
-0.1379761 -0.9468476 0.86802137 -0.0048331353 -0.9991883 -0.039990053
-0.13439797 -0.9461033 0.86401606 0.18787079 -0.9461499 -0.2636379
-0.14116833 -0.9273007 0.8649424 -0.5376007 0.834255 -0.122491226
-0.13137998 -0.93084884 0.8738513 0.4864387 0.5789854 0.65433425
-0.1370743 -0.9272744 0.8698413 0.01373133 0.9363797 0.35072017
-0.13034385 -0.9381314 0.87670773 0.7406006 -0.15095931 0.6547686
-0.12468581 -0.9353504 0.8707037 0.7696353 -0.12384613 0.6263573
-0.1273481 -0.9372317 0.8736957 0.7482676 -0.09934486 0.6559162
-0.14860374 -0.9349463 0.86243767 -0.7453687 0.16666622 -0.64548266
-0.14334464 -0.93279463 0.8562209 -0.7938333 0.16769901 -0.584556
-0.14589801 -0.9343333 0.85931283 -0.7750369 0.19245532 -0.6018961
-0.16349135 -0.94590604 0.8976793 -0.2702475 -0.9429126 0.19463348
-0.16200821 -0.92528707 0.88951623 -0.1381037 0.77185863 -0.620614
-0.15194342 -0.9293283 0.8986279 0.7689885 0.5444935 0.33493808
-0.15650876 -0.9253078 0.89333576 0.47980547 0.8697487 -0.11542891
-0.15334862 -0.9339178 0.90498793 0.76420486 -0.086727306 0.63911605
-0.14828505 -0.9366373 0.8984706 0.76952565 -0.10292484 0.6302672
-0.15095787 -0.93577164 0.9018569 0.77901065 -0.057064656 0.62440854
-0.1674811 -0.9335453 0.88450074 -0.7292058 0.1533975 -0.6668794
-0.17269711 -0.9305414 0.8902859 -0.7093457 0.044756927 -0.7034383
-0.17022976 -0.9326037 0.88757116 -0.715217 0.11392984 -0.6895539
-0.12826978 -0.94031507 0.85773623 0.3746316 -0.79849964 -0.47122115
-0.123104505 -0.93861395 0.862783 0.7451135 -0.6655553 0.042919572
-0.13576458 -0.93788 0.8526721 -0.22332515 -0.5706225 -0.79026306
-0.11706118 -0.92755854 0.84484804 0.6239695 -0.21906574 -0.7501148
-0.11451993 -0.9290233 0.85236704 0.94523984 -0.31099916 -0.099001154
-0.12471865 -0.92814726 0.8435119 -0.06956156 -0.24855365 -0.96611714
-0.13066144 -0.93229413 0.8475377 -0.29192013 -0.4519311 -0.8429359
-0.118133634 -0.9330801 0.8581 0.8177047 -0.54609007 0.18205702
-0.20440714 -0.90944415 0.8891982 -0.8034059 -0.47492313 -0.3591475
-0.18952596 -0.91420954 0.8971444 0.16232118 -0.9711608 0.17463827
-0.1976097 -0.9152976 0.8936276 -0.31490743 -0.94643044 0.07143363
-0.18298167 -0.92122495 0.8748352 -0.31143957 -0.9360686 0.16364872
-0.17803432 -0.92320025 0.8684035 -0.119615085 -0.9867066 -0.11000987
-0.17428918 -0.9217178 0.87530535 0.34261644 -0.8300144 0.44010237
-0.15476204 -0.91370034 0.83285 -0.12341304 -0.7471394 -0.6531094
-0.14648035 -0.91546917 0.8394509 0.38973442 -0.89799166 -0.2042501
-0.15063484 -0.91590565 0.83638495 0.1669482 -0.8862021 -0.4321736
-0.14723116 -0.9086145 0.82699895 -0.10139185 -0.5942215 -0.797885
-0.14033426 -0.9113836 0.8324201 0.56745344 -0.77403843 -0.28082195
-0.14245208 -0.90921426 0.8275805 0.2405772 -0.70261836 -0.669664
-0.14872514 -0.9011544 0.8268386 -0.252612 0.506636 -0.8243221
-0.13695966 -0.9043836 0.8342575 0.97712266 0.21229526 0.012725135
-0.14004359 -0.90189636 0.82742405 0.6025555 0.4806238 -0.6371244
-0.1401336 -0.9010369 0.8385256 0.69225353 0.6450949 0.32347754
-0.14838037 -0.89832187 0.83060265 -0.15547961 0.9033485 -0.39973414
-0.15931101 -0.90528977 0.8337064 -0.7285439 0.36615005 -0.57892823
-0.14365755 -0.89824516 0.83178276 0.328207 0.9228312 -0.20165013
-0.17179702 -0.9218211 0.8722232 0.47149378 -0.8278327 0.3039518
-0.17678773 -0.92056435 0.8785123 0.25659108 -0.81581306 0.518276
-0.18633437 -0.9188262 0.8678059 -0.69223106 -0.6278319 -0.35586962
-0.19568056 -0.8921043 0.8854306 0.16830131 0.63736993 -0.75195354
-0.1805395 -0.89880544 0.8948848 0.8640893 0.42789713 -0.265054
-0.18587282 -0.8945641 0.8904858 0.55066967 0.7786708 -0.30072373
-0.18174173 -0.9095809 0.89447665 0.81704515 -0.54732853 0.18129697
-0.14397402 -0.9112424 0.8458445 0.7847788 -0.26622513 0.55968416
-0.18875736 -0.91791815 0.87118644 -0.70402354 -0.64488304 -0.2974502
-0.15557502 -0.89969116 0.8393251 -0.47454917 0.8796442 0.03207862
-0.15097879 -0.89960396 0.843285 -0.023265617 0.8901108 0.45514998
-0.14605941 -0.9036219 0.8465364 0.4570672 0.47963792 0.7490241
-0.1839212 -0.91921943 0.8643899 -0.6196578 -0.6158095 -0.48662394
-0.20036834 -0.8981323 0.8835014 -0.5828432 0.24505356 -0.7747532
-0.18856212 -0.89697236 0.8782015 -0.022468 0.83422536 -0.55096567
-0.19638227 -0.9058358 0.87591887 -0.729628 0.12921259 -0.6715259
-0.19447538 -0.91458845 0.8787179 -0.6904803 -0.6473518 -0.32275772
-0.17653713 -0.90547454 0.8852912 0.90669435 0.27961838 0.31578293
-0.18282923 -0.91702294 0.8862066 0.24462248 -0.8507218 0.46522278
-0.17705524 -0.9121855 0.8864178 0.73749065 -0.31665516 0.5965207
-0.18005179 -0.8993851 0.88093084 0.60570216 0.7883611 -0.107757226
-0.18916173 -0.9177641 0.88277936 -0.26605234 -0.9569779 0.11579897
-0.17479368 -0.91786385 0.85368985 -0.60048944 -0.60104823 -0.5274026
-0.17676246 -0.90952903 0.85306376 -0.7242936 0.28601643 -0.6273703
-0.1614436 -0.9087805 0.8643278 0.69226086 0.460597 0.5555405
-0.16370568 -0.92006344 0.8613356 0.40270823 -0.86679363 0.2941
-0.1603469 -0.9152621 0.8641481 0.73457694 -0.3064492 0.6053804
-0.16600183 -0.90362245 0.86140805 0.3745523 0.8880002 0.2667702
-0.17100596 -0.9023869 0.8574008 -0.19732888 0.9601142 -0.19809632
-0.16935888 -0.9211972 0.8576456 -0.08614917 -0.987349 -0.13311751
-0.15581125 -0.9032668 0.83091915 -0.64248925 0.40311718 -0.6516933
-0.15178026 -0.9109529 0.8299543 -0.17788263 -0.61860603 -0.76530015
-0.14737494 -0.8979281 0.8378639 0.10951229 0.973286 0.20179573
-0.14707085 -0.9137897 0.8326041 0.13471143 -0.86068636 -0.49099055
-0.15238462 -0.89835775 0.83498627 -0.3837027 0.91050595 -0.1541137
-0.13954337 -0.9079302 0.84071916 0.8706763 -0.17419198 0.4599783
-0.14275256 -0.90190846 0.842905 0.5700695 0.5588219 0.6022781
-0.14274822 -0.91336805 0.8358618 0.48614424 -0.86925626 -0.08976282
-0.16083843 -0.9157958 0.83582926 -0.379463 -0.49880916 -0.7792286
-0.16626598 -0.91819644 0.84193003 -0.61784995 -0.58623 -0.52401894
-0.16364102 -0.9174972 0.8385664 -0.500785 -0.54837614 -0.6696999
-0.15500437 -0.92083395 0.8508616 0.39265847 -0.8729347 0.28948957
-0.14938258 -0.9184336 0.84475493 0.60374707 -0.79708487 0.012054446
-0.15223947 -0.92030567 0.84761125 0.5062494 -0.85276335 0.12847637
-0.1545437 -0.91927266 0.8402205 0.20189577 -0.8590664 -0.4703646
-0.16030534 -0.9218336 0.84647727 -0.08804876 -0.98746985 -0.130961
-0.15738656 -0.92120194 0.84303904 0.06405648 -0.9440396 -0.3235521
-0.16179398 -0.90419966 0.8461584 -0.34308487 0.93466026 -0.09328921
-0.15246423 -0.90853167 0.85230345 0.5521224 0.4826755 0.679842
-0.15740292 -0.9047799 0.84984076 0.15684432 0.9067891 0.3913225
-0.15236375 -0.9152286 0.8546071 0.74043053 -0.24996339 0.6239237
-0.1471623 -0.91351545 0.8490601 0.75974053 -0.27513373 0.5891484
-0.1496493 -0.91466165 0.8517294 0.75037354 -0.2321155 0.61891985
-0.16841947 -0.90968233 0.84323186 -0.7259198 0.3500774 -0.5920189
-0.16341504 -0.9080121 0.8376354 -0.76413655 0.35570553 -0.5381161
-0.16585672 -0.9091997 0.8402233 -0.74597836 0.37299725 -0.5517149
-0.18046226 -0.92272264 0.87135905 -0.26949498 -0.9608948 0.06366877
-0.18037184 -0.902932 0.8693888 -0.1063377 0.9274669 -0.35846543
-0.17157355 -0.9092254 0.87624526 0.78660494 0.4083106 0.4631794
-0.17545784 -0.90393215 0.8733217 0.5182874 0.84656817 0.12124502
-0.1729705 -0.91456527 0.88036704 0.7728586 -0.24359013 0.5859636
-0.16837916 -0.9155719 0.87387264 0.7790782 -0.21517853 0.5888425
-0.17073919 -0.91545826 0.8771431 0.77510697 -0.20760441 0.59674925
-0.185273 -0.90990984 0.8626021 -0.7250861 0.28900698 -0.62508
-0.19019617 -0.9089623 0.86834925 -0.7053481 0.19264771 -0.6821811
-0.18774915 -0.9096654 0.86548734 -0.71804696 0.27273723 -0.6403303
-0.15176898 -0.916864 0.8376708 0.21208033 -0.8543147 -0.47451895
-0.14678025 -0.916247 0.8422227 0.60771203 -0.7941145 0.008268943
-0.15834415 -0.9134101 0.83340305 -0.40306216 -0.43552756 -0.80489546
-0.14083064 -0.907277 0.8263757 0.50869054 -0.2877038 -0.8114557
-0.13812271 -0.90904176 0.8323381 0.87611765 -0.4365806 -0.20448768
-0.14713103 -0.90621847 0.82558703 -0.15367562 -0.12136902 -0.9806393
-0.15308033 -0.90893644 0.82913256 -0.44298816 -0.25311372 -0.8600552
-0.14156944 -0.9122116 0.8376621 0.7204048 -0.67351794 0.16550063
-0.22285958 -0.8913958 0.8805577 -0.86005366 -0.38326868 -0.3367684
-0.21110578 -0.8970655 0.88554424 0.14215292 -0.98490125 0.09880327
-0.218246 -0.8973816 0.8826142 -0.43869236 -0.8985879 -0.00942654
-0.20887586 -0.90048295 0.86955565 -0.37653062 -0.9234422 0.07402233
-0.20482846 -0.9013378 0.8640368 -0.11271231 -0.9464709 -0.30247107
-0.20240757 -0.90102386 0.86910844 0.26795068 -0.9368298 0.22483864
-0.18947068 -0.8791214 0.8436132 0.072264194 -0.39829051 -0.9144083
-0.18341145 -0.8808045 0.84702414 0.5565939 -0.60049987 -0.5741108
-0.18616192 -0.880648 0.84513134 0.3196008 -0.49664342 -0.80697006
-0.18656303 -0.8734545 0.8422564 0.068279244 -0.07640356 -0.9947363
-0.18084408 -0.87546873 0.84524626 0.6977868 -0.31454882 -0.6435469
-0.18284424 -0.8730087 0.8429401 0.43992347 -0.060817424 -0.89597356
-0.18935679 -0.8693033 0.84499717 -0.402693 0.80786335 -0.43034306
-0.1797288 -0.87189466 0.84924173 0.85738534 0.49604383 0.13722576
-0.18314123 -0.86871284 0.84584403 0.39109153 0.88781166 -0.24256511
-0.18185644 -0.872221 0.85305935 0.54711074 0.5858747 0.5978466
-0.1894005 -0.8691812 0.84855217 -0.38956192 0.9106403 0.13775276
-0.19510967 -0.8758168 0.84607905 -0.8215232 0.33902872 -0.45843115
-0.18582925 -0.8688422 0.84999305 0.072436094 0.938718 0.33698875
-0.20019338 -0.9007704 0.8661112 0.39891037 -0.9168888 0.013617038
-0.2036096 -0.90066564 0.87126327 0.20413342 -0.9162923 0.3445838
-0.21047038 -0.89788425 0.8637357 -0.67461485 -0.56665915 -0.47306696
-0.2147723 -0.8778551 0.8792979 -0.059568506 0.78888094 -0.61165214
-0.20185417 -0.88528836 0.8840441 0.891416 0.3470125 -0.29147884
-0.2076455 -0.87941533 0.88154924 0.5719488 0.7221627 -0.38904428
-0.20438655 -0.8919616 0.884233 0.76565987 -0.6276439 -0.14081264
-0.1814027 -0.8808318 0.85296965 0.91086173 -0.32703608 0.25175053
-0.21219182 -0.8975352 0.865991 -0.7442119 -0.5577303 -0.36753997
-0.19354704 -0.8740093 0.8527902 -0.68399173 0.5957851 0.42094576
-0.18935601 -0.87457347 0.8561406 -0.18921751 0.52176034 0.831843
-0.18394037 -0.87743706 0.8568117 0.47247532 0.14125668 0.8699503
-0.20859142 -0.8978185 0.8613472 -0.55614287 -0.5896781 -0.585649
-0.22232696 -0.8831949 0.8785319 -0.6718708 0.29604828 -0.6789292
-0.20962924 -0.8822112 0.8713238 0.017743561 0.8414753 -0.5400042
-0.21638624 -0.88808906 0.8697117 -0.70770437 0.29019913 -0.64415765
-0.2161629 -0.8951886 0.87166345 -0.76708674 -0.52022076 -0.37543073
-0.20132472 -0.8891119 0.8767816 0.9559612 0.17260152 0.237375
-0.20692497 -0.89887494 0.8770708 0.20114975 -0.9071981 0.36950037
-0.202145 -0.8953692 0.8775345 0.7308524 -0.4448651 0.5176386
-0.20362195 -0.88460517 0.87379044 0.65536153 0.7444463 -0.12767507
-0.21226928 -0.89847744 0.8751019 -0.33969522 -0.9404755 0.0106270835
-0.20095055 -0.8934507 0.8521704 -0.35222533 -0.5553062 -0.753374
-0.2039997 -0.890217 0.8531763 -0.75428003 0.08861419 -0.6505453
-0.19202556 -0.8884236 0.8639463 0.6279884 0.24047595 0.7401364
-0.1923441 -0.8952859 0.8565936 0.48914987 -0.8442983 -0.21884412
-0.18997695 -0.89323825 0.8607643 0.78590107 -0.51463586 0.34279662
-0.19685608 -0.884263 0.8636325 0.116648264 0.78023213 0.6145168
-0.20136465 -0.88378733 0.8601881 -0.5051667 0.85707486 0.10113936
-0.19622952 -0.8951941 0.8536281 0.112501934 -0.8272223 -0.5504967
-0.19358349 -0.87321496 0.8457595 -0.7449814 0.5149677 -0.42404124
-0.18854563 -0.87637687 0.8428249 0.016852379 -0.24818343 -0.9685665
-0.1877443 -0.8712841 0.85337245 -0.11004677 0.7498737 0.6523642
-0.18469483 -0.8776492 0.8439178 0.3385133 -0.40730923 -0.8482381
-0.19165787 -0.8712661 0.8508062 -0.5808251 0.7550429 0.30422422
-0.17973734 -0.87660146 0.8514091 0.95791745 -0.11178588 0.2643825
-0.18263409 -0.8745974 0.8552143 0.5281647 0.34070605 0.77779263
-0.18168789 -0.8779898 0.84617805 0.64737445 -0.49759194 -0.57732886
-0.19269285 -0.88222325 0.8442866 -0.13680369 -0.16731556 -0.9763658
-0.19541201 -0.8865426 0.8454876 -0.31418 -0.31714538 -0.8948238
-0.19410042 -0.88443255 0.8448179 -0.20102274 -0.1479865 -0.96834385
-0.18650855 -0.88907146 0.8509795 0.6554029 -0.66571313 -0.35675332
-0.18444823 -0.8846649 0.8495712 0.75176334 -0.46864942 -0.46391773
-0.18549348 -0.88700944 0.8500244 0.74215204 -0.4899228 -0.45736855
-0.18794438 -0.88415766 0.8462556 0.4131943 -0.39318085 -0.82138854
-0.19029446 -0.88909787 0.8476162 0.27777928 -0.64883214 -0.7084176
-0.18900622 -0.88682634 0.846773 0.40532926 -0.42403004 -0.80988073
-0.19663906 -0.8794738 0.8538143 -0.681578 0.6815255 0.26641014
-0.18702498 -0.88278323 0.85860676 0.47969392 0.18713786 0.8572475
-0.1922323 -0.8802784 0.8577386 -0.12621923 0.61192876 0.78077644
-0.18478534 -0.88790566 0.8558635 0.86746806 -0.40973613 0.28216195
-0.18273106 -0.88372684 0.85379267 0.9056557 -0.36084178 0.22266787
-0.18376777 -0.88582826 0.8548721 0.9124232 -0.30167696 0.27654126
-0.19935049 -0.88293403 0.8490514 -0.83536774 0.30886984 -0.45470887
-0.19691987 -0.8792424 0.84718776 -0.8359362 0.3085999 -0.45384663
-0.19807066 -0.88112307 0.8480507 -0.8347697 0.34085745 -0.4324068
-0.20766401 -0.90110373 0.86746234 -0.31985825 -0.945916 -0.05416142
-0.20632595 -0.8860327 0.8659426 -0.19930689 0.9250042 -0.3234875
-0.1973561 -0.8922406 0.8700726 0.79416037 0.18501218 0.5788607
-0.20030405 -0.8869902 0.8677813 0.4047649 0.8379933 0.36596808
-0.19964902 -0.8973722 0.8728149 0.68626755 -0.49060413 0.5369772
-0.19609077 -0.8971733 0.8678812 0.7567012 -0.50590503 0.4140814
-0.19801246 -0.89740676 0.87050104 0.7287313 -0.46255744 0.5049666
-0.20951872 -0.8920271 0.8596217 -0.77192587 0.17444566 -0.61130935
-0.21281806 -0.8904061 0.86416173 -0.7128203 0.31987956 -0.62415075
-0.21131924 -0.89110535 0.86216164 -0.70242447 0.32544863 -0.63299537
-0.18641262 -0.88146454 0.8455443 0.37333336 -0.4911972 -0.7869863
-0.18318908 -0.8820456 0.8488627 0.7327811 -0.5404346 -0.41347602
-0.19205144 -0.87974936 0.8437813 -0.25774416 -0.1462457 -0.9550812
-0.1825118 -0.87135005 0.8433491 0.5286293 0.42488605 -0.73486245
-0.17967637 -0.8739669 0.8462898 0.9273111 0.045662116 -0.3714957
-0.18730831 -0.8713931 0.8423995 -0.15556704 0.42722544 -0.8906612
-0.190026 -0.87534595 0.8427847 -0.33833858 0.048790466 -0.93975866
-0.18062252 -0.8778255 0.8479001 0.8573847 -0.43579665 -0.2738117
-0.16575614 -0.92165375 0.93435234 -0.708549 -0.70288634 0.0625233
-0.1519692 -0.9201512 0.9455489 0.25464734 -0.44445792 0.8588434
-0.16007607 -0.9234248 0.94306403 -0.3815216 -0.6772915 0.6290608
-0.15006599 -0.9409376 0.9295232 -0.42463627 -0.75297445 0.5027062
-0.14590709 -0.94535893 0.9244865 -0.28315303 -0.9066798 0.31265974
-0.14059225 -0.9419687 0.93014264 0.32444373 -0.63803726 0.6983157
-0.12476894 -0.9561353 0.8896792 -0.26069435 -0.94634867 -0.19095187
-0.11655946 -0.95596474 0.89659417 0.28702673 -0.91319424 0.2892955
-0.12086643 -0.9572764 0.89384246 -0.01953654 -0.9979104 0.061587483
-0.11808919 -0.9561924 0.8827375 -0.20813037 -0.8697093 -0.44753477
-0.1108162 -0.9561045 0.8891237 0.5242912 -0.8379347 0.15160558
-0.11310809 -0.9569682 0.88364196 0.21428305 -0.93451965 -0.28417572
-0.1188385 -0.94856954 0.87937367 -0.20349368 0.1587576 -0.96611917
-0.108227775 -0.949125 0.8873506 0.96310645 0.23732169 -0.12690334
-0.11096368 -0.949838 0.88053185 0.60978675 0.17115824 -0.7738636
-0.11102163 -0.9441311 0.8894588 0.72608954 0.68270063 -0.081937484
-0.11806292 -0.9446553 0.88165766 -0.032196417 0.6667935 -0.74454665
-0.12901014 -0.94823426 0.88666743 -0.7068411 0.100961044 -0.7001303
-0.11369602 -0.94490385 0.8827222 0.43687835 0.6925688 -0.5740086
-0.13870992 -0.94368976 0.9272662 0.37349796 -0.6881434 0.6220594
-0.14260493 -0.93960613 0.9328091 0.2329479 -0.5711186 0.78712064
-0.15323359 -0.9407908 0.92160803 -0.7731737 -0.6227623 -0.1198735
-0.1550545 -0.9129723 0.9217386 0.3628297 0.05960001 -0.92994756
-0.14288628 -0.91265863 0.93532324 0.9508362 0.30957475 0.008599394
-0.14646846 -0.9112095 0.927826 0.7072859 0.47536036 -0.52323914
-0.14859742 -0.90632313 0.9486287 0.74158573 -0.086646065 0.6652391
-0.11383909 -0.9485789 0.90012544 0.77487165 0.051744655 0.6299972
-0.15533389 -0.93835604 0.9240665 -0.8167001 -0.5752302 -0.045948558
-0.1250742 -0.94123334 0.88924664 -0.37663117 0.84441316 -0.38093993
-0.12029047 -0.939931 0.89264375 0.064177215 0.9976144 -0.0254303
-0.115605146 -0.9418554 0.89709103 0.5050181 0.7739617 0.38202083
-0.15103346 -0.94266444 0.9189941 -0.72886777 -0.6612754 -0.17738819
-0.16245796 -0.91895044 0.92350197 -0.36140507 -0.5469513 -0.7551362
-0.15147975 -0.91833407 0.9203353 0.057777345 0.36595818 -0.928836
-0.15962943 -0.9251019 0.9231061 -0.7387678 -0.15120003 -0.6567806
-0.1597634 -0.9314814 0.92916423 -0.8491185 -0.5282016 -0.00095710496
-0.13979475 -0.92307687 0.929398 0.9279955 0.3721852 -0.017391728
-0.14678481 -0.9325353 0.9382299 0.19941388 -0.5065656 0.8388238
-0.14002895 -0.928401 0.9349877 0.8093572 -0.026238067 0.5867303
-0.1437928 -0.92018884 0.9232762 0.6443899 0.518431 -0.56213063
-0.15455294 -0.934 0.9352352 -0.45051688 -0.69556344 0.5596661
-0.14355569 -0.9482541 0.909363 -0.7400356 -0.6605644 -0.12649888
-0.14442036 -0.9409136 0.90472424 -0.75255847 0.11498386 -0.6484091
-0.12837446 -0.9365389 0.91372013 0.76180434 0.62937856 0.15341695
-0.13217796 -0.9484646 0.9173777 0.32204875 -0.67512316 0.66369665
-0.12747353 -0.9423445 0.9172297 0.80035365 -0.032031257 0.59867185
-0.13296434 -0.9337075 0.90883154 0.39478013 0.8748021 -0.2808377
-0.1379043 -0.934409 0.9053893 -0.13963765 0.7717711 -0.62037957
-0.1382196 -0.9501103 0.9145191 -0.26749718 -0.89209145 0.36416754
-0.12557638 -0.94780666 0.8835167 -0.6013629 0.16558519 -0.78162915
-0.122295 -0.9560245 0.88615656 -0.3502457 -0.88118994 -0.31754097
-0.11708798 -0.9415171 0.8874529 0.22753043 0.9285607 -0.29326594
-0.11782694 -0.9578005 0.8899325 0.010570438 -0.99988735 0.010659659
-0.12155973 -0.9424194 0.8851538 -0.23863445 0.7886497 -0.56664383
-0.10985439 -0.9485572 0.8943536 0.89778817 0.12781782 0.42147246
-0.11286369 -0.9426403 0.89351153 0.6432809 0.74171776 0.18985388
-0.11319524 -0.9559586 0.89290714 0.40674564 -0.85342884 0.3259096
-0.13174371 -0.9558521 0.8941581 -0.47277042 -0.7610258 -0.44421592
-0.13742456 -0.9545108 0.9009382 -0.7073402 -0.6866653 -0.167811
-0.1345293 -0.9557495 0.8973018 -0.57244956 -0.7410407 -0.3509417
-0.12576054 -0.95444643 0.9099157 0.3468411 -0.660541 0.66587305
-0.120194666 -0.9556118 0.90353274 0.5423443 -0.7200397 0.4329037
-0.12281031 -0.95549494 0.9065447 0.47608066 -0.7051707 0.52543455
-0.12553579 -0.9579059 0.8996363 0.08171208 -0.9965528 -0.014342636
-0.13134141 -0.95693344 0.9061478 -0.21435407 -0.9216846 0.32334152
-0.12835945 -0.9580256 0.9027807 -0.031923387 -0.992438 0.11852294
-0.13033427 -0.94164217 0.8963341 -0.25717402 0.83508223 -0.48631176
-0.12195015 -0.94290006 0.9041865 0.63329095 0.7159866 0.29377836
-0.1258651 -0.9410813 0.89947486 0.20463483 0.97347057 -0.102369495
-0.12166131 -0.9476215 0.9092171 0.79117996 0.02580503 0.6110387
-0.11700087 -0.94861686 0.9036736 0.74759537 0.063814156 0.66108155
-0.11938111 -0.948298 0.9064396 0.77071303 0.10192052 0.62897825
-0.13802494 -0.94671357 0.89641243 -0.72578627 0.10451417 -0.6799346
-0.13318397 -0.94822484 0.8910124 -0.74840266 0.11988576 -0.65231955
-0.13557391 -0.9476212 0.8938661 -0.7055594 0.163116 -0.68962234
-0.1480066 -0.9435276 0.92697495 -0.37014574 -0.8332074 0.41080108
-0.14588118 -0.9287692 0.91573 -0.09493671 0.63206697 -0.7690762
-0.13624439 -0.9304364 0.92375046 0.8148858 0.5750718 0.072480485
-0.14070024 -0.9281472 0.9187109 0.47651932 0.77469856 -0.41565797
-0.13725716 -0.9333602 0.9307952 0.8310443 -0.007851929 0.5561508
-0.13361599 -0.937265 0.9257426 0.8134271 0.018292064 0.58137906
-0.13557942 -0.93546194 0.9283552 0.82642305 0.031207759 0.5621841
-0.1511144 -0.9358032 0.9135461 -0.7437694 0.0991303 -0.6610448
-0.15533924 -0.93191105 0.91819125 -0.72504526 -0.030799981 -0.6880121
-0.15327606 -0.93394256 0.91605586 -0.7117854 0.06603078 -0.6992864
-0.12180782 -0.9572415 0.89511645 0.04952679 -0.99876934 0.002634009
-0.11657702 -0.9550763 0.899273 0.5458655 -0.7113782 0.44268718
-0.12837072 -0.95524657 0.8899878 -0.48061913 -0.7346351 -0.47887012
-0.111154266 -0.9554164 0.88169456 0.55055857 -0.5538743 -0.6245866
-0.108501956 -0.95415944 0.8879415 0.9070816 -0.42074746 0.0132110175
-0.11796069 -0.95444244 0.8803782 -0.2053832 -0.47972342 -0.85304344
-0.123503 -0.95443904 0.88443935 -0.5372359 -0.5626942 -0.6282936
-0.11150069 -0.95398176 0.89419407 0.7159122 -0.5107651 0.4760134
-0.120025575 -0.9024242 0.94340706 0.41236275 -0.07848509 0.90763265
-0.11257969 -0.8953718 0.93783325 0.6721822 0.15286563 0.724433
-0.1161468 -0.89789224 0.9411564 0.5997941 0.0115492325 0.80007094
-0.11412579 -0.9104025 0.94005203 0.39672345 -0.18552767 0.89899385
-0.10643521 -0.9036795 0.93487823 0.6767433 0.18391384 0.7128774
-0.10854619 -0.90956473 0.93722814 0.55882794 -0.05464436 0.82748127
-0.11902416 -0.9166428 0.9339431 -0.23956951 -0.96197665 0.1311766
-0.10491994 -0.90606 0.9261264 0.8522226 -0.10865181 -0.5117727
-0.10813996 -0.915736 0.9291749 0.5308377 -0.8140647 -0.2356058
-0.110861816 -0.9042262 0.92165124 0.4111035 -0.06231606 -0.9094562
-0.12088052 -0.9137452 0.9276634 -0.39842334 -0.7963933 -0.4549908
-0.12954815 -0.90754247 0.9391163 -0.6230181 -0.68300277 0.38125548
-0.11423892 -0.9123568 0.9234342 0.0712582 -0.6190555 -0.7821077
-0.11099823 -0.8905795 0.9283831 0.7528456 0.58973324 -0.29229823
-0.13040027 -0.9048925 0.9275002 -0.7259253 -0.5065194 -0.465264
-0.1257267 -0.9003029 0.9214746 -0.40011933 -0.12856631 -0.90740025
-0.118012935 -0.89381915 0.9208926 0.16791835 0.33233964 -0.9280914
-0.13435589 -0.87839735 0.953992 -0.064518176 -0.31408563 0.9471998
-0.1427046 -0.8832013 0.94678074 -0.8298181 -0.354882 0.4306514
-0.13056277 -0.87354535 0.9289783 0.08742016 0.23825939 -0.9672591
-0.119821645 -0.87105477 0.942836 0.9617326 0.25293761 0.105322756
-0.12349128 -0.87115246 0.93339765 0.7087399 0.33173513 -0.62260705
-0.13799676 -0.8769423 0.93070316 -0.46916267 -0.011060292 -0.88304245
-0.14324813 -0.8804707 0.93582946 -0.8680036 -0.28416216 -0.40721187
-0.12469583 -0.8743397 0.9511773 0.6276598 -0.036619615 0.77762604
-0.1263609 -0.91093886 0.9372933 -0.5604568 -0.7746688 0.29287598
-0.11760445 -0.90713614 0.9418626 0.37311834 -0.11365371 0.92079616
-0.1207154 -0.9062201 0.92151165 -0.24518839 -0.3470458 -0.9052302
-0.11287251 -0.9032133 0.9391182 0.53900516 0.06945529 0.83943397
-0.12593614 -0.9097872 0.92774177 -0.6171309 -0.659372 -0.42939255
-0.10731464 -0.8970918 0.9271582 0.8171963 0.42755342 -0.38650772
-0.11433928 -0.89905745 0.92076385 0.30128732 0.15362237 -0.9410771
-0.10918764 -0.8996717 0.93584704 0.65013665 0.22540402 0.7256138
-0.12823564 -0.8961122 0.9479043 0.06084329 -0.431295 0.9001571
-0.13113102 -0.8870582 0.9521335 0.009369948 -0.2908892 0.9567108
-0.1300393 -0.89257276 0.949883 0.01241473 -0.4145078 0.90996104
-0.117715344 -0.8787638 0.94163615 0.97132295 0.1862424 0.14780222
-0.11582651 -0.88561034 0.93965876 0.8911309 0.28582814 0.35240304
-0.11712957 -0.8824063 0.94073075 0.95265377 0.20099653 0.22814707
-0.120548174 -0.89037716 0.9453992 0.62424994 -0.103678904 0.7743142
-0.12230387 -0.8823062 0.94857764 0.6556762 -0.09547767 0.74898124
-0.121798955 -0.88711745 0.94692546 0.6377075 -0.14758123 0.7560085
-0.13842897 -0.89368767 0.9312229 -0.8511145 -0.30915767 -0.4242941
-0.12477619 -0.884412 0.9252382 0.09079084 0.42787933 -0.89926434
-0.13307942 -0.8894723 0.92557657 -0.48472744 0.072777666 -0.87163216
-0.12076838 -0.8799843 0.9307995 0.6617223 0.51021016 -0.54937166
-0.1159017 -0.88466007 0.9297872 0.64779073 0.6913224 -0.32006332
-0.11877566 -0.8822229 0.9304997 0.61366343 0.6810559 -0.3994747
-0.1400679 -0.89138365 0.94514567 -0.79438 -0.42128423 0.4375843
-0.13477546 -0.9007304 0.9421833 -0.6490324 -0.63824505 0.41400498
-0.13749243 -0.89668936 0.9436499 -0.71633077 -0.55622405 0.42128962
-0.224024 -0.858426 0.9100368 -0.93995863 -0.1496528 0.30672744
-0.22341596 -0.848983 0.8970813 -0.7581476 0.2372584 -0.6073885
-0.2170649 -0.84711397 0.8934157 -0.2394012 0.3077692 -0.9208503
-0.117791146 -0.8950967 0.9424975 0.62038594 -0.028172009 0.7837905
-0.11309885 -0.8907871 0.9371834 0.82346076 0.33698848 0.45645493
-0.1245926 -0.9013052 0.94529355 0.07142033 -0.3675256 0.92726696
-0.10688205 -0.91233456 0.9356051 0.72023284 -0.4820108 0.49892893
-0.10395361 -0.9049863 0.93241453 0.9708568 0.0376692 0.23668167
-0.11462697 -0.91346765 0.93912685 0.18154868 -0.67245287 0.71752846
-0.12028149 -0.908867 0.9422279 -0.039284408 -0.48776138 0.87209266
-0.107341975 -0.8980224 0.93305236 0.8401092 0.40601936 0.35967323
-0.14582515 -0.9147969 0.943781 0.7677429 -0.10051516 0.63282514
-0.14634567 -0.90181917 0.94107527 0.974436 0.2239023 0.01849734
-0.15044865 -0.8978824 0.93331695 0.8026704 0.35188863 -0.48155424
-0.1999768 -0.877427 0.894948 0.7202815 0.25867617 -0.6436468
-0.2245957 -0.8815317 0.88141674 -0.77102965 0.22005966 -0.5975677
-0.19190145 -0.8844625 0.90245026 0.7144489 0.42119327 -0.5587119
-0.19689097 -0.88631755 0.8907563 0.5992695 0.6214968 -0.5045967
-0.18777277 -0.88969076 0.895698 0.5753205 0.73450696 -0.35986927
-0.18216231 -0.89334315 0.8996058 0.6848069 0.6668546 -0.2938442
-0.15483014 -0.9064557 0.9229519 0.6552583 0.29329818 -0.69614136
-0.14831622 -0.90685755 0.9301642 0.76853806 0.455595 -0.44920203
-0.14432715 -0.90850717 0.93803823 0.9566085 0.29007614 0.02749623
-0.21831422 -0.8757112 0.88240874 -0.1881636 0.61455417 -0.7661055
-0.20422056 -0.88020295 0.88715947 0.7675381 0.4652037 -0.4409884
-0.20867799 -0.87456113 0.88586295 0.49988502 0.5874179 -0.6364394
-0.21759586 -0.8693558 0.88606894 -0.05496798 0.47648406 -0.87746304
-0.20762861 -0.8722016 0.888762 0.5523461 0.38982764 -0.73685014
-0.17367534 -0.907568 0.9466145 -0.73056424 -0.44690514 0.51628643
-0.15923516 -0.90171325 0.9548799 0.18688865 -0.22351372 0.956616
-0.16787401 -0.905652 0.95350826 -0.3657443 -0.34680793 0.8636871
-0.2141773 -0.8936316 0.9086946 -0.9237949 -0.35394973 0.14602245
-0.20384924 -0.9009714 0.91783893 -0.50152445 -0.5663043 0.6540433
-0.21067691 -0.8969103 0.9155583 -0.76030207 -0.42984965 0.487001
-0.22669698 -0.8721529 0.8954393 -0.99558115 0.06959388 0.063045226
-0.22003111 -0.88824075 0.9015035 -0.51999766 -0.62681884 0.5802591
-0.22590525 -0.88342756 0.8992835 -0.87028575 -0.2563337 0.42058975
-0.21722905 -0.88366294 0.909024 -0.8190668 -0.35566074 0.4501499
-0.22472768 -0.86551005 0.89141494 -0.73786557 0.32578152 -0.59111834
-0.21103485 -0.8900094 0.9190558 -0.7548553 -0.3268142 0.56867033
-0.16524787 -0.91377866 0.9503832 -0.3292766 -0.5555312 0.7635194
-0.22430134 -0.87599635 0.9037899 -0.88130087 -0.15309787 0.447068
-0.15061368 -0.8963598 0.95184773 0.73045725 -0.058367632 0.6804596
-0.17054279 -0.89397687 0.95579815 -0.36901057 -0.31174192 0.8755844
-0.17086731 -0.9142276 0.9427376 -0.6768895 -0.6307164 0.37949613
-0.15602806 -0.9130708 0.9507821 0.22714633 -0.39976108 0.8880291
-0.20713517 -0.9096046 0.9067305 -0.6467974 -0.7207728 0.24927837
-0.21085045 -0.9017634 0.90120864 -0.9041293 -0.41272888 -0.11047673
-0.20008409 -0.91019267 0.91043305 -0.33597156 -0.8608664 0.3821415
-0.22502646 -0.89099616 0.89338773 -0.7820689 -0.58453876 0.21606147
-0.22745581 -0.88379234 0.8901624 -0.98716354 -0.14263202 -0.07186218
-0.21848434 -0.8942468 0.89579296 -0.4005352 -0.8228196 0.40316194
-0.2122904 -0.8966891 0.896163 -0.6175933 -0.78405726 -0.061907984
-0.19931124 -0.88737136 0.88595325 0.57338554 0.38144016 -0.725074
-0.20663548 -0.8967794 0.8892993 -0.40661412 -0.68131703 -0.60866404
-0.2026062 -0.8923572 0.8860721 0.10760513 -0.25189608 -0.9617533
-0.20131952 -0.8843139 0.8889188 0.69519365 0.5575055 -0.4537548
-0.13542855 -0.84609354 0.9611183 0.7481625 0.11148091 0.65408313
-0.13202196 -0.8405011 0.9502848 0.8803183 0.46191347 0.108054124
-0.14419428 -0.85462826 0.96630484 0.49175367 -0.2294505 0.8399588
-0.14707458 -0.83108205 0.9693992 0.5844889 0.28048688 0.76138014
-0.14274092 -0.82503456 0.9591998 0.7363065 0.6264965 0.25564617
-0.1546814 -0.8415012 0.9736596 0.28927693 -0.10999744 0.95090455
-0.1630769 -0.81978416 0.9734225 0.48715457 0.39769208 0.7775098
-0.15724324 -0.8161595 0.96412206 0.5682223 0.7429051 0.353858
-0.17148995 -0.8285228 0.97821915 0.10354699 -0.0890251 0.9906324
-0.17714438 -0.81671536 0.97921854 0.35189372 -0.2518807 0.9015137
-0.1764837 -0.80467224 0.98396164 0.78328043 -0.09051998 0.61504287
-0.18216571 -0.8087319 0.9872956 0.37501538 -0.48336715 0.79102445
-0.16728513 -0.81004995 0.9668113 0.762379 0.5958505 0.25246865
-0.1724297 -0.80093426 0.97586924 0.9242961 0.25570983 0.2833537
-0.21206847 -0.79583293 0.9307272 -0.14043052 0.5995581 -0.7879146
-0.22444798 -0.8011064 0.9379172 -0.9566647 0.14807805 -0.25073004
-0.21792075 -0.7809296 0.941529 -0.3484138 0.5295583 -0.7734183
-0.22373056 -0.78733146 0.9420215 -0.7557588 0.2822805 -0.590886
-0.20954356 -0.7813503 0.940422 0.123249635 0.5974073 -0.79241025
-0.19596273 -0.8344626 0.96808034 -0.48170224 -0.4839521 0.73058426
-0.1969697 -0.85339326 0.95534736 -0.6590483 -0.424496 0.620853
-0.22624171 -0.837429 0.90895456 -0.9730075 0.11789443 -0.19838661
-0.21929426 -0.8630354 0.91783273 -0.8718021 -0.2517203 0.42023575
-0.20603843 -0.85089725 0.94605887 -0.70264965 -0.42938942 0.5673696
-0.21183476 -0.8312389 0.9542257 -0.72978485 -0.5010527 0.46514556
-0.21588473 -0.8629471 0.88916886 -0.01567432 0.33828077 -0.9409147
-0.21463193 -0.84832984 0.9371965 -0.7789087 -0.3631988 0.511261
-0.22365895 -0.8214169 0.938575 -0.9591826 -0.17840227 0.21941163
-0.18299939 -0.83288354 0.9753026 -0.22359043 -0.35145763 0.90911204
-0.22167838 -0.8063993 0.92890406 -0.79590416 0.42560944 -0.4305731
-0.21419391 -0.8038892 0.9218719 -0.34644616 0.739723 -0.57687515
-0.22434224 -0.81238157 0.9330468 -0.99146074 0.1021036 -0.08112054
-0.2012691 -0.8047459 0.9195602 0.256332 0.7669888 -0.58823633
-0.17107458 -0.8131142 0.93920743 0.464139 0.7120691 -0.5268136
-0.15948889 -0.8132715 0.9505866 0.5216235 0.82693183 -0.2099822
-0.17117095 -0.8761767 0.92279375 0.60401577 0.053352877 -0.79518443
-0.16816488 -0.85119337 0.9216191 0.40314248 0.04035023 -0.9142472
-0.16511524 -0.8238902 0.9293921 0.40387276 0.5297316 -0.7458359
-0.17957681 -0.8231957 0.925109 0.52538115 0.42689317 -0.7360278
-0.17961468 -0.850698 0.9173327 0.54662555 0.13354538 -0.8266597
-0.18249224 -0.87251407 0.91306525 0.66150934 0.06990998 -0.74667126
-0.18994068 -0.8192739 0.91542256 0.6281737 0.42077997 -0.6544784
-0.190517 -0.84572023 0.90737635 0.69510543 0.0639607 -0.7160569
-0.19186498 -0.86781424 0.90454704 0.69774765 0.13108405 -0.70424783
-0.15726407 -0.8663029 0.93714607 0.6860553 -0.23953399 -0.6869874
-0.14236759 -0.8448415 0.93359053 0.37986946 0.29378268 -0.87714934
-0.1500345 -0.8565478 0.9307036 0.13005698 -0.1787553 -0.97525984
-0.16795205 -0.8390814 0.9235128 0.3320368 0.21081455 -0.9194068
-0.17928492 -0.83846015 0.92106736 0.5070978 0.20958208 -0.83601856
-0.1898963 -0.8346041 0.9099473 0.66655767 0.21004193 -0.7152505
-0.15834369 -0.8573545 0.92794967 0.52024895 -0.19595824 -0.83122885
-0.15841292 -0.8449225 0.9269569 0.42945248 0.121221706 -0.89491665
-0.15186223 -0.82790744 0.93626696 0.48883787 0.53870475 -0.686174
-0.16098304 -0.8910588 0.95700556 0.15987283 -0.26485333 0.95094347
-0.14775658 -0.89460397 0.94313365 0.9779856 0.20752478 -0.021855954
-0.15197702 -0.88631415 0.9543132 0.78790873 -0.15799612 0.5951781
-0.1506316 -0.8819741 0.9463737 0.98898894 0.13795362 -0.053570017
-0.15800038 -0.87387013 0.963711 0.24764228 -0.37021306 0.8953299
-0.15112099 -0.87497663 0.958179 0.9161597 -0.08419994 0.39186952
-0.15233031 -0.8721434 0.9507278 0.94737905 0.31217226 -0.07086181
-0.15405524 -0.8679803 0.9518578 0.7512531 -0.65925413 0.031665705
-0.15216018 -0.8908357 0.9357071 0.8252797 0.2706873 -0.49562252
-0.15114072 -0.866159 0.9606332 0.5721742 -0.70862615 0.4128749
-0.15286282 -0.88071257 0.9370214 0.8539435 0.17860585 -0.48875383
-0.15381642 -0.8714839 0.9393897 0.91305375 0.28182808 -0.29479772
-0.16939107 -0.8636374 0.92183423 0.5087326 -0.05477766 -0.8591802
-0.18095097 -0.8614195 0.91479045 0.5874688 0.09271771 -0.80391777
-0.19177826 -0.8575939 0.90668327 0.68094236 0.07061518 -0.7289245
-0.18283324 -0.88190997 0.91084373 0.6547588 0.13669762 -0.7433739
-0.19145776 -0.8759029 0.9032161 0.69785756 0.091308795 -0.71039253
-0.17081101 -0.88570017 0.91929674 0.6125396 0.24998757 -0.74986756
-0.16089334 -0.88901806 0.92693996 0.65501237 0.28336322 -0.70047426
-0.16186121 -0.87860066 0.92953175 0.6723123 0.04812777 -0.7387015
-0.15840612 -0.8681948 0.92863685 0.7945119 -0.101215735 -0.5987539
-0.13443239 -0.84115905 0.9403719 0.6817241 0.51546735 -0.5191779
-0.19278497 -0.8730339 0.9456877 -0.6863208 -0.37601176 0.6225583
-0.20275864 -0.8703901 0.9361698 -0.6805573 -0.36092782 0.6376306
-0.21350773 -0.8668227 0.92765784 -0.77593833 -0.31639412 0.5457238
-0.15256527 -0.86302453 0.9672214 0.30870682 -0.4492822 0.8383588
-0.16874124 -0.8744335 0.96214646 -0.2286379 -0.3419843 0.91146666
-0.16590907 -0.85808676 0.9690533 -0.10681636 -0.3308233 0.937628
-0.18549426 -0.8555629 0.964396 -0.44743842 -0.3949715 0.8023692
-0.18299717 -0.8757357 0.95541495 -0.5637284 -0.38624874 0.73008364
-0.14504577 -0.82501256 0.94560754 0.62348247 0.6975357 -0.35314795
-0.13029745 -0.85591364 0.95569307 0.7445765 0.034932353 0.6666225
-0.12772521 -0.86405635 0.9536935 0.6657584 0.033433326 0.74541795
-0.12896681 -0.85992414 0.9546146 0.68919873 0.041742098 0.7233689
-0.12579165 -0.8523245 0.94540995 0.9338045 0.35695225 0.02437609
-0.12296644 -0.8610575 0.9441533 0.9500166 0.2991011 0.08948097
-0.12441158 -0.85673535 0.9447339 0.9494559 0.30810142 0.06005838
-0.13762106 -0.87015116 0.9571062 0.004915575 -0.3823458 0.9240062
-0.14211203 -0.8641825 0.9600053 0.2768464 -0.5613715 0.7798833
-0.13958557 -0.86685944 0.958654 0.05164066 -0.39478365 0.9173217
-0.1493803 -0.87143207 0.9379557 -0.64312786 -0.6621237 -0.38468018
-0.21615598 -0.83002776 0.9011358 -0.29409164 0.45133832 -0.84249854
-0.22214532 -0.83208036 0.9042935 -0.7153271 0.36420223 -0.5963756
-0.1354102 -0.8616211 0.9308515 0.16633819 0.19056682 -0.96747917
-0.22298333 -0.81657195 0.9175865 -0.80450755 0.44340906 -0.39516583
-0.22613236 -0.8218003 0.9215393 -0.97333384 0.19765607 -0.1164183
-0.14321373 -0.86638504 0.93163097 -0.28801653 -0.18795906 -0.9389983
-0.22592075 -0.854312 0.9025448 -0.99809694 0.029055942 -0.054390606
-0.21604477 -0.814132 0.91097134 -0.39216527 0.60984033 -0.6886952
-0.12976848 -0.8529002 0.93659264 0.63628453 0.41538382 -0.6500756
-0.12608215 -0.8617647 0.9347723 0.68706125 0.33387935 -0.645346
-0.1275802 -0.85748994 0.935575 0.655581 0.39813685 -0.6416389
-0.14460656 -0.87600064 0.9490306 -0.71141016 -0.51844376 0.47445923
-0.15004191 -0.8695994 0.9509801 -0.37170294 -0.86964095 0.32490242
-0.14674956 -0.87265337 0.95038766 -0.5943541 -0.64913666 0.4747259
-0.21198788 -0.8223188 0.9664864 -0.60450363 -0.5704249 0.5560491
-0.21888489 -0.82652855 0.9461384 -0.8447815 -0.39499342 0.36100447
-0.2052272 -0.8336007 0.9607201 -0.6228943 -0.52574366 0.57930666
-0.2227262 -0.814407 0.9521669 -0.9270512 -0.33928913 0.1595586
-0.22464615 -0.80685526 0.96176475 -0.8784906 -0.46665832 0.10239279
-0.22631016 -0.80215555 0.9540933 -0.96400154 -0.2569326 -0.06846003
-0.21957636 -0.812309 0.9676705 -0.7389773 -0.5934234 0.31900027
-0.22497045 -0.841357 0.9191201 -0.95864815 -0.19011863 0.21177483
-0.22109267 -0.84413975 0.92776906 -0.8799467 -0.28856406 0.37739173
-0.22605185 -0.8290715 0.92709804 -0.9729282 -0.10913156 0.20371751
-0.20167032 -0.8150313 0.9087666 0.26838684 0.5567113 -0.78615576
-0.2052835 -0.8324602 0.89950895 0.26300427 0.37186006 -0.89025205
-0.19969994 -0.8527312 0.89869785 0.6227002 0.07062027 -0.779267
-0.20787656 -0.84994835 0.89391077 0.3282482 0.20078112 -0.923006
-0.20820083 -0.86402947 0.8914273 0.43443066 0.22819942 -0.871318
-0.19951203 -0.8667243 0.89667904 0.65436894 0.13602377 -0.74384063
-0.19932194 -0.8429215 0.89949906 0.5581489 0.16896945 -0.812354
-0.18708418 -0.81063557 0.92807674 0.5742479 0.58516866 -0.572553
0.013041217 -0.70259196 1.4705846 -0.12696455 -0.18952762 -0.97363204
-0.002800315 -0.6936616 1.4698062 -0.16121534 -0.4645393 0.8707542
7.563293e-05 -0.69519657 1.469801 -0.30179518 -0.42220825 0.85478646
0.008161772 -0.70003515 1.4705645 -0.08164471 -0.24363749 -0.96642375
0.004262713 -0.69701934 1.4700185 -0.018871957 -0.13448517 -0.9907359
0.013065203 -0.7015879 1.4702501 0.1604316 0.29395574 0.9422588
-0.002731416 -0.69266087 1.4701061 0.15733251 0.16955756 -0.97288054
0.000156049 -0.6942733 1.4701447 0.09736191 0.19712928 -0.9755309
0.0042269137 -0.69617254 1.469735 0.1640136 0.33975267 0.9261035
0.008301757 -0.69895613 1.4701823 0.1189611 0.29782096 0.94718045
-0.0043435222 -0.6925465 1.469845 0.90494025 0.42517 -0.017711468
0.013082234 -0.7015562 1.4706068 0.11022873 0.24386857 -0.96352357
-0.0027459234 -0.6926906 1.4697738 0.15058811 0.34071305 0.928029
0.00014056436 -0.6943054 1.4697866 0.1668947 0.32201743 0.9319071
0.008317299 -0.69892424 1.4705398 0.19385523 0.21051495 -0.9581772
0.0042423937 -0.69614047 1.4700927 0.1871239 0.2600583 -0.9472879
0.013055901 -0.7005777 1.4694117 0.38873962 0.77144325 0.5037428
-0.0027595544 -0.69143564 1.4705305 0.40137902 0.49003077 -0.7737988
0.0002113598 -0.69314 1.470695 0.33418536 0.62389034 -0.70645666
0.004222681 -0.69516444 1.468884 0.42060828 0.77275515 0.47532937
0.008296923 -0.6979477 1.4693344 0.43386483 0.75754476 0.48773676
-0.004633957 -0.6909337 1.4696882 0.9540611 0.28490505 -0.09271786
0.013142622 -0.7004163 1.4712288 0.32656062 0.672792 -0.6638592
-0.002825085 -0.69157 1.469032 0.40881386 0.6910376 0.5961026
0.00013717152 -0.69329447 1.4689698 0.39984208 0.75778544 0.5156428
0.008376161 -0.6977847 1.4711558 0.43807846 0.6339796 -0.63730454
0.0043002916 -0.6950047 1.4706635 0.3871839 0.63525945 -0.668232
0.012994229 -0.70005214 1.4673054 0.3775426 0.8148875 0.4397953
-0.0026890384 -0.6905005 1.4715569 0.5900855 0.38833854 -0.707808
0.00029649556 -0.69229114 1.4722079 0.4089339 0.631416 -0.6588527
0.004157053 -0.69463015 1.4668746 0.44841033 0.7687311 0.45604882
0.008224855 -0.69742453 1.4671944 0.4616935 0.78845835 0.40641442
-0.0046902127 -0.6895382 1.4694073 0.99389315 0.09948327 -0.047744017
0.01325773 -0.6995204 1.4732686 0.32444155 0.71795493 -0.6158558
-0.0028722393 -0.69086844 1.4674385 0.6161888 0.58009964 0.53272474
8.1333856e-05 -0.69274944 1.4670942 0.44257593 0.75587344 0.48247477
0.008483835 -0.6968962 1.4731017 0.45597515 0.6667584 -0.5895082
0.0043975334 -0.6941288 1.4724507 0.43815264 0.6652065 -0.6045847
0.012956035 -0.69694275 1.4638777 0.24001475 0.5762757 0.7812165
-0.0025475407 -0.68702924 1.4727304 0.7016134 0.106380634 -0.7045721
0.00047100135 -0.688832 1.4741826 0.40196696 0.28319776 -0.8707591
0.0041347854 -0.69160795 1.4640008 0.35053506 0.50204855 0.7906152
0.008187371 -0.6944471 1.4638205 0.3318998 0.5500783 0.76632655
-0.00464896 -0.68610895 1.4688902 0.99892694 0.020894757 -0.041332565
0.013478135 -0.6958665 1.4759386 0.18296835 0.42160925 -0.88812625
-0.0028665345 -0.6877074 1.4651943 0.70552385 0.29267943 0.6454261
6.8236244e-05 -0.68970674 1.4644573 0.39330456 0.46872267 0.7909555
0.008696315 -0.69339013 1.4756329 0.3296141 0.3876203 -0.8608746
0.0046048546 -0.6906246 1.4749473 0.3392908 0.35455394 -0.87130547
0.013059948 -0.6875458 1.4596518 0.093964726 0.2569501 0.96184576
-0.002254187 -0.6774517 1.4736193 0.77272916 -0.05996031 -0.6318975
0.00084917253 -0.67890686 1.4759438 0.4396015 -0.0076716444 -0.89816016
0.004255522 -0.6821924 1.4600291 0.2461351 0.20949396 0.9463244
0.008290796 -0.6850533 1.4595753 0.1883699 0.23859596 0.9526745
0.013860771 -0.6858444 1.4786767 0.059137866 0.08644958 -0.9944995
-0.0027424837 -0.67850065 1.4619735 0.7483871 0.083072916 0.6580391
0.00021435783 -0.6802789 1.460687 0.35981384 0.19063906 0.91334045
0.009070285 -0.6833842 1.4781806 0.19619788 0.061434623 -0.9786379
0.004994156 -0.6806473 1.4772425 0.26220945 0.024526509 -0.96469927
0.013459253 -0.67532337 1.4586596 -0.03227714 -0.050512552 0.9982017
-0.00148778 -0.6655543 1.4724482 0.7208087 -0.30517828 -0.62233514
0.0017055798 -0.66695637 1.4747281 0.3345773 -0.28636867 -0.8978034
0.004983168 -0.67016613 1.4590132 0.085170284 -0.0880054 0.99247223
0.008892253 -0.6729236 1.4585626 0.015736764 -0.061079606 0.9980088
0.014260022 -0.6734991 1.4774292 -0.05466656 -0.2333604 -0.97085243
-0.0019753883 -0.66658777 1.460952 0.694448 -0.19310713 0.69314617
0.0010748518 -0.6683085 1.4596651 0.23565423 -0.098125644 0.9668704
0.009655663 -0.6711929 1.4769309 0.026376443 -0.25149998 -0.9674979
0.005710629 -0.6686428 1.4760109 0.1140083 -0.27845615 -0.95365834
0.01470472 -0.6630324 1.4613404 -0.110759355 -0.3199031 0.9409539
0.0017538279 -0.6569862 1.4698205 0.5041786 -0.57816947 -0.64150137
0.004746148 -0.65728825 1.4705943 0.080518484 -0.58129126 -0.809702
0.007701028 -0.65934634 1.4615535 -0.09034924 -0.38162434 0.91989124
0.010896212 -0.66130644 1.4612899 -0.13426901 -0.33496565 0.9326145
0.015233843 -0.66113204 1.4720399 -0.12070633 -0.5287151 -0.84017277
0.001423844 -0.657662 1.4622468 0.40890157 -0.57272506 0.7104826
0.004363122 -0.65805686 1.4619362 0.0503441 -0.4659709 0.8833666
0.011393254 -0.65989715 1.4717999 -0.11269251 -0.53261685 -0.83882046
0.008148605 -0.6583976 1.4713148 -0.06560159 -0.5591554 -0.82646334
0.0155553445 -0.6541464 1.4659241 -0.23111635 -0.9678943 0.09882246
0.011733144 -0.6535429 1.4658756 -0.19480139 -0.9747708 0.1089695
0.008307655 -0.6528837 1.4658767 -0.10552795 -0.99055415 0.087557174
0.0049053854 -0.6529757 1.4658467 0.22777082 -0.9682915 0.102625206
0.0010666177 -0.6555006 1.4658977 0.69861245 -0.7063029 0.11435381
-0.0035518652 -0.6655852 1.4666511 0.96617705 -0.2576488 -0.010913914
-0.0046012662 -0.6774264 1.4677703 0.99854815 -0.044241652 -0.030727504
3 170 3 2
3 17 172 178
3 172 6 173
3 6 174 173
3 174 10 175
3 175 12 176
3 12 177 176
3 1 178 171
3 14 179 177
3 18 180 179
3 180 22 181
3 22 182 181
3 24 183 182
3 183 28 184
3 184 30 185
3 170 30 0
3 418 32 417
3 420 34 419
3 417 33 420
3 422 38 421
3 422 36 37
3 425 41 424
3 425 39 40
3 428 45 427
3 429 44 428
3 430 43 429
3 427 39 426
3 421 46 431
3 46 430 431
3 432 6 4
3 419 47 432
3 424 35 418
3 40 50 41
3 39 49 40
3 49 53 50
3 48 52 49
3 53 55 56
3 52 54 55
3 68 57 67
3 207 59 208
3 59 62 61
3 62 63 61
3 58 65 57
3 56 67 53
3 35 69 32
3 34 70 71
3 33 69 70
3 41 72 35
3 44 76 45
3 44 74 75
3 43 73 74
3 45 48 39
3 38 80 46
3 37 79 38
3 37 77 78
3 46 73 42
3 81 36 47
3 34 81 47
3 116 86 117
3 117 84 116
3 100 87 86
3 100 85 99
3 118 273 268
3 51 90 54
3 51 76 89
3 67 91 93
3 57 92 91
3 53 93 50
3 71 95 96
3 81 96 98
3 69 97 94
3 70 94 95
3 72 93 97
3 78 99 79
3 78 101 100
3 77 98 101
3 76 103 89
3 89 104 90
3 80 105 73
3 74 107 75
3 73 106 74
3 75 102 76
3 102 111 103
3 105 110 106
3 111 114 112
3 108 115 105
3 106 109 107
3 79 108 80
3 87 274 273
3 111 104 103
3 212 215 214
3 126 121 123
3 203 125 124
3 124 126 123
3 162 127 128
3 128 129 130
3 133 131 132
3 190 134 133
3 131 136 132
3 197 138 196
3 137 140 138
3 194 142 193
3 141 144 142
3 132 147 145
3 132 146 133
3 128 149 148
3 133 192 190
3 128 189 162
3 142 151 150
3 138 153 152
3 167 136 196
3 193 150 195
3 147 154 145
3 145 155 146
3 157 124 189
3 189 158 157
3 163 160 164
3 190 149 130
3 121 162 123
3 164 161 165
3 95 165 96
3 163 95 94
3 166 94 97
3 168 163 166
3 92 166 91
3 91 97 93
3 123 189 124
3 147 169 156
3 31 170 2
3 29 185 31
3 27 184 29
3 25 183 27
3 181 25 23
3 21 181 23
3 179 21 19
3 177 19 15
3 3 178 16
3 176 15 13
3 11 176 13
3 9 175 11
3 173 9 7
3 172 7 5
3 178 5 16
3 0 171 170
3 96 187 186
3 130 191 190
3 140 195 153
3 139 193 140
3 138 167 196
3 135 196 136
3 98 186 198
3 101 198 87
3 200 201 199
3 119 204 203
3 212 205 206
3 66 208 65
3 208 209 211
3 59 210 209
3 211 212 214
3 209 213 212
3 211 65 208
3 63 120 119
3 206 159 215
3 206 158 216
3 168 215 159
3 211 214 168
3 92 211 168
3 119 217 63
3 157 220 203
3 119 220 219
3 158 205 222
3 157 222 218
3 213 221 224
3 210 223 221
3 63 223 61
3 213 222 205
3 224 230 222
3 218 230 226
3 218 228 220
3 221 231 229
3 221 232 224
3 223 225 231
3 217 227 225
3 219 228 227
3 226 236 228
3 231 233 239
3 229 239 237
3 225 235 233
3 227 236 235
3 232 238 230
3 226 238 234
3 229 240 232
3 241 237 239
3 238 241 234
3 236 241 235
3 241 233 235
3 192 242 149
3 149 216 148
3 158 148 216
3 160 216 242
3 243 146 155
3 160 243 161
3 202 244 201
3 295 257 260
3 249 437 245
3 251 252 253
3 253 254 251
3 260 256 258
3 257 169 256
3 255 258 254
3 258 152 153
3 251 195 150
3 150 250 251
3 254 153 195
3 167 256 169
3 156 261 154
3 155 261 262
3 156 259 263
3 155 161 243
3 262 165 161
3 200 186 187
3 262 200 187
3 276 199 201
3 263 245 202
3 261 202 200
3 259 249 245
3 266 255 253
3 266 264 265
3 253 267 266
3 198 199 274
3 244 437 435
3 433 434 248
3 118 83 117
3 274 275 273
3 82 268 269
3 268 278 269
3 282 280 281
3 278 282 281
3 280 283 284
3 284 285 286
3 286 287 288
3 288 289 290
3 290 291 292
3 292 293 294
3 84 293 116
3 272 248 246
3 271 201 244
3 271 435 433
3 270 276 271
3 260 265 295
3 435 436 434
3 296 297 247
3 297 300 299
3 300 265 264
3 436 296 247
3 265 298 295
3 279 272 246
3 275 268 273
3 87 117 86
3 113 107 109
3 116 301 85
3 85 302 99
3 99 88 108
3 301 305 302
3 315 307 314
3 307 308 309
3 312 310 311
3 332 313 312
3 304 314 305
3 319 311 323
3 113 320 114
3 316 321 320
3 317 322 321
3 318 323 322
3 314 324 326
3 309 324 307
3 327 302 305
3 305 326 327
3 312 334 332
3 325 328 324
3 329 334 335
3 326 328 330
3 331 328 329
3 336 329 335
3 337 331 338
3 317 335 318
3 335 319 318
3 332 325 309
3 309 333 332
3 115 338 110
3 88 337 115
3 330 327 326
3 336 338 331
3 339 110 338
3 316 109 339
3 317 339 336
3 287 341 340
3 349 342 348
3 342 345 344
3 345 346 344
3 340 349 348
3 347 350 351
3 344 353 352
3 388 354 387
3 369 356 368
3 356 359 358
3 366 361 360
3 363 361 365
3 313 364 310
3 363 364 362
3 358 367 366
3 355 368 354
3 360 379 378
3 291 374 293
3 371 384 383
3 371 376 375
3 373 376 372
3 293 303 116
3 378 377 373
3 380 377 381
3 381 379 382
3 308 382 333
3 308 380 381
3 363 382 379
3 333 362 313
3 383 374 370
3 386 384 375
3 315 385 386
3 374 385 303
3 303 304 301
3 386 306 315
3 375 380 386
3 352 388 387
3 387 408 403
3 370 393 383
3 389 394 393
3 390 395 394
3 392 395 391
3 401 398 397
3 399 398 400
3 409 400 410
3 395 401 394
3 398 404 400
3 400 411 410
3 404 408 411
3 396 402 395
3 394 405 393
3 401 406 405
3 397 407 406
3 406 373 372
3 405 372 371
3 383 405 371
3 411 354 368
3 410 368 356
3 358 410 356
3 403 396 392
3 412 399 409
3 366 409 358
3 373 412 378
3 360 412 366
3 414 392 413
3 342 413 348
3 415 390 416
3 340 416 287
3 389 291 289
3 389 416 390
3 289 287 416
3 348 415 340
3 391 413 392
3 344 414 342
3 403 352 387
3 28 418 30
3 4 419 432
3 47 423 432
3 431 14 12
3 10 431 12
3 427 24 22
3 14 429 18
3 18 428 20
3 22 428 427
3 26 426 425
3 26 424 28
3 8 423 422
3 8 421 10
3 1 417 420
3 1 419 17
3 30 417 0
3 295 298 296
3 249 295 296
3 433 270 271
3 272 282 270
3 277 270 282
3 297 439 438
3 439 440 438
3 440 443 442
3 440 444 438
3 438 247 297
3 443 445 442
3 455 448 447
3 453 449 454
3 480 452 451
3 451 471 476
3 445 456 455
3 285 458 341
3 343 459 457
3 457 345 343
3 341 459 349
3 467 498 500
3 466 500 499
3 485 465 464
3 502 468 501
3 477 484 470
3 472 473 474
3 448 454 447
3 473 442 445
3 434 482 248
3 434 436 483
3 436 444 483
3 444 475 483
3 474 478 477
3 248 480 246
3 472 483 475
3 479 482 472
3 457 485 464
3 459 476 485
3 455 473 445
3 447 478 455
3 465 499 502
3 476 487 485
3 451 458 283
3 279 451 283
3 246 480 279
3 492 486 489
3 494 481 492
3 479 491 452
3 493 492 491
3 471 491 490
3 491 489 490
3 472 493 479
3 477 493 474
3 470 494 477
3 490 495 496
3 496 467 466
3 487 466 465
3 471 496 487
3 460 495 497
3 497 489 486
3 469 499 463
3 465 501 464
3 463 500 462
3 500 461 462
3 501 351 350
3 464 350 457
3 548 546 547
3 509 508 521
3 522 509 521
3 513 511 512
3 548 504 506
3 511 516 512
3 518 519 520
3 525 538 524
3 520 509 510
3 519 505 509
3 504 526 525
3 526 542 525
3 528 539 540
3 529 539 527
3 529 530 532
3 528 530 527
3 532 533 535
3 531 533 530
3 516 517 518
3 507 521 503
3 534 543 537
3 528 543 531
3 542 529 532
3 542 535 538
3 545 514 536
3 545 515 511
3 539 544 545
3 539 536 540
3 514 507 503
3 505 549 548
3 505 547 508
3 506 550 551
3 506 552 546
3 543 554 555
3 537 555 553
3 553 546 552
3 555 547 546
3 550 525 524
3 523 517 556
3 517 544 556
3 556 541 526
3 549 556 526
3 508 554 557
3 536 503 557
3 540 557 554
3 508 503 521
3 1015 1828 1017
3 1016 1825 1827
3 534 562 533
3 535 562 561
3 563 564 562
3 561 564 566
3 565 567 564
3 566 567 569
3 570 1823 1018
3 1019 1821 1020
3 552 573 575
3 551 574 573
3 580 577 578
3 579 576 577
3 573 581 579
3 573 580 575
3 1020 585 1022
3 1021 1923 1016
3 585 1924 1022
3 1018 589 1024
3 1017 588 569
3 1024 588 1023
3 583 593 591
3 553 592 537
3 590 593 592
3 553 575 590
3 580 590 575
3 578 591 580
3 595 574 597
3 566 596 561
3 594 597 596
3 524 596 597
3 524 574 550
3 538 561 596
3 589 594 588
3 569 594 566
3 595 576 581
3 565 592 593
3 568 593 582
3 537 563 534
3 673 601 672
3 481 604 602
3 481 603 486
3 604 605 606
3 606 607 608
3 638 610 637
3 610 611 612
3 612 613 614
3 520 616 518
3 516 616 615
3 614 619 616
3 616 618 615
3 615 617 620
3 620 621 622
3 643 623 624
3 624 626 625
3 625 486 603
3 648 628 639
3 647 628 646
3 628 640 639
3 627 631 628
3 674 642 675
3 641 673 599
3 630 636 631
3 631 641 640
3 470 634 635
3 634 447 454
3 470 605 488
3 640 599 632
3 675 600 673
3 629 640 632
3 645 639 629
3 607 637 608
3 622 644 643
3 627 634 630
3 454 630 634
3 647 635 627
3 609 648 645
3 607 647 646
3 638 646 648
3 629 650 645
3 645 611 609
3 649 632 651
3 598 632 599
3 612 652 610
3 658 653 657
3 653 656 655
3 665 656 666
3 664 657 663
3 522 659 661
3 507 660 659
3 522 661 652
3 520 510 614
3 614 510 612
3 513 512 662
3 622 512 620
3 615 620 512
3 516 615 512
3 661 654 658
3 659 656 654
3 637 663 608
3 610 664 637
3 658 652 661
3 624 666 643
3 643 662 622
3 660 666 656
3 667 602 604
3 669 602 668
3 655 668 653
3 657 668 667
3 670 655 665
3 670 624 625
3 603 670 625
3 663 667 671
3 608 671 606
3 671 604 606
3 636 675 641
3 599 672 598
3 633 677 676
3 677 636 449
3 450 677 449
3 510 522 652
3 660 513 662
3 461 679 678
3 693 680 692
3 694 683 682
3 690 685 684
3 688 687 686
3 684 689 688
3 723 691 690
3 701 692 700
3 706 695 694
3 460 697 696
3 497 626 697
3 696 498 460
3 696 699 698
3 623 697 626
3 678 701 700
3 679 698 701
3 705 703 704
3 621 704 644
3 644 699 623
3 704 698 699
3 703 681 693
3 693 698 703
3 680 707 706
3 738 718 713
3 708 737 710
3 613 710 619
3 710 738 713
3 611 711 613
3 618 714 617
3 714 717 716
3 716 695 707
3 702 707 681
3 617 705 621
3 705 716 702
3 717 718 719
3 715 713 718
3 717 683 695
3 771 745 772
3 682 724 723
3 724 722 691
3 721 683 719
3 720 719 718
3 619 713 618
3 732 725 726
3 726 727 728
3 734 729 731
3 734 730 736
3 735 726 729
3 598 732 735
3 651 736 649
3 651 735 734
3 672 733 732
3 649 711 650
3 736 712 711
3 731 739 730
3 708 711 712
3 730 741 712
3 742 731 729
3 728 729 726
3 709 712 741
3 745 747 748
3 772 743 773
3 743 748 746
3 764 751 765
3 766 751 749
3 759 753 754
3 760 754 752
3 749 755 757
3 751 756 755
3 757 759 760
3 755 758 759
3 1008 950 949
3 791 949 850
3 768 758 767
3 770 750 769
3 959 952 911
3 761 764 765
3 768 728 727
3 742 769 740
3 728 770 742
3 756 767 758
3 689 773 687
3 685 772 689
3 691 771 685
3 747 779 777
3 778 762 776
3 709 775 737
3 850 746 748
3 739 776 741
3 738 779 720
3 949 855 746
3 950 1005 959
3 995 911 952
3 740 778 739
3 764 769 750
3 779 721 720
3 744 722 779
3 802 787 798
3 848 783 844
3 852 790 849
3 851 794 852
3 851 783 793
3 855 743 746
3 853 773 743
3 802 797 800
3 843 780 781
3 776 1003 774
3 789 802 800
3 785 802 799
3 785 805 801
3 787 805 804
3 789 807 799
3 807 785 799
3 797 809 808
3 787 809 798
3 807 810 803
3 807 811 812
3 972 816 817
3 972 815 806
3 873 818 867
3 872 820 873
3 820 821 818
3 819 823 820
3 823 824 821
3 822 826 823
3 869 829 827
3 837 829 838
3 828 809 829
3 918 814 920
3 835 873 834
3 898 788 897
3 827 809 804
3 847 781 780
3 795 854 853
3 782 833 783
3 813 783 833
3 870 842 871
3 741 774 709
3 686 846 843
3 846 875 780
3 795 855 796
3 760 851 757
3 757 852 749
3 737 777 738
3 749 849 766
3 752 844 760
3 687 854 846
3 847 856 845
3 856 859 858
3 858 861 860
3 871 784 814
3 866 842 863
3 841 863 842
3 861 865 860
3 792 784 866
3 919 871 918
3 862 864 863
3 834 867 836
3 811 834 812
3 825 830 826
3 824 830 840
3 812 836 810
3 830 869 840
3 864 839 832
3 874 838 830
3 866 832 792
3 866 863 864
3 786 814 784
3 888 876 868
3 924 877 925
3 937 805 936
3 896 881 895
3 839 884 883
3 883 886 885
3 882 886 881
3 814 887 888
3 923 878 924
3 941 824 943
3 940 869 827
3 938 840 869
3 927 891 890
3 926 890 889
3 935 805 803
3 941 818 821
3 930 894 893
3 930 892 929
3 943 891 892
3 929 891 928
3 926 879 923
3 937 889 940
3 880 895 788
3 896 933 932
3 868 898 897
3 880 934 933
3 900 946 945
3 899 945 944
3 944 894 899
3 899 931 932
3 877 934 925
3 935 810 946
3 859 903 904
3 857 902 903
3 903 905 906
3 904 906 907
3 905 875 795
3 847 875 902
3 859 884 861
3 884 907 886
3 905 909 906
3 906 910 907
3 907 881 886
3 908 795 796
3 908 912 909
3 910 912 913
3 775 747 777
3 881 913 895
3 774 763 775
3 850 1003 791
3 748 763 850
3 916 790 794
3 922 916 917
3 922 813 920
3 917 794 793
3 813 917 793
3 888 920 814
3 868 922 888
3 831 918 833
3 833 920 813
3 915 868 897
3 791 762 761
3 916 915 914
3 925 898 876
3 932 882 896
3 933 901 900
3 932 900 899
3 786 926 923
3 883 928 839
3 885 929 883
3 885 931 930
3 792 927 926
3 832 928 927
3 786 924 887
3 887 925 876
3 935 901 877
3 867 942 944
3 944 836 867
3 945 810 836
3 804 940 827
3 824 939 943
3 893 942 941
3 877 936 935
3 890 939 938
3 890 940 889
3 893 943 892
3 879 936 878
3 1165 958 1164
3 994 960 947
3 822 955 954
3 825 954 953
3 987 967 973
3 1164 956 1173
3 976 1170 1171
3 1168 968 977
3 987 979 985
3 835 962 963
3 988 961 989
3 1169 977 980
3 874 971 837
3 1172 956 968
3 806 962 811
3 985 966 986
3 789 972 806
3 797 972 800
3 837 970 828
3 1166 976 1171
3 992 948 947
3 950 796 855
3 816 989 981
3 796 911 908
3 982 1006 983
3 970 808 828
3 825 969 874
3 990 1006 984
3 984 965 988
3 991 966 948
3 960 1001 964
3 872 963 978
3 819 978 955
3 1165 974 957
3 981 961 967
3 1166 951 975
3 982 954 955
3 963 986 991
3 969 988 971
3 978 982 955
3 969 990 984
3 978 991 992
3 815 986 962
3 971 989 970
3 817 985 815
3 954 990 953
3 817 981 987
3 1006 947 960
3 967 996 999
3 964 1006 960
3 964 997 965
3 979 1000 966
3 947 993 994
3 948 1000 993
3 965 996 961
3 979 998 1004
3 1169 951 1167
3 967 998 973
3 1009 1007 1008
3 766 1010 1009
3 1008 761 1009
3 765 1009 761
3 912 1012 913
3 895 1012 788
3 1012 1011 788
3 1013 1005 1014
3 914 1014 790
3 1007 1014 1005
3 790 1010 849
3 952 1011 995
3 1011 897 788
3 915 1013 914
3 1017 586 1023
3 1022 1922 1021
3 570 1024 587
3 583 1021 582
3 582 1016 568
3 583 1020 1022
3 578 1019 1020
3 576 1019 577
3 568 1015 567
3 569 1015 1017
3 1032 1029 1033
3 1031 1029 1025
3 1027 1033 1031
3 1028 1033 1030
3 1093 1410 1094
3 1399 1092 1397
3 1417 1403 1387
3 1416 1400 1068
3 1382 1042 1043
3 1382 1041 1380
3 1420 1046 1044
3 1418 1045 1046
3 1050 1045 1047
3 1421 1044 1379
3 1077 1398 1076
3 1077 1400 1397
3 1052 1405 1035
3 1056 1057 1054
3 1056 1034 1058
3 1057 1061 1059
3 1034 1061 1058
3 1032 1063 1026
3 1062 1028 1065
3 1026 1066 1064
3 1064 1067 1055
3 1422 1068 1384
3 1093 1399 1390
3 1055 1070 1034
3 1413 1084 1069
3 1410 1092 1094
3 1034 1070 1060
3 1083 1025 1084
3 1054 1072 1079
3 1385 1076 1381
3 1383 1076 1075
3 1384 1047 1045
3 1092 1398 1397
3 1050 1044 1046
3 1379 1048 1383
3 1093 1394 1097
3 1095 1396 1398
3 1027 1080 1081
3 1079 1074 1025
3 1064 1085 1087
3 1408 1096 1095
3 1055 1088 1085
3 1082 1413 1406
3 1089 1026 1086
3 1084 1029 1089
3 1035 1086 1052
3 1082 1079 1083
3 1412 1090 1091
3 1409 1085 1407
3 1064 1086 1026
3 1087 1052 1086
3 1051 1097 1036
3 1085 1408 1407
3 1387 1415 1417
3 1088 1054 1082
3 1391 1415 1393
3 1402 1090 1388
3 1096 1402 1396
3 1075 1403 1049
3 1412 1096 1406
3 1075 1398 1396
3 1407 1095 1092
3 1069 1089 1035
3 1028 1098 1065
3 1027 1098 1030
3 1105 1099 1102
3 1106 1099 1100
3 975 1103 1107
3 1103 1106 1107
3 980 1103 951
3 1104 1102 1103
3 1117 1108 1119
3 1117 1109 1110
3 1115 1113 1112
3 1115 1111 1114
3 1144 1114 1143
3 1144 1116 1115
3 1121 1118 1117
3 1121 1119 1120
3 1112 1120 1111
3 1112 1122 1121
3 1128 1123 1125
3 976 1126 974
3 1127 1125 1126
3 1146 1129 1130
3 1142 1132 1141
3 1110 1133 1108
3 1110 1134 1135
3 1133 1138 1136
3 1134 1138 1135
3 1131 1140 1132
3 1134 1139 1137
3 1140 1109 1118
3 1132 1118 1122
3 1129 1141 1130
3 1141 1122 1113
3 1130 1113 1116
3 958 1145 1144
3 958 1143 956
3 957 1126 1145
3 1125 1147 1146
3 1126 1146 1145
3 1145 1130 1116
3 1124 1106 1100
3 975 1127 976
3 1128 1107 1106
3 1111 1149 1114
3 1120 1148 1111
3 977 1151 1152
3 1155 1153 1154
3 1152 1156 1155
3 1158 1149 1157
3 1157 1148 1159
3 1136 1160 1133
3 1108 1160 1119
3 1160 1163 1150
3 1150 1159 1148
3 1119 1150 1120
3 1156 1158 1153
3 1114 1162 1143
3 968 1143 1151
3 1151 1162 1156
3 1104 1155 1105
3 1152 980 977
3 1155 1101 1105
3 1169 1002 994
3 1001 1167 1166
3 999 1170 1165
3 1001 1171 997
3 1000 1173 1172
3 994 1168 1169
3 993 1172 1168
3 997 1170 996
3 1004 1164 1173
3 999 1164 998
3 1136 1176 1174
3 1137 1176 1138
3 1198 1177 1195
3 1198 1178 1179
3 1192 1182 1180
3 1193 1181 1182
3 1190 1183 1189
3 1190 1184 1185
3 1187 1101 1186
3 1188 1099 1187
3 1185 1188 1187
3 1185 1186 1183
3 1188 1124 1100
3 1154 1186 1101
3 1181 1190 1182
3 1180 1190 1189
3 1124 1191 1123
3 1153 1183 1154
3 1180 1153 1158
3 1179 1194 1193
3 1179 1192 1177
3 1192 1158 1157
3 1177 1157 1159
3 1175 1197 1176
3 1197 1200 1198
3 1174 1197 1196
3 1196 1198 1195
3 1196 1163 1161
3 1195 1159 1163
3 1174 1161 1136
3 1123 1181 1147
3 1147 1194 1129
3 1142 1200 1131
3 1131 1199 1139
3 1139 1175 1137
3 1129 1178 1142
3 1231 1936 1937
3 143 1203 1204
3 1222 1202 1223
3 194 1212 1213
3 191 1219 1218
3 131 1207 135
3 131 1206 1205
3 1938 1225 1224
3 1940 1229 1230
3 1213 1226 1227
3 1215 127 188
3 122 1216 121
3 1218 1233 1232
3 197 1221 137
3 135 1220 197
3 137 1212 139
3 1213 141 194
3 1227 1201 1222
3 1230 1937 1940
3 1216 188 121
3 1214 129 127
3 1941 1233 1229
3 1939 1226 1225
3 134 1218 1206
3 1221 1226 1212
3 1203 1227 1222
3 1211 1226 1210
3 1220 1225 1221
3 1203 1223 1204
3 1229 1219 1214
3 1215 1231 1230
3 1232 1209 1208
3 1230 1214 1215
3 1217 1231 1216
3 1207 1234 1236
3 1205 1235 1234
3 1236 1220 1207
3 1232 1206 1218
3 1208 1235 1232
3 1236 1938 1224
3 1283 1238 1284
3 1281 1238 1237
3 1255 1240 1282
3 1254 1244 1243
3 1260 1243 1242
3 1271 1247 1246
3 1271 1245 1277
3 1276 1249 1250
3 1276 1248 1288
3 1286 1252 1287
3 1287 1239 1283
3 1288 1251 1286
3 1255 1237 1241
3 1282 1244 1261
3 1270 1242 1247
3 1277 1249 1289
3 1238 1239 1253
3 1237 1238 1253
3 1240 1258 1244
3 1243 1258 1257
3 1246 1247 1259
3 1245 1246 1259
3 1251 1262 1264
3 1250 1262 1248
3 1245 1265 1249
3 1265 1250 1249
3 1252 1264 1266
3 1252 1253 1239
3 1267 1247 1242
3 1243 1267 1242
3 1268 1240 1241
3 1241 1253 1268
3 1256 1272 1258
3 1267 1257 1273
3 1263 1278 1262
3 31 1283 29
3 1263 1265 1279
3 1265 1269 1279
3 1257 1272 1273
3 1267 1269 1259
3 1256 1268 1274
3 1266 1264 1280
3 3 1286 2
3 1264 1278 1280
3 1268 1275 1274
3 16 1288 3
3 1266 1275 1253
3 2 1287 31
3 1280 1278 1285
3 13 1254 1260
3 1278 1279 1285
3 7 1271 1277
3 16 1289 1276
3 1274 1275 1285
3 23 1281 1255
3 7 1289 5
3 1272 1274 1285
3 11 1260 1270
3 21 1261 19
3 1273 1272 1285
3 1269 1273 1285
3 1279 1269 1285
3 9 1270 1271
3 1275 1280 1285
3 19 1254 15
3 23 1282 21
3 25 1284 1281
3 29 1284 27
3 288 1290 286
3 280 1293 1292
3 286 1293 284
3 281 1294 278
3 278 1294 269
3 1301 1299 1300
3 83 1301 84
3 1302 1303 1299
3 1297 83 82
3 1303 1298 1304
3 1305 1308 1306
3 1308 1293 1290
3 1311 269 1294
3 1311 1309 1310
3 1295 1311 1294
3 1295 1315 1314
3 1307 1292 1293
3 1291 1308 1290
3 1313 1311 1314
3 1316 1314 1315
3 1307 1316 1315
3 281 1292 1295
3 1301 1317 1318
3 1317 1320 1318
3 1320 1321 1322
3 1321 1324 1322
3 1324 1306 1308
3 1318 1325 1327
3 1320 1326 1325
3 1322 1291 1326
3 1326 288 290
3 1325 290 292
3 1327 292 294
3 1301 1327 84
3 294 84 1327
3 1297 1328 1298
3 269 1328 82
3 1298 1329 1304
3 1329 1330 1331
3 1309 1333 1332
3 1310 1336 1328
3 1328 1334 1298
3 1339 1342 1341
3 1341 1340 1338
3 1317 1345 1319
3 1317 1361 1362
3 1299 1347 1346
3 1346 1300 1299
3 1306 1350 1348
3 1323 1349 1350
3 1319 1349 1321
3 1313 1352 1333
3 1313 1333 1312
3 1351 1306 1348
3 1305 1352 1316
3 1348 1369 1351
3 1348 1355 1353
3 1355 1349 1364
3 1364 1345 1363
3 1355 1365 1354
3 1355 1357 1353
3 1365 1358 1354
3 1358 1361 1346
3 1356 1360 1359
3 1345 1362 1363
3 1344 1359 1360
3 1343 1362 1361
3 1360 1362 1344
3 1356 1365 1364
3 1356 1366 1365
3 1343 1366 1359
3 1356 1363 1360
3 1303 1304 1347
3 1304 1368 1347
3 1369 1357 1370
3 1330 1357 1331
3 1296 1371 1330
3 1296 1334 1367
3 1358 1372 1354
3 1354 1372 1357
3 1358 1346 1373
3 1347 1373 1346
3 1374 1373 1368
3 1374 1329 1331
3 1372 1331 1357
3 1351 1370 1352
3 1309 1337 1339
3 1309 1335 1310
3 1335 1341 1336
3 1336 1338 1334
3 1367 1338 1340
3 1340 1376 1367
3 1337 1376 1342
3 1332 1375 1376
3 1376 1371 1367
3 1352 1375 1333
3 1371 1370 1330
3 1025 1080 1031
3 1057 1059 1377
3 1057 1073 1054
3 1075 1379 1383
3 1068 1385 1384
3 1048 1381 1383
3 1047 1381 1050
3 1419 1384 1045
3 1421 1049 1417
3 1038 1382 1380
3 1039 1382 1040
3 1390 1395 1394
3 1392 1393 1395
3 1394 1389 1388
3 1389 1393 1387
3 1396 1402 1404
3 1396 1404 1403
3 1390 1401 1392
3 1401 1391 1392
3 1387 1404 1389
3 1404 1388 1389
3 1397 1400 1401
3 1397 1401 1399
3 1097 1388 1090
3 1037 1036 1405
3 1035 1053 1069
3 1405 1078 1053
3 1052 1411 1037
3 1411 1051 1037
3 1407 1410 1411
3 1407 1411 1409
3 1069 1414 1413
3 1414 1078 1412
3 1412 1406 1414
3 1414 1406 1413
3 1036 1090 1078
3 1039 1415 1416
3 1038 1415 1040
3 1043 1419 1418
3 1043 1420 1041
3 1038 1421 1417
3 1042 1422 1419
3 1041 1421 1380
3 1039 1422 1386
3 1467 1503 1468
3 1492 1466 1490
3 1510 1496 1480
3 1509 1493 1449
3 1475 1433 1434
3 1475 1432 1473
3 1513 1437 1435
3 1512 1437 1511
3 1441 1436 1438
3 1514 1435 1472
3 1453 1491 1452
3 1453 1493 1490
3 1443 1498 1426
3 1515 1449 1477
3 1467 1492 1483
3 1506 1458 1450
3 1503 1466 1468
3 1457 1423 1458
3 1478 1452 1474
3 1474 1451 1476
3 1477 1438 1436
3 1466 1491 1490
3 1441 1435 1437
3 1472 1439 1476
3 1467 1487 1471
3 1491 1470 1489
3 1448 1459 1461
3 1469 1499 1470
3 1446 1462 1459
3 1456 1506 1499
3 1463 1424 1460
3 1458 1425 1463
3 1426 1460 1443
3 1456 1455 1457
3 1505 1464 1465
3 1502 1459 1500
3 1448 1460 1424
3 1461 1443 1460
3 1442 1471 1427
3 1459 1501 1500
3 1480 1508 1510
3 1462 1445 1456
3 1484 1508 1486
3 1495 1464 1481
3 1470 1495 1489
3 1451 1496 1440
3 1505 1470 1499
3 1452 1489 1451
3 1500 1469 1466
3 1450 1463 1426
3 1451 1472 1476
3 1449 1478 1477
3 1439 1474 1476
3 1438 1474 1441
3 1512 1477 1436
3 1514 1440 1510
3 1429 1475 1473
3 1430 1475 1431
3 1487 1485 1488
3 1485 1486 1488
3 1487 1482 1481
3 1482 1486 1480
3 1489 1495 1497
3 1489 1497 1496
3 1483 1494 1485
3 1494 1484 1485
3 1496 1482 1480
3 1497 1481 1482
3 1490 1493 1494
3 1490 1494 1492
3 1471 1481 1464
3 1428 1427 1498
3 1426 1444 1450
3 1498 1454 1444
3 1443 1504 1428
3 1504 1442 1428
3 1500 1503 1504
3 1500 1504 1502
3 1450 1507 1506
3 1444 1505 1507
3 1505 1499 1507
3 1507 1499 1506
3 1427 1464 1454
3 1430 1508 1509
3 1429 1508 1431
3 1434 1512 1511
3 1434 1513 1432
3 1429 1514 1510
3 1433 1515 1512
3 1432 1514 1473
3 1430 1515 1479
3 1560 1596 1561
3 1561 1583 1585
3 1603 1589 1573
3 1602 1586 1542
3 1568 1526 1527
3 1568 1525 1566
3 1606 1530 1528
3 1605 1530 1604
3 1534 1529 1531
3 1607 1528 1565
3 1546 1584 1545
3 1546 1586 1583
3 1536 1591 1519
3 1608 1542 1570
3 1560 1585 1576
3 1599 1551 1543
3 1596 1559 1561
3 1550 1516 1551
3 1571 1545 1567
3 1567 1544 1569
3 1570 1531 1529
3 1559 1584 1583
3 1534 1528 1530
3 1565 1532 1569
3 1560 1580 1564
3 1584 1563 1582
3 1541 1552 1554
3 1562 1592 1563
3 1539 1555 1552
3 1549 1599 1592
3 1556 1517 1553
3 1551 1518 1556
3 1519 1553 1536
3 1538 1550 1549
3 1558 1547 1557
3 1595 1552 1593
3 1541 1553 1517
3 1554 1536 1553
3 1535 1564 1520
3 1552 1594 1593
3 1573 1601 1603
3 1555 1538 1592
3 1577 1601 1579
3 1588 1557 1574
3 1563 1588 1582
3 1544 1589 1533
3 1592 1558 1563
3 1544 1584 1582
3 1559 1594 1562
3 1543 1556 1519
3 1544 1565 1569
3 1542 1571 1570
3 1532 1567 1569
3 1531 1567 1534
3 1605 1570 1529
3 1607 1533 1603
3 1522 1568 1566
3 1523 1568 1524
3 1576 1581 1580
3 1578 1579 1581
3 1580 1575 1574
3 1575 1579 1573
3 1582 1588 1590
3 1582 1590 1589
3 1576 1587 1578
3 1587 1577 1578
3 1589 1575 1573
3 1590 1574 1575
3 1583 1586 1587
3 1583 1587 1585
3 1564 1574 1557
3 1521 1520 1591
3 1519 1537 1543
3 1591 1547 1537
3 1595 1521 1536
3 1597 1535 1521
3 1593 1596 1597
3 1593 1597 1595
3 1543 1600 1599
3 1600 1547 1598
3 1598 1592 1600
3 1600 1592 1599
3 1564 1547 1520
3 1523 1601 1602
3 1522 1601 1524
3 1527 1605 1604
3 1527 1606 1525
3 1522 1607 1603
3 1526 1608 1605
3 1525 1607 1566
3 1523 1608 1572
3 1653 1689 1654
3 1678 1652 1676
3 1696 1682 1666
3 1695 1679 1635
3 1661 1619 1620
3 1661 1618 1659
3 1699 1623 1621
3 1698 1623 1697
3 1627 1622 1624
3 1700 1621 1658
3 1639 1677 1638
3 1639 1679 1676
3 1629 1684 1612
3 1701 1635 1663
3 1653 1678 1669
3 1692 1644 1636
3 1689 1652 1654
3 1643 1609 1644
3 1664 1638 1660
3 1662 1638 1637
3 1663 1624 1622
3 1652 1677 1676
3 1627 1621 1623
3 1658 1625 1662
3 1653 1673 1657
3 1677 1656 1675
3 1071 1645 1647
3 1687 1656 1655
3 1645 1633 1648
3 1642 1692 1685
3 1646 1611 1610
3 1644 1611 1649
3 1612 1646 1629
3 1642 1641 1643
3 1691 1650 1651
3 1688 1645 1686
3 1071 1646 1610
3 1647 1629 1646
3 1628 1657 1613
3 1645 1687 1686
3 1666 1694 1696
3 1648 1631 1642
3 1670 1694 1672
3 1681 1650 1667
3 1656 1681 1675
3 1637 1682 1626
3 1691 1656 1685
3 1637 1677 1675
3 1686 1655 1652
3 1636 1649 1612
3 1637 1658 1662
3 1635 1664 1663
3 1625 1660 1662
3 1624 1660 1627
3 1698 1663 1622
3 1700 1626 1696
3 1615 1661 1659
3 1616 1661 1617
3 1669 1674 1673
3 1671 1672 1674
3 1673 1668 1667
3 1668 1672 1666
3 1675 1681 1683
3 1675 1683 1682
3 1678 1671 1669
3 1680 1670 1671
3 1666 1683 1668
3 1668 1681 1667
3 1676 1679 1680
3 1676 1680 1678
3 1657 1667 1650
3 1614 1613 1684
3 1612 1630 1636
3 1684 1640 1630
3 1629 1690 1614
3 1690 1628 1614
3 1686 1689 1690
3 1686 1690 1688
3 1636 1693 1692
3 1693 1640 1691
3 1691 1685 1693
3 1693 1685 1692
3 1657 1640 1613
3 1616 1694 1695
3 1615 1694 1617
3 1620 1698 1697
3 1620 1699 1618
3 1615 1700 1696
3 1619 1701 1698
3 1618 1700 1659
3 1616 1701 1665
3 1916 1872 1901
3 1747 1721 1745
3 1758 1751 1735
3 1757 1748 1715
3 1730 1706 1707
3 1730 1705 1728
3 1761 1710 1708
3 1760 1710 1759
3 1714 1709 1711
3 1762 1708 1727
3 1718 1746 1717
3 1718 1748 1745
3 1763 1715 1732
3 1738 1723 1747
3 1755 1905 1754
3 1733 1717 1729
3 1731 1717 1716
3 1732 1711 1709
3 1745 1724 1746
3 1714 1708 1710
3 1727 1712 1731
3 1722 1742 1726
3 1746 1725 1744
3 1915 1725 1903
3 1901 1888 1812
3 1726 1900 1895
3 1741 1758 1735
3 1739 1756 1741
3 1720 1736 1750
3 1725 1750 1744
3 1716 1751 1713
3 1916 1854 1870
3 1716 1746 1744
3 1912 1855 1906
3 1716 1727 1731
3 1715 1733 1732
3 1712 1729 1731
3 1711 1729 1714
3 1760 1732 1709
3 1762 1713 1758
3 1702 1730 1728
3 1703 1730 1704
3 1738 1743 1742
3 1740 1741 1743
3 1736 1743 1737
3 1743 1735 1737
3 1744 1750 1752
3 1744 1752 1751
3 1747 1740 1738
3 1749 1739 1740
3 1735 1752 1737
3 1737 1750 1736
3 1745 1748 1749
3 1745 1749 1747
3 1726 1736 1719
3 1897 1810 1811
3 1703 1756 1757
3 1702 1756 1704
3 1707 1760 1759
3 1707 1761 1705
3 1702 1762 1758
3 1706 1763 1760
3 1705 1762 1728
3 1703 1763 1734
3 1773 1766 1060
3 1775 1766 1774
3 1770 1769 1767
3 1771 1059 1769
3 1447 1772 1771
3 1445 1771 1770
3 1632 1774 1633
3 1633 1773 1631
3 1538 1778 1776
3 1540 1777 1778
3 1776 1780 1779
3 1777 1780 1778
3 1793 1781 1783
3 1793 1782 1798
3 1800 1786 1799
3 1799 1785 1801
3 1803 1789 1802
3 1802 1788 1804
3 1784 1792 1786
3 1786 1081 1785
3 1782 1796 1863
3 1789 1790 1788
3 1781 1796 1783
3 1634 1864 1765
3 1611 1798 1610
3 1611 1797 1793
3 1425 1801 1424
3 1423 1799 1425
3 1518 1804 1517
3 1516 1802 1518
3 1805 1788 1790
3 1800 1807 1805
3 1074 1801 1080
3 1080 1785 1081
3 1072 1424 1074
3 1073 1448 1072
3 1377 1446 1073
3 1059 1772 1377
3 1070 1773 1060
3 1631 1070 1067
3 1067 1641 1631
3 1063 1641 1066
3 1062 1609 1063
3 1781 1062 1065
3 1805 1517 1804
3 1805 1784 1800
3 1807 1541 1517
3 1808 1539 1541
3 1767 1777 1809
3 1809 1539 1806
3 1770 1806 1445
3 1767 1809 1770
3 1455 1806 1808
3 1455 1807 1423
3 1764 1632 1071
3 1634 1775 1764
3 1798 1764 1610
3 1610 1764 1071
3 1634 1782 1795
3 1776 1378 1768
3 1768 1803 1516
3 1548 1776 1768
3 1516 1548 1768
3 1378 1787 1803
3 1884 1897 1811
3 1722 1895 1898
3 1810 1814 1811
3 1810 1815 1813
3 1813 1817 1814
3 1815 1816 1813
3 1819 1820 571
3 1018 1820 1019
3 1823 571 1820
3 572 1821 1819
3 571 1818 1819
3 1822 1816 571
3 1016 1826 1015
3 1827 558 1826
3 1824 1826 558
3 560 1828 1824
3 1920 585 1829
3 1919 584 1834
3 1886 1098 1081
3 1886 1836 1833
3 1791 1910 1787
3 1065 1885 1892
3 1885 1833 1830
3 1790 1887 1792
3 572 1829 585
3 1819 1838 572
3 558 1840 1824
3 1825 1839 558
3 559 1841 1825
3 1835 1754 1791
3 1824 1842 560
3 570 1817 1822
3 587 1844 570
3 1880 1059 1061
3 1878 1769 1059
3 1858 1852 1849
3 1876 1853 1850
3 587 1023 586
3 1857 1849 1846
3 1875 1850 1845
3 1721 1909 1724
3 1724 1903 1725
3 1847 1858 1857
3 1848 1859 1858
3 1861 1846 1860
3 1862 1857 1861
3 1855 1861 1856
3 1856 1860 1854
3 1795 1866 1864
3 1795 1863 1865
3 1863 1868 1865
3 1866 1868 1869
3 1872 1869 1868
3 1867 1872 1868
3 1909 1854 1903
3 1915 1719 1720
3 1906 1856 1909
3 1866 1874 1873
3 1866 1871 1864
3 1864 1766 1765
3 1869 1854 1874
3 1846 1876 1875
3 1849 1877 1876
3 1850 1879 1878
3 1845 1878 1880
3 1881 1873 1882
3 1883 1845 1882
3 1874 1882 1873
3 1880 1882 1845
3 1875 1860 1846
3 1883 1854 1860
3 1766 1881 1060
3 1881 1061 1060
3 1722 1913 1723
3 1723 1906 1721
3 1794 1832 1790
3 1789 1787 1794
3 1867 1890 1888
3 1891 1889 1892
3 1830 1892 1885
3 1812 1890 1815
3 1855 1893 1862
3 1811 1893 1884
3 1814 1844 1893
3 1847 1844 1843
3 1862 1893 1844
3 1889 1863 1796
3 1796 1892 1889
3 1895 1902 1896
3 1896 1901 1894
3 1791 1779 1835
3 1792 1886 1081
3 1898 1896 1899
3 1899 1894 1897
3 1898 1914 1913
3 1899 1912 1914
3 1906 1913 1914
3 1906 1914 1912
3 1900 1917 1902
3 1902 1916 1901
3 1915 1903 1917
3 1917 1903 1916
3 1894 1812 1810
3 1754 1831 1910
3 1911 1905 1904
3 1908 1905 1907
3 1841 1907 1839
3 1840 1907 1911
3 1753 1787 1910
3 1848 1935 1851
3 1921 1922 584
3 1921 1837 559
3 1924 584 1922
3 1918 1834 584
3 559 1923 1921
3 1832 1925 1926
3 1910 1925 1753
3 1926 1887 1832
3 1919 1926 1837
3 1833 1920 1830
3 1829 1830 1920
3 1838 1891 1829
3 1836 1834 1833
3 1890 1818 1815
3 1843 1848 1847
3 1851 1842 1928
3 1926 1927 1837
3 1841 1927 1908
3 1908 1925 1831
3 1928 1904 1929
3 1928 1859 1851
3 1932 1930 1931
3 1780 1933 1932
3 1877 1933 1853
3 1835 1931 1755
3 1879 1853 1933
3 1767 1879 1933
3 1932 1779 1780
3 1931 1934 1929
3 1852 1930 1877
3 1859 1934 1852
3 1755 1929 1904
3 1911 1842 1840
3 1935 560 1842
3 586 1843 587
3 1938 1948 1951
3 1201 1943 1202
3 1941 1953 1954
3 1939 1946 1210
3 1938 1952 1939
3 1940 1950 1953
3 1210 1947 1211
3 1209 1954 1945
3 1208 1945 1944
3 1937 1949 1950
3 1211 1942 1201
3 1208 1948 1234
3 1945 1967 1958
3 1946 1960 1947
3 1951 1965 1952
3 1944 1958 1957
3 1948 1957 1961
3 1954 1966 1967
3 1948 1964 1951
3 1942 1956 1943
3 1947 1955 1942
3 1952 1959 1946
3 1950 1962 1963
3 1953 1963 1966
3 1955 1969 1956
3 1960 1968 1955
3 1965 1972 1959
3 1963 1975 1976
3 1966 1976 1979
3 1958 1980 1971
3 1959 1973 1960
3 1964 1978 1965
3 1957 1971 1970
3 1961 1970 1974
3 1967 1979 1980
3 1961 1977 1964
3 1974 1983 1987
3 1980 1992 1993
3 1974 1990 1977
3 1968 1982 1969
3 1973 1981 1968
3 1978 1985 1972
3 1976 1988 1989
3 1979 1989 1992
3 1971 1993 1984
3 1972 1986 1973
3 1977 1991 1978
3 1970 1984 1983
3 1992 2001 2004
3 1984 2005 1997
3 1985 1999 1986
3 1990 2003 1991
3 1983 1997 1996
3 1993 2004 2005
3 1981 1995 1982
3 1986 1994 1981
3 1991 1998 1985
3 1989 2000 2001
3 2001 2012 2013
3 1996 2009 2008
3 1997 2017 2009
3 2002 2015 2003
3 2003 2010 1998
3 1994 2007 1995
3 2005 2016 2017
3 1998 2011 1999
3 2004 2013 2016
3 1999 2006 1994
3 2017 2028 2029
3 2010 2023 2011
3 2016 2025 2028
3 2011 2018 2006
3 2013 2024 2025
3 2008 2021 2020
3 2009 2029 2021
3 2014 2027 2015
3 2015 2022 2010
3 2006 2019 2007
3 2030 2018 2031
3 2028 2031 2032
3 2032 2022 2033
3 2033 2027 2034
3 2034 2020 2021
3 2027 2035 2034
3 2021 2033 2034
3 2029 2032 2033
3 2023 2031 2018
3 2025 2030 2031
3 2014 2037 2036
3 2008 2037 1996
3 2026 2036 2035
3 2020 2036 2008
3 1987 1996 2037
3 1987 2002 1990
3 2188 2041 2189
3 2190 2055 2196
3 2190 2044 2042
3 2192 2044 2191
3 2192 2048 2046
3 2193 2050 2048
3 2195 2050 2194
3 2196 2039 2189
3 2197 2052 2195
3 2198 2056 2197
3 2198 2060 2058
3 2200 2060 2199
3 2201 2062 2200
3 2201 2066 2064
3 2202 2068 2066
3 2188 2068 2203
3 2070 2409 2408
3 2072 2411 2410
3 2071 2408 2411
3 2076 2413 2412
3 2413 2074 2414
3 2079 2416 2415
3 2416 2077 2417
3 2083 2419 2418
3 2082 2420 2419
3 2081 2421 2420
3 2418 2077 2083
3 2084 2412 2422
3 2421 2084 2422
3 2423 2044 2414
3 2085 2410 2423
3 2415 2073 2079
3 2088 2078 2079
3 2087 2077 2078
3 2091 2087 2088
3 2090 2086 2087
3 2091 55 2090
3 2090 54 2089
3 2092 68 2097
3 2093 207 2224
3 2093 62 60
3 2095 62 2094
3 2096 58 2092
3 2097 56 2091
3 2098 2073 2070
3 2072 2099 2071
3 2071 2098 2070
3 2101 2079 2073
3 2105 2082 2083
3 2082 2103 2081
3 2081 2102 2080
3 2083 2086 2105
3 2109 2076 2084
3 2108 2075 2076
3 2075 2106 2074
3 2084 2102 2109
3 2074 2110 2085
3 2110 2072 2085
3 2115 2141 2142
3 2113 2142 2141
3 2128 2116 2129
3 2114 2128 2127
3 2143 2285 2116
3 90 2089 54
3 2089 2105 2086
3 2097 2119 2092
3 2092 2120 2096
3 2091 2121 2097
3 2100 2123 2099
3 2110 2124 2100
3 2098 2125 2101
3 2099 2122 2098
3 2101 2121 2088
3 2127 2107 2108
3 2107 2129 2106
3 2106 2126 2110
3 2131 2105 2118
3 104 2118 90
3 2132 2109 2102
3 2134 2103 2104
3 2133 2102 2103
3 2104 2130 2134
3 2130 2138 2139
3 2137 2132 2133
3 114 2138 112
3 2140 2135 2132
3 2136 2133 2134
3 2135 2108 2109
3 2116 2286 2216
3 104 2138 2131
3 2231 2228 2230
3 2145 126 2146
3 2221 125 204
3 2147 126 125
3 2180 2148 2206
3 2149 2150 2148
3 2154 2152 2155
3 2208 2155 2209
3 2157 2152 2153
3 2159 2215 2214
3 2161 2158 2159
3 2163 2212 2211
3 144 2162 2163
3 2153 2166 2157
3 2165 2153 2154
3 2149 2168 2151
3 2210 2154 2208
3 2207 2149 2180
3 2163 151 144
3 2159 2171 2161
3 2157 2185 2214
3 2211 2169 2163
3 2172 2166 2164
3 2173 2164 2165
3 2175 2147 2221
3 2207 2176 2167
3 2181 2178 2177
3 2168 2208 2151
3 2180 2145 2146
3 2182 2179 2178
3 2123 2183 2182
3 2123 2181 2122
3 2184 2122 2181
3 2186 2181 2177
3 2120 2184 2186
3 2119 2125 2184
3 2146 2207 2180
3 2187 2166 2174
3 2188 2069 2040
3 2067 2203 2202
3 2065 2202 2201
3 2063 2201 2200
3 2063 2199 2061
3 2059 2199 2198
3 2059 2197 2057
3 2057 2195 2053
3 2041 2196 2189
3 2053 2194 2051
3 2049 2194 2193
3 2047 2193 2192
3 2047 2191 2045
3 2045 2190 2043
3 2043 2196 2054
3 2038 2189 2039
3 2124 2205 2183
3 2151 2209 2150
3 2161 2213 2211
3 2211 2160 2161
3 2159 2185 2170
3 2214 2156 2157
3 2126 2204 2124
3 2216 2129 2116
3 2219 2218 2217
3 2144 204 120
3 2228 2222 2229
3 2224 66 2096
3 2224 2225 2093
3 2093 2226 2094
3 2227 2228 2225
3 2225 2229 2226
3 2096 2227 2224
3 2095 120 64
3 2177 2223 2231
3 2176 2223 2232
3 2186 2231 2230
3 2227 2186 2230
3 2120 2186 2227
3 2233 2144 2095
3 2236 2175 2221
3 2144 2236 2221
3 2176 2238 2222
3 2175 2238 2176
3 2229 2237 2226
3 2226 2239 2094
3 2239 2095 2094
3 2222 2240 2229
3 2246 2240 2238
3 2234 2246 2238
3 2244 2234 2236
3 2237 2247 2239
3 2248 2237 2240
3 2239 2241 2233
3 2233 2243 2235
3 2235 2244 2236
3 2252 2242 2244
3 2247 2249 2241
3 2245 2255 2247
3 2241 2251 2243
3 2243 2252 2244
3 2254 2248 2246
3 2242 2254 2246
3 2256 2245 2248
3 2257 2253 2256
3 2257 2254 2250
3 2252 2257 2250
3 2249 2257 2251
3 2258 2210 2168
3 2232 2168 2167
3 2176 2232 2167
3 2178 2232 2177
3 2165 2259 2173
3 2178 2259 2258
3 2260 2220 2219
3 2307 2271 2265
3 2428 2265 2261
3 2266 252 250
3 2268 2267 2266
3 2270 2274 2272
3 2187 2271 2270
3 2272 2269 2268
3 2170 2272 2171
3 2213 2266 2169
3 2169 250 151
3 2171 2268 2213
3 2270 2185 2187
3 2275 2174 2172
3 2173 2275 2172
3 2174 2273 2187
3 2179 2173 2259
3 2183 2276 2179
3 2204 2218 2205
3 2218 2276 2205
3 2217 2288 2219
3 2261 2277 2220
3 2220 2275 2218
3 2265 2273 2261
3 2269 2279 2267
3 2279 264 267
3 2267 267 252
3 2216 2217 2204
3 2260 2428 2261
3 2425 2424 2264
3 2112 2143 2142
3 2287 2286 2285
3 2111 2280 2143
3 2290 2280 2281
3 2292 2294 2293
3 2290 2294 2289
3 2292 2295 2291
3 2296 2297 2295
3 2298 2299 2297
3 2300 2301 2299
3 2302 2303 2301
3 2304 2305 2303
3 2113 2305 2306
3 2264 2284 2262
3 2219 2283 2260
3 2426 2283 2424
3 2288 2282 2283
3 2278 2274 2307
3 2425 2428 2426
3 2309 2308 2263
3 2309 300 2310
3 2278 300 264
3 2427 2308 2428
3 2278 2307 2310
3 2291 2284 2294
3 2287 2280 2289
3 2142 2116 2115
3 2134 2139 2136
3 2311 2141 2114
3 2312 2114 2127
3 2117 2127 2135
3 2315 2311 2312
3 2317 2323 2322
3 2317 2318 2316
3 2320 310 2321
3 2336 2321 2337
3 2322 2314 2315
3 2327 311 2320
3 2139 320 2324
3 2324 321 2325
3 2325 322 2326
3 2326 323 2327
3 2322 2328 2317
3 2328 2319 2317
3 2331 2312 2117
3 2315 2330 2322
3 2338 2320 2336
3 2332 2329 2328
3 2338 2333 2339
3 2330 2332 2328
3 2335 2332 2334
3 2340 2333 2335
3 2335 2341 2342
3 2325 2339 2340
3 2327 2339 2326
3 2329 2336 2319
3 2319 2337 2318
3 2342 2140 2137
3 2341 2117 2140
3 2331 2334 2330
3 2340 2342 2343
3 2343 2137 2136
3 2324 2136 2139
3 2325 2343 2324
3 2299 2345 2297
3 2346 2351 2350
3 2346 2349 2347
3 346 2349 2348
3 2344 2351 2345
3 347 2352 2349
3 2353 346 2348
3 2354 388 2379
3 2355 369 2361
3 2355 359 357
3 2360 361 367
3 2359 361 2357
3 2321 364 2358
3 364 2359 2358
3 2356 367 359
3 2361 355 2354
3 2371 2357 2370
3 2303 2366 2362
3 2376 2363 2375
3 2363 2368 2364
3 2368 2365 2364
3 2305 2313 2366
3 2369 2370 2365
3 2369 2372 2373
3 2371 2373 2374
3 2374 2318 2337
3 2318 2372 2316
3 2359 2374 2358
3 2337 2358 2374
3 2366 2375 2362
3 2378 2376 2377
3 2323 2377 2314
3 2366 2377 2376
3 2313 2314 2377
3 2316 2378 2323
3 2367 2372 2368
3 2353 388 353
3 2399 2379 2394
3 2362 2384 2380
3 2380 2385 2381
3 2381 2386 2382
3 2386 2383 2382
3 2392 2389 2393
3 2389 2390 2391
3 2391 2400 2401
3 2392 2386 2385
3 2389 2395 2393
3 2402 2391 2401
3 2399 2395 2402
3 2387 2393 2395
3 2396 2385 2384
3 2397 2392 2396
3 2398 2388 2397
3 2365 2397 2364
3 2364 2396 2363
3 2375 2396 2384
3 2354 2402 2361
3 2361 2401 2355
3 2401 2356 2355
3 2387 2394 2383
3 2390 2403 2400
3 2400 2360 2356
3 2365 2403 2398
3 2403 2357 2360
3 2405 2383 2394
3 2346 2404 2405
3 2406 2381 2382
3 2344 2407 2406
3 2303 2380 2301
3 2380 2407 2301
3 2301 2407 2299
3 2406 2350 2344
3 2382 2404 2406
3 2405 2348 2346
3 2353 2394 2379
3 2066 2409 2415
3 2042 2410 2055
3 2085 2414 2074
3 2052 2422 2050
3 2422 2048 2050
3 2062 2418 2060
3 2420 2052 2056
3 2419 2056 2058
3 2060 2419 2058
3 2064 2417 2062
3 2415 2064 2066
3 2046 2414 2044
3 2412 2046 2048
3 2039 2408 2038
3 2410 2039 2055
3 2408 2068 2038
3 2307 2308 2310
3 2265 2308 2307
3 2282 2424 2283
3 2284 2282 2294
3 2289 2282 2287
3 2309 439 299
3 2430 439 2429
3 2430 443 441
3 2432 2430 2429
3 2263 2429 2309
3 2433 443 2431
3 2439 448 456
3 2435 453 2438
3 2458 2437 2457
3 2436 2449 2437
3 2439 446 2433
3 2441 2297 2345
3 2440 2351 2347
3 2349 2440 2347
3 2442 2345 2351
3 2476 2447 2478
3 2478 2446 2477
3 2463 2445 2465
3 2479 469 2480
3 2455 2462 2456
3 2450 2451 2453
3 448 2438 453
3 2431 2451 2433
3 2460 2425 2264
3 2425 2461 2427
3 2427 2432 2263
3 2432 2453 2431
3 2452 2456 2451
3 2264 2458 2460
3 2450 2461 2460
3 2460 2457 2450
3 2444 2442 2440
3 2463 2441 2442
3 2439 2451 2456
3 2434 2456 2462
3 2477 2445 2480
3 2454 2465 2449
3 2295 2454 2436
3 2291 2436 2458
3 2262 2291 2458
3 2464 2470 2467
3 2459 2472 2470
3 2469 2457 2437
3 2470 2471 2469
3 2468 2437 2449
3 2467 2469 2468
3 2471 2450 2457
3 2455 2471 2472
3 2448 2472 2466
3 2468 2473 2467
3 2447 2474 2446
3 2465 2446 2474
3 2449 2474 2468
3 2443 2473 2447
3 2467 2475 2464
3 463 2480 469
3 2444 2480 2445
3 462 2477 463
3 461 2478 462
3 2352 468 2479
3 2440 2479 2444
3 2524 2526 2525
3 2486 2487 2499
3 2487 2500 2499
3 2491 2489 2492
3 2526 2482 2527
3 2490 2493 2489
3 2498 2495 2496
3 2516 2503 2502
3 2487 2498 2488
3 2483 2497 2487
3 2482 2504 2527
3 2520 2504 2503
3 2506 2517 2505
3 2517 2507 2505
3 2507 2508 2505
3 2508 2506 2505
3 2510 2511 2508
3 2511 2509 2508
3 2496 2493 2494
3 2485 2499 2500
3 2512 2521 2509
3 2521 2506 2509
3 2520 2507 2519
3 2513 2520 2516
3 2492 2523 2514
3 2523 2493 2522
3 2517 2522 2519
3 2514 2517 2518
3 2485 2492 2481
3 2483 2527 2501
3 2525 2483 2486
3 2484 2528 2482
3 2530 2484 2524
3 2521 2532 2518
3 2515 2533 2521
3 2531 2524 2533
3 2533 2525 2532
3 2528 2503 2482
3 2534 2497 2501
3 2522 2495 2534
3 2519 2534 2504
3 2527 2534 2501
3 2535 2525 2486
3 2514 2481 2492
3 2518 2535 2514
3 2481 2486 2499
3 3763 2955 2957
3 3762 2537 2956
3 2540 2512 2511
3 2513 2540 2511
3 2542 2541 2540
3 2539 2542 2540
3 2545 2543 2542
3 2544 2545 2542
3 3758 2548 2958
3 3756 2959 2960
3 2530 2551 2529
3 2529 2552 2528
3 2558 2555 2557
3 2557 2554 2559
3 2551 2559 2552
3 2558 2551 2553
3 2563 2960 2962
3 3858 2961 2956
3 3859 2563 2962
3 2567 2958 2964
3 2957 2566 2963
3 2566 2964 2963
3 2571 2561 2569
3 2531 2570 2568
3 2568 2571 2569
3 2531 2553 2530
3 2553 2569 2558
3 2556 2569 2561
3 2573 2552 2559
3 2544 2574 2572
3 2572 2575 2573
3 2502 2574 2516
3 2528 2575 2502
3 2516 2539 2513
3 2567 2572 2573
3 2572 2547 2544
3 2554 2573 2559
3 2543 2570 2541
3 2546 2571 2543
3 2515 2541 2570
3 2647 601 600
3 2459 2580 2466
3 2464 2578 2459
3 2580 2581 2466
3 2584 2581 2582
3 2586 2613 2612
3 2588 2585 2586
3 2590 2587 2588
3 2496 2590 2498
3 2494 2592 2496
3 2592 2589 2590
3 2591 2595 2592
3 2591 2593 2594
3 2596 2597 2593
3 2617 2599 2618
3 2602 2600 2601
3 2579 2602 2601
3 2622 2604 2620
3 2620 2603 2621
3 2615 2604 2614
3 2604 2606 2603
3 642 2648 2649
3 2647 2616 2577
3 2611 2606 2607
3 2616 2607 2615
3 2610 2462 2448
3 2434 2609 2438
3 2448 2581 2610
3 2577 2615 2608
3 600 2649 2647
3 2605 2615 2614
3 2619 2614 2622
3 2612 2583 2584
3 2598 2618 2597
3 2603 2609 2610
3 2438 2606 2435
3 2610 2621 2603
3 2585 2622 2613
3 2583 2621 2581
3 2613 2620 2583
3 2624 2605 2619
3 2587 2619 2585
3 2608 2623 2625
3 2576 2608 2625
3 2626 2588 2586
3 2627 2632 2631
3 2630 2627 2629
3 2640 2629 2639
3 2637 2632 2638
3 2500 2633 2485
3 2485 2634 2491
3 2500 2626 2635
3 2498 2590 2488
3 2590 2588 2488
3 2491 2636 2490
3 2596 2636 2598
3 2591 2490 2596
3 2494 2490 2591
3 2632 2633 2635
3 2628 2634 2633
3 2584 2638 2612
3 2612 2626 2586
3 2635 2638 2632
3 2617 2639 2600
3 2598 2640 2617
3 2630 2636 2634
3 2641 2578 2642
3 2578 2643 2642
3 2642 2629 2627
3 2631 2642 2627
3 2644 2629 2643
3 2600 2644 2601
3 2644 2579 2601
3 2637 2641 2631
3 2645 2584 2582
3 2580 2645 2582
3 2649 2611 2616
3 2577 2646 2647
3 633 2650 2648
3 2611 2650 2435
3 450 2650 676
3 2488 2626 2500
3 2634 2636 2491
3 461 2651 2476
3 680 2658 692
3 694 2653 2659
3 690 2654 2657
3 688 2655 2656
3 684 2656 2654
3 723 2657 2685
3 692 2664 700
3 706 2659 2669
3 2443 2661 2475
3 2475 2602 2464
3 2476 2660 2443
3 2660 2663 2661
3 2599 2661 2663
3 678 2664 2651
3 2651 2662 2660
3 2666 2668 2667
3 2667 2597 2618
3 2618 2663 2667
3 2662 2667 2663
3 2652 2666 2658
3 2658 2662 2664
3 680 2669 2652
3 2696 2680 2682
3 2695 2670 2672
3 2595 2670 2589
3 2696 2672 2675
3 2589 2624 2587
3 2676 2594 2593
3 2678 2677 2676
3 2659 2678 2669
3 2665 2669 2678
3 2593 2668 2676
3 2665 2676 2668
3 2679 2680 2677
3 2675 2677 2680
3 2653 2679 2659
3 2703 2725 2726
3 682 2685 2653
3 2684 2685 2657
3 2653 2683 2681
3 2681 2682 2680
3 2675 2595 2594
3 2691 725 733
3 2686 727 725
3 2692 2688 2693
3 2689 2692 2694
3 2693 2686 2691
3 2576 2691 2646
3 2694 2625 2623
3 2625 2693 2576
3 2646 733 601
3 2623 2673 2694
3 2674 2694 2673
3 2697 2690 2689
3 2670 2673 2589
3 2699 2689 2674
3 2700 2690 2698
3 2687 2688 2700
3 2671 2674 2670
3 2703 2705 2702
3 2701 2726 2727
3 2704 2703 2701
3 2709 2719 2720
3 2707 2720 2721
3 2714 753 2713
3 2715 754 2714
3 2707 2710 2709
3 2709 2711 2708
3 2712 2714 2710
3 2710 2713 2711
3 2890 2948 2889
3 2797 2948 2743
3 2722 753 768
3 2724 2708 2711
3 2899 2892 2945
3 2716 2719 2717
3 2687 768 727
3 2698 2724 2700
3 2700 2722 2687
3 2713 2724 2711
3 2727 2656 2655
3 2726 2654 2656
3 2725 2657 2654
3 2733 2705 2731
3 2732 2717 2719
3 2729 2671 2695
3 2704 2797 2706
3 2697 2730 2732
3 2682 2731 2696
3 2704 2890 2889
3 2890 2945 2947
3 2935 2852 2853
3 2732 2698 2697
3 2719 2723 2732
3 2683 2733 2682
3 2702 2684 2725
3 2754 2739 2753
3 2735 848 2793
3 2799 2742 2746
3 2798 2746 2745
3 2745 2793 2798
3 2802 2701 2800
3 2800 2727 2801
3 2749 2754 2752
3 843 2734 2794
3 2730 2943 2717
3 2741 2754 2751
3 2754 2737 2751
3 2757 2737 2753
3 2739 2757 2753
3 2759 2741 2751
3 2737 2759 2751
3 2749 2761 2750
3 2761 2739 2750
3 2762 2759 2755
3 2759 2763 2758
3 2912 2768 2760
3 2767 2912 2758
3 2770 2814 2809
3 2814 2771 2813
3 2773 2772 2770
3 2772 2774 2771
3 2776 2775 2773
3 2778 2774 2775
3 2779 2789 2811
3 2781 2788 2789
3 2761 2780 2781
3 2859 2766 2812
3 2785 2813 2786
3 2740 2839 2838
3 2779 2761 2781
3 781 2795 2734
3 2747 2801 2816
3 2784 782 2735
3 2735 2765 2784
3 2812 841 870
3 2699 2728 2730
3 686 2794 2655
3 2794 2816 2801
3 2802 2747 2748
3 2798 2715 2712
3 2712 2799 2798
3 2695 2731 2729
3 2707 2796 2799
3 2793 752 2715
3 2655 2801 2727
3 845 2803 2795
3 856 2804 2803
3 858 2805 2804
3 2812 2736 2792
3 2792 2808 2806
3 841 2806 862
3 860 2807 2805
3 2744 2736 2738
3 2859 870 919
3 2807 862 2806
3 2809 2785 2787
3 2764 2786 2763
3 2782 2777 2778
3 2776 2782 2778
3 2787 2764 2762
3 2811 2782 2791
3 2807 2790 2805
3 2789 2815 2782
3 2808 2783 2807
3 2808 2807 2806
3 2738 2736 2766
3 2810 2828 2829
3 2865 2819 2864
3 2757 2877 2876
3 2822 2837 2836
3 2790 2825 2805
3 2824 2827 2825
3 2823 2827 2826
3 2829 2738 2766
3 2819 2863 2864
3 2776 2881 2883
3 2880 2811 2878
3 2878 2791 2879
3 2867 2832 2868
3 2866 2831 2867
3 2875 2757 2876
3 2881 2770 2882
3 2870 2835 2871
3 2833 2870 2869
3 2883 2832 2879
3 2869 2832 2833
3 2820 2866 2863
3 2830 2877 2880
3 2836 2821 2740
3 2873 2837 2872
3 2838 2817 2810
3 2874 2821 2873
3 2886 2841 2885
3 2885 2840 2884
3 2884 2835 2882
3 2871 2840 2872
3 2874 2818 2865
3 2875 2762 2755
3 2804 2844 2803
3 2803 2843 2795
3 2844 2846 2843
3 2845 2847 2844
3 2816 2846 2747
3 2843 2734 2795
3 2804 2825 2845
3 2825 2848 2845
3 2850 2846 2847
3 2851 2847 2848
3 2822 2848 2827
3 2747 2849 2748
3 2853 2849 2850
3 2854 2850 2851
3 2729 2705 2718
3 2822 2854 2851
3 2728 2718 2943
3 2797 2943 2718
3 2706 2718 2705
3 2746 2855 2857
3 2858 2861 2862
3 2765 2862 2860
3 2745 2857 2858
3 2765 2745 2858
3 2860 2829 2766
3 2829 2861 2810
3 2784 919 831
3 2784 2860 2859
3 2856 2810 2861
3 2743 2717 2943
3 2855 2861 2857
3 2839 2865 2817
3 2823 2872 2837
3 2842 2873 2841
3 2841 2872 2840
3 2738 2866 2744
3 2824 2868 2869
3 2869 2826 2824
3 2826 2871 2823
3 2744 2867 2783
3 2783 2868 2790
3 2864 2738 2828
3 2817 2864 2828
3 2842 2875 2818
3 2809 2882 2770
3 2787 2884 2809
3 2762 2885 2787
3 2880 2756 2779
3 2776 2879 2791
3 2834 2882 2835
3 2818 2876 2819
3 2831 2879 2832
3 2880 2831 2830
3 2883 2834 2833
3 2876 2820 2819
3 3104 2897 3105
3 2900 2934 2887
3 2894 2771 2774
3 2893 2774 2777
3 2927 2907 2921
3 2896 3104 3113
3 3110 2916 3111
3 2917 3112 3108
3 2919 2927 2925
3 2786 2902 2763
3 2928 2901 2905
3 2920 3108 3109
3 2911 2815 2788
3 3112 2896 3113
3 2902 2758 2763
3 2906 2925 2926
3 2758 2752 2741
3 2912 2749 2752
3 2910 2788 2780
3 2916 3106 3111
3 2932 2888 2931
3 2748 2890 2802
3 2768 2929 2910
3 2748 2852 2899
3 2946 2922 2923
3 2760 2910 2780
3 2909 2777 2815
3 2930 2946 2923
3 2905 2924 2928
3 2931 2906 2926
3 2941 2900 2904
3 2813 2903 2786
3 2771 2918 2813
3 3105 2914 3110
3 2921 2901 2929
3 3106 2891 3107
3 2894 2922 2895
3 2903 2926 2902
3 2928 2909 2911
3 2922 2918 2895
3 2909 2930 2893
3 2918 2931 2903
3 2926 2767 2902
3 2911 2929 2928
3 2925 2769 2767
3 2894 2930 2923
3 2769 2921 2768
3 2946 2887 2932
3 2907 2936 2901
3 2904 2946 2924
3 2937 2904 2905
3 2940 2919 2906
3 2887 2933 2888
3 2888 2940 2906
3 2901 2937 2905
3 2919 2938 2913
3 3109 2891 2920
3 2938 2907 2913
3 2949 2947 2950
3 2721 2950 2796
3 2948 2716 2743
3 2949 2720 2716
3 2853 2952 2935
3 2836 2952 2854
3 2740 2935 2952
3 2945 2953 2954
3 2954 2855 2742
3 2954 2947 2945
3 2742 2950 2954
3 2951 2892 2935
3 2838 2951 2740
3 2856 2953 2951
3 2963 2538 2957
3 2961 3859 2962
3 2964 2548 2565
3 2560 2962 2561
3 2956 2560 2546
3 2561 2960 2556
3 2556 2959 2555
3 2555 2958 2554
3 2955 2546 2545
3 2547 2955 2545
3 2969 2972 2973
3 2971 2969 2973
3 2967 2973 2970
3 2973 2968 2970
3 3033 3345 2991
3 3334 3032 3034
3 3352 3338 2989
3 3335 3351 3008
3 3317 2982 3321
3 2981 3317 3315
3 3355 2986 3353
3 2986 3354 3353
3 2985 2990 2987
3 3356 2984 3355
3 3333 3017 3016
3 3335 3017 3332
3 3340 2992 2975
3 2997 2996 2994
3 2996 2974 2995
3 2997 3001 2998
3 3001 2974 2998
3 2972 3003 3002
3 2968 3002 3005
3 2966 3006 3003
3 3004 3007 3006
3 3357 3008 3351
3 3334 3033 3325
3 2995 3010 3007
3 3348 3024 3023
3 3032 3345 3034
3 2974 3000 3010
3 3023 2965 3019
3 3012 2994 3019
3 3016 3320 3316
3 3318 3016 3316
3 3319 2987 3320
3 3333 3032 3332
3 2990 2984 2988
3 2988 3314 3318
3 3033 3329 3325
3 3333 3036 3035
3 2967 3020 2971
3 3014 3019 2965
3 3025 3004 3027
3 3036 3343 3035
3 3028 2995 3025
3 3022 3348 3023
3 2966 3029 3026
3 2969 3024 3029
3 3026 2975 2992
3 3022 3019 2994
3 3030 3347 3031
3 3344 3025 3027
3 3004 3026 3027
3 3026 3344 3027
3 2991 3037 3033
3 3343 3025 3342
3 3322 3350 3328
3 3022 2996 3028
3 3350 3326 3328
3 3337 3030 3031
3 3036 3337 3031
3 2989 3331 3015
3 3341 3031 3347
3 3331 3016 3015
3 3032 3343 3342
3 3029 3009 2975
3 2968 3038 2970
3 3038 2967 2970
3 3039 3045 3042
3 3046 3039 3042
3 2915 3043 2891
3 3046 3043 3047
3 2891 3044 2920
3 3042 3044 3043
3 3048 3057 3059
3 3057 3049 3058
3 3052 3056 3055
3 3051 3055 3054
3 3054 3084 3083
3 3084 3056 3085
3 3061 3058 3062
3 3059 3061 3060
3 3060 3052 3051
3 3052 3062 3053
3 3063 3068 3065
3 3066 2916 2914
3 3065 3067 3066
3 3086 3069 3087
3 3072 3082 3081
3 3073 3050 3048
3 3050 3074 3049
3 3073 3078 3075
3 3078 3074 3075
3 3080 3071 3072
3 3074 3079 3080
3 3049 3080 3058
3 3058 3072 3062
3 3081 3069 3070
3 3062 3081 3053
3 3053 3070 3056
3 2898 3085 2897
3 3083 2898 2896
3 2897 3066 2914
3 3065 3087 3063
3 3066 3086 3065
3 3056 3086 3085
3 3046 3064 3040
3 3067 2915 2916
3 3047 3068 3046
3 3089 3051 3054
3 3088 3060 3051
3 2917 3091 2908
3 3095 3093 3096
3 3092 3096 3091
3 3098 3089 3102
3 3097 3088 3089
3 3100 3076 3073
3 3048 3100 3073
3 3100 3103 3101
3 3090 3099 3103
3 3059 3090 3100
3 3098 3096 3093
3 3054 3102 3089
3 2908 3083 2896
3 3102 3091 3096
3 3044 3095 3092
3 2920 3092 2917
3 3041 3095 3045
3 2934 3107 3109
3 2941 3107 2942
3 2939 3110 2936
3 3111 2941 2937
3 2940 3113 2944
3 3109 2933 2934
3 3108 2940 2933
3 2936 3111 2937
3 2944 3104 2938
3 2938 3105 2939
3 3076 3116 3078
3 3116 3077 3078
3 3117 3138 3135
3 3138 3118 3140
3 3132 3122 3133
3 3133 3121 3134
3 3123 3130 3129
3 3130 3124 3131
3 3041 3127 3126
3 3039 3128 3127
3 3125 3128 3124
3 3126 3125 3123
3 3040 3124 3128
3 3094 3126 3123
3 3130 3121 3122
3 3120 3130 3122
3 3064 3131 3124
3 3093 3123 3129
3 3093 3120 3098
3 3119 3134 3118
3 3132 3119 3117
3 3098 3132 3097
3 3097 3117 3099
3 3137 3115 3116
3 3137 3140 3139
3 3114 3137 3116
3 3136 3138 3137
3 3103 3136 3101
3 3099 3135 3103
3 3101 3114 3076
3 3063 3121 3131
3 3087 3134 3121
3 3082 3140 3118
3 3071 3139 3140
3 3079 3115 3139
3 3069 3118 3134
3 3166 1936 1228
3 143 3142 2162
3 1202 3159 1223
3 3151 2160 2212
3 3156 2209 3155
3 3145 2152 2156
3 2152 3144 2155
3 3161 3872 3160
3 3164 3874 3165
3 3162 3151 3163
3 2148 3153 2206
3 3154 122 2145
3 3168 3155 3167
3 2215 3158 3157
3 3157 2156 2215
3 2158 3150 3158
3 2162 3151 2212
3 3141 3163 3159
3 3165 3871 3166
3 2206 3154 2145
3 2150 3152 2148
3 3168 3875 3164
3 3162 3873 3161
3 2155 3155 2209
3 3158 3162 3161
3 3142 3163 3151
3 3149 3162 3163
3 3157 3161 3160
3 1223 3142 1204
3 3156 3164 3152
3 3153 3166 3154
3 3147 3167 3146
3 3152 3165 3153
3 3166 1217 3154
3 3145 3169 3143
3 3143 3170 3144
3 3157 3171 3145
3 3167 3144 3170
3 3146 3170 3169
3 3872 3171 3160
3 3173 3218 3219
3 3216 3173 3219
3 3175 3190 3217
3 3189 3179 3196
3 3195 3178 3189
3 3206 3182 3205
3 3180 3206 3212
3 3211 3184 3224
3 3183 3211 3223
3 3187 3221 3222
3 3222 3174 3187
3 3186 3223 3221
3 3190 3172 3216
3 3179 3217 3196
3 3205 3177 3195
3 3184 3212 3224
3 3173 3188 3174
3 3172 3188 3173
3 3193 3175 3179
3 3178 3193 3179
3 3181 3194 3182
3 3180 3194 3181
3 3186 3197 3183
3 3197 3185 3183
3 3200 3180 3184
3 3185 3200 3184
3 3187 3199 3186
3 3187 3188 3201
3 3202 3182 3194
3 3202 3178 3177
3 3203 3175 3191
3 3176 3188 3172
3 3207 3191 3193
3 3202 3208 3192
3 3213 3198 3197
3 2069 3218 3222
3 3198 3214 3200
3 3200 3204 3194
3 3192 3207 3193
3 3204 3202 3194
3 3191 3209 3203
3 3201 3215 3199
3 3221 2041 2040
3 3199 3213 3197
3 3203 3210 3188
3 3223 2054 2041
3 3210 3201 3188
3 3222 2040 2069
3 3215 3220 3213
3 2051 3189 2053
3 3213 3220 3214
3 2045 3206 2047
3 2054 3224 2043
3 3209 3220 3210
3 2061 3216 2063
3 3224 2045 2043
3 3207 3220 3209
3 2049 3195 2051
3 3196 2059 2057
3 3208 3220 3207
3 3204 3220 3208
3 3214 3220 3204
3 2047 3205 2049
3 3210 3220 3215
3 3189 2057 2053
3 3217 2061 2059
3 2063 3219 2065
3 3219 2067 2065
3 3225 2300 2298
3 3227 2296 2292
3 3228 2298 2296
3 3229 2293 2290
3 2290 2281 3229
3 3236 3234 3237
3 3236 2112 2113
3 3238 3237 3234
3 2112 3232 2111
3 3238 3233 3232
3 3243 3240 3241
3 3225 3242 3243
3 2281 3246 3229
3 3246 3244 3247
3 3230 3246 3249
3 3250 3230 3249
3 3227 3242 3228
3 3226 3243 3259
3 3246 3248 3249
3 3249 3251 3250
3 3242 3251 3240
3 2293 3227 2292
3 3236 3252 3235
3 3255 3252 3253
3 3255 3256 3254
3 3259 3256 3257
3 3259 3241 3258
3 3260 3253 3262
3 3261 3255 3260
3 3226 3257 3261
3 2300 3261 2302
3 2302 3260 2304
3 2304 3262 2306
3 3236 3262 3253
3 2306 3262 2113
3 3263 3232 3233
3 3263 2281 2111
3 3264 3233 3239
3 3264 3265 3231
3 3244 3268 3247
3 3271 3245 3263
3 3269 3263 3233
3 3277 3274 3276
3 3275 3276 3273
3 3280 3252 3254
3 3252 3296 3235
3 3234 3282 3238
3 3235 3281 3234
3 3241 3285 3258
3 3258 3284 3256
3 3284 3254 3256
3 3248 3287 3251
3 3248 3247 3268
3 3286 3241 3240
3 3287 3240 3251
3 3283 3304 3288
3 3290 3283 3288
3 3290 3284 3285
3 3299 3280 3284
3 3290 3300 3299
3 3292 3290 3288
3 3293 3300 3289
3 3296 3293 3281
3 3291 3294 3295
3 3280 3298 3297
3 3279 3294 3278
3 3278 3297 3279
3 3297 3295 3279
3 3291 3299 3300
3 3291 3301 3294
3 3301 3278 3294
3 3298 3291 3295
3 3238 3282 3239
3 3239 3303 3264
3 3292 3304 3305
3 3265 3292 3305
3 3306 3231 3265
3 3231 3269 3233
3 3307 3293 3289
3 3289 3292 3307
3 3293 3308 3281
3 3308 3282 3281
3 3309 3308 3307
3 3264 3309 3266
3 3292 3309 3307
3 3286 3305 3304
3 3244 3272 3267
3 3244 3270 3274
3 3276 3270 3271
3 3273 3271 3269
3 3273 3302 3275
3 3275 3311 3277
3 3311 3272 3277
3 3310 3267 3311
3 3306 3311 3302
3 3310 3287 3268
3 3306 3305 3310
3 2965 3020 3014
3 2997 3312 2999
3 2997 3013 3312
3 3015 3314 2989
3 3319 3017 3008
3 2988 3316 2990
3 3316 2987 2990
3 3354 3319 3357
3 2989 3356 3352
3 2978 3317 2980
3 3317 2979 2980
3 3330 3325 3329
3 3328 3327 3330
3 3324 3329 3323
3 3322 3330 3324
3 3331 3339 3337
3 3331 3338 3339
3 3325 3336 3334
3 3326 3336 3327
3 3322 3339 3338
3 3323 3339 3324
3 3332 3336 3335
3 3332 3334 3336
3 3037 3323 3329
3 2976 2977 3340
3 2993 2975 3009
3 3018 3340 2993
3 2992 3346 3344
3 2991 3346 2977
3 3342 3346 3345
3 3342 3344 3346
3 3349 3009 3348
3 3349 3018 2993
3 3347 3349 3341
3 3349 3348 3341
3 2976 3030 3037
3 2979 3350 2980
3 3350 2978 2980
3 2983 3354 2982
3 3355 2983 2981
3 2978 3356 3315
3 2982 3357 3321
3 3356 2981 3315
3 3357 2979 3321
3 3402 3438 3377
3 3427 3401 3403
3 3445 3431 3375
3 3428 3444 3384
3 3410 3368 3414
3 3367 3410 3408
3 3448 3372 3446
3 3372 3447 3446
3 3371 3376 3373
3 3449 3370 3448
3 3426 3388 3387
3 3428 3388 3425
3 3433 3378 3361
3 3450 3384 3444
3 3427 3402 3418
3 3441 3393 3392
3 3401 3438 3403
3 3392 3358 3390
3 3387 3413 3409
3 3411 3387 3409
3 3412 3373 3413
3 3426 3401 3425
3 3376 3370 3374
3 3374 3407 3411
3 3402 3422 3418
3 3426 3405 3404
3 3394 3383 3396
3 3404 3434 3436
3 3397 3381 3394
3 3391 3441 3392
3 3359 3398 3395
3 3360 3393 3398
3 3395 3361 3378
3 3391 3390 3380
3 3399 3440 3400
3 3437 3394 3396
3 3383 3395 3396
3 3396 3378 3437
3 3377 3406 3402
3 3436 3394 3435
3 3415 3443 3421
3 3391 3382 3397
3 3443 3419 3421
3 3430 3399 3400
3 3405 3430 3400
3 3431 3386 3375
3 3405 3440 3434
3 3386 3426 3387
3 3404 3435 3401
3 3398 3385 3361
3 3386 3407 3375
3 3384 3413 3388
3 3374 3409 3376
3 3409 3373 3376
3 3447 3412 3450
3 3375 3449 3445
3 3364 3410 3366
3 3410 3365 3366
3 3423 3418 3422
3 3421 3420 3423
3 3416 3423 3422
3 3417 3421 3423
3 3424 3432 3430
3 3424 3431 3432
3 3418 3429 3427
3 3419 3429 3420
3 3415 3432 3431
3 3416 3432 3417
3 3425 3429 3428
3 3425 3427 3429
3 3406 3416 3422
3 3362 3363 3433
3 3379 3361 3385
3 3389 3433 3379
3 3378 3439 3437
3 3377 3439 3363
3 3435 3439 3438
3 3435 3437 3439
3 3442 3385 3441
3 3442 3389 3379
3 3440 3442 3434
3 3442 3441 3434
3 3362 3399 3406
3 3365 3443 3366
3 3443 3364 3366
3 3369 3447 3368
3 3448 3369 3367
3 3364 3449 3408
3 3368 3450 3414
3 3449 3367 3408
3 3450 3365 3414
3 3495 3531 3470
3 3520 3494 3496
3 3538 3524 3468
3 3521 3537 3477
3 3503 3461 3507
3 3460 3503 3501
3 3541 3465 3539
3 3465 3540 3539
3 3464 3469 3466
3 3542 3463 3541
3 3519 3481 3480
3 3521 3481 3518
3 3526 3471 3454
3 3543 3477 3537
3 3520 3495 3511
3 3534 3486 3485
3 3494 3531 3496
3 3485 3451 3483
3 3480 3506 3502
3 3479 3502 3504
3 3505 3466 3506
3 3519 3494 3518
3 3469 3463 3467
3 3467 3500 3504
3 3495 3515 3511
3 3519 3498 3497
3 3487 3476 3489
3 3498 3529 3497
3 3490 3474 3487
3 3527 3485 3484
3 3452 3491 3488
3 3453 3486 3491
3 3488 3454 3471
3 3485 3473 3484
3 3493 3482 3533
3 3530 3487 3489
3 3476 3488 3489
3 3489 3471 3530
3 3470 3499 3495
3 3529 3487 3528
3 3508 3536 3514
3 3484 3475 3490
3 3536 3512 3514
3 3523 3492 3493
3 3498 3523 3493
3 3524 3479 3468
3 3498 3533 3527
3 3479 3519 3480
3 3494 3529 3528
3 3491 3478 3454
3 3479 3500 3468
3 3477 3506 3481
3 3467 3502 3469
3 3502 3466 3469
3 3540 3505 3543
3 3468 3542 3538
3 3457 3503 3459
3 3503 3458 3459
3 3516 3511 3515
3 3514 3513 3516
3 3509 3516 3515
3 3510 3514 3516
3 3517 3525 3523
3 3517 3524 3525
3 3511 3522 3520
3 3512 3522 3513
3 3510 3524 3508
3 3509 3525 3510
3 3518 3522 3521
3 3518 3520 3522
3 3499 3509 3515
3 3455 3456 3526
3 3478 3526 3454
3 3472 3455 3526
3 3456 3530 3471
3 3470 3532 3456
3 3528 3532 3531
3 3528 3530 3532
3 3535 3478 3534
3 3533 3472 3535
3 3533 3535 3527
3 3535 3534 3527
3 3455 3492 3499
3 3458 3536 3459
3 3536 3457 3459
3 3462 3540 3461
3 3541 3462 3460
3 3457 3542 3501
3 3461 3543 3507
3 3542 3460 3501
3 3543 3458 3507
3 3588 3624 3563
3 3613 3587 3589
3 3631 3617 3561
3 3614 3630 3570
3 3596 3554 3600
3 3553 3596 3594
3 3634 3558 3632
3 3558 3633 3632
3 3557 3562 3559
3 3635 3556 3634
3 3612 3574 3573
3 3614 3574 3611
3 3619 3564 3547
3 3636 3570 3630
3 3613 3588 3604
3 3627 3579 3578
3 3587 3624 3589
3 3578 3544 3576
3 3573 3599 3595
3 3597 3573 3595
3 3598 3559 3599
3 3611 3590 3587
3 3562 3556 3560
3 3560 3593 3597
3 3592 3604 3588
3 3612 3591 3590
3 3580 3011 3582
3 3591 3622 3590
3 3580 3568 3567
3 3577 3627 3578
3 3581 3546 3584
3 3546 3579 3584
3 3581 3547 3564
3 3577 3576 3566
3 3585 3626 3586
3 3623 3580 3582
3 3011 3581 3582
3 3582 3564 3623
3 3563 3592 3588
3 3622 3580 3621
3 3601 3629 3607
3 3577 3568 3583
3 3629 3605 3607
3 3616 3585 3586
3 3591 3616 3586
3 3617 3572 3561
3 3591 3626 3620
3 3572 3612 3573
3 3590 3621 3587
3 3584 3571 3547
3 3572 3593 3561
3 3570 3599 3574
3 3560 3595 3562
3 3595 3559 3562
3 3633 3598 3636
3 3561 3635 3631
3 3550 3596 3552
3 3596 3551 3552
3 3609 3604 3608
3 3607 3606 3609
3 3603 3608 3602
3 3601 3609 3603
3 3610 3618 3616
3 3610 3617 3618
3 3606 3613 3604
3 3605 3615 3606
3 3601 3618 3617
3 3603 3616 3618
3 3611 3615 3614
3 3611 3613 3615
3 3592 3602 3608
3 3548 3549 3619
3 3565 3547 3571
3 3575 3619 3565
3 3549 3623 3564
3 3563 3625 3549
3 3621 3625 3624
3 3621 3623 3625
3 3628 3571 3627
3 3628 3575 3565
3 3626 3628 3620
3 3628 3627 3620
3 3575 3592 3548
3 3551 3629 3552
3 3629 3550 3552
3 3555 3633 3554
3 3634 3555 3553
3 3550 3635 3594
3 3554 3636 3600
3 3635 3553 3594
3 3636 3551 3600
3 3807 3851 3836
3 3682 3656 3658
3 3693 3686 3648
3 3683 3692 3650
3 3665 3641 3669
3 3640 3665 3663
3 3696 3645 3694
3 3694 3644 3695
3 3644 3649 3646
3 3697 3643 3696
3 3652 3680 3653
3 3683 3653 3680
3 3698 3650 3692
3 3673 3658 3657
3 3840 3690 3689
3 3652 3668 3664
3 3666 3652 3664
3 3667 3646 3668
3 3680 3659 3656
3 3649 3643 3647
3 3647 3662 3666
3 3661 3673 3657
3 3679 3659 3681
3 3660 3850 3838
3 3823 3836 3747
3 3835 3661 3830
3 3693 3676 3670
3 3691 3674 3676
3 3671 3655 3685
3 3660 3685 3655
3 3686 3651 3648
3 3805 3838 3851
3 3651 3681 3652
3 3847 3790 3819
3 3651 3662 3648
3 3650 3668 3653
3 3647 3664 3649
3 3664 3646 3649
3 3695 3667 3698
3 3648 3697 3693
3 3637 3665 3639
3 3665 3638 3639
3 3677 3675 3673
3 3678 3674 3675
3 3671 3678 3677
3 3672 3676 3678
3 3679 3687 3685
3 3679 3686 3687
3 3675 3682 3673
3 3674 3684 3675
3 3670 3687 3686
3 3672 3685 3687
3 3680 3684 3683
3 3680 3682 3684
3 3654 3677 3661
3 3746 3829 3832
3 3638 3691 3639
3 3691 3637 3639
3 3642 3695 3641
3 3696 3642 3640
3 3637 3697 3663
3 3641 3698 3669
3 3697 3640 3663
3 3698 3638 3669
3 3708 3701 3709
3 3709 3700 3710
3 3705 3704 3706
3 3704 3707 3706
3 3382 3707 3381
3 3380 3706 3382
3 3709 3567 3568
3 3708 3568 3566
3 3473 3713 3475
3 3475 3712 3474
3 3714 3713 3711
3 3715 3712 3713
3 3728 3716 3732
3 3717 3728 3733
3 3721 3735 3734
3 3720 3734 3736
3 3724 3738 3737
3 3723 3737 3739
3 3727 3719 3721
3 3021 3721 3720
3 3717 3731 3718
3 3725 3724 3723
3 3731 3716 3718
3 3700 3730 3569
3 3733 3546 3545
3 3546 3732 3544
3 3736 3360 3359
3 3734 3358 3360
3 3739 3453 3452
3 3737 3451 3453
3 3740 3723 3739
3 3742 3735 3740
3 3014 3736 3359
3 3020 3720 3736
3 3359 3012 3014
3 3383 3013 3012
3 3312 3381 3707
3 2999 3312 3707
3 3010 3000 3708
3 3010 3566 3007
3 3007 3576 3006
3 3576 3003 3006
3 3002 3544 3732
3 3002 3716 3005
3 3452 3740 3739
3 3719 3740 3735
3 3742 3476 3743
3 3476 3741 3743
3 3702 3744 3712
3 3744 3474 3712
3 3705 3741 3744
3 3702 3705 3744
3 3743 3380 3390
3 3742 3390 3358
3 3699 3567 3710
3 3569 3710 3700
3 3733 3699 3569
3 3545 3011 3699
3 3569 3717 3733
3 3313 3711 3703
3 3738 3703 3451
3 3483 3711 3473
3 3451 3703 3483
3 3313 3722 3726
3 3819 3832 3847
3 3830 3657 3833
3 3749 3745 3746
3 3745 3750 3747
3 3752 3748 3749
3 3751 3750 3748
3 3754 3755 3756
3 3755 2958 2959
3 2549 3758 3755
3 2550 3756 2960
3 3754 3751 2549
3 3751 3757 2549
3 3761 2956 2955
3 2536 3762 3761
3 3759 3761 3763
3 2538 3763 2957
3 2563 3855 3764
3 2562 3854 3769
3 3038 3821 3021
3 3821 3771 3822
3 3845 3726 3722
3 3005 3820 3038
3 3820 3768 3821
3 3725 3822 3767
3 2550 3764 3773
3 3773 3754 2550
3 3759 3774 2536
3 3774 3760 2536
3 3776 2537 3760
3 3689 3770 3726
3 2538 3775 3759
3 2548 3752 3779
3 3779 2565 2548
3 3815 2999 3813
3 3813 3704 3814
3 3793 3787 3794
3 3811 3788 3812
3 2565 2963 2964
3 3781 3793 3792
3 3810 3785 3811
3 3656 3844 3841
3 3659 3838 3844
3 3792 3783 3782
3 3783 3794 3786
3 3781 3796 3795
3 3796 3782 3797
3 3796 3790 3791
3 3795 3791 3789
3 3799 3800 3730
3 3730 3798 3717
3 3800 3802 3798
3 3801 3803 3800
3 3803 3805 3807
3 3802 3807 3823
3 3789 3844 3838
3 3654 3850 3655
3 3791 3841 3844
3 3801 3809 3804
3 3806 3801 3799
3 3701 3799 3700
3 3809 3805 3804
3 3810 3784 3781
3 3784 3812 3787
3 3785 3814 3788
3 3780 3813 3785
3 3816 3808 3806
3 3818 3780 3810
3 3809 3817 3818
3 3815 3817 3816
3 3810 3795 3818
3 3789 3818 3795
3 3701 3816 3806
3 3001 3816 3000
3 3657 3848 3833
3 3656 3848 3658
3 3767 3729 3725
3 3724 3729 3722
3 3825 3802 3823
3 3826 3824 3825
3 3765 3827 3826
3 3750 3823 3747
3 3797 3819 3790
3 3828 3746 3819
3 3749 3779 3752
3 3779 3782 3778
3 3797 3779 3828
3 3798 3824 3731
3 3731 3827 3005
3 3830 3837 3835
3 3829 3837 3831
3 3714 3726 3770
3 3727 3821 3822
3 3834 3830 3833
3 3832 3831 3834
3 3849 3833 3848
3 3847 3834 3849
3 3841 3849 3848
3 3841 3847 3849
3 3835 3852 3850
3 3837 3851 3852
3 3850 3852 3838
3 3852 3851 3838
3 3829 3747 3836
3 3766 3689 3845
3 3846 3840 3842
3 3840 3843 3842
3 3842 3776 3774
3 3775 3842 3774
3 3722 3688 3845
3 3783 3786 3870
3 3856 3857 3858
3 3856 3772 3854
3 2562 3859 3857
3 3853 3769 3855
3 2537 3858 2956
3 3767 3860 3688
3 3860 3845 3688
3 3822 3861 3767
3 3861 3854 3772
3 3855 3768 3765
3 3764 3765 3826
3 3773 3826 3825
3 3769 3771 3768
3 3753 3825 3750
3 3778 3783 3870
3 3786 3777 3870
3 3862 3861 3772
3 3843 3772 3776
3 3766 3862 3843
3 3863 3839 3846
3 3794 3863 3786
3 3867 3865 3868
3 3715 3868 3702
3 3812 3868 3865
3 3770 3866 3867
3 3814 3868 3788
3 3702 3814 3704
3 3714 3867 3715
3 3866 3869 3865
3 3787 3865 3869
3 3869 3794 3787
3 3690 3864 3866
3 3777 3846 3775
3 3777 2564 3870
3 2564 3778 3870
3 3872 3881 3169
3 1943 3141 1202
3 3875 3885 3874
3 3879 3873 3148
3 3884 3872 3873
3 3874 3882 3871
3 3880 3148 3149
3 3147 3886 3875
3 3146 3878 3147
3 3871 1949 1936
3 3876 3149 3141
3 3881 3146 3169
3 3878 3897 3886
3 3891 3879 3880
3 3895 3883 3884
3 3877 3889 3878
3 3881 3888 3877
3 3886 3896 3885
3 3894 3881 3883
3 1956 3876 1943
3 3887 3880 3876
3 3890 3884 3879
3 3882 1962 1949
3 3885 3893 3882
3 1969 3887 1956
3 3898 3891 3887
3 3901 3895 3890
3 3893 1975 1962
3 3896 3904 3893
3 3889 3908 3897
3 3902 3890 3891
3 3906 3894 3895
3 3888 3900 3889
3 3892 3899 3888
3 3897 3907 3896
3 3905 3892 3894
3 3903 3910 3899
3 3908 3918 3907
3 3916 3903 3905
3 1982 3898 1969
3 3909 3902 3898
3 3912 3906 3901
3 3904 1988 1975
3 3907 3915 3904
3 3900 3919 3908
3 3913 3901 3902
3 3917 3905 3906
3 3899 3911 3900
3 3918 3925 3915
3 3911 3929 3919
3 3924 3912 3913
3 3927 3916 3917
3 3910 3922 3911
3 3919 3928 3918
3 1995 3909 1982
3 3920 3913 3909
3 3923 3917 3912
3 3915 2000 1988
3 3925 2012 2000
3 3921 3932 3922
3 3922 3939 3929
3 3937 3926 3927
3 3933 3927 3923
3 2007 3920 1995
3 3929 3938 3928
3 3934 3923 3924
3 3928 3935 3925
3 3930 3924 3920
3 3939 3948 3938
3 3944 3933 3934
3 3938 3945 3935
3 3940 3934 3930
3 3935 2024 2012
3 3931 3942 3932
3 3932 3949 3939
3 3947 3936 3937
3 3943 3937 3933
3 2019 3930 2007
3 3940 2030 3950
3 3950 3948 3951
3 3943 3951 3952
3 3947 3952 3953
3 3953 3941 3954
3 3947 3954 3946
3 3942 3952 3949
3 3949 3951 3948
3 3944 3950 3951
3 3945 2030 2024
3 3956 3936 3955
3 3931 3956 3955
3 3955 3946 3954
3 3941 3955 3954
3 3914 3921 3910
3 3926 3914 3916
3 170 171 3
3 17 4 172
3 172 4 6
3 6 8 174
3 174 8 10
3 175 10 12
3 12 14 177
3 1 17 178
3 14 18 179
3 18 20 180
3 180 20 22
3 22 24 182
3 24 26 183
3 183 26 28
3 184 28 30
3 170 185 30
3 418 35 32
3 420 33 34
3 417 32 33
3 422 37 38
3 422 423 36
3 425 40 41
3 425 426 39
3 428 44 45
3 429 43 44
3 430 42 43
3 427 45 39
3 421 38 46
3 46 42 430
3 432 423 6
3 419 34 47
3 424 41 35
3 40 49 50
3 39 48 49
3 49 52 53
3 48 51 52
3 53 52 55
3 52 51 54
3 68 58 57
3 207 60 59
3 59 60 62
3 62 64 63
3 58 66 65
3 56 68 67
3 35 72 69
3 34 33 70
3 33 32 69
3 41 50 72
3 44 75 76
3 44 43 74
3 43 42 73
3 45 76 48
3 38 79 80
3 37 78 79
3 37 36 77
3 46 80 73
3 81 77 36
3 34 71 81
3 116 85 86
3 117 83 84
3 100 101 87
3 100 86 85
3 118 87 273
3 51 89 90
3 51 48 76
3 67 57 91
3 57 65 92
3 53 67 93
3 71 70 95
3 81 71 96
3 69 72 97
3 70 69 94
3 72 50 93
3 78 100 99
3 78 77 101
3 77 81 98
3 76 102 103
3 89 103 104
3 80 108 105
3 74 106 107
3 73 105 106
3 75 107 102
3 102 113 111
3 105 115 110
3 111 113 114
3 108 88 115
3 106 110 109
3 79 99 108
3 87 198 274
3 111 112 104
3 212 206 215
3 126 122 121
3 203 204 125
3 124 125 126
3 162 188 127
3 128 127 129
3 133 134 131
3 190 191 134
3 131 135 136
3 197 137 138
3 137 139 140
3 194 141 142
3 141 143 144
3 132 136 147
3 132 145 146
3 128 130 149
3 133 146 192
3 128 148 189
3 142 144 151
3 138 140 153
3 167 147 136
3 193 142 150
3 147 156 154
3 145 154 155
3 157 203 124
3 189 148 158
3 163 159 160
3 190 192 149
3 121 188 162
3 164 160 161
3 95 164 165
3 163 164 95
3 166 163 94
3 168 159 163
3 92 168 166
3 91 166 97
3 123 162 189
3 147 167 169
3 31 185 170
3 29 184 185
3 27 183 184
3 25 182 183
3 181 182 25
3 21 180 181
3 179 180 21
3 177 179 19
3 3 171 178
3 176 177 15
3 11 175 176
3 9 174 175
3 173 174 9
3 172 173 7
3 178 172 5
3 0 1 171
3 96 165 187
3 130 129 191
3 140 193 195
3 139 194 193
3 138 152 167
3 135 197 196
3 98 96 186
3 101 98 198
3 200 202 201
3 119 120 204
3 212 213 205
3 66 207 208
3 208 59 209
3 59 61 210
3 211 209 212
3 209 210 213
3 211 92 65
3 63 64 120
3 206 216 159
3 206 205 158
3 168 214 215
3 119 219 217
3 157 218 220
3 119 203 220
3 157 158 222
3 213 210 221
3 210 61 223
3 63 217 223
3 213 224 222
3 224 232 230
3 218 222 230
3 218 226 228
3 221 223 231
3 221 229 232
3 223 217 225
3 217 219 227
3 219 220 228
3 226 234 236
3 231 225 233
3 229 231 239
3 225 227 235
3 227 228 236
3 232 240 238
3 226 230 238
3 229 237 240
3 241 240 237
3 238 240 241
3 236 234 241
3 241 239 233
3 192 243 242
3 149 242 216
3 160 159 216
3 243 192 146
3 160 242 243
3 202 245 244
3 295 249 257
3 249 296 437
3 251 250 252
3 253 255 254
3 260 257 256
3 257 259 169
3 255 260 258
3 258 256 152
3 251 254 195
3 150 151 250
3 254 258 153
3 167 152 256
3 156 263 261
3 155 154 261
3 156 169 259
3 155 262 161
3 262 187 165
3 200 199 186
3 262 261 200
3 276 274 199
3 263 259 245
3 261 263 202
3 259 257 249
3 266 265 255
3 266 267 264
3 253 252 267
3 198 186 199
3 244 245 437
3 433 435 434
3 118 82 83
3 274 276 275
3 82 118 268
3 268 277 278
3 282 279 280
3 278 277 282
3 280 279 283
3 284 283 285
3 286 285 287
3 288 287 289
3 290 289 291
3 292 291 293
3 84 294 293
3 272 433 248
3 271 276 201
3 271 244 435
3 270 275 276
3 260 255 265
3 435 437 436
3 296 298 297
3 297 298 300
3 300 298 265
3 436 437 296
3 279 282 272
3 275 277 268
3 87 118 117
3 113 102 107
3 116 303 301
3 85 301 302
3 99 302 88
3 301 304 305
3 315 306 307
3 307 306 308
3 312 313 310
3 332 333 313
3 304 315 314
3 319 312 311
3 113 316 320
3 316 317 321
3 317 318 322
3 318 319 323
3 314 307 324
3 309 325 324
3 327 88 302
3 305 314 326
3 312 319 334
3 325 329 328
3 329 325 334
3 326 324 328
3 331 330 328
3 336 331 329
3 337 330 331
3 317 336 335
3 335 334 319
3 332 334 325
3 309 308 333
3 115 337 338
3 88 327 337
3 330 337 327
3 336 339 338
3 339 109 110
3 316 113 109
3 317 316 339
3 287 285 341
3 349 343 342
3 342 343 345
3 345 347 346
3 340 341 349
3 347 345 350
3 344 346 353
3 388 355 354
3 369 357 356
3 356 357 359
3 366 367 361
3 363 360 361
3 313 362 364
3 363 365 364
3 358 359 367
3 355 369 368
3 360 363 379
3 291 370 374
3 371 375 384
3 371 372 376
3 373 377 376
3 293 374 303
3 378 379 377
3 380 376 377
3 381 377 379
3 308 381 382
3 308 306 380
3 363 362 382
3 333 382 362
3 383 384 374
3 386 385 384
3 315 304 385
3 374 384 385
3 303 385 304
3 386 380 306
3 375 376 380
3 352 353 388
3 387 354 408
3 370 389 393
3 389 390 394
3 390 391 395
3 392 396 395
3 401 402 398
3 399 397 398
3 409 399 400
3 395 402 401
3 398 402 404
3 400 404 411
3 404 396 408
3 396 404 402
3 394 401 405
3 401 397 406
3 397 399 407
3 406 407 373
3 405 406 372
3 383 393 405
3 411 408 354
3 410 411 368
3 358 409 410
3 403 408 396
3 412 407 399
3 366 412 409
3 373 407 412
3 360 378 412
3 414 403 392
3 342 414 413
3 415 391 390
3 340 415 416
3 389 370 291
3 389 289 416
3 348 413 415
3 391 415 413
3 344 352 414
3 403 414 352
3 28 424 418
3 4 17 419
3 47 36 423
3 431 430 14
3 10 421 431
3 427 426 24
3 14 430 429
3 18 429 428
3 22 20 428
3 26 24 426
3 26 425 424
3 8 6 423
3 8 422 421
3 1 0 417
3 1 420 419
3 30 418 417
3 433 272 270
3 277 275 270
3 297 299 439
3 439 441 440
3 440 441 443
3 440 442 444
3 438 444 247
3 443 446 445
3 455 456 448
3 453 450 449
3 480 479 452
3 451 452 471
3 445 446 456
3 285 283 458
3 343 349 459
3 457 350 345
3 341 458 459
3 467 460 498
3 466 467 500
3 485 487 465
3 502 469 468
3 477 478 484
3 472 475 473
3 448 453 454
3 473 475 442
3 434 483 482
3 436 247 444
3 444 442 475
3 474 473 478
3 248 482 480
3 472 482 483
3 479 480 482
3 457 459 485
3 459 458 476
3 455 478 473
3 447 484 478
3 465 466 499
3 476 471 487
3 451 476 458
3 279 480 451
3 492 481 486
3 494 488 481
3 479 493 491
3 493 494 492
3 471 452 491
3 491 492 489
3 472 474 493
3 477 494 493
3 470 488 494
3 490 489 495
3 496 495 467
3 487 496 466
3 471 490 496
3 460 467 495
3 497 495 489
3 469 502 499
3 465 502 501
3 463 499 500
3 500 498 461
3 501 468 351
3 464 501 350
3 548 506 546
3 509 505 508
3 522 510 509
3 513 514 511
3 548 549 504
3 511 515 516
3 518 517 519
3 525 542 538
3 520 519 509
3 519 523 505
3 504 549 526
3 526 541 542
3 528 527 539
3 529 541 539
3 529 527 530
3 528 531 530
3 532 530 533
3 531 534 533
3 516 515 517
3 507 522 521
3 534 531 543
3 528 540 543
3 542 541 529
3 542 532 535
3 545 511 514
3 545 544 515
3 539 541 544
3 539 545 536
3 514 513 507
3 505 523 549
3 505 548 547
3 506 504 550
3 506 551 552
3 543 540 554
3 537 543 555
3 553 555 546
3 555 554 547
3 550 504 525
3 523 519 517
3 517 515 544
3 556 544 541
3 549 523 556
3 508 547 554
3 536 514 503
3 540 536 557
3 508 557 503
3 1015 1826 1828
3 1016 559 1825
3 534 563 562
3 535 533 562
3 563 565 564
3 561 562 564
3 565 568 567
3 566 564 567
3 570 1822 1823
3 1019 1820 1821
3 552 551 573
3 551 550 574
3 580 579 577
3 579 581 576
3 573 574 581
3 573 579 580
3 1020 572 585
3 1021 1922 1923
3 585 1918 1924
3 1018 576 589
3 1017 1023 588
3 1024 589 588
3 583 582 593
3 553 590 592
3 590 591 593
3 553 552 575
3 580 591 590
3 578 583 591
3 595 581 574
3 566 594 596
3 594 595 597
3 524 538 596
3 524 597 574
3 538 535 561
3 589 595 594
3 569 588 594
3 595 589 576
3 565 563 592
3 568 565 593
3 537 592 563
3 673 600 601
3 481 488 604
3 481 602 603
3 604 488 605
3 606 605 607
3 638 609 610
3 610 609 611
3 612 611 613
3 520 614 616
3 516 518 616
3 614 613 619
3 616 619 618
3 615 618 617
3 620 617 621
3 643 644 623
3 624 623 626
3 625 626 486
3 648 646 628
3 647 627 628
3 628 631 640
3 627 630 631
3 674 633 642
3 641 675 673
3 630 449 636
3 631 636 641
3 470 484 634
3 634 484 447
3 470 635 605
3 640 641 599
3 675 642 600
3 629 639 640
3 645 648 639
3 607 638 637
3 622 621 644
3 627 635 634
3 454 449 630
3 647 605 635
3 609 638 648
3 607 605 647
3 638 607 646
3 629 649 650
3 645 650 611
3 649 629 632
3 598 651 632
3 612 510 652
3 658 654 653
3 653 654 656
3 665 655 656
3 664 658 657
3 522 507 659
3 507 513 660
3 622 662 512
3 661 659 654
3 659 660 656
3 637 664 663
3 610 652 664
3 658 664 652
3 624 665 666
3 643 666 662
3 660 662 666
3 667 668 602
3 669 603 602
3 655 669 668
3 657 653 668
3 670 669 655
3 670 665 624
3 603 669 670
3 663 657 667
3 608 663 671
3 671 667 604
3 636 674 675
3 599 673 672
3 633 674 677
3 677 674 636
3 450 676 677
3 461 498 679
3 693 681 680
3 694 695 683
3 690 691 685
3 688 689 687
3 684 685 689
3 723 724 691
3 701 693 692
3 706 707 695
3 460 497 697
3 497 486 626
3 696 679 498
3 696 697 699
3 623 699 697
3 678 679 701
3 679 696 698
3 705 702 703
3 621 705 704
3 644 704 699
3 704 703 698
3 703 702 681
3 693 701 698
3 680 681 707
3 738 720 718
3 708 709 737
3 613 708 710
3 710 737 738
3 611 650 711
3 618 715 714
3 714 715 717
3 716 717 695
3 702 716 707
3 617 714 705
3 705 714 716
3 717 715 718
3 715 618 713
3 717 719 683
3 771 744 745
3 682 683 724
3 724 721 722
3 721 724 683
3 720 721 719
3 619 710 713
3 732 733 725
3 726 725 727
3 734 735 729
3 734 731 730
3 735 732 726
3 598 672 732
3 651 734 736
3 651 598 735
3 672 601 733
3 649 736 711
3 736 730 712
3 731 740 739
3 708 613 711
3 730 739 741
3 742 740 731
3 728 742 729
3 709 708 712
3 745 744 747
3 772 745 743
3 743 745 748
3 764 750 751
3 766 765 751
3 759 758 753
3 760 759 754
3 749 751 755
3 751 750 756
3 757 755 759
3 755 756 758
3 1008 1007 950
3 791 1008 949
3 768 753 758
3 770 756 750
3 959 1005 952
3 761 762 764
3 768 767 728
3 742 770 769
3 728 767 770
3 756 770 767
3 689 772 773
3 685 771 772
3 691 722 771
3 747 744 779
3 778 764 762
3 709 774 775
3 850 949 746
3 739 778 776
3 738 777 779
3 949 950 855
3 950 1007 1005
3 995 912 911
3 740 769 778
3 764 778 769
3 779 722 721
3 744 771 722
3 802 801 787
3 848 782 783
3 852 794 790
3 851 793 794
3 851 844 783
3 855 853 743
3 853 854 773
3 802 798 797
3 843 846 780
3 776 762 1003
3 789 799 802
3 785 801 802
3 785 803 805
3 787 801 805
3 789 806 807
3 807 803 785
3 797 798 809
3 787 804 809
3 807 812 810
3 807 806 811
3 972 808 816
3 972 817 815
3 873 820 818
3 872 819 820
3 820 823 821
3 819 822 823
3 823 826 824
3 822 825 826
3 869 838 829
3 837 828 829
3 828 808 809
3 918 871 814
3 835 872 873
3 898 880 788
3 827 829 809
3 847 845 781
3 795 875 854
3 782 831 833
3 813 793 783
3 870 841 842
3 741 776 774
3 686 687 846
3 846 854 875
3 795 853 855
3 760 844 851
3 757 851 852
3 737 775 777
3 749 852 849
3 752 848 844
3 687 773 854
3 847 857 856
3 856 857 859
3 858 859 861
3 871 842 784
3 866 784 842
3 841 862 863
3 861 864 865
3 792 786 784
3 919 870 871
3 862 865 864
3 834 873 867
3 811 835 834
3 825 874 830
3 824 826 830
3 812 834 836
3 830 838 869
3 864 861 839
3 874 837 838
3 866 864 832
3 888 887 876
3 924 878 877
3 937 804 805
3 896 882 881
3 839 861 884
3 883 884 886
3 882 885 886
3 814 786 887
3 923 879 878
3 941 821 824
3 940 938 869
3 938 939 840
3 927 928 891
3 926 927 890
3 935 936 805
3 941 942 818
3 930 931 894
3 930 893 892
3 943 939 891
3 929 892 891
3 926 889 879
3 937 879 889
3 880 896 895
3 896 880 933
3 868 876 898
3 880 898 934
3 900 901 946
3 899 900 945
3 944 942 894
3 899 894 931
3 877 901 934
3 935 803 810
3 859 857 903
3 857 847 902
3 903 902 905
3 904 903 906
3 905 902 875
3 847 780 875
3 859 904 884
3 884 904 907
3 905 908 909
3 906 909 910
3 907 910 881
3 908 905 795
3 908 911 912
3 910 909 912
3 775 763 747
3 881 910 913
3 774 1003 763
3 850 763 1003
3 748 747 763
3 916 914 790
3 922 921 916
3 922 917 813
3 917 916 794
3 888 922 920
3 868 921 922
3 831 919 918
3 833 918 920
3 915 921 868
3 791 1003 762
3 916 921 915
3 925 934 898
3 932 931 882
3 933 934 901
3 932 933 900
3 786 792 926
3 883 929 928
3 885 930 929
3 885 882 931
3 792 832 927
3 832 839 928
3 786 923 924
3 887 924 925
3 935 946 901
3 867 818 942
3 944 945 836
3 945 946 810
3 804 937 940
3 824 840 939
3 893 894 942
3 877 878 936
3 890 891 939
3 890 938 940
3 893 941 943
3 879 937 936
3 1165 957 958
3 994 1002 960
3 822 819 955
3 825 822 954
3 987 981 967
3 1164 958 956
3 976 974 1170
3 1168 1172 968
3 987 973 979
3 835 811 962
3 988 965 961
3 1169 1168 977
3 874 969 971
3 1172 1173 956
3 806 815 962
3 985 979 966
3 789 800 972
3 797 808 972
3 837 971 970
3 1166 975 976
3 992 991 948
3 950 959 796
3 816 970 989
3 796 959 911
3 982 992 1006
3 970 816 808
3 825 953 969
3 990 983 1006
3 984 964 965
3 991 986 966
3 960 1002 1001
3 872 835 963
3 819 872 978
3 1165 1170 974
3 981 989 961
3 1166 1167 951
3 982 983 954
3 963 962 986
3 969 984 988
3 978 992 982
3 969 953 990
3 978 963 991
3 815 985 986
3 971 988 989
3 817 987 985
3 954 983 990
3 817 816 981
3 1006 992 947
3 967 961 996
3 964 984 1006
3 964 1001 997
3 979 1004 1000
3 947 948 993
3 948 966 1000
3 965 997 996
3 979 973 998
3 1169 980 951
3 967 999 998
3 1009 1010 1007
3 766 849 1010
3 1008 791 761
3 765 766 1009
3 912 995 1012
3 895 913 1012
3 1012 995 1011
3 1013 952 1005
3 914 1013 1014
3 1007 1010 1014
3 790 1014 1010
3 952 1013 1011
3 1011 915 897
3 915 1011 1013
3 1017 560 586
3 1022 1924 1922
3 570 1018 1024
3 583 1022 1021
3 582 1021 1016
3 583 578 1020
3 578 577 1019
3 576 1018 1019
3 568 1016 1015
3 569 567 1015
3 1032 1026 1029
3 1031 1033 1029
3 1027 1030 1033
3 1028 1032 1033
3 1093 1051 1410
3 1399 1094 1092
3 1417 1049 1403
3 1416 1391 1400
3 1382 1386 1042
3 1382 1043 1041
3 1420 1418 1046
3 1418 1419 1045
3 1050 1046 1045
3 1421 1420 1044
3 1077 1397 1398
3 1077 1068 1400
3 1052 1037 1405
3 1056 1058 1057
3 1056 1055 1034
3 1057 1058 1061
3 1034 1060 1061
3 1032 1062 1063
3 1062 1032 1028
3 1026 1063 1066
3 1064 1066 1067
3 1422 1416 1068
3 1093 1094 1399
3 1055 1067 1070
3 1413 1083 1084
3 1410 1407 1092
3 1083 1079 1025
3 1054 1073 1072
3 1385 1077 1076
3 1383 1381 1076
3 1384 1385 1047
3 1092 1095 1398
3 1050 1048 1044
3 1379 1044 1048
3 1093 1390 1394
3 1095 1096 1396
3 1027 1031 1080
3 1079 1072 1074
3 1064 1055 1085
3 1408 1406 1096
3 1055 1056 1088
3 1082 1083 1413
3 1089 1029 1026
3 1084 1025 1029
3 1035 1089 1086
3 1082 1054 1079
3 1412 1078 1090
3 1409 1087 1085
3 1064 1087 1086
3 1087 1409 1052
3 1051 1093 1097
3 1085 1088 1408
3 1387 1393 1415
3 1406 1408 1088
3 1088 1056 1054
3 1082 1406 1088
3 1391 1416 1415
3 1402 1091 1090
3 1096 1091 1402
3 1075 1396 1403
3 1412 1091 1096
3 1075 1076 1398
3 1407 1408 1095
3 1069 1084 1089
3 1028 1030 1098
3 1027 1081 1098
3 1105 1101 1099
3 1106 1102 1099
3 975 951 1103
3 1103 1102 1106
3 980 1104 1103
3 1104 1105 1102
3 1117 1110 1108
3 1117 1118 1109
3 1115 1116 1113
3 1115 1112 1111
3 1144 1115 1114
3 1144 1145 1116
3 1121 1122 1118
3 1121 1117 1119
3 1112 1121 1120
3 1112 1113 1122
3 1128 1124 1123
3 976 1127 1126
3 1127 1128 1125
3 1146 1147 1129
3 1142 1131 1132
3 1110 1135 1133
3 1110 1109 1134
3 1133 1135 1138
3 1134 1137 1138
3 1131 1139 1140
3 1134 1140 1139
3 1140 1134 1109
3 1132 1140 1118
3 1129 1142 1141
3 1141 1132 1122
3 1130 1141 1113
3 958 957 1145
3 958 1144 1143
3 957 974 1126
3 1125 1123 1147
3 1126 1125 1146
3 1145 1146 1130
3 1124 1128 1106
3 975 1107 1127
3 1128 1127 1107
3 1111 1148 1149
3 1120 1150 1148
3 977 968 1151
3 1155 1156 1153
3 1152 1151 1156
3 1158 1162 1149
3 1157 1149 1148
3 1136 1161 1160
3 1108 1133 1160
3 1160 1161 1163
3 1150 1163 1159
3 1119 1160 1150
3 1156 1162 1158
3 1114 1149 1162
3 968 956 1143
3 1151 1143 1162
3 1104 1152 1155
3 1152 1104 980
3 1155 1154 1101
3 1169 1167 1002
3 1001 1002 1167
3 999 996 1170
3 1001 1166 1171
3 1000 1004 1173
3 994 993 1168
3 993 1000 1172
3 997 1171 1170
3 1004 998 1164
3 999 1165 1164
3 1136 1138 1176
3 1137 1175 1176
3 1198 1179 1177
3 1198 1200 1178
3 1192 1193 1182
3 1193 1194 1181
3 1190 1185 1183
3 1190 1191 1184
3 1187 1099 1101
3 1188 1100 1099
3 1185 1184 1188
3 1185 1187 1186
3 1188 1184 1124
3 1154 1183 1186
3 1181 1191 1190
3 1180 1182 1190
3 1124 1184 1191
3 1153 1189 1183
3 1180 1189 1153
3 1179 1178 1194
3 1179 1193 1192
3 1192 1180 1158
3 1177 1192 1157
3 1175 1199 1197
3 1197 1199 1200
3 1174 1176 1197
3 1196 1197 1198
3 1196 1195 1163
3 1195 1177 1159
3 1174 1196 1161
3 1123 1191 1181
3 1147 1181 1194
3 1142 1178 1200
3 1131 1200 1199
3 1139 1199 1175
3 1129 1194 1178
3 1231 1228 1936
3 143 141 1203
3 1222 1201 1202
3 194 139 1212
3 191 129 1219
3 131 1205 1207
3 131 134 1206
3 1938 1939 1225
3 1940 1941 1229
3 1213 1212 1226
3 1215 1214 127
3 122 1217 1216
3 1218 1219 1233
3 197 1220 1221
3 135 1207 1220
3 137 1221 1212
3 1213 1203 141
3 1227 1211 1201
3 1230 1231 1937
3 1216 1215 188
3 1214 1219 129
3 1941 1209 1233
3 1939 1210 1226
3 134 191 1218
3 1221 1225 1226
3 1203 1213 1227
3 1211 1227 1226
3 1220 1224 1225
3 1203 1222 1223
3 1229 1233 1219
3 1215 1216 1231
3 1232 1233 1209
3 1230 1229 1214
3 1217 1228 1231
3 1207 1205 1234
3 1205 1206 1235
3 1236 1224 1220
3 1232 1235 1206
3 1208 1234 1235
3 1236 1234 1938
3 1283 1239 1238
3 1281 1284 1238
3 1255 1241 1240
3 1254 1261 1244
3 1260 1254 1243
3 1271 1270 1247
3 1271 1246 1245
3 1276 1289 1249
3 1276 1250 1248
3 1286 1251 1252
3 1287 1252 1239
3 1288 1248 1251
3 1255 1281 1237
3 1282 1240 1244
3 1270 1260 1242
3 1277 1245 1249
3 1240 1256 1258
3 1243 1244 1258
3 1251 1248 1262
3 1250 1263 1262
3 1245 1259 1265
3 1265 1263 1250
3 1252 1251 1264
3 1252 1266 1253
3 1267 1259 1247
3 1243 1257 1267
3 1268 1256 1240
3 1241 1237 1253
3 1256 1274 1272
3 1263 1279 1278
3 31 1287 1283
3 1265 1259 1269
3 1257 1258 1272
3 1267 1273 1269
3 3 1288 1286
3 1264 1262 1278
3 1268 1253 1275
3 16 1276 1288
3 1266 1280 1275
3 2 1286 1287
3 13 15 1254
3 7 9 1271
3 16 5 1289
3 23 25 1281
3 7 1277 1289
3 11 13 1260
3 21 1282 1261
3 9 11 1270
3 19 1261 1254
3 23 1255 1282
3 25 27 1284
3 29 1283 1284
3 288 1291 1290
3 280 284 1293
3 286 1290 1293
3 281 1295 1294
3 1301 1302 1299
3 83 1302 1301
3 1302 1297 1303
3 1297 1302 83
3 1303 1297 1298
3 1305 1307 1308
3 1308 1307 1293
3 1311 1310 269
3 1311 1312 1309
3 1295 1314 1311
3 1295 1292 1315
3 1307 1315 1292
3 1291 1324 1308
3 1313 1312 1311
3 1316 1313 1314
3 1307 1305 1316
3 281 280 1292
3 1301 1300 1317
3 1317 1319 1320
3 1320 1319 1321
3 1321 1323 1324
3 1324 1323 1306
3 1318 1320 1325
3 1320 1322 1326
3 1322 1324 1291
3 1326 1291 288
3 1325 1326 290
3 1327 1325 292
3 1301 1318 1327
3 1297 82 1328
3 269 1310 1328
3 1298 1296 1329
3 1329 1296 1330
3 1309 1312 1333
3 1310 1335 1336
3 1328 1336 1334
3 1339 1337 1342
3 1341 1342 1340
3 1317 1362 1345
3 1317 1300 1361
3 1299 1303 1347
3 1346 1361 1300
3 1306 1323 1350
3 1323 1321 1349
3 1319 1345 1349
3 1313 1316 1352
3 1351 1305 1306
3 1305 1351 1352
3 1348 1353 1369
3 1348 1350 1355
3 1355 1350 1349
3 1364 1349 1345
3 1355 1364 1365
3 1355 1354 1357
3 1365 1366 1358
3 1358 1366 1361
3 1344 1343 1359
3 1343 1344 1362
3 1360 1363 1362
3 1356 1359 1366
3 1343 1361 1366
3 1356 1364 1363
3 1304 1329 1368
3 1369 1353 1357
3 1330 1370 1357
3 1296 1367 1371
3 1296 1298 1334
3 1358 1373 1372
3 1347 1368 1373
3 1374 1372 1373
3 1374 1368 1329
3 1372 1374 1331
3 1351 1369 1370
3 1309 1332 1337
3 1309 1339 1335
3 1335 1339 1341
3 1336 1341 1338
3 1367 1334 1338
3 1340 1342 1376
3 1337 1332 1376
3 1332 1333 1375
3 1376 1375 1371
3 1352 1370 1375
3 1371 1375 1370
3 1025 1074 1080
3 1057 1377 1073
3 1075 1049 1379
3 1068 1077 1385
3 1048 1050 1381
3 1047 1385 1381
3 1419 1422 1384
3 1421 1379 1049
3 1038 1040 1382
3 1039 1386 1382
3 1390 1392 1395
3 1392 1391 1393
3 1394 1395 1389
3 1389 1395 1393
3 1390 1399 1401
3 1401 1400 1391
3 1387 1403 1404
3 1404 1402 1388
3 1097 1394 1388
3 1037 1051 1036
3 1035 1405 1053
3 1405 1036 1078
3 1052 1409 1411
3 1411 1410 1051
3 1069 1053 1414
3 1414 1053 1078
3 1036 1097 1090
3 1039 1040 1415
3 1038 1417 1415
3 1043 1042 1419
3 1043 1418 1420
3 1038 1380 1421
3 1042 1386 1422
3 1041 1420 1421
3 1039 1416 1422
3 1467 1442 1503
3 1492 1468 1466
3 1510 1440 1496
3 1509 1484 1493
3 1475 1479 1433
3 1475 1434 1432
3 1513 1511 1437
3 1512 1436 1437
3 1441 1437 1436
3 1514 1513 1435
3 1453 1490 1491
3 1453 1449 1493
3 1443 1428 1498
3 1515 1509 1449
3 1467 1468 1492
3 1506 1457 1458
3 1503 1500 1466
3 1457 1455 1423
3 1478 1453 1452
3 1474 1452 1451
3 1477 1478 1438
3 1466 1469 1491
3 1441 1439 1435
3 1472 1435 1439
3 1467 1483 1487
3 1491 1469 1470
3 1448 1446 1459
3 1469 1501 1499
3 1446 1447 1462
3 1456 1457 1506
3 1463 1425 1424
3 1458 1423 1425
3 1426 1463 1460
3 1456 1445 1455
3 1505 1454 1464
3 1502 1461 1459
3 1448 1461 1460
3 1461 1502 1443
3 1442 1467 1471
3 1459 1462 1501
3 1480 1486 1508
3 1499 1501 1462
3 1462 1447 1445
3 1456 1499 1462
3 1484 1509 1508
3 1495 1465 1464
3 1470 1465 1495
3 1451 1489 1496
3 1505 1465 1470
3 1452 1491 1489
3 1500 1501 1469
3 1450 1458 1463
3 1451 1440 1472
3 1449 1453 1478
3 1439 1441 1474
3 1438 1478 1474
3 1512 1515 1477
3 1514 1472 1440
3 1429 1431 1475
3 1430 1479 1475
3 1487 1483 1485
3 1485 1484 1486
3 1487 1488 1482
3 1482 1488 1486
3 1483 1492 1494
3 1494 1493 1484
3 1496 1497 1482
3 1497 1495 1481
3 1471 1487 1481
3 1428 1442 1427
3 1426 1498 1444
3 1498 1427 1454
3 1443 1502 1504
3 1504 1503 1442
3 1450 1444 1507
3 1444 1454 1505
3 1427 1471 1464
3 1430 1431 1508
3 1429 1510 1508
3 1434 1433 1512
3 1434 1511 1513
3 1429 1473 1514
3 1433 1479 1515
3 1432 1513 1514
3 1430 1509 1515
3 1560 1535 1596
3 1561 1559 1583
3 1603 1533 1589
3 1602 1577 1586
3 1568 1572 1526
3 1568 1527 1525
3 1606 1604 1530
3 1605 1529 1530
3 1534 1530 1529
3 1607 1606 1528
3 1546 1583 1584
3 1546 1542 1586
3 1536 1521 1591
3 1608 1602 1542
3 1560 1561 1585
3 1599 1550 1551
3 1596 1593 1559
3 1550 1548 1516
3 1571 1546 1545
3 1567 1545 1544
3 1570 1571 1531
3 1559 1562 1584
3 1534 1532 1528
3 1565 1528 1532
3 1560 1576 1580
3 1584 1562 1563
3 1541 1539 1552
3 1562 1594 1592
3 1539 1540 1555
3 1549 1550 1599
3 1556 1518 1517
3 1551 1516 1518
3 1519 1556 1553
3 1538 1548 1550
3 1558 1598 1547
3 1595 1554 1552
3 1541 1554 1553
3 1554 1595 1536
3 1535 1560 1564
3 1552 1555 1594
3 1573 1579 1601
3 1592 1594 1555
3 1555 1540 1538
3 1538 1549 1592
3 1577 1602 1601
3 1588 1558 1557
3 1563 1558 1588
3 1544 1582 1589
3 1592 1598 1558
3 1544 1545 1584
3 1559 1593 1594
3 1543 1551 1556
3 1544 1533 1565
3 1542 1546 1571
3 1532 1534 1567
3 1531 1571 1567
3 1605 1608 1570
3 1607 1565 1533
3 1522 1524 1568
3 1523 1572 1568
3 1576 1578 1581
3 1578 1577 1579
3 1580 1581 1575
3 1575 1581 1579
3 1576 1585 1587
3 1587 1586 1577
3 1589 1590 1575
3 1590 1588 1574
3 1564 1580 1574
3 1521 1535 1520
3 1519 1591 1537
3 1591 1520 1547
3 1595 1597 1521
3 1597 1596 1535
3 1543 1537 1600
3 1600 1537 1547
3 1564 1557 1547
3 1523 1524 1601
3 1522 1603 1601
3 1527 1526 1605
3 1527 1604 1606
3 1522 1566 1607
3 1526 1572 1608
3 1525 1606 1607
3 1523 1602 1608
3 1653 1628 1689
3 1678 1654 1652
3 1696 1626 1682
3 1695 1670 1679
3 1661 1665 1619
3 1661 1620 1618
3 1699 1697 1623
3 1698 1622 1623
3 1627 1623 1622
3 1700 1699 1621
3 1639 1676 1677
3 1639 1635 1679
3 1629 1614 1684
3 1701 1695 1635
3 1653 1654 1678
3 1692 1643 1644
3 1689 1686 1652
3 1643 1641 1609
3 1664 1639 1638
3 1662 1660 1638
3 1663 1664 1624
3 1652 1655 1677
3 1627 1625 1621
3 1658 1621 1625
3 1653 1669 1673
3 1677 1655 1656
3 1071 1632 1645
3 1687 1685 1656
3 1645 1632 1633
3 1642 1643 1692
3 1646 1649 1611
3 1644 1609 1611
3 1612 1649 1646
3 1642 1631 1641
3 1691 1640 1650
3 1688 1647 1645
3 1071 1647 1646
3 1647 1688 1629
3 1628 1653 1657
3 1645 1648 1687
3 1666 1672 1694
3 1685 1687 1648
3 1648 1633 1631
3 1642 1685 1648
3 1670 1695 1694
3 1681 1651 1650
3 1656 1651 1681
3 1637 1675 1682
3 1691 1651 1656
3 1637 1638 1677
3 1686 1687 1655
3 1636 1644 1649
3 1637 1626 1658
3 1635 1639 1664
3 1625 1627 1660
3 1624 1664 1660
3 1698 1701 1663
3 1700 1658 1626
3 1615 1617 1661
3 1616 1665 1661
3 1669 1671 1674
3 1671 1670 1672
3 1673 1674 1668
3 1668 1674 1672
3 1678 1680 1671
3 1680 1679 1670
3 1666 1682 1683
3 1668 1683 1681
3 1657 1673 1667
3 1614 1628 1613
3 1612 1684 1630
3 1684 1613 1640
3 1629 1688 1690
3 1690 1689 1628
3 1636 1630 1693
3 1693 1630 1640
3 1657 1650 1640
3 1616 1617 1694
3 1615 1696 1694
3 1620 1619 1698
3 1620 1697 1699
3 1615 1659 1700
3 1619 1665 1701
3 1618 1699 1700
3 1616 1695 1701
3 1916 1870 1872
3 1747 1723 1721
3 1758 1713 1751
3 1757 1739 1748
3 1730 1734 1706
3 1730 1707 1705
3 1761 1759 1710
3 1760 1709 1710
3 1714 1710 1709
3 1762 1761 1708
3 1718 1745 1746
3 1718 1715 1748
3 1763 1757 1715
3 1738 1722 1723
3 1755 1904 1905
3 1733 1718 1717
3 1731 1729 1717
3 1732 1733 1711
3 1745 1721 1724
3 1714 1712 1708
3 1727 1708 1712
3 1722 1738 1742
3 1746 1724 1725
3 1915 1720 1725
3 1901 1872 1888
3 1726 1719 1900
3 1741 1756 1758
3 1739 1757 1756
3 1720 1719 1736
3 1725 1720 1750
3 1716 1744 1751
3 1916 1903 1854
3 1716 1717 1746
3 1912 1884 1855
3 1716 1713 1727
3 1715 1718 1733
3 1712 1714 1729
3 1711 1733 1729
3 1760 1763 1732
3 1762 1727 1713
3 1702 1704 1730
3 1703 1734 1730
3 1738 1740 1743
3 1740 1739 1741
3 1736 1742 1743
3 1743 1741 1735
3 1747 1749 1740
3 1749 1748 1739
3 1735 1751 1752
3 1737 1752 1750
3 1726 1742 1736
3 1897 1894 1810
3 1703 1704 1756
3 1702 1758 1756
3 1707 1706 1760
3 1707 1759 1761
3 1702 1728 1762
3 1706 1734 1763
3 1705 1761 1762
3 1703 1757 1763
3 1773 1774 1766
3 1775 1765 1766
3 1770 1771 1769
3 1771 1772 1059
3 1447 1446 1772
3 1445 1447 1771
3 1632 1775 1774
3 1633 1774 1773
3 1538 1540 1778
3 1540 1539 1777
3 1776 1778 1780
3 1777 1767 1780
3 1793 1797 1781
3 1793 1783 1782
3 1800 1784 1786
3 1799 1786 1785
3 1803 1787 1789
3 1802 1789 1788
3 1784 1790 1792
3 1786 1792 1081
3 1782 1783 1796
3 1789 1794 1790
3 1781 1065 1796
3 1634 1795 1864
3 1611 1793 1798
3 1611 1609 1797
3 1425 1799 1801
3 1423 1800 1799
3 1518 1802 1804
3 1516 1803 1802
3 1805 1804 1788
3 1800 1423 1807
3 1074 1424 1801
3 1080 1801 1785
3 1072 1448 1424
3 1073 1446 1448
3 1377 1772 1446
3 1631 1773 1070
3 1067 1066 1641
3 1063 1609 1641
3 1062 1797 1609
3 1781 1797 1062
3 1805 1807 1517
3 1805 1790 1784
3 1807 1808 1541
3 1808 1806 1539
3 1809 1777 1539
3 1770 1809 1806
3 1455 1445 1806
3 1455 1808 1807
3 1764 1775 1632
3 1634 1765 1775
3 1798 1634 1764
3 1634 1798 1782
3 1776 1779 1378
3 1768 1378 1803
3 1548 1538 1776
3 1378 1791 1787
3 1884 1912 1897
3 1722 1726 1895
3 1810 1813 1814
3 1810 1812 1815
3 1813 1816 1817
3 1815 1818 1816
3 1819 1821 1820
3 1018 1823 1820
3 1823 1822 571
3 572 1020 1821
3 571 1816 1818
3 1822 1817 1816
3 1016 1827 1826
3 1827 1825 558
3 1824 1828 1826
3 560 1017 1828
3 1920 1918 585
3 1919 1921 584
3 1886 1885 1098
3 1886 1887 1836
3 1791 1754 1910
3 1065 1098 1885
3 1885 1886 1833
3 1790 1832 1887
3 572 1838 1829
3 1819 1818 1838
3 558 1839 1840
3 1825 1841 1839
3 559 1837 1841
3 1835 1755 1754
3 1824 1840 1842
3 570 1844 1817
3 587 1843 1844
3 1880 1878 1059
3 1878 1879 1769
3 1858 1859 1852
3 1876 1877 1853
3 587 1024 1023
3 1857 1858 1849
3 1875 1876 1850
3 1721 1906 1909
3 1724 1909 1903
3 1847 1848 1858
3 1848 1851 1859
3 1861 1857 1846
3 1862 1847 1857
3 1855 1862 1861
3 1856 1861 1860
3 1795 1865 1866
3 1795 1782 1863
3 1863 1867 1868
3 1866 1865 1868
3 1872 1870 1869
3 1867 1888 1872
3 1909 1856 1854
3 1915 1900 1719
3 1906 1855 1856
3 1866 1869 1874
3 1866 1873 1871
3 1864 1871 1766
3 1869 1870 1854
3 1846 1849 1876
3 1849 1852 1877
3 1850 1853 1879
3 1845 1850 1878
3 1881 1871 1873
3 1883 1875 1845
3 1874 1883 1882
3 1880 1881 1882
3 1875 1883 1860
3 1883 1874 1854
3 1766 1871 1881
3 1881 1880 1061
3 1722 1898 1913
3 1723 1913 1906
3 1794 1753 1832
3 1867 1889 1890
3 1891 1890 1889
3 1830 1891 1892
3 1812 1888 1890
3 1855 1884 1893
3 1811 1814 1893
3 1814 1817 1844
3 1847 1862 1844
3 1889 1867 1863
3 1796 1065 1892
3 1895 1900 1902
3 1896 1902 1901
3 1791 1378 1779
3 1792 1887 1886
3 1898 1895 1896
3 1899 1896 1894
3 1898 1899 1914
3 1899 1897 1912
3 1900 1915 1917
3 1902 1917 1916
3 1894 1901 1812
3 1754 1905 1831
3 1911 1907 1905
3 1908 1831 1905
3 1841 1908 1907
3 1840 1839 1907
3 1753 1794 1787
3 1921 1923 1922
3 1921 1919 1837
3 1924 1918 584
3 1918 1920 1834
3 559 1016 1923
3 1832 1753 1925
3 1910 1831 1925
3 1926 1836 1887
3 1919 1836 1926
3 1833 1834 1920
3 1829 1891 1830
3 1838 1890 1891
3 1836 1919 1834
3 1890 1838 1818
3 1843 1935 1848
3 1851 1935 1842
3 1926 1925 1927
3 1841 1837 1927
3 1908 1927 1925
3 1928 1911 1904
3 1928 1929 1859
3 1932 1933 1930
3 1780 1767 1933
3 1877 1930 1933
3 1835 1932 1931
3 1767 1769 1879
3 1932 1835 1779
3 1931 1930 1934
3 1852 1934 1930
3 1859 1929 1934
3 1755 1931 1929
3 1911 1928 1842
3 1935 586 560
3 586 1935 1843
3 1938 1234 1948
3 1201 1942 1943
3 1941 1940 1953
3 1939 1952 1946
3 1938 1951 1952
3 1940 1937 1950
3 1210 1946 1947
3 1209 1941 1954
3 1208 1209 1945
3 1937 1936 1949
3 1211 1947 1942
3 1208 1944 1948
3 1945 1954 1967
3 1946 1959 1960
3 1951 1964 1965
3 1944 1945 1958
3 1948 1944 1957
3 1954 1953 1966
3 1948 1961 1964
3 1942 1955 1956
3 1947 1960 1955
3 1952 1965 1959
3 1950 1949 1962
3 1953 1950 1963
3 1955 1968 1969
3 1960 1973 1968
3 1965 1978 1972
3 1963 1962 1975
3 1966 1963 1976
3 1958 1967 1980
3 1959 1972 1973
3 1964 1977 1978
3 1957 1958 1971
3 1961 1957 1970
3 1967 1966 1979
3 1961 1974 1977
3 1974 1970 1983
3 1980 1979 1992
3 1974 1987 1990
3 1968 1981 1982
3 1973 1986 1981
3 1978 1991 1985
3 1976 1975 1988
3 1979 1976 1989
3 1971 1980 1993
3 1972 1985 1986
3 1977 1990 1991
3 1970 1971 1984
3 1992 1989 2001
3 1984 1993 2005
3 1985 1998 1999
3 1990 2002 2003
3 1983 1984 1997
3 1993 1992 2004
3 1981 1994 1995
3 1986 1999 1994
3 1991 2003 1998
3 1989 1988 2000
3 2001 2000 2012
3 1996 1997 2009
3 1997 2005 2017
3 2002 2014 2015
3 2003 2015 2010
3 1994 2006 2007
3 2005 2004 2016
3 1998 2010 2011
3 2004 2001 2013
3 1999 2011 2006
3 2017 2016 2028
3 2010 2022 2023
3 2016 2013 2025
3 2011 2023 2018
3 2013 2012 2024
3 2008 2009 2021
3 2009 2017 2029
3 2014 2026 2027
3 2015 2027 2022
3 2006 2018 2019
3 2030 2019 2018
3 2028 2025 2031
3 2032 2023 2022
3 2033 2022 2027
3 2034 2035 2020
3 2027 2026 2035
3 2021 2029 2033
3 2029 2028 2032
3 2023 2032 2031
3 2025 2024 2030
3 2014 2002 2037
3 2008 2036 2037
3 2026 2014 2036
3 2020 2035 2036
3 1987 1983 1996
3 1987 2037 2002
3 2188 2040 2041
3 2190 2042 2055
3 2190 2191 2044
3 2192 2046 2044
3 2192 2193 2048
3 2193 2194 2050
3 2195 2052 2050
3 2196 2055 2039
3 2197 2056 2052
3 2198 2058 2056
3 2198 2199 2060
3 2200 2062 2060
3 2201 2064 2062
3 2201 2202 2066
3 2202 2203 2068
3 2188 2038 2068
3 2070 2073 2409
3 2072 2071 2411
3 2071 2070 2408
3 2076 2075 2413
3 2413 2075 2074
3 2079 2078 2416
3 2416 2078 2077
3 2083 2082 2419
3 2082 2081 2420
3 2081 2080 2421
3 2418 2417 2077
3 2084 2076 2412
3 2421 2080 2084
3 2423 2042 2044
3 2085 2072 2410
3 2415 2409 2073
3 2088 2087 2078
3 2087 2086 2077
3 2091 2090 2087
3 2090 2089 2086
3 2091 56 55
3 2090 55 54
3 2092 58 68
3 2093 60 207
3 2093 2094 62
3 2095 64 62
3 2096 66 58
3 2097 68 56
3 2098 2101 2073
3 2072 2100 2099
3 2071 2099 2098
3 2101 2088 2079
3 2105 2104 2082
3 2082 2104 2103
3 2081 2103 2102
3 2083 2077 2086
3 2109 2108 2076
3 2108 2107 2075
3 2075 2107 2106
3 2084 2080 2102
3 2074 2106 2110
3 2110 2100 2072
3 2115 2114 2141
3 2113 2112 2142
3 2128 2115 2116
3 2114 2115 2128
3 2143 2280 2285
3 90 2118 2089
3 2089 2118 2105
3 2097 2121 2119
3 2092 2119 2120
3 2091 2088 2121
3 2100 2124 2123
3 2110 2126 2124
3 2098 2122 2125
3 2099 2123 2122
3 2101 2125 2121
3 2127 2128 2107
3 2107 2128 2129
3 2106 2129 2126
3 2131 2130 2105
3 104 2131 2118
3 2132 2135 2109
3 2134 2133 2103
3 2133 2132 2102
3 2104 2105 2130
3 2130 2131 2138
3 2137 2140 2132
3 114 2139 2138
3 2140 2117 2135
3 2136 2137 2133
3 2135 2127 2108
3 2116 2285 2286
3 104 112 2138
3 2231 2223 2228
3 2145 122 126
3 2221 2147 125
3 2147 2146 126
3 2180 2149 2148
3 2149 2151 2150
3 2154 2153 2152
3 2208 2154 2155
3 2157 2156 2152
3 2159 2158 2215
3 2161 2160 2158
3 2163 2162 2212
3 144 143 2162
3 2153 2164 2166
3 2165 2164 2153
3 2149 2167 2168
3 2210 2165 2154
3 2207 2167 2149
3 2163 2169 151
3 2159 2170 2171
3 2157 2166 2185
3 2211 2213 2169
3 2172 2174 2166
3 2173 2172 2164
3 2175 2207 2147
3 2207 2175 2176
3 2181 2182 2178
3 2168 2210 2208
3 2180 2206 2145
3 2182 2183 2179
3 2123 2124 2183
3 2123 2182 2181
3 2184 2125 2122
3 2186 2184 2181
3 2120 2119 2184
3 2119 2121 2125
3 2146 2147 2207
3 2187 2185 2166
3 2188 2203 2069
3 2067 2069 2203
3 2065 2067 2202
3 2063 2065 2201
3 2063 2200 2199
3 2059 2061 2199
3 2059 2198 2197
3 2057 2197 2195
3 2041 2054 2196
3 2053 2195 2194
3 2049 2051 2194
3 2047 2049 2193
3 2047 2192 2191
3 2045 2191 2190
3 2043 2190 2196
3 2038 2188 2189
3 2124 2204 2205
3 2151 2208 2209
3 2161 2171 2213
3 2211 2212 2160
3 2159 2214 2185
3 2214 2215 2156
3 2126 2216 2204
3 2216 2126 2129
3 2219 2220 2218
3 2144 2221 204
3 2228 2223 2222
3 2224 207 66
3 2224 2227 2225
3 2093 2225 2226
3 2227 2230 2228
3 2225 2228 2229
3 2096 2120 2227
3 2095 2144 120
3 2177 2232 2223
3 2176 2222 2223
3 2186 2177 2231
3 2233 2235 2144
3 2236 2234 2175
3 2144 2235 2236
3 2175 2234 2238
3 2229 2240 2237
3 2226 2237 2239
3 2239 2233 2095
3 2222 2238 2240
3 2246 2248 2240
3 2234 2242 2246
3 2244 2242 2234
3 2237 2245 2247
3 2248 2245 2237
3 2239 2247 2241
3 2233 2241 2243
3 2235 2243 2244
3 2252 2250 2242
3 2247 2255 2249
3 2245 2253 2255
3 2241 2249 2251
3 2243 2251 2252
3 2254 2256 2248
3 2242 2250 2254
3 2256 2253 2245
3 2257 2255 2253
3 2257 2256 2254
3 2252 2251 2257
3 2249 2255 2257
3 2258 2259 2210
3 2232 2258 2168
3 2178 2258 2232
3 2165 2210 2259
3 2178 2179 2259
3 2260 2261 2220
3 2307 2274 2271
3 2428 2308 2265
3 2266 2267 252
3 2268 2269 2267
3 2270 2271 2274
3 2187 2273 2271
3 2272 2274 2269
3 2170 2270 2272
3 2213 2268 2266
3 2169 2266 250
3 2171 2272 2268
3 2270 2170 2185
3 2275 2277 2174
3 2173 2276 2275
3 2174 2277 2273
3 2179 2276 2173
3 2183 2205 2276
3 2204 2217 2218
3 2218 2275 2276
3 2217 2286 2288
3 2261 2273 2277
3 2220 2277 2275
3 2265 2271 2273
3 2269 2278 2279
3 2279 2278 264
3 2267 2279 267
3 2216 2286 2217
3 2260 2426 2428
3 2425 2426 2424
3 2112 2111 2143
3 2287 2288 2286
3 2111 2281 2280
3 2290 2289 2280
3 2292 2291 2294
3 2290 2293 2294
3 2292 2296 2295
3 2296 2298 2297
3 2298 2300 2299
3 2300 2302 2301
3 2302 2304 2303
3 2304 2306 2305
3 2113 2141 2305
3 2264 2424 2284
3 2219 2288 2283
3 2426 2260 2283
3 2288 2287 2282
3 2278 2269 2274
3 2425 2427 2428
3 2309 2310 2308
3 2309 299 300
3 2278 2310 300
3 2427 2263 2308
3 2291 2262 2284
3 2287 2285 2280
3 2142 2143 2116
3 2134 2130 2139
3 2311 2313 2141
3 2312 2311 2114
3 2117 2312 2127
3 2315 2314 2311
3 2317 2316 2323
3 2317 2319 2318
3 2320 311 310
3 2336 2320 2321
3 2322 2323 2314
3 2327 323 311
3 2139 114 320
3 2324 320 321
3 2325 321 322
3 2326 322 323
3 2322 2330 2328
3 2328 2329 2319
3 2331 2315 2312
3 2315 2331 2330
3 2338 2327 2320
3 2332 2333 2329
3 2338 2329 2333
3 2330 2334 2332
3 2335 2333 2332
3 2340 2339 2333
3 2335 2334 2341
3 2325 2326 2339
3 2327 2338 2339
3 2329 2338 2336
3 2319 2336 2337
3 2342 2341 2140
3 2341 2331 2117
3 2331 2341 2334
3 2340 2335 2342
3 2343 2342 2137
3 2324 2343 2136
3 2325 2340 2343
3 2299 2344 2345
3 2346 2347 2351
3 2346 2348 2349
3 346 347 2349
3 2344 2350 2351
3 347 351 2352
3 2353 353 346
3 2354 355 388
3 2355 357 369
3 2355 2356 359
3 2360 2357 361
3 2359 365 361
3 2321 310 364
3 364 365 2359
3 2356 2360 367
3 2361 369 355
3 2371 2359 2357
3 2303 2305 2366
3 2376 2367 2363
3 2363 2367 2368
3 2368 2369 2365
3 2305 2141 2313
3 2369 2371 2370
3 2369 2368 2372
3 2371 2369 2373
3 2374 2373 2318
3 2318 2373 2372
3 2359 2371 2374
3 2337 2321 2358
3 2366 2376 2375
3 2378 2367 2376
3 2323 2378 2377
3 2366 2313 2377
3 2313 2311 2314
3 2316 2372 2378
3 2367 2378 2372
3 2353 2379 388
3 2399 2354 2379
3 2362 2375 2384
3 2380 2384 2385
3 2381 2385 2386
3 2386 2387 2383
3 2392 2388 2389
3 2389 2388 2390
3 2391 2390 2400
3 2392 2393 2386
3 2389 2391 2395
3 2402 2395 2391
3 2399 2387 2395
3 2387 2386 2393
3 2396 2392 2385
3 2397 2388 2392
3 2398 2390 2388
3 2365 2398 2397
3 2364 2397 2396
3 2375 2363 2396
3 2354 2399 2402
3 2361 2402 2401
3 2401 2400 2356
3 2387 2399 2394
3 2390 2398 2403
3 2400 2403 2360
3 2365 2370 2403
3 2403 2370 2357
3 2405 2404 2383
3 2346 2350 2404
3 2406 2407 2381
3 2344 2299 2407
3 2303 2362 2380
3 2380 2381 2407
3 2406 2404 2350
3 2382 2383 2404
3 2405 2353 2348
3 2353 2405 2394
3 2066 2068 2409
3 2042 2423 2410
3 2085 2423 2414
3 2052 2421 2422
3 2422 2412 2048
3 2062 2417 2418
3 2420 2421 2052
3 2419 2420 2056
3 2060 2418 2419
3 2064 2416 2417
3 2415 2416 2064
3 2046 2413 2414
3 2412 2413 2046
3 2039 2411 2408
3 2410 2411 2039
3 2408 2409 2068
3 2282 2284 2424
3 2289 2294 2282
3 2309 2429 439
3 2430 441 439
3 2430 2431 443
3 2432 2431 2430
3 2263 2432 2429
3 2433 446 443
3 2439 2434 448
3 2435 450 453
3 2458 2436 2437
3 2436 2454 2449
3 2439 456 446
3 2441 2295 2297
3 2440 2442 2351
3 2349 2352 2440
3 2442 2441 2345
3 2476 2443 2447
3 2478 2447 2446
3 2463 2444 2445
3 2479 468 469
3 2455 2448 2462
3 2450 2452 2451
3 448 2434 2438
3 2431 2453 2451
3 2460 2461 2425
3 2427 2461 2432
3 2432 2461 2453
3 2452 2455 2456
3 2264 2262 2458
3 2450 2453 2461
3 2460 2458 2457
3 2444 2463 2442
3 2463 2454 2441
3 2439 2433 2451
3 2434 2439 2456
3 2477 2446 2445
3 2454 2463 2465
3 2295 2441 2454
3 2291 2295 2436
3 2464 2459 2470
3 2459 2466 2472
3 2469 2471 2457
3 2470 2472 2471
3 2468 2469 2437
3 2467 2470 2469
3 2471 2452 2450
3 2455 2452 2471
3 2448 2455 2472
3 2468 2474 2473
3 2447 2473 2474
3 2465 2445 2446
3 2449 2465 2474
3 2443 2475 2473
3 2467 2473 2475
3 463 2477 2480
3 2444 2479 2480
3 462 2478 2477
3 461 2476 2478
3 2352 351 468
3 2440 2352 2479
3 2524 2484 2526
3 2486 2483 2487
3 2487 2488 2500
3 2491 2490 2489
3 2526 2484 2482
3 2490 2494 2493
3 2498 2497 2495
3 2516 2520 2503
3 2487 2497 2498
3 2483 2501 2497
3 2482 2503 2504
3 2520 2519 2504
3 2506 2518 2517
3 2517 2519 2507
3 2507 2510 2508
3 2508 2509 2506
3 2510 2513 2511
3 2511 2512 2509
3 2496 2495 2493
3 2485 2481 2499
3 2512 2515 2521
3 2521 2518 2506
3 2520 2510 2507
3 2513 2510 2520
3 2492 2489 2523
3 2523 2489 2493
3 2517 2523 2522
3 2514 2523 2517
3 2485 2491 2492
3 2483 2526 2527
3 2525 2526 2483
3 2484 2529 2528
3 2530 2529 2484
3 2521 2533 2532
3 2515 2531 2533
3 2531 2530 2524
3 2533 2524 2525
3 2528 2502 2503
3 2534 2495 2497
3 2522 2493 2495
3 2519 2522 2534
3 2527 2504 2534
3 2535 2532 2525
3 2514 2535 2481
3 2518 2532 2535
3 2481 2535 2486
3 3763 3761 2955
3 3762 3760 2537
3 2540 2541 2512
3 2513 2539 2540
3 2542 2543 2541
3 2539 2544 2542
3 2545 2546 2543
3 2544 2547 2545
3 3758 3757 2548
3 3756 3755 2959
3 2530 2553 2551
3 2529 2551 2552
3 2558 2556 2555
3 2557 2555 2554
3 2551 2557 2559
3 2558 2557 2551
3 2563 2550 2960
3 3858 3857 2961
3 3859 3853 2563
3 2567 2554 2958
3 2957 2547 2566
3 2566 2567 2964
3 2571 2560 2561
3 2531 2515 2570
3 2568 2570 2571
3 2531 2568 2553
3 2553 2568 2569
3 2556 2558 2569
3 2573 2575 2552
3 2544 2539 2574
3 2572 2574 2575
3 2502 2575 2574
3 2528 2552 2575
3 2516 2574 2539
3 2567 2566 2572
3 2572 2566 2547
3 2554 2567 2573
3 2543 2571 2570
3 2546 2560 2571
3 2515 2512 2541
3 2647 2646 601
3 2459 2578 2580
3 2464 2579 2578
3 2580 2582 2581
3 2584 2583 2581
3 2586 2585 2613
3 2588 2587 2585
3 2590 2589 2587
3 2496 2592 2590
3 2494 2591 2592
3 2592 2595 2589
3 2591 2594 2595
3 2591 2596 2593
3 2596 2598 2597
3 2617 2600 2599
3 2602 2599 2600
3 2579 2464 2602
3 2622 2614 2604
3 2620 2604 2603
3 2615 2607 2604
3 2604 2607 2606
3 642 633 2648
3 2647 2649 2616
3 2611 2435 2606
3 2616 2611 2607
3 2610 2609 2462
3 2434 2462 2609
3 2448 2466 2581
3 2577 2616 2615
3 600 642 2649
3 2605 2608 2615
3 2619 2605 2614
3 2612 2613 2583
3 2598 2617 2618
3 2603 2606 2609
3 2438 2609 2606
3 2610 2581 2621
3 2585 2619 2622
3 2583 2620 2621
3 2613 2622 2620
3 2624 2623 2605
3 2587 2624 2619
3 2608 2605 2623
3 2576 2577 2608
3 2626 2488 2588
3 2627 2628 2632
3 2630 2628 2627
3 2640 2630 2629
3 2637 2631 2632
3 2500 2635 2633
3 2485 2633 2634
3 2596 2490 2636
3 2632 2628 2633
3 2628 2630 2634
3 2584 2637 2638
3 2612 2638 2626
3 2635 2626 2638
3 2617 2640 2639
3 2598 2636 2640
3 2630 2640 2636
3 2641 2580 2578
3 2578 2579 2643
3 2642 2643 2629
3 2631 2641 2642
3 2644 2639 2629
3 2600 2639 2644
3 2644 2643 2579
3 2637 2645 2641
3 2645 2637 2584
3 2580 2641 2645
3 2649 2648 2611
3 2577 2576 2646
3 633 676 2650
3 2611 2648 2650
3 450 2435 2650
3 461 678 2651
3 680 2652 2658
3 694 682 2653
3 690 684 2654
3 688 686 2655
3 684 688 2656
3 723 690 2657
3 692 2658 2664
3 706 694 2659
3 2443 2660 2661
3 2475 2661 2602
3 2476 2651 2660
3 2660 2662 2663
3 2599 2602 2661
3 678 700 2664
3 2651 2664 2662
3 2666 2665 2668
3 2667 2668 2597
3 2618 2599 2663
3 2662 2666 2667
3 2652 2665 2666
3 2658 2666 2662
3 680 706 2669
3 2696 2675 2680
3 2695 2671 2670
3 2595 2672 2670
3 2696 2695 2672
3 2589 2673 2624
3 2676 2677 2594
3 2678 2679 2677
3 2659 2679 2678
3 2665 2652 2669
3 2593 2597 2668
3 2665 2678 2676
3 2679 2681 2680
3 2675 2594 2677
3 2653 2681 2679
3 2703 2702 2725
3 682 723 2685
3 2684 2683 2685
3 2653 2685 2683
3 2681 2683 2682
3 2675 2672 2595
3 2691 2686 725
3 2686 2687 727
3 2692 2690 2688
3 2689 2690 2692
3 2693 2688 2686
3 2576 2693 2691
3 2694 2692 2625
3 2625 2692 2693
3 2646 2691 733
3 2623 2624 2673
3 2674 2689 2694
3 2697 2698 2690
3 2670 2674 2673
3 2699 2697 2689
3 2700 2688 2690
3 2687 2686 2688
3 2671 2699 2674
3 2703 2706 2705
3 2701 2703 2726
3 2704 2706 2703
3 2709 2708 2719
3 2707 2709 2720
3 2714 754 753
3 2715 752 754
3 2707 2712 2710
3 2709 2710 2711
3 2712 2715 2714
3 2710 2714 2713
3 2890 2947 2948
3 2797 2889 2948
3 2722 2713 753
3 2724 2723 2708
3 2899 2852 2892
3 2716 2720 2719
3 2687 2722 768
3 2698 2723 2724
3 2700 2724 2722
3 2713 2722 2724
3 2727 2726 2656
3 2726 2725 2654
3 2725 2684 2657
3 2733 2702 2705
3 2732 2730 2717
3 2729 2728 2671
3 2704 2889 2797
3 2697 2699 2730
3 2682 2733 2731
3 2704 2802 2890
3 2890 2899 2945
3 2935 2892 2852
3 2732 2723 2698
3 2719 2708 2723
3 2683 2684 2733
3 2702 2733 2684
3 2754 2750 2739
3 2735 782 848
3 2799 2796 2742
3 2798 2799 2746
3 2745 2735 2793
3 2802 2704 2701
3 2800 2701 2727
3 2749 2750 2754
3 843 781 2734
3 2730 2728 2943
3 2741 2752 2754
3 2754 2753 2737
3 2757 2755 2737
3 2739 2756 2757
3 2759 2758 2741
3 2737 2755 2759
3 2749 2760 2761
3 2761 2756 2739
3 2762 2764 2759
3 2759 2764 2763
3 2912 2769 2768
3 2767 2769 2912
3 2770 2772 2814
3 2814 2772 2771
3 2773 2775 2772
3 2772 2775 2774
3 2776 2778 2775
3 2778 2777 2774
3 2779 2781 2789
3 2781 2780 2788
3 2761 2760 2780
3 2859 2860 2766
3 2785 2814 2813
3 2740 2821 2839
3 2779 2756 2761
3 781 845 2795
3 2747 2800 2801
3 2784 831 782
3 2735 2745 2765
3 2812 2792 841
3 2699 2671 2728
3 686 843 2794
3 2794 2734 2816
3 2802 2800 2747
3 2798 2793 2715
3 2712 2707 2799
3 2695 2696 2731
3 2707 2721 2796
3 2793 848 752
3 2655 2794 2801
3 845 856 2803
3 856 858 2804
3 858 860 2805
3 2812 2766 2736
3 2792 2736 2808
3 841 2792 2806
3 860 865 2807
3 2744 2808 2736
3 2859 2812 870
3 2807 865 862
3 2809 2814 2785
3 2764 2785 2786
3 2782 2815 2777
3 2776 2791 2782
3 2787 2785 2764
3 2811 2789 2782
3 2807 2783 2790
3 2789 2788 2815
3 2808 2744 2783
3 2810 2817 2828
3 2865 2818 2819
3 2757 2756 2877
3 2822 2823 2837
3 2790 2824 2825
3 2824 2826 2827
3 2823 2822 2827
3 2829 2828 2738
3 2819 2820 2863
3 2776 2773 2881
3 2880 2779 2811
3 2878 2811 2791
3 2867 2831 2832
3 2866 2830 2831
3 2875 2755 2757
3 2881 2773 2770
3 2870 2834 2835
3 2833 2834 2870
3 2883 2833 2832
3 2869 2868 2832
3 2820 2830 2866
3 2830 2820 2877
3 2836 2837 2821
3 2873 2821 2837
3 2838 2839 2817
3 2874 2839 2821
3 2886 2842 2841
3 2885 2841 2840
3 2884 2840 2835
3 2871 2835 2840
3 2874 2842 2818
3 2875 2886 2762
3 2804 2845 2844
3 2803 2844 2843
3 2844 2847 2846
3 2845 2848 2847
3 2816 2843 2846
3 2843 2816 2734
3 2804 2805 2825
3 2825 2827 2848
3 2850 2849 2846
3 2851 2850 2847
3 2822 2851 2848
3 2747 2846 2849
3 2853 2852 2849
3 2854 2853 2850
3 2729 2731 2705
3 2822 2836 2854
3 2728 2729 2718
3 2797 2743 2943
3 2706 2797 2718
3 2746 2742 2855
3 2858 2857 2861
3 2765 2858 2862
3 2745 2746 2857
3 2860 2862 2829
3 2829 2862 2861
3 2784 2859 919
3 2784 2765 2860
3 2856 2838 2810
3 2743 2716 2717
3 2855 2856 2861
3 2839 2874 2865
3 2823 2871 2872
3 2842 2874 2873
3 2841 2873 2872
3 2738 2863 2866
3 2824 2790 2868
3 2869 2870 2826
3 2826 2870 2871
3 2744 2866 2867
3 2783 2867 2868
3 2864 2863 2738
3 2817 2865 2864
3 2842 2886 2875
3 2809 2884 2882
3 2787 2885 2884
3 2762 2886 2885
3 2880 2877 2756
3 2776 2883 2879
3 2834 2881 2882
3 2818 2875 2876
3 2831 2878 2879
3 2880 2878 2831
3 2883 2881 2834
3 2876 2877 2820
3 3104 2898 2897
3 2900 2942 2934
3 2894 2895 2771
3 2893 2894 2774
3 2927 2913 2907
3 2896 2898 3104
3 3110 2914 2916
3 2917 2908 3112
3 2919 2913 2927
3 2786 2903 2902
3 2928 2929 2901
3 2920 2917 3108
3 2911 2909 2815
3 3112 2908 2896
3 2902 2767 2758
3 2906 2919 2925
3 2758 2912 2752
3 2912 2760 2749
3 2910 2911 2788
3 2916 2915 3106
3 2932 2887 2888
3 2748 2899 2890
3 2768 2921 2929
3 2748 2849 2852
3 2946 2932 2922
3 2760 2768 2910
3 2909 2893 2777
3 2930 2924 2946
3 2905 2904 2924
3 2931 2888 2906
3 2941 2942 2900
3 2813 2918 2903
3 2771 2895 2918
3 3105 2897 2914
3 2921 2907 2901
3 3106 2915 2891
3 2894 2923 2922
3 2903 2931 2926
3 2928 2924 2909
3 2922 2932 2918
3 2909 2924 2930
3 2918 2932 2931
3 2926 2925 2767
3 2911 2910 2929
3 2925 2927 2769
3 2894 2893 2930
3 2769 2927 2921
3 2946 2900 2887
3 2907 2939 2936
3 2904 2900 2946
3 2937 2941 2904
3 2940 2944 2919
3 2887 2934 2933
3 2888 2933 2940
3 2901 2936 2937
3 2919 2944 2938
3 3109 3107 2891
3 2938 2939 2907
3 2949 2948 2947
3 2721 2949 2950
3 2948 2949 2716
3 2949 2721 2720
3 2853 2854 2952
3 2836 2740 2952
3 2740 2951 2935
3 2945 2892 2953
3 2954 2953 2855
3 2954 2950 2947
3 2742 2796 2950
3 2951 2953 2892
3 2838 2856 2951
3 2856 2855 2953
3 2963 2564 2538
3 2961 3857 3859
3 2964 2958 2548
3 2560 2961 2962
3 2956 2961 2560
3 2561 2962 2960
3 2556 2960 2959
3 2555 2959 2958
3 2955 2956 2546
3 2547 2957 2955
3 2969 2966 2972
3 2971 2965 2969
3 2967 2971 2973
3 2973 2972 2968
3 3033 3034 3345
3 3334 3332 3032
3 3352 3322 3338
3 3335 3326 3351
3 3317 2983 2982
3 2981 2983 3317
3 3355 2984 2986
3 2986 2985 3354
3 2985 2986 2990
3 3356 3314 2984
3 3333 3332 3017
3 3335 3008 3017
3 3340 2977 2992
3 2997 2998 2996
3 2996 2998 2974
3 2997 2999 3001
3 3001 3000 2974
3 2972 2966 3003
3 2968 2972 3002
3 2966 3004 3006
3 3004 2995 3007
3 3357 3319 3008
3 3334 3034 3033
3 2995 2974 3010
3 3348 3009 3024
3 3032 3342 3345
3 3023 3024 2965
3 3012 3013 2994
3 3016 3017 3320
3 3318 3015 3016
3 3319 2985 2987
3 3333 3035 3032
3 2990 2986 2984
3 2988 2984 3314
3 3033 3037 3329
3 3333 3331 3036
3 2967 3021 3020
3 3014 3012 3019
3 3025 2995 3004
3 3036 3341 3343
3 3028 2996 2995
3 3022 3341 3348
3 2966 2969 3029
3 2969 2965 3024
3 3026 3029 2975
3 3022 3023 3019
3 3030 3018 3347
3 3344 3342 3025
3 3004 2966 3026
3 3026 2992 3344
3 2991 2976 3037
3 3343 3028 3025
3 3322 3352 3350
3 3028 3343 3341
3 3022 2994 2996
3 3028 3341 3022
3 3350 3351 3326
3 3337 3323 3030
3 3036 3331 3337
3 2989 3338 3331
3 3341 3036 3031
3 3331 3333 3016
3 3032 3035 3343
3 3029 3024 3009
3 2968 3005 3038
3 3038 3021 2967
3 3039 3041 3045
3 3046 3040 3039
3 2915 3047 3043
3 3046 3042 3043
3 2891 3043 3044
3 3042 3045 3044
3 3048 3050 3057
3 3057 3050 3049
3 3052 3053 3056
3 3051 3052 3055
3 3054 3055 3084
3 3084 3055 3056
3 3061 3057 3058
3 3059 3057 3061
3 3060 3061 3052
3 3052 3061 3062
3 3063 3064 3068
3 3066 3067 2916
3 3065 3068 3067
3 3086 3070 3069
3 3072 3071 3082
3 3073 3075 3050
3 3050 3075 3074
3 3073 3076 3078
3 3078 3077 3074
3 3080 3079 3071
3 3074 3077 3079
3 3049 3074 3080
3 3058 3080 3072
3 3081 3082 3069
3 3062 3072 3081
3 3053 3081 3070
3 2898 3084 3085
3 3083 3084 2898
3 2897 3085 3066
3 3065 3086 3087
3 3066 3085 3086
3 3056 3070 3086
3 3046 3068 3064
3 3067 3047 2915
3 3047 3067 3068
3 3089 3088 3051
3 3088 3090 3060
3 2917 3092 3091
3 3095 3094 3093
3 3092 3095 3096
3 3098 3097 3089
3 3097 3099 3088
3 3100 3101 3076
3 3048 3059 3100
3 3100 3090 3103
3 3090 3088 3099
3 3059 3060 3090
3 3098 3102 3096
3 3054 3083 3102
3 2908 3091 3083
3 3102 3083 3091
3 3044 3045 3095
3 2920 3044 3092
3 3041 3094 3095
3 2934 2942 3107
3 2941 3106 3107
3 2939 3105 3110
3 3111 3106 2941
3 2940 3112 3113
3 3109 3108 2933
3 3108 3112 2940
3 2936 3110 3111
3 2944 3113 3104
3 2938 3104 3105
3 3076 3114 3116
3 3116 3115 3077
3 3117 3119 3138
3 3138 3119 3118
3 3132 3120 3122
3 3133 3122 3121
3 3123 3125 3130
3 3130 3125 3124
3 3041 3039 3127
3 3039 3040 3128
3 3125 3127 3128
3 3126 3127 3125
3 3040 3064 3124
3 3094 3041 3126
3 3130 3131 3121
3 3120 3129 3130
3 3064 3063 3131
3 3093 3094 3123
3 3093 3129 3120
3 3119 3133 3134
3 3132 3133 3119
3 3098 3120 3132
3 3097 3132 3117
3 3137 3139 3115
3 3137 3138 3140
3 3114 3136 3137
3 3136 3135 3138
3 3103 3135 3136
3 3099 3117 3135
3 3101 3136 3114
3 3063 3087 3121
3 3087 3069 3134
3 3082 3071 3140
3 3071 3079 3139
3 3079 3077 3115
3 3069 3082 3118
3 3166 3871 1936
3 143 1204 3142
3 1202 3141 3159
3 3151 3150 2160
3 3156 2150 2209
3 3145 3143 2152
3 2152 3143 3144
3 3161 3873 3872
3 3164 3875 3874
3 3162 3150 3151
3 2148 3152 3153
3 3154 1217 122
3 3168 3156 3155
3 2215 2158 3158
3 3157 3145 2156
3 2158 2160 3150
3 2162 3142 3151
3 3141 3149 3163
3 3165 3874 3871
3 2206 3153 3154
3 2150 3156 3152
3 3168 3147 3875
3 3162 3148 3873
3 2155 3144 3155
3 3158 3150 3162
3 3142 3159 3163
3 3149 3148 3162
3 3157 3158 3161
3 1223 3159 3142
3 3156 3168 3164
3 3153 3165 3166
3 3147 3168 3167
3 3152 3164 3165
3 3166 1228 1217
3 3145 3171 3169
3 3143 3169 3170
3 3157 3160 3171
3 3167 3155 3144
3 3146 3167 3170
3 3872 3169 3171
3 3173 3174 3218
3 3216 3172 3173
3 3175 3176 3190
3 3189 3178 3179
3 3195 3177 3178
3 3206 3181 3182
3 3180 3181 3206
3 3211 3185 3184
3 3183 3185 3211
3 3187 3186 3221
3 3222 3218 3174
3 3186 3183 3223
3 3190 3176 3172
3 3179 3175 3217
3 3205 3182 3177
3 3184 3180 3212
3 3193 3191 3175
3 3178 3192 3193
3 3186 3199 3197
3 3197 3198 3185
3 3200 3194 3180
3 3185 3198 3200
3 3187 3201 3199
3 3187 3174 3188
3 3202 3177 3182
3 3202 3192 3178
3 3203 3176 3175
3 3176 3203 3188
3 3207 3209 3191
3 3213 3214 3198
3 2069 2067 3218
3 3200 3214 3204
3 3192 3208 3207
3 3204 3208 3202
3 3221 3223 2041
3 3199 3215 3213
3 3203 3209 3210
3 3223 3211 2054
3 3210 3215 3201
3 3222 3221 2040
3 2051 3195 3189
3 2045 3212 3206
3 2054 3211 3224
3 2061 3190 3216
3 3224 3212 2045
3 2049 3205 3195
3 3196 3217 2059
3 2047 3206 3205
3 3189 3196 2057
3 3217 3190 2061
3 2063 3216 3219
3 3219 3218 2067
3 3225 3226 2300
3 3227 3228 2296
3 3228 3225 2298
3 3229 3230 2293
3 3236 3235 3234
3 3236 3237 2112
3 3238 3232 3237
3 2112 3237 3232
3 3238 3239 3233
3 3243 3242 3240
3 3225 3228 3242
3 2281 3245 3246
3 3246 3245 3244
3 3230 3229 3246
3 3250 3227 3230
3 3227 3250 3242
3 3226 3225 3243
3 3246 3247 3248
3 3249 3248 3251
3 3242 3250 3251
3 2293 3230 3227
3 3236 3253 3252
3 3255 3254 3252
3 3255 3257 3256
3 3259 3258 3256
3 3259 3243 3241
3 3260 3255 3253
3 3261 3257 3255
3 3226 3259 3257
3 2300 3226 3261
3 2302 3261 3260
3 2304 3260 3262
3 3236 2113 3262
3 3263 2111 3232
3 3263 3245 2281
3 3264 3231 3233
3 3264 3266 3265
3 3244 3267 3268
3 3271 3270 3245
3 3269 3271 3263
3 3277 3272 3274
3 3275 3277 3276
3 3280 3297 3252
3 3252 3297 3296
3 3234 3281 3282
3 3235 3296 3281
3 3241 3283 3285
3 3258 3285 3284
3 3284 3280 3254
3 3248 3268 3287
3 3286 3283 3241
3 3287 3286 3240
3 3283 3286 3304
3 3290 3285 3283
3 3290 3299 3284
3 3299 3298 3280
3 3290 3289 3300
3 3292 3289 3290
3 3293 3301 3300
3 3296 3301 3293
3 3279 3295 3294
3 3278 3296 3297
3 3297 3298 3295
3 3291 3300 3301
3 3301 3296 3278
3 3298 3299 3291
3 3239 3282 3303
3 3292 3288 3304
3 3265 3266 3292
3 3306 3302 3231
3 3231 3302 3269
3 3307 3308 3293
3 3308 3303 3282
3 3309 3303 3308
3 3264 3303 3309
3 3292 3266 3309
3 3286 3287 3305
3 3244 3274 3272
3 3244 3245 3270
3 3276 3274 3270
3 3273 3276 3271
3 3273 3269 3302
3 3275 3302 3311
3 3311 3267 3272
3 3310 3268 3267
3 3306 3310 3311
3 3310 3305 3287
3 3306 3265 3305
3 2965 2971 3020
3 2997 2994 3013
3 3015 3318 3314
3 3319 3320 3017
3 2988 3318 3316
3 3316 3320 2987
3 3354 2985 3319
3 2989 3314 3356
3 2978 3315 3317
3 3317 3321 2979
3 3330 3327 3325
3 3328 3326 3327
3 3324 3330 3329
3 3322 3328 3330
3 3325 3327 3336
3 3326 3335 3336
3 3322 3324 3339
3 3323 3337 3339
3 3037 3030 3323
3 2976 2991 2977
3 2993 3340 2975
3 3018 2976 3340
3 2992 2977 3346
3 2991 3345 3346
3 3349 2993 3009
3 3349 3347 3018
3 2976 3018 3030
3 2979 3351 3350
3 3350 3352 2978
3 2983 3353 3354
3 3355 3353 2983
3 2978 3352 3356
3 2982 3354 3357
3 3356 3355 2981
3 3357 3351 2979
3 3402 3403 3438
3 3427 3425 3401
3 3445 3415 3431
3 3428 3419 3444
3 3410 3369 3368
3 3367 3369 3410
3 3448 3370 3372
3 3372 3371 3447
3 3371 3372 3376
3 3449 3407 3370
3 3426 3425 3388
3 3428 3384 3388
3 3433 3363 3378
3 3450 3412 3384
3 3427 3403 3402
3 3441 3385 3393
3 3401 3435 3438
3 3392 3393 3358
3 3387 3388 3413
3 3411 3386 3387
3 3412 3371 3373
3 3426 3404 3401
3 3376 3372 3370
3 3374 3370 3407
3 3402 3406 3422
3 3426 3424 3405
3 3394 3381 3383
3 3404 3405 3434
3 3397 3382 3381
3 3391 3434 3441
3 3359 3360 3398
3 3360 3358 3393
3 3395 3398 3361
3 3391 3392 3390
3 3399 3389 3440
3 3437 3435 3394
3 3383 3359 3395
3 3396 3395 3378
3 3377 3362 3406
3 3436 3397 3394
3 3415 3445 3443
3 3397 3436 3434
3 3391 3380 3382
3 3397 3434 3391
3 3443 3444 3419
3 3430 3416 3399
3 3405 3424 3430
3 3431 3424 3386
3 3405 3400 3440
3 3386 3424 3426
3 3404 3436 3435
3 3398 3393 3385
3 3386 3411 3407
3 3384 3412 3413
3 3374 3411 3409
3 3409 3413 3373
3 3447 3371 3412
3 3375 3407 3449
3 3364 3408 3410
3 3410 3414 3365
3 3423 3420 3418
3 3421 3419 3420
3 3416 3417 3423
3 3417 3415 3421
3 3418 3420 3429
3 3419 3428 3429
3 3415 3417 3432
3 3416 3430 3432
3 3406 3399 3416
3 3362 3377 3363
3 3379 3433 3361
3 3389 3362 3433
3 3378 3363 3439
3 3377 3438 3439
3 3442 3379 3385
3 3442 3440 3389
3 3362 3389 3399
3 3365 3444 3443
3 3443 3445 3364
3 3369 3446 3447
3 3448 3446 3369
3 3364 3445 3449
3 3368 3447 3450
3 3449 3448 3367
3 3450 3444 3365
3 3495 3496 3531
3 3520 3518 3494
3 3538 3508 3524
3 3521 3512 3537
3 3503 3462 3461
3 3460 3462 3503
3 3541 3463 3465
3 3465 3464 3540
3 3464 3465 3469
3 3542 3500 3463
3 3519 3518 3481
3 3521 3477 3481
3 3526 3456 3471
3 3543 3505 3477
3 3520 3496 3495
3 3534 3478 3486
3 3494 3528 3531
3 3485 3486 3451
3 3480 3481 3506
3 3479 3480 3502
3 3505 3464 3466
3 3519 3497 3494
3 3469 3465 3463
3 3467 3463 3500
3 3495 3499 3515
3 3519 3517 3498
3 3487 3474 3476
3 3498 3527 3529
3 3490 3475 3474
3 3527 3534 3485
3 3452 3453 3491
3 3453 3451 3486
3 3488 3491 3454
3 3485 3483 3473
3 3493 3492 3482
3 3530 3528 3487
3 3476 3452 3488
3 3489 3488 3471
3 3470 3455 3499
3 3529 3490 3487
3 3508 3538 3536
3 3490 3529 3527
3 3484 3473 3475
3 3490 3527 3484
3 3536 3537 3512
3 3523 3509 3492
3 3498 3517 3523
3 3524 3517 3479
3 3498 3493 3533
3 3479 3517 3519
3 3494 3497 3529
3 3491 3486 3478
3 3479 3504 3500
3 3477 3505 3506
3 3467 3504 3502
3 3502 3506 3466
3 3540 3464 3505
3 3468 3500 3542
3 3457 3501 3503
3 3503 3507 3458
3 3516 3513 3511
3 3514 3512 3513
3 3509 3510 3516
3 3510 3508 3514
3 3511 3513 3522
3 3512 3521 3522
3 3510 3525 3524
3 3509 3523 3525
3 3499 3492 3509
3 3455 3470 3456
3 3478 3472 3526
3 3472 3482 3455
3 3456 3532 3530
3 3470 3531 3532
3 3535 3472 3478
3 3533 3482 3472
3 3455 3482 3492
3 3458 3537 3536
3 3536 3538 3457
3 3462 3539 3540
3 3541 3539 3462
3 3457 3538 3542
3 3461 3540 3543
3 3542 3541 3460
3 3543 3537 3458
3 3588 3589 3624
3 3613 3611 3587
3 3631 3601 3617
3 3614 3605 3630
3 3596 3555 3554
3 3553 3555 3596
3 3634 3556 3558
3 3558 3557 3633
3 3557 3558 3562
3 3635 3593 3556
3 3612 3611 3574
3 3614 3570 3574
3 3619 3549 3564
3 3636 3598 3570
3 3613 3589 3588
3 3627 3571 3579
3 3587 3621 3624
3 3578 3579 3544
3 3573 3574 3599
3 3597 3572 3573
3 3598 3557 3559
3 3611 3612 3590
3 3562 3558 3556
3 3560 3556 3593
3 3592 3608 3604
3 3612 3610 3591
3 3580 3567 3011
3 3591 3620 3622
3 3580 3583 3568
3 3577 3620 3627
3 3581 3545 3546
3 3546 3544 3579
3 3581 3584 3547
3 3577 3578 3576
3 3585 3575 3626
3 3623 3621 3580
3 3011 3545 3581
3 3582 3581 3564
3 3563 3548 3592
3 3622 3583 3580
3 3601 3631 3629
3 3583 3622 3620
3 3577 3566 3568
3 3583 3620 3577
3 3629 3630 3605
3 3616 3602 3585
3 3591 3610 3616
3 3617 3610 3572
3 3591 3586 3626
3 3572 3610 3612
3 3590 3622 3621
3 3584 3579 3571
3 3572 3597 3593
3 3570 3598 3599
3 3560 3597 3595
3 3595 3599 3559
3 3633 3557 3598
3 3561 3593 3635
3 3550 3594 3596
3 3596 3600 3551
3 3609 3606 3604
3 3607 3605 3606
3 3603 3609 3608
3 3601 3607 3609
3 3606 3615 3613
3 3605 3614 3615
3 3601 3603 3618
3 3603 3602 3616
3 3592 3585 3602
3 3548 3563 3549
3 3565 3619 3547
3 3575 3548 3619
3 3549 3625 3623
3 3563 3624 3625
3 3628 3565 3571
3 3628 3626 3575
3 3575 3585 3592
3 3551 3630 3629
3 3629 3631 3550
3 3555 3632 3633
3 3634 3632 3555
3 3550 3631 3635
3 3554 3633 3636
3 3635 3634 3553
3 3636 3630 3551
3 3807 3805 3851
3 3682 3680 3656
3 3693 3670 3686
3 3683 3674 3692
3 3665 3642 3641
3 3640 3642 3665
3 3696 3643 3645
3 3694 3645 3644
3 3644 3645 3649
3 3697 3662 3643
3 3652 3681 3680
3 3683 3650 3653
3 3698 3667 3650
3 3673 3682 3658
3 3840 3839 3690
3 3652 3653 3668
3 3666 3651 3652
3 3667 3644 3646
3 3680 3681 3659
3 3649 3645 3643
3 3647 3643 3662
3 3661 3677 3673
3 3679 3660 3659
3 3660 3655 3850
3 3823 3807 3836
3 3835 3654 3661
3 3693 3691 3676
3 3691 3692 3674
3 3671 3654 3655
3 3660 3679 3685
3 3686 3679 3651
3 3805 3789 3838
3 3651 3679 3681
3 3847 3841 3790
3 3651 3666 3662
3 3650 3667 3668
3 3647 3666 3664
3 3664 3668 3646
3 3695 3644 3667
3 3648 3662 3697
3 3637 3663 3665
3 3665 3669 3638
3 3677 3678 3675
3 3678 3676 3674
3 3671 3672 3678
3 3672 3670 3676
3 3675 3684 3682
3 3674 3683 3684
3 3670 3672 3687
3 3672 3671 3685
3 3654 3671 3677
3 3746 3745 3829
3 3638 3692 3691
3 3691 3693 3637
3 3642 3694 3695
3 3696 3694 3642
3 3637 3693 3697
3 3641 3695 3698
3 3697 3696 3640
3 3698 3692 3638
3 3708 3000 3701
3 3709 3701 3700
3 3705 3702 3704
3 3704 2999 3707
3 3382 3706 3707
3 3380 3705 3706
3 3709 3710 3567
3 3708 3709 3568
3 3473 3711 3713
3 3475 3713 3712
3 3714 3715 3713
3 3715 3702 3712
3 3728 3718 3716
3 3717 3718 3728
3 3721 3719 3735
3 3720 3721 3734
3 3724 3722 3738
3 3723 3724 3737
3 3727 3725 3719
3 3021 3727 3721
3 3717 3798 3731
3 3725 3729 3724
3 3731 3005 3716
3 3700 3799 3730
3 3733 3728 3546
3 3546 3728 3732
3 3736 3734 3360
3 3734 3735 3358
3 3739 3737 3453
3 3737 3738 3451
3 3740 3725 3723
3 3742 3358 3735
3 3014 3020 3736
3 3020 3021 3720
3 3359 3383 3012
3 3383 3381 3013
3 3312 3013 3381
3 3010 3708 3566
3 3007 3566 3576
3 3576 3544 3003
3 3002 3003 3544
3 3002 3732 3716
3 3452 3742 3740
3 3719 3725 3740
3 3742 3452 3476
3 3476 3474 3741
3 3744 3741 3474
3 3705 3380 3741
3 3743 3741 3380
3 3742 3743 3390
3 3699 3011 3567
3 3569 3699 3710
3 3733 3545 3699
3 3569 3730 3717
3 3313 3714 3711
3 3738 3313 3703
3 3483 3703 3711
3 3313 3738 3722
3 3819 3746 3832
3 3830 3661 3657
3 3749 3748 3745
3 3745 3748 3750
3 3752 3751 3748
3 3751 3753 3750
3 3754 2549 3755
3 3755 3758 2958
3 2549 3757 3758
3 2550 3754 3756
3 3754 3753 3751
3 3751 3752 3757
3 3761 3762 2956
3 2536 3760 3762
3 3759 2536 3761
3 2538 3759 3763
3 2563 3853 3855
3 2562 3856 3854
3 3038 3820 3821
3 3821 3768 3771
3 3845 3689 3726
3 3005 3827 3820
3 3820 3765 3768
3 3725 3727 3822
3 2550 2563 3764
3 3773 3753 3754
3 3759 3775 3774
3 3774 3776 3760
3 3776 3772 2537
3 3689 3690 3770
3 2538 3777 3775
3 2548 3757 3752
3 3779 3778 2565
3 3815 3001 2999
3 3813 2999 3704
3 3793 3784 3787
3 3811 3785 3788
3 2565 2564 2963
3 3781 3784 3793
3 3810 3780 3785
3 3656 3659 3844
3 3659 3660 3838
3 3792 3793 3783
3 3783 3793 3794
3 3781 3792 3796
3 3796 3792 3782
3 3796 3797 3790
3 3795 3796 3791
3 3799 3801 3800
3 3730 3800 3798
3 3800 3803 3802
3 3801 3804 3803
3 3803 3804 3805
3 3802 3803 3807
3 3789 3791 3844
3 3654 3835 3850
3 3791 3790 3841
3 3801 3808 3809
3 3806 3808 3801
3 3701 3806 3799
3 3809 3789 3805
3 3810 3811 3784
3 3784 3811 3812
3 3785 3813 3814
3 3780 3815 3813
3 3816 3817 3808
3 3818 3817 3780
3 3809 3808 3817
3 3815 3780 3817
3 3810 3781 3795
3 3789 3809 3818
3 3701 3000 3816
3 3001 3815 3816
3 3657 3658 3848
3 3656 3841 3848
3 3767 3688 3729
3 3825 3824 3802
3 3826 3827 3824
3 3765 3820 3827
3 3750 3825 3823
3 3797 3828 3819
3 3828 3749 3746
3 3749 3828 3779
3 3779 3797 3782
3 3798 3802 3824
3 3731 3824 3827
3 3830 3831 3837
3 3829 3836 3837
3 3714 3313 3726
3 3727 3021 3821
3 3834 3831 3830
3 3832 3829 3831
3 3849 3834 3833
3 3847 3832 3834
3 3835 3837 3852
3 3837 3836 3851
3 3829 3745 3747
3 3766 3840 3689
3 3846 3839 3840
3 3840 3766 3843
3 3842 3843 3776
3 3775 3846 3842
3 3722 3729 3688
3 3856 2562 3857
3 3856 2537 3772
3 2562 3853 3859
3 3853 2562 3769
3 2537 3856 3858
3 3767 3861 3860
3 3860 3766 3845
3 3822 3771 3861
3 3861 3771 3854
3 3855 3769 3768
3 3764 3855 3765
3 3773 3764 3826
3 3769 3854 3771
3 3753 3773 3825
3 3778 3782 3783
3 3786 3863 3777
3 3862 3860 3861
3 3843 3862 3772
3 3766 3860 3862
3 3863 3864 3839
3 3794 3864 3863
3 3867 3866 3865
3 3715 3867 3868
3 3812 3788 3868
3 3770 3690 3866
3 3702 3868 3814
3 3714 3770 3867
3 3866 3864 3869
3 3787 3812 3865
3 3869 3864 3794
3 3690 3839 3864
3 3777 3863 3846
3 3777 2538 2564
3 2564 2565 3778
3 3872 3883 3881
3 1943 3876 3141
3 3875 3886 3885
3 3879 3884 3873
3 3884 3883 3872
3 3874 3885 3882
3 3880 3879 3148
3 3147 3878 3886
3 3146 3877 3878
3 3871 3882 1949
3 3876 3880 3149
3 3881 3877 3146
3 3878 3889 3897
3 3891 3890 3879
3 3895 3894 3883
3 3877 3888 3889
3 3881 3892 3888
3 3886 3897 3896
3 3894 3892 3881
3 1956 3887 3876
3 3887 3891 3880
3 3890 3895 3884
3 3882 3893 1962
3 3885 3896 3893
3 1969 3898 3887
3 3898 3902 3891
3 3901 3906 3895
3 3893 3904 1975
3 3896 3907 3904
3 3889 3900 3908
3 3902 3901 3890
3 3906 3905 3894
3 3888 3899 3900
3 3892 3903 3899
3 3897 3908 3907
3 3905 3903 3892
3 3903 3914 3910
3 3908 3919 3918
3 3916 3914 3903
3 1982 3909 3898
3 3909 3913 3902
3 3912 3917 3906
3 3904 3915 1988
3 3907 3918 3915
3 3900 3911 3919
3 3913 3912 3901
3 3917 3916 3905
3 3899 3910 3911
3 3918 3928 3925
3 3911 3922 3929
3 3924 3923 3912
3 3927 3926 3916
3 3910 3921 3922
3 3919 3929 3928
3 1995 3920 3909
3 3920 3924 3913
3 3923 3927 3917
3 3915 3925 2000
3 3925 3935 2012
3 3921 3931 3932
3 3922 3932 3939
3 3937 3936 3926
3 3933 3937 3927
3 2007 3930 3920
3 3929 3939 3938
3 3934 3933 3923
3 3928 3938 3935
3 3930 3934 3924
3 3939 3949 3948
3 3944 3943 3933
3 3938 3948 3945
3 3940 3944 3934
3 3935 3945 2024
3 3931 3941 3942
3 3932 3942 3949
3 3947 3946 3936
3 3943 3947 3937
3 2019 3940 3930
3 3940 2019 2030
3 3950 3945 3948
3 3943 3944 3951
3 3947 3943 3952
3 3953 3942 3941
3 3947 3953 3954
3 3942 3953 3952
3 3949 3952 3951
3 3944 3940 3950
3 3945 3950 2030
3 3956 3926 3936
3 3931 3921 3956
3 3955 3936 3946
3 3941 3931 3955
3 3914 3956 3921
3 3926 3956 3914
