ply
format ascii 1.0
element vertex 6884
property float x
property float y
property float z
end_header
1 0.961937 -0.972055
1 0.964206 -0.922118
1 0.966507 -0.871469
1 0.968777 -0.821499
1 0.971081 -0.770784
1 0.973356 -0.720718
1 0.975633 -0.670581
1 0.977947 -0.61965
1 0.980234 -0.569323
1 0.982558 -0.518167
1 0.984856 -0.467586
1 0.987194 -0.416138
1 0.989506 -0.365237
1 0.991827 -0.314153
1 0.99419 -0.262144
1 0.99653 -0.210638
1 0.998914 -0.158167
1 0.912101 -0.969785
1 0.914246 -0.919987
1 0.916422 -0.869479
1 0.918568 -0.819649
1 0.920747 -0.769078
1 0.922897 -0.719154
1 0.92505 -0.66916
1 0.927238 -0.618375
1 0.9294 -0.568193
1 0.931597 -0.517184
1 0.933769 -0.46675
1 0.935979 -0.415453
1 0.938165 -0.364701
1 0.940359 -0.313767
1 0.942592 -0.261912
1 0.944804 -0.21056
1 0.947058 -0.158246
1 0.949291 -0.106405
1 0.951567 -0.0535598
1 0.953824 -0.00115845
1 0.956094 0.0515492
1 0.958411 0.105332
1 0.960711 0.158714
1 0.963058 0.213222
1 0.96539 0.267361
1 0.967773 0.322678
1 0.970141 0.377658
1 0.972529 0.433089
1 0.974971 0.489784
1 0.977401 0.546193
1 0.979888 0.603929
1 0.982364 0.661414
1 0.9849 0.720293
1 0.987427 0.778959
1 0.989981 0.838252
1 0.9926 0.899051
1 0.995212 0.959696
1 0.86254 -0.967641
1 0.864563 -0.917974
1 0.866615 -0.8676
1 0.868639 -0.817903
1 0.870693 -0.767467
1 0.872721 -0.717677
1 0.874752 -0.667818
1 0.876815 -0.61717
1 0.878853 -0.567125
1 0.880925 -0.516256
1 0.882973 -0.465961
1 0.885057 -0.414806
1 0.887118 -0.364195
1 0.889187 -0.313403
1 0.891293 -0.261694
1 0.893379 -0.210486
1 0.895504 -0.15832
1 0.897609 -0.106627
1 0.899755 -0.0539325
1 0.901883 -0.00168158
1 0.904024 0.050874
1 0.906208 0.104501
1 0.908376 0.157728
1 0.91059 0.212076
1 0.912788 0.266056
1 0.915035 0.321209
1 0.917267 0.376026
1 0.919518 0.431292
1 0.921821 0.487817
1 0.924111 0.544056
1 0.926456 0.601617
1 0.92879 0.658927
1 0.931181 0.717627
1 0.933563 0.776112
1 0.93597 0.835223
1 0.938439 0.895833
1 0.940901 0.956289
1 0.813237 -0.965621
1 0.81514 -0.916078
1 0.817069 -0.86583
1 0.818972 -0.816258
1 0.820904 -0.765949
1 0.822811 -0.716286
1 0.824721 -0.666554
1 0.826661 -0.616036
1 0.828577 -0.56612
1 0.830525 -0.515383
1 0.832452 -0.465218
1 0.834411 -0.414196
1 0.836349 -0.363718
1 0.838294 -0.31306
1 0.840275 -0.261488
1 0.842236 -0.210417
1 0.844233 -0.15839
1 0.846213 -0.106836
1 0.848231 -0.0542834
1 0.850232 -0.00217414
1 0.852244 0.0502383
1 0.854298 0.103718
1 0.856336 0.156799
1 0.858417 0.210997
1 0.860484 0.264827
1 0.862596 0.319827
1 0.864695 0.37449
1 0.866811 0.4296
1 0.868975 0.485965
1 0.871128 0.542044
1 0.873332 0.599441
1 0.875527 0.656586
1 0.877774 0.715117
1 0.880013 0.773433
1 0.882276 0.832371
1 0.884597 0.892804
1 0.886911 0.953082
1 0.764176 -0.963725
1 0.76596 -0.914298
1 0.767768 -0.864169
1 0.769552 -0.814714
1 0.771363 -0.764525
1 0.773151 -0.71498
1 0.774941 -0.665367
1 0.776759 -0.614971
1 0.778555 -0.565176
1 0.780381 -0.514562
1 0.782187 -0.46452
1 0.784023 -0.413624
1 0.78584 -0.363271
1 0.787663 -0.312738
1 0.789519 -0.261295
1 0.791357 -0.210351
1 0.793229 -0.158456
1 0.795084 -0.107032
1 0.796976 -0.0546128
1 0.798851 -0.00263651
1 0.800737 0.0496416
1 0.802661 0.102984
1 0.804572 0.155927
1 0.806522 0.209984
1 0.808459 0.263673
1 0.810438 0.318529
1 0.812405 0.373048
1 0.814388 0.428012
1 0.816416 0.484227
1 0.818434 0.540156
1 0.820499 0.597398
1 0.822555 0.654389
1 0.824661 0.712761
1 0.826759 0.770918
1 0.82888 0.829694
1 0.831054 0.88996
1 0.833223 0.950072
1 0.715342 -0.961951
1 0.717007 -0.912633
1 0.718697 -0.862614
1 0.720363 -0.813269
1 0.722054 -0.763192
1 0.723723 -0.713758
1 0.725395 -0.664257
1 0.727093 -0.613975
1 0.728771 -0.564293
1 0.730476 -0.513795
1 0.732162 -0.463868
1 0.733877 -0.413089
1 0.735574 -0.362852
1 0.737276 -0.312437
1 0.739009 -0.261114
1 0.740726 -0.21029
1 0.742474 -0.158517
1 0.744206 -0.107215
1 0.745972 -0.0549209
1 0.747723 -0.00306908
1 0.749485 0.0490833
1 0.751282 0.102296
1 0.753065 0.155111
1 0.754886 0.209037
1 0.756695 0.262594
1 0.758543 0.317315
1 0.760379 0.371699
1 0.762231 0.426526
1 0.764124 0.482601
1 0.766008 0.53839
1 0.767937 0.595488
1 0.769856 0.652334
1 0.771822 0.710557
1 0.773781 0.768565
1 0.775761 0.827191
1 0.777791 0.887301
1 0.779816 0.947256
1 0.666719 -0.960298
1 0.668267 -0.911081
1 0.669838 -0.861165
1 0.671388 -0.811922
1 0.672961 -0.761949
1 0.674513 -0.712619
1 0.676068 -0.663222
1 0.677647 -0.613047
1 0.679208 -0.56347
1 0.680793 -0.51308
1 0.682361 -0.463259
1 0.683956 -0.41259
1 0.685534 -0.362462
1 0.687117 -0.312157
1 0.688729 -0.260945
1 0.690325 -0.210233
1 0.69195 -0.158574
1 0.693561 -0.107386
1 0.695204 -0.0552081
1 0.696832 -0.00347218
1 0.69847 0.048563
1 0.70014 0.101656
1 0.701799 0.154351
1 0.703492 0.208154
1 0.705174 0.261589
1 0.706892 0.316183
1 0.7086 0.370442
1 0.710321 0.425142
1 0.712082 0.481086
1 0.713834 0.536744
1 0.715626 0.593707
1 0.717411 0.65042
1 0.719239 0.708504
1 0.721061 0.766373
1 0.722901 0.824858
1 0.724788 0.884823
1 0.726671 0.944633
1 0.618291 -0.958763
1 0.619724 -0.90964
1 0.621178 -0.859821
1 0.622613 -0.810673
1 0.624068 -0.760796
1 0.625505 -0.711562
1 0.626944 -0.662262
1 0.628405 -0.612185
1 0.629849 -0.562706
1 0.631317 -0.512416
1 0.632768 -0.462695
1 0.634244 -0.412127
1 0.635704 -0.3621
1 0.637169 -0.311896
1 0.638661 -0.260789
1 0.640138 -0.21018
1 0.641642 -0.158627
1 0.643133 -0.107544
1 0.644653 -0.0554745
1 0.646159 -0.00384614
1 0.647675 0.0480804
1 0.649221 0.101062
1 0.650756 0.153646
1 0.652322 0.207335
1 0.653878 0.260656
1 0.655468 0.315134
1 0.657048 0.369276
1 0.658641 0.423858
1 0.660271 0.479681
1 0.661891 0.535217
1 0.66355 0.592056
1 0.665202 0.648643
1 0.666893 0.706599
1 0.668578 0.76434
1 0.670281 0.822694
1 0.672027 0.882525
1 0.673769 0.9422
1 0.570044 -0.957347
1 0.571363 -0.908311
1 0.572701 -0.85858
1 0.574021 -0.809519
1 0.575361 -0.759732
1 0.576683 -0.710587
1 0.578007 -0.661376
1 0.579352 -0.61139
1 0.580681 -0.562002
1 0.582032 -0.511803
1 0.583367 -0.462174
1 0.584725 -0.4117
1 0.586068 -0.361766
1 0.587416 -0.311656
1 0.588789 -0.260645
1 0.590148 -0.210132
1 0.591532 -0.158676
1 0.592904 -0.10769
1 0.594302 -0.0557204
1 0.595689 -0.00419124
1 0.597083 0.047635
1 0.598506 0.100514
1 0.599918 0.152996
1 0.60136 0.206579
1 0.602791 0.259795
1 0.604254 0.314165
1 0.605708 0.3682
1 0.607174 0.422673
1 0.608673 0.478384
1 0.610164 0.533808
1 0.61169 0.590532
1 0.613209 0.647004
1 0.614765 0.704842
1 0.616316 0.762464
1 0.617882 0.820698
1 0.619489 0.880404
1 0.621091 0.939955
1 0.521964 -0.956048
1 0.52317 -0.907091
1 0.524393 -0.857441
1 0.525599 -0.808461
1 0.526824 -0.758756
1 0.528032 -0.709692
1 0.529243 -0.660563
1 0.530472 -0.610661
1 0.531687 -0.561355
1 0.532921 -0.511242
1 0.534142 -0.461697
1 0.535383 -0.411308
1 0.536611 -0.361459
1 0.537843 -0.311436
1 0.539098 -0.260512
1 0.54034 -0.210087
1 0.541605 -0.158721
1 0.542859 -0.107825
1 0.544137 -0.0559459
1 0.545404 -0.00450775
1 0.546678 0.0472266
1 0.547979 0.100011
1 0.549269 0.152399
1 0.550587 0.205886
1 0.551896 0.259006
1 0.553232 0.313277
1 0.554561 0.367213
1 0.555901 0.421586
1 0.55727 0.477194
1 0.558633 0.532516
1 0.560028 0.589135
1 0.561417 0.645501
1 0.562839 0.70323
1 0.564255 0.760744
1 0.565687 0.818867
1 0.567155 0.87846
1 0.568619 0.937896
1 0.570122 0.998882
1 0.474035 -0.954865
1 0.475128 -0.905981
1 0.476237 -0.856405
1 0.477331 -0.807498
1 0.478442 -0.757868
1 0.479538 -0.708878
1 0.480635 -0.659823
1 0.48175 -0.609997
1 0.482851 -0.560766
1 0.48397 -0.51073
1 0.485077 -0.461262
1 0.486203 -0.410951
1 0.487316 -0.36118
1 0.488433 -0.311235
1 0.489571 -0.260392
1 0.490697 -0.210046
1 0.491844 -0.158762
1 0.492981 -0.107947
1 0.49414 -0.0561512
1 0.495289 -0.00479594
1 0.496444 0.0468546
1 0.497623 0.0995533
1 0.498793 0.151856
1 0.499988 0.205255
1 0.501174 0.258287
1 0.502386 0.312468
1 0.503591 0.366315
1 0.504805 0.420597
1 0.506047 0.476112
1 0.507283 0.53134
1 0.508547 0.587862
1 0.509806 0.644133
1 0.511095 0.701763
1 0.51238 0.759177
1 0.513678 0.8172
1 0.515008 0.876689
1 0.516336 0.936022
1 0.517698 0.9969
1 0.426243 -0.953797
1 0.427225 -0.904979
1 0.428221 -0.855469
1 0.429203 -0.806628
1 0.4302 -0.757066
1 0.431184 -0.708142
1 0.43217 -0.659155
1 0.43317 -0.609397
1 0.434159 -0.560235
1 0.435164 -0.510268
1 0.436158 -0.460869
1 0.437169 -0.410629
1 0.438168 -0.360928
1 0.439172 -0.311054
1 0.440193 -0.260283
1 0.441204 -0.210009
1 0.442234 -0.158799
1 0.443255 -0.108057
1 0.444295 -0.0563364
1 0.445327 -0.005056
1 0.446364 0.046519
1 0.447423 0.0991402
1 0.448473 0.151365
1 0.449546 0.204685
1 0.450611 0.257639
1 0.451699 0.311739
1 0.45278 0.365504
1 0.453871 0.419704
1 0.454986 0.475134
1 0.456095 0.530279
1 0.45723 0.586714
1 0.45836 0.642898
1 0.459517 0.700439
1 0.460671 0.757764
1 0.461836 0.815696
1 0.463031 0.875092
1 0.464222 0.934331
1 0.465445 0.995113
1 0.378574 -0.952844
1 0.379446 -0.904084
1 0.380329 -0.854634
1 0.3812 -0.805852
1 0.382085 -0.75635
1 0.382958 -0.707486
1 0.383832 -0.658559
1 0.38472 -0.608862
1 0.385597 -0.559761
1 0.386488 -0.509856
1 0.38737 -0.460518
1 0.388266 -0.410342
1 0.389153 -0.360704
1 0.390043 -0.310892
1 0.390948 -0.260186
1 0.391845 -0.209976
1 0.392759 -0.158832
1 0.393664 -0.108155
1 0.394587 -0.0565018
1 0.395502 -0.00528816
1 0.396422 0.0462194
1 0.397361 0.0987715
1 0.398293 0.150927
1 0.399244 0.204177
1 0.400189 0.25706
1 0.401154 0.311087
1 0.402113 0.36478
1 0.40308 0.418907
1 0.404069 0.474262
1 0.405053 0.529331
1 0.40606 0.58569
1 0.407062 0.641796
1 0.408088 0.699257
1 0.409111 0.756503
1 0.410145 0.814354
1 0.411204 0.873666
1 0.412261 0.932822
1 0.413345 0.993517
1 0.331015 -0.952005
1 0.331776 -0.903296
1 0.332547 -0.853898
1 0.333309 -0.805168
1 0.334081 -0.755719
1 0.334843 -0.706908
1 0.335607 -0.658034
1 0.336382 -0.608391
1 0.337148 -0.559343
1 0.337927 -0.509493
1 0.338697 -0.46021
1 0.33948 -0.410089
1 0.340254 -0.360506
1 0.341031 -0.31075
1 0.341822 -0.260101
1 0.342606 -0.209948
1 0.343404 -0.158861
1 0.344194 -0.108242
1 0.345 -0.0566475
1 0.345799 -0.00549258
1 0.346603 0.0459556
1 0.347423 0.0984468
1 0.348236 0.150542
1 0.349067 0.203729
1 0.349892 0.25655
1 0.350735 0.310514
1 0.351573 0.364143
1 0.352417 0.418205
1 0.353281 0.473494
1 0.35414 0.528497
1 0.355019 0.584787
1 0.355895 0.640826
1 0.356791 0.698216
1 0.357684 0.755392
1 0.358587 0.813172
1 0.359512 0.872411
1 0.360435 0.931493
1 0.361382 0.992112
1 0.283551 -0.951278
1 0.284202 -0.902614
1 0.284862 -0.853262
1 0.285514 -0.804577
1 0.286175 -0.755173
1 0.286827 -0.706408
1 0.28748 -0.657579
1 0.288144 -0.607983
1 0.2888 -0.558982
1 0.289466 -0.509179
1 0.290125 -0.459943
1 0.290795 -0.409869
1 0.291457 -0.360334
1 0.292122 -0.310627
1 0.292799 -0.260027
1 0.29347 -0.209922
1 0.294153 -0.158886
1 0.294829 -0.108317
1 0.295519 -0.0567735
1 0.296203 -0.00566943
1 0.29689 0.0457273
1 0.297592 0.0981659
1 0.298288 0.150209
1 0.298999 0.203342
1 0.299705 0.256109
1 0.300426 0.310018
1 0.301143 0.363592
1 0.301866 0.417598
1 0.302605 0.47283
1 0.30334 0.527775
1 0.304092 0.584007
1 0.304841 0.639986
1 0.305608 0.697316
1 0.306373 0.754431
1 0.307145 0.812149
1 0.307937 0.871325
1 0.308726 0.930343
1 0.309536 0.990897
1 0.235618 -0.999989
1 0.236168 -0.950664
1 0.23671 -0.902038
1 0.237259 -0.852724
1 0.237801 -0.804077
1 0.238351 -0.754712
1 0.238894 -0.705985
1 0.239438 -0.657195
1 0.23999 -0.607639
1 0.240536 -0.558677
1 0.241091 -0.508914
1 0.241639 -0.459717
1 0.242196 -0.409684
1 0.242748 -0.36019
1 0.243301 -0.310523
1 0.243865 -0.259964
1 0.244423 -0.209901
1 0.244991 -0.158907
1 0.245554 -0.10838
1 0.246128 -0.0568799
1 0.246697 -0.00581884
1 0.247269 0.0455345
1 0.247853 0.0979286
1 0.248432 0.149927
1 0.249024 0.203014
1 0.249612 0.255736
1 0.250212 0.309598
1 0.250808 0.363126
1 0.25141 0.417085
1 0.252025 0.472269
1 0.252636 0.527166
1 0.253262 0.583347
1 0.253886 0.639277
1 0.254524 0.696556
1 0.25516 0.753619
1 0.255802 0.811285
1 0.256461 0.870407
1 0.257118 0.929372
1 0.257792 0.98987
1 0.188413 -0.999456
1 0.188853 -0.950163
1 0.189286 -0.901567
1 0.189725 -0.852284
1 0.190158 -0.803669
1 0.190598 -0.754336
1 0.191032 -0.70564
1 0.191466 -0.656882
1 0.191907 -0.607357
1 0.192343 -0.558427
1 0.192787 -0.508697
1 0.193225 -0.459533
1 0.19367 -0.409533
1 0.194111 -0.360071
1 0.194553 -0.310438
1 0.195003 -0.259913
1 0.195449 -0.209884
1 0.195903 -0.158924
1 0.196353 -0.108432
1 0.196812 -0.0569669
1 0.197267 -0.00594092
1 0.197724 0.045377
1 0.19819 0.0977346
1 0.198654 0.149697
1 0.199126 0.202747
1 0.199596 0.255432
1 0.200075 0.309256
1 0.200552 0.362745
1 0.201032 0.416666
1 0.201524 0.47181
1 0.202013 0.526668
1 0.202513 0.582808
1 0.203011 0.638697
1 0.203521 0.695935
1 0.204029 0.752956
1 0.204543 0.810579
1 0.205069 0.869657
1 0.205594 0.928578
1 0.206133 0.989031
1 0.141262 -0.999043
1 0.141591 -0.949773
1 0.141916 -0.901201
1 0.142245 -0.851943
1 0.14257 -0.803351
1 0.142899 -0.754043
1 0.143224 -0.705371
1 0.14355 -0.656638
1 0.143881 -0.607138
1 0.144207 -0.558233
1 0.144539 -0.508528
1 0.144868 -0.459389
1 0.145202 -0.409416
1 0.145532 -0.359979
1 0.145863 -0.310372
1 0.146201 -0.259873
1 0.146535 -0.209871
1 0.146875 -0.158938
1 0.147212 -0.108472
1 0.147556 -0.0570344
1 0.147897 -0.00603577
1 0.148239 0.0452545
1 0.148589 0.097584
1 0.148936 0.149518
1 0.14929 0.202539
1 0.149642 0.255195
1 0.150001 0.30899
1 0.150359 0.36245
1 0.150719 0.416341
1 0.151087 0.471454
1 0.151453 0.52628
1 0.151828 0.58239
1 0.152201 0.638247
1 0.152583 0.695452
1 0.152964 0.752441
1 0.153349 0.810031
1 0.153743 0.869075
1 0.154137 0.927961
1 0.15454 0.98838
1 0.0941514 -0.998747
1 0.0943708 -0.949495
1 0.094587 -0.90094
1 0.0948063 -0.851699
1 0.0950226 -0.803125
1 0.0952421 -0.753834
1 0.0954587 -0.70518
1 0.0956757 -0.656464
1 0.095896 -0.606982
1 0.0961137 -0.558095
1 0.096335 -0.508408
1 0.0965537 -0.459287
1 0.0967762 -0.409332
1 0.0969962 -0.359914
1 0.0972171 -0.310325
1 0.0974419 -0.259845
1 0.0976645 -0.209861
1 0.0978912 -0.158947
1 0.0981158 -0.108501
1 0.0983448 -0.0570827
1 0.0985718 -0.00610346
1 0.0988001 0.0451672
1 0.0990331 0.0974765
1 0.0992643 0.14939
1 0.0995003 0.202391
1 0.0997347 0.255026
1 0.0999741 0.3088
1 0.100212 0.362239
1 0.100452 0.416108
1 0.100697 0.471199
1 0.100941 0.526004
1 0.101191 0.582091
1 0.10144 0.637926
1 0.101694 0.695107
1 0.101948 0.752073
1 0.102204 0.80964
1 0.102467 0.868659
1 0.102729 0.927521
1 0.102998 0.987914
1 0.0470674 -0.99857
1 0.047177 -0.949328
1 0.0472851 -0.900783
1 0.0473947 -0.851553
1 0.0475028 -0.802989
1 0.0476126 -0.753709
1 0.0477209 -0.705065
1 0.0478293 -0.656359
1 0.0479395 -0.606889
1 0.0480483 -0.558012
1 0.0481589 -0.508336
1 0.0482683 -0.459226
1 0.0483795 -0.409282
1 0.0484895 -0.359875
1 0.0485999 -0.310296
1 0.0487122 -0.259828
1 0.0488235 -0.209855
1 0.0489368 -0.158953
1 0.0490491 -0.108518
1 0.0491636 -0.0571116
1 0.0492771 -0.00614404
1 0.0493912 0.0451148
1 0.0495076 0.097412
1 0.0496232 0.149314
1 0.0497412 0.202302
1 0.0498584 0.254925
1 0.0499781 0.308686
1 0.050097 0.362112
1 0.0502169 0.415969
1 0.0503396 0.471047
1 0.0504616 0.525839
1 0.0505864 0.581912
1 0.0507107 0.637733
1 0.050838 0.694901
1 0.0509648 0.751852
1 0.0510929 0.809405
1 0.0512243 0.86841
1 0.0513553 0.927258
1 0.0514898 0.987635
1 -3.3004e-06 -0.998511
1 -3.26849e-06 -0.949273
1 -3.23702e-06 -0.900731
1 -3.20511e-06 -0.851504
1 -3.17364e-06 -0.802944
1 -3.14169e-06 -0.753667
1 -3.11017e-06 -0.705027
1 -3.0786e-06 -0.656325
1 -3.04653e-06 -0.606857
1 -3.01485e-06 -0.557984
1 -2.98266e-06 -0.508312
1 -2.95082e-06 -0.459205
1 -2.91845e-06 -0.409265
1 -2.88643e-06 -0.359861
1 -2.8543e-06 -0.310287
1 -2.82158e-06 -0.259822
1 -2.78919e-06 -0.209853
1 -2.7562e-06 -0.158955
1 -2.72351e-06 -0.108524
1 -2.69019e-06 -0.0571212
1 -2.65716e-06 -0.00615754
1 -2.62394e-06 0.0450974
1 -2.59004e-06 0.0973905
1 -2.5564e-06 0.149288
1 -2.52205e-06 0.202273
1 -2.48795e-06 0.254891
1 -2.4531e-06 0.308648
1 -2.41847e-06 0.36207
1 -2.38357e-06 0.415923
1 -2.34787e-06 0.470996
1 -2.31235e-06 0.525783
1 -2.27601e-06 0.581852
1 -2.23983e-06 0.637669
1 -2.20278e-06 0.694832
1 -2.16586e-06 0.751779
1 -2.12856e-06 0.809327
1 -2.09032e-06 0.868327
1 -2.05218e-06 0.92717
1 -2.01304e-06 0.987543
1 -0.047074 -0.99857
1 -0.0471835 -0.949328
1 -0.0472916 -0.900783
1 -0.0474011 -0.851553
1 -0.0475092 -0.802989
1 -0.0476189 -0.753708
1 -0.0477271 -0.705065
1 -0.0478355 -0.656359
1 -0.0479456 -0.606889
1 -0.0480543 -0.558012
1 -0.0481649 -0.508336
1 -0.0482742 -0.459226
1 -0.0483853 -0.409281
1 -0.0484952 -0.359874
1 -0.0486056 -0.310296
1 -0.0487179 -0.259828
1 -0.0488291 -0.209855
1 -0.0489423 -0.158953
1 -0.0490546 -0.108518
1 -0.049169 -0.0571115
1 -0.0492824 -0.00614398
1 -0.0493964 0.0451149
1 -0.0495128 0.0974121
1 -0.0496283 0.149314
1 -0.0497462 0.202302
1 -0.0498633 0.254925
1 -0.049983 0.308686
1 -0.0501018 0.362112
1 -0.0502217 0.415969
1 -0.0503443 0.471047
1 -0.0504662 0.525839
1 -0.050591 0.581912
1 -0.0507152 0.637733
1 -0.0508424 0.694901
1 -0.0509691 0.751852
1 -0.0510972 0.809405
1 -0.0512285 0.86841
1 -0.0513594 0.927258
1 -0.0514938 0.987636
1 -0.094158 -0.998747
1 -0.0943773 -0.949495
1 -0.0945935 -0.90094
1 -0.0948127 -0.851699
1 -0.0950289 -0.803125
1 -0.0952483 -0.753834
1 -0.0954649 -0.70518
1 -0.0956818 -0.656464
1 -0.0959021 -0.606982
1 -0.0961197 -0.558095
1 -0.0963409 -0.508408
1 -0.0965596 -0.459287
1 -0.096782 -0.409332
1 -0.097002 -0.359914
1 -0.0972228 -0.310324
1 -0.0974475 -0.259845
1 -0.09767 -0.209861
1 -0.0978967 -0.158947
1 -0.0981213 -0.108501
1 -0.0983502 -0.0570825
1 -0.0985771 -0.00610333
1 -0.0988054 0.0451673
1 -0.0990383 0.0974766
1 -0.0992694 0.14939
1 -0.0995053 0.202391
1 -0.0997396 0.255026
1 -0.099979 0.3088
1 -0.100217 0.362239
1 -0.100457 0.416108
1 -0.100702 0.471199
1 -0.100946 0.526004
1 -0.101196 0.582091
1 -0.101444 0.637926
1 -0.101699 0.695107
1 -0.101952 0.752073
1 -0.102209 0.80964
1 -0.102471 0.868659
1 -0.102733 0.927522
1 -0.103002 0.987915
1 -0.141269 -0.999042
1 -0.141598 -0.949773
1 -0.141922 -0.901201
1 -0.142251 -0.851943
1 -0.142576 -0.803351
1 -0.142905 -0.754043
1 -0.143231 -0.705371
1 -0.143556 -0.656638
1 -0.143887 -0.607138
1 -0.144213 -0.558233
1 -0.144545 -0.508528
1 -0.144874 -0.459389
1 -0.145207 -0.409416
1 -0.145538 -0.359979
1 -0.145869 -0.310372
1 -0.146206 -0.259873
1 -0.14654 -0.20987
1 -0.146881 -0.158937
1 -0.147218 -0.108472
1 -0.147561 -0.0570343
1 -0.147902 -0.00603558
1 -0.148245 0.0452547
1 -0.148594 0.0975842
1 -0.148941 0.149518
1 -0.149295 0.20254
1 -0.149647 0.255195
1 -0.150006 0.30899
1 -0.150363 0.36245
1 -0.150723 0.416341
1 -0.151091 0.471454
1 -0.151458 0.526281
1 -0.151833 0.58239
1 -0.152206 0.638247
1 -0.152588 0.695452
1 -0.152968 0.752441
1 -0.153353 0.810031
1 -0.153747 0.869075
1 -0.154141 0.927962
1 -0.154544 0.98838
1 -0.18842 -0.999456
1 -0.188859 -0.950163
1 -0.189292 -0.901567
1 -0.189731 -0.852284
1 -0.190164 -0.803669
1 -0.190604 -0.754335
1 -0.191038 -0.70564
1 -0.191472 -0.656881
1 -0.191913 -0.607357
1 -0.192349 -0.558427
1 -0.192793 -0.508697
1 -0.193231 -0.459532
1 -0.193676 -0.409533
1 -0.194117 -0.360071
1 -0.194559 -0.310438
1 -0.195009 -0.259913
1 -0.195455 -0.209884
1 -0.195909 -0.158924
1 -0.196359 -0.108432
1 -0.196817 -0.0569666
1 -0.197272 -0.00594067
1 -0.197729 0.0453772
1 -0.198196 0.0977349
1 -0.198659 0.149697
1 -0.199131 0.202747
1 -0.199601 0.255432
1 -0.20008 0.309256
1 -0.200557 0.362746
1 -0.201037 0.416667
1 -0.201529 0.47181
1 -0.202017 0.526668
1 -0.202518 0.582809
1 -0.203015 0.638698
1 -0.203525 0.695935
1 -0.204033 0.752956
1 -0.204547 0.81058
1 -0.205073 0.869658
1 -0.205598 0.928578
1 -0.206137 0.989032
1 -0.235625 -0.999989
1 -0.236174 -0.950664
1 -0.236716 -0.902037
1 -0.237266 -0.852723
1 -0.237808 -0.804077
1 -0.238358 -0.754712
1 -0.238901 -0.705985
1 -0.239444 -0.657195
1 -0.239997 -0.607638
1 -0.240542 -0.558676
1 -0.241097 -0.508914
1 -0.241645 -0.459717
1 -0.242202 -0.409684
1 -0.242754 -0.360189
1 -0.243307 -0.310523
1 -0.24387 -0.259964
1 -0.244428 -0.209901
1 -0.244996 -0.158907
1 -0.245559 -0.10838
1 -0.246133 -0.0568796
1 -0.246702 -0.00581852
1 -0.247274 0.0455348
1 -0.247858 0.0979289
1 -0.248438 0.149927
1 -0.249029 0.203015
1 -0.249617 0.255736
1 -0.250217 0.309599
1 -0.250813 0.363126
1 -0.251414 0.417086
1 -0.252029 0.472269
1 -0.252641 0.527166
1 -0.253267 0.583347
1 -0.25389 0.639277
1 -0.254528 0.696556
1 -0.255164 0.75362
1 -0.255807 0.811286
1 -0.256465 0.870407
1 -0.257122 0.929372
1 -0.257797 0.989871
1 -0.283557 -0.951278
1 -0.284208 -0.902613
1 -0.284869 -0.853261
1 -0.28552 -0.804577
1 -0.286181 -0.755173
1 -0.286833 -0.706407
1 -0.287487 -0.657579
1 -0.28815 -0.607983
1 -0.288806 -0.558982
1 -0.289472 -0.509179
1 -0.290131 -0.459942
1 -0.2908 -0.409869
1 -0.291463 -0.360334
1 -0.292128 -0.310627
1 -0.292805 -0.260026
1 -0.293475 -0.209922
1 -0.294158 -0.158885
1 -0.294835 -0.108316
1 -0.295524 -0.0567731
1 -0.296208 -0.00566905
1 -0.296896 0.0457277
1 -0.297597 0.0981663
1 -0.298293 0.150209
1 -0.299004 0.203342
1 -0.29971 0.256109
1 -0.300431 0.310018
1 -0.301148 0.363592
1 -0.301871 0.417599
1 -0.30261 0.47283
1 -0.303345 0.527776
1 -0.304097 0.584007
1 -0.304846 0.639986
1 -0.305613 0.697317
1 -0.306377 0.754431
1 -0.307149 0.812149
1 -0.307941 0.871325
1 -0.30873 0.930343
1 -0.30954 0.990897
1 -0.331022 -0.952004
1 -0.331782 -0.903295
1 -0.332554 -0.853898
1 -0.333315 -0.805168
1 -0.334087 -0.755718
1 -0.33485 -0.706907
1 -0.335613 -0.658033
1 -0.336388 -0.60839
1 -0.337154 -0.559343
1 -0.337933 -0.509493
1 -0.338703 -0.460209
1 -0.339485 -0.410088
1 -0.34026 -0.360505
1 -0.341037 -0.31075
1 -0.341828 -0.2601
1 -0.342611 -0.209947
1 -0.343409 -0.15886
1 -0.3442 -0.108241
1 -0.345006 -0.056647
1 -0.345805 -0.00549214
1 -0.346608 0.045956
1 -0.347428 0.0984472
1 -0.348242 0.150543
1 -0.349072 0.203729
1 -0.349897 0.25655
1 -0.35074 0.310514
1 -0.351578 0.364143
1 -0.352422 0.418206
1 -0.353286 0.473495
1 -0.354145 0.528497
1 -0.355024 0.584788
1 -0.355899 0.640826
1 -0.356795 0.698217
1 -0.357688 0.755392
1 -0.358591 0.813172
1 -0.359516 0.872411
1 -0.360439 0.931493
1 -0.361386 0.992113
1 -0.378581 -0.952844
1 -0.379452 -0.904083
1 -0.380335 -0.854633
1 -0.381207 -0.805852
1 -0.382091 -0.756349
1 -0.382964 -0.707485
1 -0.383838 -0.658558
1 -0.384726 -0.608862
1 -0.385603 -0.55976
1 -0.386494 -0.509856
1 -0.387376 -0.460518
1 -0.388272 -0.410341
1 -0.389159 -0.360703
1 -0.390048 -0.310892
1 -0.390954 -0.260186
1 -0.391851 -0.209976
1 -0.392765 -0.158831
1 -0.39367 -0.108155
1 -0.394593 -0.0565013
1 -0.395507 -0.00528765
1 -0.396427 0.0462199
1 -0.397366 0.098772
1 -0.398298 0.150928
1 -0.399249 0.204177
1 -0.400194 0.25706
1 -0.401159 0.311088
1 -0.402118 0.364781
1 -0.403085 0.418907
1 -0.404074 0.474263
1 -0.405057 0.529332
1 -0.406064 0.58569
1 -0.407066 0.641797
1 -0.408093 0.699258
1 -0.409115 0.756503
1 -0.410149 0.814354
1 -0.411208 0.873667
1 -0.412265 0.932822
1 -0.413349 0.993518
1 -0.42625 -0.953797
1 -0.427231 -0.904978
1 -0.428227 -0.855468
1 -0.42921 -0.806628
1 -0.430206 -0.757065
1 -0.43119 -0.708142
1 -0.432176 -0.659155
1 -0.433177 -0.609397
1 -0.434165 -0.560235
1 -0.43517 -0.510268
1 -0.436164 -0.460868
1 -0.437174 -0.410629
1 -0.438174 -0.360928
1 -0.439177 -0.311054
1 -0.440198 -0.260283
1 -0.44121 -0.210009
1 -0.44224 -0.158798
1 -0.44326 -0.108056
1 -0.444301 -0.0563359
1 -0.445332 -0.00505543
1 -0.446369 0.0465196
1 -0.447428 0.0991408
1 -0.448478 0.151366
1 -0.449551 0.204686
1 -0.450616 0.257639
1 -0.451704 0.311739
1 -0.452785 0.365504
1 -0.453875 0.419704
1 -0.45499 0.475135
1 -0.456099 0.530279
1 -0.457234 0.586715
1 -0.458365 0.642899
1 -0.459522 0.700439
1 -0.460675 0.757765
1 -0.46184 0.815697
1 -0.463035 0.875093
1 -0.464226 0.934332
1 -0.465449 0.995113
1 -0.474041 -0.954864
1 -0.475135 -0.90598
1 -0.476244 -0.856404
1 -0.477338 -0.807497
1 -0.478448 -0.757867
1 -0.479544 -0.708877
1 -0.480641 -0.659823
1 -0.481756 -0.609996
1 -0.482857 -0.560766
1 -0.483976 -0.510729
1 -0.485083 -0.461261
1 -0.486208 -0.41095
1 -0.487322 -0.36118
1 -0.488439 -0.311235
1 -0.489576 -0.260391
1 -0.490703 -0.210045
1 -0.49185 -0.158761
1 -0.492987 -0.107946
1 -0.494145 -0.0561505
1 -0.495294 -0.00479529
1 -0.496449 0.0468553
1 -0.497628 0.099554
1 -0.498798 0.151856
1 -0.499993 0.205255
1 -0.501179 0.258288
1 -0.502391 0.312469
1 -0.503596 0.366315
1 -0.50481 0.420597
1 -0.506052 0.476112
1 -0.507287 0.531341
1 -0.508552 0.587863
1 -0.50981 0.644134
1 -0.5111 0.701764
1 -0.512384 0.759178
1 -0.513682 0.817201
1 -0.515013 0.87669
1 -0.51634 0.936023
1 -0.517702 0.996901
1 -0.52197 -0.956047
1 -0.523176 -0.907091
1 -0.524399 -0.85744
1 -0.525606 -0.808461
1 -0.52683 -0.758756
1 -0.528039 -0.709692
1 -0.529249 -0.660563
1 -0.530478 -0.61066
1 -0.531693 -0.561354
1 -0.532927 -0.511241
1 -0.534147 -0.461696
1 -0.535389 -0.411307
1 -0.536617 -0.361459
1 -0.537849 -0.311435
1 -0.539103 -0.260512
1 -0.540345 -0.210086
1 -0.541611 -0.15872
1 -0.542864 -0.107824
1 -0.544142 -0.0559451
1 -0.545409 -0.00450705
1 -0.546684 0.0472273
1 -0.547984 0.100012
1 -0.549274 0.1524
1 -0.550592 0.205886
1 -0.5519 0.259007
1 -0.553237 0.313278
1 -0.554566 0.367214
1 -0.555905 0.421587
1 -0.557275 0.477195
1 -0.558638 0.532517
1 -0.560033 0.589135
1 -0.561421 0.645502
1 -0.562843 0.703231
1 -0.56426 0.760744
1 -0.565692 0.818868
1 -0.567159 0.87846
1 -0.568624 0.937897
1 -0.570126 0.998882
1 -0.570051 -0.957346
1 -0.57137 -0.90831
1 -0.572708 -0.858579
1 -0.574028 -0.809518
1 -0.575367 -0.759732
1 -0.576689 -0.710586
1 -0.578013 -0.661375
1 -0.579358 -0.611389
1 -0.580687 -0.562001
1 -0.582037 -0.511803
1 -0.583373 -0.462173
1 -0.584731 -0.411699
1 -0.586074 -0.361765
1 -0.587422 -0.311655
1 -0.588795 -0.260644
1 -0.590154 -0.210131
1 -0.591538 -0.158675
1 -0.59291 -0.10769
1 -0.594308 -0.0557196
1 -0.595694 -0.00419046
1 -0.597088 0.0476358
1 -0.598511 0.100515
1 -0.599923 0.152996
1 -0.601365 0.20658
1 -0.602796 0.259796
1 -0.604259 0.314166
1 -0.605713 0.368201
1 -0.607178 0.422674
1 -0.608677 0.478385
1 -0.610168 0.533809
1 -0.611694 0.590533
1 -0.613214 0.647005
1 -0.61477 0.704843
1 -0.61632 0.762465
1 -0.617887 0.820699
1 -0.619493 0.880405
1 -0.621095 0.939956
1 -0.618297 -0.958763
1 -0.619731 -0.90964
1 -0.621185 -0.85982
1 -0.622619 -0.810672
1 -0.624075 -0.760796
1 -0.625511 -0.711561
1 -0.62695 -0.662261
1 -0.628412 -0.612184
1 -0.629855 -0.562706
1 -0.631323 -0.512415
1 -0.632774 -0.462694
1 -0.63425 -0.412126
1 -0.63571 -0.362099
1 -0.637175 -0.311896
1 -0.638666 -0.260788
1 -0.640143 -0.210179
1 -0.641648 -0.158626
1 -0.643138 -0.107543
1 -0.644658 -0.0554737
1 -0.646165 -0.0038453
1 -0.64768 0.0480813
1 -0.649226 0.101063
1 -0.650761 0.153647
1 -0.652327 0.207336
1 -0.653883 0.260657
1 -0.655473 0.315135
1 -0.657053 0.369277
1 -0.658646 0.423859
1 -0.660275 0.479681
1 -0.661896 0.535218
1 -0.663555 0.592057
1 -0.665206 0.648644
1 -0.666897 0.7066
1 -0.668582 0.764341
1 -0.670285 0.822695
1 -0.672031 0.882526
1 -0.673773 0.942201
1 -0.666725 -0.960297
1 -0.668274 -0.91108
1 -0.669845 -0.861164
1 -0.671395 -0.811921
1 -0.672967 -0.761948
1 -0.67452 -0.712618
1 -0.676074 -0.663222
1 -0.677653 -0.613046
1 -0.679214 -0.563469
1 -0.680799 -0.513079
1 -0.682367 -0.463259
1 -0.683962 -0.412589
1 -0.685539 -0.362461
1 -0.687123 -0.312156
1 -0.688734 -0.260944
1 -0.69033 -0.210232
1 -0.691956 -0.158573
1 -0.693567 -0.107385
1 -0.695209 -0.0552072
1 -0.696837 -0.00347128
1 -0.698475 0.0485639
1 -0.700146 0.101657
1 -0.701804 0.154352
1 -0.703497 0.208155
1 -0.705179 0.26159
1 -0.706897 0.316184
1 -0.708605 0.370443
1 -0.710326 0.425143
1 -0.712087 0.481087
1 -0.713838 0.536745
1 -0.715631 0.593708
1 -0.717416 0.65042
1 -0.719244 0.708505
1 -0.721065 0.766374
1 -0.722905 0.824859
1 -0.724793 0.884824
1 -0.726675 0.944634
1 -0.715349 -0.96195
1 -0.717014 -0.912632
1 -0.718703 -0.862613
1 -0.720369 -0.813268
1 -0.72206 -0.763191
1 -0.72373 -0.713757
1 -0.725401 -0.664256
1 -0.727099 -0.613974
1 -0.728777 -0.564292
1 -0.730482 -0.513794
1 -0.732168 -0.463867
1 -0.733883 -0.413088
1 -0.735579 -0.362851
1 -0.737282 -0.312436
1 -0.739015 -0.261113
1 -0.740731 -0.210289
1 -0.742479 -0.158516
1 -0.744212 -0.107214
1 -0.745978 -0.05492
1 -0.747729 -0.00306811
1 -0.74949 0.0490843
1 -0.751287 0.102297
1 -0.75307 0.155112
1 -0.754891 0.209038
1 -0.7567 0.262595
1 -0.758548 0.317316
1 -0.760384 0.3717
1 -0.762236 0.426527
1 -0.764129 0.482602
1 -0.766013 0.538391
1 -0.767941 0.595489
1 -0.769861 0.652335
1 -0.771827 0.710558
1 -0.773786 0.768566
1 -0.775765 0.827192
1 -0.777795 0.887302
1 -0.77982 0.947257
1 -0.764183 -0.963724
1 -0.765966 -0.914297
1 -0.767775 -0.864168
1 -0.769559 -0.814713
1 -0.77137 -0.764524
1 -0.773157 -0.714979
1 -0.774947 -0.665366
1 -0.776765 -0.61497
1 -0.778561 -0.565175
1 -0.780387 -0.514561
1 -0.782193 -0.464519
1 -0.784029 -0.413623
1 -0.785846 -0.36327
1 -0.787669 -0.312737
1 -0.789525 -0.261294
1 -0.791362 -0.21035
1 -0.793235 -0.158455
1 -0.79509 -0.107031
1 -0.796981 -0.0546117
1 -0.798856 -0.00263548
1 -0.800742 0.0496426
1 -0.802667 0.102985
1 -0.804577 0.155928
1 -0.806527 0.209985
1 -0.808464 0.263674
1 -0.810443 0.31853
1 -0.81241 0.373049
1 -0.814393 0.428013
1 -0.816421 0.484228
1 -0.818438 0.540157
1 -0.820504 0.597399
1 -0.82256 0.654391
1 -0.824666 0.712762
1 -0.826764 0.770919
1 -0.828884 0.829695
1 -0.831058 0.889961
1 -0.833227 0.950073
1 -0.813244 -0.96562
1 -0.815146 -0.916077
1 -0.817075 -0.865829
1 -0.818979 -0.816257
1 -0.820911 -0.765948
1 -0.822817 -0.716285
1 -0.824727 -0.666553
1 -0.826667 -0.616035
1 -0.828583 -0.566119
1 -0.830531 -0.515381
1 -0.832458 -0.465217
1 -0.834417 -0.414195
1 -0.836355 -0.363717
1 -0.8383 -0.313059
1 -0.84028 -0.261487
1 -0.842241 -0.210415
1 -0.844239 -0.158389
1 -0.846218 -0.106835
1 -0.848236 -0.0542823
1 -0.850237 -0.00217303
1 -0.852249 0.0502394
1 -0.854303 0.103719
1 -0.856341 0.1568
1 -0.858422 0.210998
1 -0.860489 0.264828
1 -0.862601 0.319828
1 -0.8647 0.374491
1 -0.866816 0.429601
1 -0.86898 0.485966
1 -0.871133 0.542045
1 -0.873337 0.599442
1 -0.875531 0.656588
1 -0.877778 0.715118
1 -0.880018 0.773434
1 -0.882281 0.832372
1 -0.884601 0.892805
1 -0.886916 0.953083
1 -0.862547 -0.967639
1 -0.86457 -0.917973
1 -0.866621 -0.867599
1 -0.868645 -0.817902
1 -0.8707 -0.767465
1 -0.872727 -0.717676
1 -0.874758 -0.667817
1 -0.876821 -0.617169
1 -0.878859 -0.567124
1 -0.880931 -0.516255
1 -0.882979 -0.46596
1 -0.885063 -0.414804
1 -0.887124 -0.364194
1 -0.889193 -0.313402
1 -0.891299 -0.261693
1 -0.893384 -0.210485
1 -0.895509 -0.158319
1 -0.897614 -0.106626
1 -0.899761 -0.0539313
1 -0.901889 -0.00168041
1 -0.904029 0.0508752
1 -0.906213 0.104502
1 -0.908381 0.157729
1 -0.910595 0.212077
1 -0.912793 0.266057
1 -0.91504 0.32121
1 -0.917272 0.376027
1 -0.919523 0.431293
1 -0.921825 0.487818
1 -0.924116 0.544057
1 -0.92646 0.601618
1 -0.928794 0.658928
1 -0.931185 0.717628
1 -0.933567 0.776114
1 -0.935974 0.835224
1 -0.938443 0.895834
1 -0.940905 0.95629
1 -0.912108 -0.969783
1 -0.914253 -0.919985
1 -0.916428 -0.869478
1 -0.918575 -0.819648
1 -0.920753 -0.769077
1 -0.922903 -0.719153
1 -0.925057 -0.669159
1 -0.927244 -0.618373
1 -0.929406 -0.568191
1 -0.931603 -0.517183
1 -0.933775 -0.466749
1 -0.935985 -0.415451
1 -0.938171 -0.3647
1 -0.940364 -0.313766
1 -0.942598 -0.261911
1 -0.94481 -0.210559
1 -0.947063 -0.158245
1 -0.949296 -0.106404
1 -0.951572 -0.0535586
1 -0.953829 -0.00115721
1 -0.9561 0.0515505
1 -0.958416 0.105333
1 -0.960716 0.158716
1 -0.963063 0.213223
1 -0.965395 0.267362
1 -0.967778 0.322679
1 -0.970146 0.377659
1 -0.972534 0.43309
1 -0.974976 0.489786
1 -0.977406 0.546194
1 -0.979892 0.60393
1 -0.982368 0.661415
1 -0.984905 0.720295
1 -0.987431 0.77896
1 -0.989985 0.838254
1 -0.992604 0.899052
1 -0.995216 0.959698
1 -0.961943 -0.972054
1 -0.964212 -0.922117
1 -0.966513 -0.871468
1 -0.968783 -0.821497
1 -0.971087 -0.770783
1 -0.973362 -0.720717
1 -0.97564 -0.67058
1 -0.977954 -0.619649
1 -0.98024 -0.569322
1 -0.982564 -0.518165
1 -0.984862 -0.467584
1 -0.987199 -0.416137
1 -0.989512 -0.365236
1 -0.991833 -0.314151
1 -0.994196 -0.262143
1 -0.996535 -0.210637
1 -0.998919 -0.158166
1 0.956687 -0.40776
1 0.963446 -0.357162
1 0.970329 -0.305636
1 0.977146 -0.254596
1 0.984093 -0.202588
1 0.990979 -0.151036
1 0.998 -0.0984723
1 0.909777 -0.40322
1 0.916188 -0.352718
1 0.922716 -0.301292
1 0.929182 -0.250353
1 0.935771 -0.198449
1 0.942302 -0.147003
1 0.948961 -0.0945487
1 0.955565 -0.0425237
1 0.962209 0.00981712
1 0.968991 0.0632371
1 0.975723 0.116272
1 0.982599 0.170437
1 0.98943 0.224248
1 0.996411 0.279242
1 0.863069 -0.398918
1 0.869136 -0.348507
1 0.875314 -0.297176
1 0.881433 -0.246333
1 0.887668 -0.194528
1 0.893848 -0.143183
1 0.900148 -0.0908318
1 0.906397 -0.0389116
1 0.912684 0.0133219
1 0.9191 0.0666304
1 0.925469 0.119553
1 0.931974 0.173601
1 0.938436 0.227294
1 0.94504 0.282165
1 0.951605 0.336714
1 0.958225 0.39172
1 0.964998 0.447992
1 0.971738 0.503991
1 0.978637 0.561319
1 0.985508 0.61841
1 0.992548 0.676898
1 0.999563 0.735185
1 0.816552 -0.394852
1 0.822279 -0.344528
1 0.828111 -0.293286
1 0.833887 -0.242534
1 0.839771 -0.190822
1 0.845604 -0.139572
1 0.85155 -0.0873193
1 0.857448 -0.0354983
1 0.863381 0.0166337
1 0.869435 0.0698369
1 0.875446 0.122653
1 0.881584 0.176591
1 0.887682 0.230172
1 0.893913 0.284928
1 0.900108 0.339359
1 0.906354 0.394245
1 0.912743 0.450393
1 0.919102 0.506266
1 0.925611 0.563463
1 0.932093 0.62042
1 0.938733 0.67877
1 0.945351 0.736918
1 0.95204 0.795698
1 0.958901 0.855981
1 0.965745 0.916122
1 0.972769 0.977848
1 0.770216 -0.391019
1 0.775606 -0.340776
1 0.781095 -0.28962
1 0.786531 -0.238952
1 0.792069 -0.18733
1 0.797558 -0.136169
1 0.803154 -0.0840089
1 0.808704 -0.0322814
1 0.814287 0.0197548
1 0.819984 0.0728586
1 0.82564 0.125574
1 0.831416 0.179408
1 0.837153 0.232884
1 0.843016 0.28753
1 0.848844 0.341851
1 0.85472 0.396624
1 0.860732 0.452654
1 0.866713 0.508408
1 0.872837 0.565482
1 0.878934 0.622314
1 0.88518 0.680534
1 0.891405 0.73855
1 0.897697 0.797195
1 0.904149 0.857337
1 0.910586 0.917336
1 0.917193 0.978914
1 0.724049 -0.387417
1 0.729106 -0.337251
1 0.734255 -0.286174
1 0.739354 -0.235587
1 0.74455 -0.184048
1 0.749698 -0.132971
1 0.754948 -0.0808985
1 0.760153 -0.0292591
1 0.76539 0.0226871
1 0.770734 0.0756974
1 0.776038 0.128319
1 0.781455 0.182054
1 0.786836 0.235431
1 0.792334 0.289975
1 0.797799 0.344192
1 0.80331 0.398859
1 0.808947 0.454778
1 0.814556 0.510421
1 0.820298 0.567378
1 0.826015 0.624093
1 0.831872 0.682191
1 0.837708 0.740083
1 0.843607 0.798601
1 0.849656 0.858611
1 0.855691 0.918476
1 0.861884 0.979914
1 0.67804 -0.384044
1 0.682767 -0.33395
1 0.687579 -0.282948
1 0.692345 -0.232436
1 0.697201 -0.180975
1 0.702013 -0.129977
1 0.706919 -0.0779861
1 0.711783 -0.0264292
1 0.716677 0.0254325
1 0.72167 0.0783553
1 0.726627 0.130888
1 0.731689 0.184532
1 0.736717 0.237816
1 0.741854 0.292264
1 0.746961 0.346384
1 0.752109 0.400951
1 0.757376 0.456767
1 0.762616 0.512304
1 0.76798 0.569153
1 0.773321 0.625758
1 0.778793 0.683741
1 0.784244 0.741518
1 0.789754 0.799917
1 0.795405 0.859803
1 0.801042 0.919543
1 0.806827 0.98085
1 0.63218 -0.380897
1 0.636579 -0.330871
1 0.641058 -0.279938
1 0.645493 -0.229497
1 0.650012 -0.178109
1 0.65449 -0.127184
1 0.659055 -0.07527
1 0.663582 -0.0237901
1 0.668136 0.0279928
1 0.672782 0.0808338
1 0.677395 0.133284
1 0.682104 0.186842
1 0.686782 0.24004
1 0.691562 0.294398
1 0.696313 0.348427
1 0.701104 0.402901
1 0.706003 0.458621
1 0.710879 0.514061
1 0.715869 0.570808
1 0.720837 0.627311
1 0.725927 0.685187
1 0.730998 0.742855
1 0.736124 0.801144
1 0.74138 0.860915
1 0.746623 0.920537
1 0.752003 0.981723
1 0.586457 -0.377976
1 0.590531 -0.328012
1 0.594679 -0.277144
1 0.598786 -0.226768
1 0.602971 -0.175448
1 0.607118 -0.124592
1 0.611346 -0.0727484
1 0.615538 -0.0213401
1 0.619754 0.0303697
1 0.624057 0.0831347
1 0.628327 0.135509
1 0.632688 0.188987
1 0.63702 0.242105
1 0.641445 0.296379
1 0.645844 0.350324
1 0.650279 0.404712
1 0.654815 0.460341
1 0.659329 0.515691
1 0.663948 0.572344
1 0.668548 0.628751
1 0.673259 0.686528
1 0.677953 0.744097
1 0.682698 0.802282
1 0.687563 0.861946
1 0.692416 0.92146
1 0.697396 0.982533
1 0.540861 -0.375278
1 0.544612 -0.325372
1 0.548432 -0.274564
1 0.552214 -0.224248
1 0.556067 -0.172991
1 0.559886 -0.122198
1 0.563778 -0.0704198
1 0.567638 -0.0190776
1 0.57152 0.0325646
1 0.575481 0.0852594
1 0.579413 0.137562
1 0.583428 0.190967
1 0.587416 0.244011
1 0.59149 0.298208
1 0.595539 0.352075
1 0.599622 0.406383
1 0.603798 0.46193
1 0.607952 0.517196
1 0.612205 0.573762
1 0.616438 0.630081
1 0.620775 0.687767
1 0.625096 0.745243
1 0.629463 0.803333
1 0.63394 0.862898
1 0.638407 0.922312
1 0.64299 0.98328
1 0.495382 -0.372801
1 0.498813 -0.322948
1 0.502306 -0.272195
1 0.505766 -0.221935
1 0.50929 -0.170735
1 0.512782 -0.12
1 0.516342 -0.0682827
1 0.519871 -0.0170012
1 0.523422 0.0345788
1 0.527044 0.0872092
1 0.53064 0.139447
1 0.534311 0.192785
1 0.537957 0.24576
1 0.541683 0.299886
1 0.545386 0.353682
1 0.549119 0.407917
1 0.552937 0.463388
1 0.556735 0.518577
1 0.560623 0.575063
1 0.564494 0.631301
1 0.568459 0.688903
1 0.572409 0.746294
1 0.576401 0.804297
1 0.580495 0.863771
1 0.584578 0.923093
1 0.588768 0.983966
1 0.450009 -0.370544
1 0.453123 -0.32074
1 0.456292 -0.270037
1 0.45943 -0.219828
1 0.462627 -0.168681
1 0.465795 -0.117998
1 0.469025 -0.0663357
1 0.472226 -0.0151096
1 0.475447 0.0364138
1 0.478733 0.0889854
1 0.481995 0.141164
1 0.485325 0.19444
1 0.488632 0.247353
1 0.492011 0.301415
1 0.49537 0.355145
1 0.498756 0.409314
1 0.502219 0.464715
1 0.505664 0.519834
1 0.50919 0.576248
1 0.512701 0.632413
1 0.516296 0.689938
1 0.519879 0.747251
1 0.5235 0.805175
1 0.527212 0.864566
1 0.530915 0.923805
1 0.534714 0.98459
1 0.404734 -0.368507
1 0.407531 -0.318746
1 0.410378 -0.268089
1 0.413197 -0.217925
1 0.416069 -0.166825
1 0.418915 -0.116191
1 0.421816 -0.0645778
1 0.424692 -0.0134017
1 0.427585 0.0380705
1 0.430536 0.0905891
1 0.433466 0.142714
1 0.436457 0.195935
1 0.439428 0.248792
1 0.442463 0.302795
1 0.445479 0.356467
1 0.44852 0.410575
1 0.45163 0.465914
1 0.454724 0.52097
1 0.457891 0.577317
1 0.461044 0.633416
1 0.464273 0.690872
1 0.467491 0.748115
1 0.470742 0.805967
1 0.474076 0.865284
1 0.477401 0.924447
1 0.480813 0.985154
1 0.359546 -0.366687
1 0.362028 -0.316965
1 0.364554 -0.266348
1 0.367056 -0.216226
1 0.369604 -0.165168
1 0.37213 -0.114577
1 0.374704 -0.0630078
1 0.377256 -0.0118764
1 0.379823 0.0395501
1 0.382442 0.0920213
1 0.385041 0.144099
1 0.387695 0.197269
1 0.390331 0.250076
1 0.393024 0.304028
1 0.395701 0.357647
1 0.398399 0.411701
1 0.401158 0.466984
1 0.403903 0.521984
1 0.406713 0.578272
1 0.40951 0.634312
1 0.412375 0.691706
1 0.415229 0.748887
1 0.418114 0.806675
1 0.421071 0.865925
1 0.424021 0.925021
1 0.427047 0.985657
1 0.314434 -0.365083
1 0.316603 -0.315396
1 0.31881 -0.264815
1 0.320996 -0.214729
1 0.323223 -0.163708
1 0.325429 -0.113154
1 0.327678 -0.0616247
1 0.329908 -0.0105327
1 0.33215 0.0408535
1 0.334439 0.0932829
1 0.33671 0.145318
1 0.339028 0.198445
1 0.341331 0.251208
1 0.343683 0.305113
1 0.346021 0.358686
1 0.348378 0.412693
1 0.350789 0.467927
1 0.353187 0.522877
1 0.355641 0.579114
1 0.358085 0.635101
1 0.360587 0.692441
1 0.36308 0.749567
1 0.3656 0.807298
1 0.368183 0.86649
1 0.37076 0.925526
1 0.373403 0.9861
1 0.26939 -0.363696
1 0.271247 -0.314038
1 0.273136 -0.263488
1 0.275008 -0.213433
1 0.276914 -0.162445
1 0.278802 -0.111924
1 0.280727 -0.0604277
1 0.282636 -0.00936983
1 0.284556 0.0419815
1 0.286515 0.0943747
1 0.288458 0.146373
1 0.290443 0.199462
1 0.292414 0.252187
1 0.294428 0.306053
1 0.296429 0.359586
1 0.298446 0.413552
1 0.30051 0.468743
1 0.302562 0.523649
1 0.304663 0.579842
1 0.306754 0.635783
1 0.308896 0.693076
1 0.31103 0.750155
1 0.313186 0.807838
1 0.315397 0.866978
1 0.317602 0.925963
1 0.319864 0.986484
1 0.224404 -0.362523
1 0.225949 -0.312891
1 0.227522 -0.262367
1 0.22908 -0.212338
1 0.230667 -0.161377
1 0.232239 -0.110883
1 0.233841 -0.0594162
1 0.23543 -0.00838707
1 0.237028 0.0429348
1 0.238658 0.0952973
1 0.240276 0.147265
1 0.241928 0.200322
1 0.243569 0.253014
1 0.245245 0.306847
1 0.246911 0.360346
1 0.24859 0.414277
1 0.250307 0.469432
1 0.252016 0.524302
1 0.253764 0.580457
1 0.255505 0.63636
1 0.257287 0.693613
1 0.259063 0.750652
1 0.260858 0.808293
1 0.262698 0.867391
1 0.264533 0.926332
1 0.266416 0.986808
1 0.179465 -0.361564
1 0.1807 -0.311953
1 0.181958 -0.26145
1 0.183203 -0.211443
1 0.184471 -0.160505
1 0.185728 -0.110033
1 0.187008 -0.0585893
1 0.188278 -0.00758381
1 0.189555 0.0437139
1 0.190859 0.0960515
1 0.192152 0.147994
1 0.193472 0.201025
1 0.194783 0.253691
1 0.196123 0.307496
1 0.197454 0.360967
1 0.198796 0.41487
1 0.200169 0.469996
1 0.201534 0.524836
1 0.202931 0.580959
1 0.204323 0.636832
1 0.205747 0.694052
1 0.207166 0.751058
1 0.208601 0.808666
1 0.210071 0.867728
1 0.211538 0.926634
1 0.213043 0.987072
1 0.134565 -0.360819
1 0.13549 -0.311223
1 0.136433 -0.260738
1 0.137366 -0.210747
1 0.138317 -0.159826
1 0.139258 -0.109373
1 0.140218 -0.0579467
1 0.14117 -0.00695955
1 0.142127 0.0443194
1 0.143104 0.0966376
1 0.144073 0.148561
1 0.145063 0.201571
1 0.146045 0.254216
1 0.147049 0.308
1 0.148047 0.36145
1 0.149053 0.415331
1 0.150081 0.470434
1 0.151105 0.525251
1 0.152152 0.58135
1 0.153194 0.637198
1 0.154262 0.694393
1 0.155326 0.751373
1 0.1564 0.808955
1 0.157502 0.86799
1 0.158601 0.926868
1 0.159729 0.987278
1 0.0896929 -0.360287
1 0.0903098 -0.310703
1 0.0909378 -0.260229
1 0.0915596 -0.21025
1 0.092193 -0.159342
1 0.0928205 -0.108901
1 0.0934602 -0.057488
1 0.0940944 -0.00651392
1 0.0947322 0.0447517
1 0.095383 0.0970559
1 0.0960288 0.148965
1 0.0966881 0.201961
1 0.0973429 0.254591
1 0.0980119 0.30836
1 0.0986767 0.361794
1 0.0993469 0.41566
1 0.100032 0.470746
1 0.100714 0.525547
1 0.101412 0.581629
1 0.102106 0.63746
1 0.102818 0.694637
1 0.103526 0.751599
1 0.104243 0.809162
1 0.104977 0.868177
1 0.105709 0.927036
1 0.10646 0.987425
1 0.0448402 -0.359968
1 0.0451486 -0.310391
1 0.0454625 -0.259924
1 0.0457734 -0.209953
1 0.04609 -0.159052
1 0.0464037 -0.108618
1 0.0467234 -0.0572129
1 0.0470404 -0.00624664
1 0.0473593 0.045011
1 0.0476846 0.0973069
1 0.0480074 0.149207
1 0.048337 0.202195
1 0.0486643 0.254816
1 0.0489987 0.308576
1 0.049331 0.362001
1 0.049666 0.415857
1 0.0500086 0.470934
1 0.0503494 0.525724
1 0.0506981 0.581796
1 0.0510454 0.637617
1 0.0514009 0.694783
1 0.0517552 0.751734
1 0.0521132 0.809285
1 0.0524802 0.86829
1 0.0528462 0.927136
1 0.0532218 0.987513
1 -2.88643e-06 -0.359861
1 -2.8543e-06 -0.310287
1 -2.82158e-06 -0.259822
1 -2.78919e-06 -0.209853
1 -2.7562e-06 -0.158955
1 -2.72351e-06 -0.108524
1 -2.69019e-06 -0.0571212
1 -2.65716e-06 -0.00615754
1 -2.62394e-06 0.0450974
1 -2.59004e-06 0.0973905
1 -2.5564e-06 0.149288
1 -2.52205e-06 0.202273
1 -2.48795e-06 0.254891
1 -2.4531e-06 0.308648
1 -2.41847e-06 0.36207
1 -2.38357e-06 0.415923
1 -2.34787e-06 0.470996
1 -2.31235e-06 0.525783
1 -2.27601e-06 0.581852
1 -2.23983e-06 0.637669
1 -2.20278e-06 0.694832
1 -2.16586e-06 0.751779
1 -2.12856e-06 0.809327
1 -2.09032e-06 0.868327
1 -2.05218e-06 0.92717
1 -2.01304e-06 0.987543
1 -0.044846 -0.359968
1 -0.0451543 -0.310391
1 -0.0454682 -0.259924
1 -0.0457789 -0.209953
1 -0.0460955 -0.159052
1 -0.0464091 -0.108618
1 -0.0467288 -0.0572128
1 -0.0470458 -0.00624658
1 -0.0473645 0.045011
1 -0.0476897 0.0973069
1 -0.0480125 0.149208
1 -0.048342 0.202195
1 -0.0486693 0.254816
1 -0.0490036 0.308576
1 -0.0493358 0.362001
1 -0.0496707 0.415857
1 -0.0500133 0.470934
1 -0.050354 0.525724
1 -0.0507027 0.581796
1 -0.0510498 0.637617
1 -0.0514053 0.694783
1 -0.0517595 0.751734
1 -0.0521174 0.809286
1 -0.0524844 0.86829
1 -0.0528503 0.927136
1 -0.0532258 0.987513
1 -0.0896987 -0.360287
1 -0.0903155 -0.310703
1 -0.0909434 -0.260229
1 -0.0915652 -0.21025
1 -0.0921985 -0.159342
1 -0.092826 -0.108901
1 -0.0934656 -0.0574879
1 -0.0940997 -0.0065138
1 -0.0947375 0.0447518
1 -0.0953881 0.0970561
1 -0.0960339 0.148965
1 -0.0966932 0.201961
1 -0.0973479 0.254591
1 -0.0980168 0.30836
1 -0.0986815 0.361794
1 -0.0993516 0.41566
1 -0.100037 0.470746
1 -0.100719 0.525547
1 -0.101416 0.581629
1 -0.102111 0.63746
1 -0.102822 0.694637
1 -0.103531 0.751599
1 -0.104247 0.809162
1 -0.104981 0.868178
1 -0.105713 0.927036
1 -0.106464 0.987425
1 -0.13457 -0.360819
1 -0.135496 -0.311223
1 -0.136439 -0.260738
1 -0.137372 -0.210747
1 -0.138322 -0.159826
1 -0.139264 -0.109372
1 -0.140224 -0.0579466
1 -0.141175 -0.00695937
1 -0.142132 0.0443196
1 -0.143109 0.0966378
1 -0.144078 0.148561
1 -0.145068 0.201571
1 -0.14605 0.254216
1 -0.147054 0.308
1 -0.148052 0.36145
1 -0.149058 0.415331
1 -0.150086 0.470434
1 -0.151109 0.525251
1 -0.152156 0.58135
1 -0.153199 0.637198
1 -0.154266 0.694394
1 -0.15533 0.751374
1 -0.156405 0.808955
1 -0.157507 0.867991
1 -0.158606 0.926869
1 -0.159733 0.987278
1 -0.179471 -0.361564
1 -0.180706 -0.311952
1 -0.181963 -0.26145
1 -0.183208 -0.211443
1 -0.184476 -0.160504
1 -0.185733 -0.110033
1 -0.187014 -0.0585891
1 -0.188284 -0.00758357
1 -0.189561 0.0437142
1 -0.190864 0.0960517
1 -0.192157 0.147994
1 -0.193477 0.201025
1 -0.194788 0.253691
1 -0.196128 0.307496
1 -0.197459 0.360967
1 -0.198801 0.41487
1 -0.200173 0.469996
1 -0.201539 0.524836
1 -0.202936 0.58096
1 -0.204327 0.636832
1 -0.205752 0.694053
1 -0.207171 0.751058
1 -0.208605 0.808666
1 -0.210075 0.867728
1 -0.211542 0.926634
1 -0.213047 0.987073
1 -0.22441 -0.362522
1 -0.225955 -0.31289
1 -0.227528 -0.262367
1 -0.229085 -0.212338
1 -0.230672 -0.161377
1 -0.232244 -0.110883
1 -0.233847 -0.0594159
1 -0.235435 -0.00838677
1 -0.237033 0.0429351
1 -0.238663 0.0952977
1 -0.240281 0.147266
1 -0.241933 0.200322
1 -0.243574 0.253015
1 -0.24525 0.306847
1 -0.246916 0.360346
1 -0.248595 0.414277
1 -0.250312 0.469433
1 -0.25202 0.524303
1 -0.253769 0.580457
1 -0.255509 0.636361
1 -0.257292 0.693614
1 -0.259067 0.750652
1 -0.260862 0.808294
1 -0.262702 0.867391
1 -0.264537 0.926332
1 -0.26642 0.986808
1 -0.269396 -0.363695
1 -0.271252 -0.314038
1 -0.273142 -0.263488
1 -0.275013 -0.213433
1 -0.276919 -0.162445
1 -0.278808 -0.111923
1 -0.280733 -0.0604274
1 -0.282642 -0.00936946
1 -0.284561 0.0419819
1 -0.28652 0.094375
1 -0.288464 0.146374
1 -0.290448 0.199463
1 -0.292419 0.252187
1 -0.294433 0.306053
1 -0.296434 0.359586
1 -0.298451 0.413552
1 -0.300514 0.468743
1 -0.302567 0.52365
1 -0.304667 0.579842
1 -0.306759 0.635784
1 -0.3089 0.693077
1 -0.311034 0.750155
1 -0.31319 0.807838
1 -0.315401 0.866979
1 -0.317606 0.925963
1 -0.319868 0.986484
1 -0.31444 -0.365083
1 -0.316609 -0.315396
1 -0.318816 -0.264815
1 -0.321002 -0.214728
1 -0.323228 -0.163708
1 -0.325435 -0.113154
1 -0.327683 -0.0616243
1 -0.329913 -0.0105323
1 -0.332156 0.0408539
1 -0.334444 0.0932833
1 -0.336715 0.145319
1 -0.339033 0.198445
1 -0.341336 0.251208
1 -0.343688 0.305114
1 -0.346026 0.358687
1 -0.348383 0.412694
1 -0.350794 0.467928
1 -0.353192 0.522877
1 -0.355646 0.579114
1 -0.358089 0.635101
1 -0.360592 0.692441
1 -0.363085 0.749567
1 -0.365604 0.807299
1 -0.368187 0.86649
1 -0.370764 0.925526
1 -0.373407 0.986101
1 -0.359552 -0.366686
1 -0.362033 -0.316965
1 -0.36456 -0.266348
1 -0.367062 -0.216225
1 -0.36961 -0.165168
1 -0.372135 -0.114576
1 -0.374709 -0.0630073
1 -0.377261 -0.0118759
1 -0.379828 0.0395506
1 -0.382447 0.0920218
1 -0.385047 0.144099
1 -0.3877 0.19727
1 -0.390336 0.250077
1 -0.393029 0.304028
1 -0.395705 0.357647
1 -0.398403 0.411702
1 -0.401163 0.466985
1 -0.403908 0.521984
1 -0.406718 0.578273
1 -0.409515 0.634312
1 -0.412379 0.691707
1 -0.415233 0.748888
1 -0.418118 0.806676
1 -0.421075 0.865926
1 -0.424025 0.925021
1 -0.427051 0.985658
1 -0.40474 -0.368506
1 -0.407537 -0.318746
1 -0.410384 -0.268088
1 -0.413203 -0.217925
1 -0.416075 -0.166825
1 -0.41892 -0.11619
1 -0.421821 -0.0645773
1 -0.424697 -0.0134011
1 -0.42759 0.0380711
1 -0.430541 0.0905896
1 -0.433471 0.142715
1 -0.436462 0.195935
1 -0.439433 0.248792
1 -0.442468 0.302796
1 -0.445484 0.356467
1 -0.448525 0.410576
1 -0.451635 0.465915
1 -0.454729 0.52097
1 -0.457896 0.577318
1 -0.461049 0.633416
1 -0.464278 0.690872
1 -0.467495 0.748116
1 -0.470746 0.805968
1 -0.47408 0.865285
1 -0.477405 0.924448
1 -0.480817 0.985154
1 -0.450015 -0.370544
1 -0.453128 -0.320739
1 -0.456297 -0.270037
1 -0.459436 -0.219828
1 -0.462633 -0.16868
1 -0.465801 -0.117998
1 -0.46903 -0.0663351
1 -0.472232 -0.015109
1 -0.475452 0.0364144
1 -0.478738 0.088986
1 -0.482 0.141165
1 -0.48533 0.194441
1 -0.488637 0.247354
1 -0.492016 0.301416
1 -0.495375 0.355146
1 -0.49876 0.409315
1 -0.502223 0.464716
1 -0.505669 0.519835
1 -0.509195 0.576248
1 -0.512705 0.632413
1 -0.516301 0.689938
1 -0.519883 0.747252
1 -0.523504 0.805176
1 -0.527216 0.864567
1 -0.530919 0.923806
1 -0.534718 0.984591
1 -0.495387 -0.3728
1 -0.498819 -0.322947
1 -0.502312 -0.272195
1 -0.505771 -0.221935
1 -0.509295 -0.170735
1 -0.512787 -0.12
1 -0.516347 -0.068282
1 -0.519877 -0.0170005
1 -0.523427 0.0345795
1 -0.527049 0.0872099
1 -0.530645 0.139448
1 -0.534316 0.192785
1 -0.537962 0.24576
1 -0.541688 0.299887
1 -0.54539 0.353682
1 -0.549123 0.407918
1 -0.552941 0.463389
1 -0.55674 0.518577
1 -0.560628 0.575063
1 -0.564499 0.631302
1 -0.568463 0.688904
1 -0.572413 0.746295
1 -0.576406 0.804298
1 -0.580499 0.863772
1 -0.584582 0.923094
1 -0.588772 0.983967
1 -0.540866 -0.375277
1 -0.544618 -0.325371
1 -0.548437 -0.274563
1 -0.55222 -0.224248
1 -0.556073 -0.17299
1 -0.559891 -0.122197
1 -0.563784 -0.0704191
1 -0.567643 -0.0190768
1 -0.571525 0.0325653
1 -0.575487 0.0852601
1 -0.579418 0.137563
1 -0.583433 0.190968
1 -0.587421 0.244011
1 -0.591495 0.298209
1 -0.595544 0.352076
1 -0.599627 0.406384
1 -0.603802 0.461931
1 -0.607957 0.517197
1 -0.612209 0.573762
1 -0.616443 0.630082
1 -0.620779 0.687768
1 -0.6251 0.745243
1 -0.629467 0.803334
1 -0.633945 0.862899
1 -0.638411 0.922313
1 -0.642994 0.983281
1 -0.586462 -0.377975
1 -0.590536 -0.328011
1 -0.594684 -0.277143
1 -0.598792 -0.226768
1 -0.602977 -0.175447
1 -0.607124 -0.124591
1 -0.611351 -0.0727476
1 -0.615543 -0.0213393
1 -0.619759 0.0303705
1 -0.624062 0.0831355
1 -0.628333 0.135509
1 -0.632693 0.188988
1 -0.637025 0.242105
1 -0.64145 0.29638
1 -0.645849 0.350325
1 -0.650284 0.404713
1 -0.65482 0.460342
1 -0.659333 0.515692
1 -0.663953 0.572345
1 -0.668552 0.628752
1 -0.673264 0.686529
1 -0.677958 0.744098
1 -0.682702 0.802283
1 -0.687567 0.861947
1 -0.69242 0.921461
1 -0.6974 0.982534
1 -0.632185 -0.380897
1 -0.636584 -0.33087
1 -0.641063 -0.279937
1 -0.645499 -0.229496
1 -0.650018 -0.178108
1 -0.654496 -0.127183
1 -0.659061 -0.0752692
1 -0.663588 -0.0237892
1 -0.668141 0.0279937
1 -0.672788 0.0808347
1 -0.6774 0.133285
1 -0.682109 0.186843
1 -0.686787 0.240041
1 -0.691567 0.294399
1 -0.696318 0.348428
1 -0.701108 0.402902
1 -0.706008 0.458622
1 -0.710883 0.514062
1 -0.715873 0.570809
1 -0.720842 0.627312
1 -0.725931 0.685188
1 -0.731002 0.742856
1 -0.736128 0.801145
1 -0.741384 0.860916
1 -0.746627 0.920538
1 -0.752007 0.981724
1 -0.678046 -0.384043
1 -0.682773 -0.333949
1 -0.687585 -0.282947
1 -0.692351 -0.232435
1 -0.697207 -0.180974
1 -0.702018 -0.129976
1 -0.706924 -0.0779852
1 -0.711789 -0.0264283
1 -0.716682 0.0254334
1 -0.721676 0.0783562
1 -0.726632 0.130889
1 -0.731694 0.184533
1 -0.736722 0.237817
1 -0.741859 0.292265
1 -0.746966 0.346385
1 -0.752114 0.400952
1 -0.757381 0.456768
1 -0.762621 0.512305
1 -0.767985 0.569154
1 -0.773326 0.625759
1 -0.778797 0.683742
1 -0.784248 0.741519
1 -0.789759 0.799918
1 -0.795409 0.859804
1 -0.801046 0.919544
1 -0.806831 0.980851
1 -0.724055 -0.387416
1 -0.729112 -0.33725
1 -0.73426 -0.286173
1 -0.73936 -0.235586
1 -0.744555 -0.184047
1 -0.749704 -0.13297
1 -0.754953 -0.0808975
1 -0.760159 -0.0292581
1 -0.765395 0.0226881
1 -0.770739 0.0756984
1 -0.776043 0.12832
1 -0.78146 0.182055
1 -0.786841 0.235432
1 -0.792339 0.289976
1 -0.797804 0.344193
1 -0.803315 0.39886
1 -0.808952 0.454779
1 -0.814561 0.510422
1 -0.820303 0.567379
1 -0.82602 0.624094
1 -0.831876 0.682192
1 -0.837712 0.740084
1 -0.843611 0.798602
1 -0.84966 0.858612
1 -0.855695 0.918477
1 -0.861888 0.979915
1 -0.770222 -0.391018
1 -0.775612 -0.340775
1 -0.7811 -0.289619
1 -0.786536 -0.238951
1 -0.792075 -0.187329
1 -0.797564 -0.136168
1 -0.80316 -0.0840079
1 -0.808709 -0.0322804
1 -0.814292 0.0197558
1 -0.819989 0.0728596
1 -0.825645 0.125576
1 -0.831421 0.179409
1 -0.837158 0.232885
1 -0.843021 0.287531
1 -0.848849 0.341852
1 -0.854725 0.396625
1 -0.860736 0.452655
1 -0.866718 0.508409
1 -0.872841 0.565483
1 -0.878938 0.622316
1 -0.885185 0.680535
1 -0.891409 0.738551
1 -0.897701 0.797196
1 -0.904153 0.857338
1 -0.91059 0.917337
1 -0.917197 0.978915
1 -0.816558 -0.394851
1 -0.822285 -0.344527
1 -0.828116 -0.293285
1 -0.833892 -0.242532
1 -0.839777 -0.190821
1 -0.845609 -0.139571
1 -0.851556 -0.0873182
1 -0.857453 -0.0354972
1 -0.863386 0.0166348
1 -0.86944 0.069838
1 -0.875451 0.122654
1 -0.881589 0.176592
1 -0.887687 0.230173
1 -0.893918 0.284929
1 -0.900112 0.33936
1 -0.906359 0.394246
1 -0.912748 0.450394
1 -0.919107 0.506267
1 -0.925616 0.563464
1 -0.932098 0.620422
1 -0.938738 0.678771
1 -0.945355 0.736919
1 -0.952044 0.795699
1 -0.958905 0.855982
1 -0.965749 0.916123
1 -0.972773 0.977849
1 -0.863075 -0.398917
1 -0.869142 -0.348506
1 -0.87532 -0.297175
1 -0.881439 -0.246332
1 -0.887674 -0.194527
1 -0.893853 -0.143181
1 -0.900154 -0.0908307
1 -0.906403 -0.0389104
1 -0.912689 0.013323
1 -0.919105 0.0666316
1 -0.925474 0.119554
1 -0.931979 0.173602
1 -0.938441 0.227295
1 -0.945045 0.282167
1 -0.95161 0.336715
1 -0.95823 0.391721
1 -0.965003 0.447994
1 -0.971742 0.503992
1 -0.978642 0.561321
1 -0.985513 0.618411
1 -0.992552 0.676899
1 -0.999567 0.735186
1 -0.909783 -0.403219
1 -0.916194 -0.352717
1 -0.922722 -0.301291
1 -0.929188 -0.250352
1 -0.935777 -0.198448
1 -0.942307 -0.147002
1 -0.948966 -0.0945475
1 -0.95557 -0.0425224
1 -0.962215 0.00981837
1 -0.968996 0.0632383
1 -0.975728 0.116273
1 -0.982604 0.170438
1 -0.989435 0.224249
1 -0.996416 0.279243
1 -0.956693 -0.407759
1 -0.963452 -0.35716
1 -0.970334 -0.305635
1 -0.977152 -0.254595
1 -0.984099 -0.202586
1 -0.990984 -0.151035
1 -0.998006 -0.0984711
1 -2.65716e-06 -0.00615754
1 -2.69019e-06 -0.0571212
1 -2.72351e-06 -0.108524
1 -2.7562e-06 -0.158955
1 -2.78919e-06 -0.209853
1 -2.82158e-06 -0.259822
1 -2.8543e-06 -0.310287
1 -2.88643e-06 -0.359861
1 -2.91845e-06 -0.409265
1 -2.95082e-06 -0.459205
1 -2.98266e-06 -0.508312
1 -3.01485e-06 -0.557984
1 -3.04653e-06 -0.606857
1 -3.0786e-06 -0.656325
1 -3.11017e-06 -0.705027
1 -3.14169e-06 -0.753667
1 -3.17364e-06 -0.802944
1 -3.20511e-06 -0.851504
1 -3.23702e-06 -0.900731
1 -3.26849e-06 -0.949273
1 -3.3004e-06 -0.998511
1 0.045569 -0.00604777
1 0.0456727 -0.0570148
1 0.0457774 -0.108421
1 0.04588 -0.158855
1 0.0459836 -0.209757
1 0.0460854 -0.259729
1 0.0461881 -0.310197
1 0.046289 -0.359775
1 0.0463896 -0.409182
1 0.0464912 -0.459126
1 0.0465912 -0.508236
1 0.0466923 -0.557911
1 0.0467918 -0.606788
1 0.0468925 -0.656259
1 0.0469916 -0.704964
1 0.0470906 -0.753608
1 0.047191 -0.802888
1 0.0472898 -0.851452
1 0.04739 -0.900683
1 0.0474888 -0.949227
1 0.0475891 -0.998469
1 0.091153 -0.00571832
1 0.0913606 -0.0566953
1 0.09157 -0.108111
1 0.0917754 -0.158556
1 0.0919827 -0.209468
1 0.0921863 -0.25945
1 0.0923918 -0.309928
1 0.0925938 -0.359516
1 0.092795 -0.408933
1 0.0929984 -0.458887
1 0.0931985 -0.508008
1 0.0934008 -0.557693
1 0.0935999 -0.60658
1 0.0938014 -0.656061
1 0.0939998 -0.704777
1 0.0941979 -0.75343
1 0.0943986 -0.802721
1 0.0945964 -0.851295
1 0.0947969 -0.900536
1 0.0949947 -0.949092
1 0.0951952 -0.998344
1 0.136762 -0.00516896
1 0.137073 -0.0561627
1 0.137388 -0.107596
1 0.137696 -0.158057
1 0.138007 -0.208986
1 0.138313 -0.258985
1 0.138621 -0.30948
1 0.138924 -0.359085
1 0.139226 -0.408518
1 0.139532 -0.45849
1 0.139832 -0.507627
1 0.140136 -0.55733
1 0.140434 -0.606233
1 0.140737 -0.655731
1 0.141035 -0.704464
1 0.141332 -0.753135
1 0.141633 -0.802443
1 0.14193 -0.851034
1 0.142231 -0.900293
1 0.142528 -0.948865
1 0.142829 -0.998135
1 0.182408 -0.00439931
1 0.182824 -0.0554165
1 0.183243 -0.106873
1 0.183655 -0.157358
1 0.18407 -0.208311
1 0.184477 -0.258333
1 0.184889 -0.308852
1 0.185294 -0.35848
1 0.185697 -0.407937
1 0.186104 -0.457933
1 0.186505 -0.507093
1 0.18691 -0.55682
1 0.187309 -0.605747
1 0.187713 -0.655269
1 0.18811 -0.704026
1 0.188507 -0.752721
1 0.188909 -0.802053
1 0.189305 -0.850668
1 0.189707 -0.899951
1 0.190103 -0.948548
1 0.190505 -0.997843
1 0.228104 -0.00340884
1 0.228624 -0.0544562
1 0.229149 -0.105944
1 0.229664 -0.156458
1 0.230183 -0.207442
1 0.230693 -0.257495
1 0.231209 -0.308044
1 0.231715 -0.357702
1 0.232219 -0.40719
1 0.232729 -0.457216
1 0.23323 -0.506406
1 0.233737 -0.556164
1 0.234236 -0.605122
1 0.234742 -0.654675
1 0.235239 -0.703462
1 0.235735 -0.752188
1 0.236239 -0.801551
1 0.236734 -0.850198
1 0.237237 -0.899512
1 0.237733 -0.94814
1 0.238235 -0.997467
1 0.273862 -0.00219685
1 0.274487 -0.0532812
1 0.275117 -0.104806
1 0.275736 -0.155358
1 0.27636 -0.206378
1 0.276973 -0.256468
1 0.277592 -0.307055
1 0.2782 -0.35675
1 0.278807 -0.406275
1 0.279419 -0.456338
1 0.280022 -0.505566
1 0.280631 -0.555361
1 0.281231 -0.604357
1 0.281837 -0.653948
1 0.282435 -0.702772
1 0.283032 -0.751535
1 0.283636 -0.800937
1 0.284232 -0.849622
1 0.284836 -0.898975
1 0.285432 -0.947641
1 0.286036 -0.997006
1 0.319694 -0.000762497
1 0.320425 -0.0518905
1 0.321162 -0.10346
1 0.321884 -0.154055
1 0.322614 -0.20512
1 0.32333 -0.255253
1 0.324054 -0.305885
1 0.324764 -0.355624
1 0.325472 -0.405192
1 0.326188 -0.4553
1 0.326892 -0.504572
1 0.327604 -0.554412
1 0.328305 -0.603451
1 0.329014 -0.653087
1 0.329712 -0.701956
1 0.330409 -0.750763
1 0.331116 -0.800211
1 0.331812 -0.84894
1 0.332518 -0.898338
1 0.333214 -0.94705
1 0.33392 -0.996461
1 0.365615 0.000895217
1 0.366451 -0.0502833
1 0.367294 -0.101903
1 0.368122 -0.152549
1 0.368957 -0.203666
1 0.369777 -0.253849
1 0.370605 -0.304532
1 0.371419 -0.354321
1 0.37223 -0.40394
1 0.373049 -0.454099
1 0.373855 -0.503422
1 0.37467 -0.553314
1 0.375473 -0.602404
1 0.376284 -0.652092
1 0.377084 -0.701012
1 0.377882 -0.749871
1 0.378691 -0.799371
1 0.379488 -0.848151
1 0.380296 -0.897603
1 0.381093 -0.946366
1 0.381901 -0.995831
1 0.411635 0.00277746
1 0.412578 -0.0484583
1 0.413529 -0.100137
1 0.414461 -0.15084
1 0.415403 -0.202014
1 0.416327 -0.252255
1 0.417261 -0.302996
1 0.418178 -0.352843
1 0.419092 -0.402519
1 0.420016 -0.452737
1 0.420924 -0.502117
1 0.421843 -0.552067
1 0.422748 -0.601215
1 0.423663 -0.650962
1 0.424564 -0.69994
1 0.425464 -0.748858
1 0.426376 -0.798417
1 0.427274 -0.847256
1 0.428185 -0.896768
1 0.429084 -0.945591
1 0.429995 -0.995116
1 0.457769 0.00488554
1 0.458818 -0.0464144
1 0.459877 -0.0981578
1 0.460916 -0.148925
1 0.461965 -0.200164
1 0.462994 -0.25047
1 0.464033 -0.301275
1 0.465055 -0.351187
1 0.466073 -0.400927
1 0.467102 -0.45121
1 0.468113 -0.500655
1 0.469137 -0.550671
1 0.470144 -0.599884
1 0.471163 -0.649696
1 0.472167 -0.69874
1 0.473169 -0.747723
1 0.474184 -0.797348
1 0.475185 -0.846254
1 0.4762 -0.895832
1 0.4772 -0.944722
1 0.478215 -0.994315
1 0.504028 0.00722096
1 0.505186 -0.0441501
1 0.506354 -0.0959655
1 0.507499 -0.146804
1 0.508655 -0.198115
1 0.50979 -0.248492
1 0.510937 -0.299369
1 0.512063 -0.349352
1 0.513185 -0.399164
1 0.51432 -0.449519
1 0.515436 -0.499036
1 0.516564 -0.549124
1 0.517675 -0.598409
1 0.518799 -0.648294
1 0.519906 -0.69741
1 0.521011 -0.746465
1 0.522131 -0.796165
1 0.523235 -0.845143
1 0.524353 -0.894796
1 0.525457 -0.943759
1 0.526576 -0.993427
1 0.550428 0.00978537
1 0.551694 -0.0416637
1 0.552971 -0.0935582
1 0.554224 -0.144475
1 0.555489 -0.195865
1 0.55673 -0.246319
1 0.557984 -0.297276
1 0.559216 -0.347337
1 0.560444 -0.397227
1 0.561685 -0.447662
1 0.562906 -0.497257
1 0.56414 -0.547425
1 0.565355 -0.596789
1 0.566585 -0.646755
1 0.567796 -0.69595
1 0.569005 -0.745085
1 0.57023 -0.794865
1 0.571437 -0.843923
1 0.572661 -0.893658
1 0.573868 -0.942702
1 0.575093 -0.992452
1 0.596979 0.0125806
1 0.598355 -0.0389536
1 0.599743 -0.0909343
1 0.601104 -0.141936
1 0.602478 -0.193412
1 0.603827 -0.243952
1 0.60519 -0.294995
1 0.606528 -0.345141
1 0.607863 -0.395116
1 0.609211 -0.445638
1 0.610537 -0.495318
1 0.611879 -0.545573
1 0.613199 -0.595023
1 0.614535 -0.645076
1 0.615851 -0.694358
1 0.617165 -0.743579
1 0.618496 -0.793448
1 0.619808 -0.842594
1 0.621138 -0.892417
1 0.622449 -0.941549
1 0.62378 -0.991389
1 0.643697 0.0156086
1 0.645183 -0.0360177
1 0.646682 -0.0880917
1 0.648153 -0.139185
1 0.649638 -0.190755
1 0.651095 -0.241387
1 0.652567 -0.292523
1 0.654014 -0.342762
1 0.655455 -0.392829
1 0.656912 -0.443445
1 0.658345 -0.493218
1 0.659794 -0.543567
1 0.661221 -0.59311
1 0.662664 -0.643258
1 0.664086 -0.692633
1 0.665505 -0.741948
1 0.666944 -0.791913
1 0.668361 -0.841153
1 0.669798 -0.891073
1 0.671215 -0.9403
1 0.672653 -0.990237
1 0.690595 0.0188716
1 0.692192 -0.0328539
1 0.693804 -0.0850285
1 0.695385 -0.136221
1 0.696981 -0.187892
1 0.698548 -0.238623
1 0.700131 -0.28986
1 0.701686 -0.340197
1 0.703236 -0.390365
1 0.704802 -0.441081
1 0.706343 -0.490954
1 0.707901 -0.541405
1 0.709435 -0.591048
1 0.710987 -0.641298
1 0.712515 -0.690774
1 0.714042 -0.740191
1 0.715588 -0.790258
1 0.717112 -0.8396
1 0.718658 -0.889624
1 0.720181 -0.938954
1 0.721727 -0.988996
1 0.737686 0.0223718
1 0.739396 -0.02946
1 0.741122 -0.0817425
1 0.742815 -0.133041
1 0.744523 -0.18482
1 0.746201 -0.235657
1 0.747896 -0.287003
1 0.74956 -0.337447
1 0.751219 -0.387721
1 0.752897 -0.438546
1 0.754546 -0.488526
1 0.756215 -0.539085
1 0.757856 -0.588836
1 0.759518 -0.639195
1 0.761155 -0.68878
1 0.762789 -0.738305
1 0.764445 -0.788483
1 0.766077 -0.837935
1 0.767731 -0.888069
1 0.769363 -0.93751
1 0.771018 -0.987664
1 0.784985 0.0261119
1 0.786809 -0.0258336
1 0.78865 -0.0782313
1 0.790455 -0.129644
1 0.792278 -0.181538
1 0.794068 -0.232488
1 0.795875 -0.283949
1 0.797651 -0.334507
1 0.799421 -0.384895
1 0.80121 -0.435836
1 0.802969 -0.485931
1 0.804749 -0.536607
1 0.806501 -0.586472
1 0.808274 -0.636948
1 0.810019 -0.686648
1 0.811763 -0.73629
1 0.813529 -0.786585
1 0.81527 -0.836154
1 0.817035 -0.886408
1 0.818776 -0.935966
1 0.820542 -0.986241
1 0.832506 0.0300946
1 0.834446 -0.0219719
1 0.836402 -0.0744922
1 0.838322 -0.126026
1 0.84026 -0.178042
1 0.842163 -0.229114
1 0.844085 -0.280698
1 0.845973 -0.331377
1 0.847855 -0.381886
1 0.849757 -0.43295
1 0.851628 -0.483167
1 0.853521 -0.533967
1 0.855383 -0.583955
1 0.857268 -0.634555
1 0.859124 -0.684379
1 0.860978 -0.734143
1 0.862857 -0.784565
1 0.864708 -0.834258
1 0.866585 -0.884639
1 0.868436 -0.934323
1 0.870314 -0.984725
1 0.880264 0.0343227
1 0.88232 -0.0178721
1 0.884395 -0.0705226
1 0.88643 -0.122184
1 0.888485 -0.174331
1 0.890502 -0.225531
1 0.89254 -0.277245
1 0.894542 -0.328053
1 0.896537 -0.378692
1 0.898554 -0.429887
1 0.900538 -0.480232
1 0.902544 -0.531164
1 0.904519 -0.581282
1 0.906518 -0.632014
1 0.908486 -0.681968
1 0.910452 -0.731864
1 0.912444 -0.782419
1 0.914407 -0.832245
1 0.916397 -0.88276
1 0.91836 -0.932577
1 0.920352 -0.983115
1 0.928273 0.0387994
1 0.930448 -0.0135313
1 0.932642 -0.0663195
1 0.934794 -0.118117
1 0.936967 -0.170402
1 0.939101 -0.221738
1 0.941255 -0.27359
1 0.943373 -0.324534
1 0.945483 -0.375309
1 0.947616 -0.426642
1 0.949714 -0.477125
1 0.951836 -0.528195
1 0.953925 -0.578451
1 0.956039 -0.629324
1 0.958121 -0.679416
1 0.9602 -0.729451
1 0.962307 -0.780147
1 0.964383 -0.830112
1 0.966489 -0.88077
1 0.968565 -0.930728
1 0.970671 -0.981411
1 0.976549 0.043528
1 0.978844 -0.00894617
1 0.981159 -0.0618799
1 0.98343 -0.113821
1 0.985723 -0.166251
1 0.987974 -0.217731
1 0.990248 -0.269728
1 0.992482 -0.320816
1 0.994708 -0.371735
1 0.996959 -0.423215
1 0.999173 -0.473842
1 -0.976555 0.0435293
1 -0.978849 -0.0089449
1 -0.981164 -0.0618786
1 -0.983436 -0.11382
1 -0.985728 -0.16625
1 -0.987979 -0.217729
1 -0.990253 -0.269727
1 -0.992487 -0.320815
1 -0.994714 -0.371734
1 -0.996965 -0.423214
1 -0.999179 -0.473841
1 -0.928278 0.0388006
1 -0.930453 -0.0135301
1 -0.932647 -0.0663183
1 -0.9348 -0.118116
1 -0.936973 -0.1704
1 -0.939106 -0.221737
1 -0.941261 -0.273589
1 -0.943378 -0.324533
1 -0.945489 -0.375308
1 -0.947622 -0.426641
1 -0.94972 -0.477124
1 -0.951842 -0.528194
1 -0.953931 -0.57845
1 -0.956045 -0.629322
1 -0.958127 -0.679415
1 -0.960206 -0.729449
1 -0.962313 -0.780146
1 -0.96439 -0.830111
1 -0.966495 -0.880769
1 -0.968571 -0.930727
1 -0.970678 -0.981409
1 -0.880269 0.0343239
1 -0.882326 -0.017871
1 -0.8844 -0.0705215
1 -0.886436 -0.122183
1 -0.88849 -0.17433
1 -0.890508 -0.22553
1 -0.892545 -0.277244
1 -0.894547 -0.328052
1 -0.896543 -0.37869
1 -0.89856 -0.429885
1 -0.900544 -0.480231
1 -0.90255 -0.531162
1 -0.904525 -0.581281
1 -0.906524 -0.632013
1 -0.908492 -0.681967
1 -0.910458 -0.731863
1 -0.91245 -0.782418
1 -0.914414 -0.832243
1 -0.916404 -0.882759
1 -0.918367 -0.932576
1 -0.920358 -0.983114
1 -0.832511 0.0300957
1 -0.834451 -0.0219708
1 -0.836408 -0.0744911
1 -0.838328 -0.126025
1 -0.840266 -0.178041
1 -0.842169 -0.229113
1 -0.844091 -0.280696
1 -0.845979 -0.331376
1 -0.847861 -0.381885
1 -0.849763 -0.432949
1 -0.851634 -0.483166
1 -0.853527 -0.533966
1 -0.855389 -0.583954
1 -0.857274 -0.634554
1 -0.859131 -0.684377
1 -0.860985 -0.734142
1 -0.862863 -0.784564
1 -0.864715 -0.834257
1 -0.866592 -0.884638
1 -0.868443 -0.934321
1 -0.870321 -0.984724
1 -0.78499 0.026113
1 -0.786815 -0.0258325
1 -0.788655 -0.0782302
1 -0.790461 -0.129643
1 -0.792284 -0.181536
1 -0.794073 -0.232487
1 -0.795881 -0.283948
1 -0.797657 -0.334506
1 -0.799426 -0.384894
1 -0.801216 -0.435835
1 -0.802975 -0.485929
1 -0.804755 -0.536606
1 -0.806507 -0.586471
1 -0.80828 -0.636947
1 -0.810025 -0.686647
1 -0.811769 -0.736289
1 -0.813536 -0.786584
1 -0.815277 -0.836153
1 -0.817042 -0.886407
1 -0.818782 -0.935965
1 -0.820548 -0.98624
1 -0.737691 0.0223728
1 -0.739402 -0.0294591
1 -0.741127 -0.0817416
1 -0.74282 -0.13304
1 -0.744529 -0.184819
1 -0.746207 -0.235656
1 -0.747901 -0.287002
1 -0.749566 -0.337446
1 -0.751225 -0.38772
1 -0.752903 -0.438545
1 -0.754552 -0.488525
1 -0.756221 -0.539084
1 -0.757862 -0.588835
1 -0.759524 -0.639194
1 -0.761161 -0.688779
1 -0.762795 -0.738304
1 -0.764451 -0.788482
1 -0.766083 -0.837934
1 -0.767738 -0.888068
1 -0.76937 -0.937509
1 -0.771025 -0.987663
1 -0.6906 0.0188724
1 -0.692198 -0.032853
1 -0.693809 -0.0850276
1 -0.695391 -0.13622
1 -0.696987 -0.187891
1 -0.698554 -0.238622
1 -0.700137 -0.289859
1 -0.701692 -0.340197
1 -0.703242 -0.390364
1 -0.704808 -0.44108
1 -0.706349 -0.490953
1 -0.707907 -0.541404
1 -0.709441 -0.591047
1 -0.710993 -0.641297
1 -0.712521 -0.690773
1 -0.714048 -0.74019
1 -0.715595 -0.790257
1 -0.717119 -0.839599
1 -0.718664 -0.889623
1 -0.720188 -0.938953
1 -0.721734 -0.988995
1 -0.643702 0.0156094
1 -0.645189 -0.0360168
1 -0.646688 -0.0880909
1 -0.648159 -0.139184
1 -0.649643 -0.190754
1 -0.651101 -0.241386
1 -0.652573 -0.292523
1 -0.654019 -0.342761
1 -0.655461 -0.392828
1 -0.656918 -0.443444
1 -0.658351 -0.493217
1 -0.6598 -0.543566
1 -0.661227 -0.593109
1 -0.66267 -0.643257
1 -0.664092 -0.692632
1 -0.665512 -0.741947
1 -0.66695 -0.791912
1 -0.668368 -0.841152
1 -0.669805 -0.891072
1 -0.671222 -0.940299
1 -0.67266 -0.990236
1 -0.596985 0.0125814
1 -0.59836 -0.0389528
1 -0.599748 -0.0909335
1 -0.601109 -0.141935
1 -0.602484 -0.193412
1 -0.603833 -0.243951
1 -0.605196 -0.294994
1 -0.606534 -0.34514
1 -0.607868 -0.395115
1 -0.609217 -0.445637
1 -0.610543 -0.495317
1 -0.611885 -0.545573
1 -0.613205 -0.595022
1 -0.614541 -0.645075
1 -0.615857 -0.694357
1 -0.617171 -0.743578
1 -0.618502 -0.793447
1 -0.619814 -0.842593
1 -0.621144 -0.892416
1 -0.622456 -0.941548
1 -0.623786 -0.991388
1 -0.550433 0.00978608
1 -0.551699 -0.041663
1 -0.552976 -0.0935575
1 -0.554229 -0.144474
1 -0.555494 -0.195864
1 -0.556736 -0.246319
1 -0.55799 -0.297276
1 -0.559222 -0.347336
1 -0.56045 -0.397226
1 -0.561691 -0.447661
1 -0.562912 -0.497256
1 -0.564146 -0.547424
1 -0.565361 -0.596788
1 -0.566591 -0.646754
1 -0.567802 -0.695949
1 -0.569011 -0.745084
1 -0.570236 -0.794864
1 -0.571444 -0.843923
1 -0.572668 -0.893657
1 -0.573875 -0.942701
1 -0.575099 -0.992451
1 -0.504034 0.00722162
1 -0.505191 -0.0441494
1 -0.506359 -0.0959648
1 -0.507505 -0.146803
1 -0.508661 -0.198115
1 -0.509796 -0.248491
1 -0.510942 -0.299369
1 -0.512069 -0.349351
1 -0.513191 -0.399163
1 -0.514326 -0.449518
1 -0.515442 -0.499035
1 -0.51657 -0.549123
1 -0.517681 -0.598408
1 -0.518805 -0.648294
1 -0.519912 -0.69741
1 -0.521017 -0.746465
1 -0.522137 -0.796164
1 -0.523241 -0.845143
1 -0.52436 -0.894795
1 -0.525463 -0.943758
1 -0.526582 -0.993426
1 -0.457774 0.00488614
1 -0.458824 -0.0464138
1 -0.459883 -0.0981572
1 -0.460922 -0.148925
1 -0.46197 -0.200164
1 -0.463 -0.250469
1 -0.464039 -0.301275
1 -0.465061 -0.351186
1 -0.466078 -0.400927
1 -0.467107 -0.45121
1 -0.468119 -0.500655
1 -0.469143 -0.55067
1 -0.47015 -0.599883
1 -0.471169 -0.649696
1 -0.472173 -0.69874
1 -0.473175 -0.747722
1 -0.474191 -0.797348
1 -0.475192 -0.846253
1 -0.476206 -0.895832
1 -0.477207 -0.944721
1 -0.478221 -0.994314
1 -0.41164 0.00277799
1 -0.412583 -0.0484578
1 -0.413534 -0.100136
1 -0.414467 -0.150839
1 -0.415408 -0.202014
1 -0.416333 -0.252255
1 -0.417267 -0.302995
1 -0.418184 -0.352842
1 -0.419098 -0.402518
1 -0.420022 -0.452736
1 -0.42093 -0.502116
1 -0.421849 -0.552067
1 -0.422754 -0.601215
1 -0.423669 -0.650961
1 -0.42457 -0.69994
1 -0.42547 -0.748857
1 -0.426382 -0.798416
1 -0.427281 -0.847256
1 -0.428192 -0.896767
1 -0.42909 -0.94559
1 -0.430001 -0.995115
1 -0.36562 0.000895691
1 -0.366456 -0.0502828
1 -0.3673 -0.101903
1 -0.368127 -0.152549
1 -0.368963 -0.203665
1 -0.369783 -0.253849
1 -0.370611 -0.304531
1 -0.371425 -0.354321
1 -0.372235 -0.40394
1 -0.373055 -0.454099
1 -0.373861 -0.503422
1 -0.374676 -0.553313
1 -0.375479 -0.602404
1 -0.376291 -0.652091
1 -0.37709 -0.701012
1 -0.377888 -0.74987
1 -0.378697 -0.79937
1 -0.379495 -0.848151
1 -0.380303 -0.897602
1 -0.381099 -0.946366
1 -0.381908 -0.995831
1 -0.3197 -0.000762083
1 -0.32043 -0.0518901
1 -0.321167 -0.103459
1 -0.32189 -0.154055
1 -0.32262 -0.20512
1 -0.323336 -0.255253
1 -0.324059 -0.305884
1 -0.32477 -0.355623
1 -0.325478 -0.405191
1 -0.326194 -0.455299
1 -0.326898 -0.504571
1 -0.32761 -0.554411
1 -0.328311 -0.60345
1 -0.32902 -0.653086
1 -0.329718 -0.701955
1 -0.330416 -0.750763
1 -0.331122 -0.80021
1 -0.331818 -0.848939
1 -0.332524 -0.898338
1 -0.33322 -0.947049
1 -0.333926 -0.996461
1 -0.273867 -0.00219649
1 -0.274492 -0.0532808
1 -0.275123 -0.104806
1 -0.275741 -0.155357
1 -0.276366 -0.206378
1 -0.276979 -0.256468
1 -0.277598 -0.307055
1 -0.278206 -0.35675
1 -0.278812 -0.406274
1 -0.279425 -0.456338
1 -0.280028 -0.505566
1 -0.280637 -0.555361
1 -0.281237 -0.604356
1 -0.281844 -0.653947
1 -0.282441 -0.702772
1 -0.283038 -0.751535
1 -0.283643 -0.800937
1 -0.284239 -0.849621
1 -0.284843 -0.898974
1 -0.285438 -0.94764
1 -0.286042 -0.997006
1 -0.228109 -0.00340854
1 -0.228629 -0.0544559
1 -0.229154 -0.105943
1 -0.229669 -0.156458
1 -0.230189 -0.207442
1 -0.230699 -0.257494
1 -0.231214 -0.308044
1 -0.23172 -0.357702
1 -0.232225 -0.407189
1 -0.232735 -0.457215
1 -0.233236 -0.506406
1 -0.233744 -0.556164
1 -0.234243 -0.605122
1 -0.234748 -0.654675
1 -0.235245 -0.703462
1 -0.235742 -0.752187
1 -0.236245 -0.801551
1 -0.236741 -0.850197
1 -0.237243 -0.899512
1 -0.237739 -0.94814
1 -0.238242 -0.997466
1 -0.182413 -0.00439907
1 -0.182829 -0.0554163
1 -0.183249 -0.106873
1 -0.18366 -0.157358
1 -0.184075 -0.208311
1 -0.184483 -0.258333
1 -0.184895 -0.308852
1 -0.185299 -0.35848
1 -0.185703 -0.407937
1 -0.18611 -0.457932
1 -0.186511 -0.507093
1 -0.186916 -0.55682
1 -0.187315 -0.605747
1 -0.187719 -0.655269
1 -0.188116 -0.704026
1 -0.188513 -0.75272
1 -0.188915 -0.802053
1 -0.189311 -0.850668
1 -0.189713 -0.899951
1 -0.190109 -0.948548
1 -0.190511 -0.997843
1 -0.136767 -0.00516878
1 -0.137079 -0.0561625
1 -0.137393 -0.107596
1 -0.137702 -0.158057
1 -0.138013 -0.208986
1 -0.138318 -0.258985
1 -0.138627 -0.30948
1 -0.13893 -0.359085
1 -0.139232 -0.408518
1 -0.139538 -0.45849
1 -0.139838 -0.507627
1 -0.140142 -0.557329
1 -0.140441 -0.606233
1 -0.140743 -0.655731
1 -0.141041 -0.704464
1 -0.141338 -0.753135
1 -0.14164 -0.802443
1 -0.141937 -0.851034
1 -0.142238 -0.900293
1 -0.142535 -0.948865
1 -0.142836 -0.998135
1 -0.0911583 -0.0057182
1 -0.091366 -0.0566952
1 -0.0915754 -0.108111
1 -0.0917809 -0.158556
1 -0.0919883 -0.209468
1 -0.0921919 -0.25945
1 -0.0923976 -0.309928
1 -0.0925996 -0.359516
1 -0.0928009 -0.408933
1 -0.0930043 -0.458887
1 -0.0932044 -0.508007
1 -0.0934068 -0.557693
1 -0.093606 -0.60658
1 -0.0938075 -0.656061
1 -0.094006 -0.704777
1 -0.0942042 -0.75343
1 -0.094405 -0.802721
1 -0.0946028 -0.851295
1 -0.0948034 -0.900536
1 -0.0950012 -0.949092
1 -0.0952018 -0.998344
1 -0.0455743 -0.00604771
1 -0.0456781 -0.0570147
1 -0.0457828 -0.108421
1 -0.0458855 -0.158855
1 -0.0459892 -0.209757
1 -0.046091 -0.259729
1 -0.0461938 -0.310197
1 -0.0462948 -0.359775
1 -0.0463954 -0.409182
1 -0.0464971 -0.459126
1 -0.0465972 -0.508236
1 -0.0466983 -0.557911
1 -0.0467979 -0.606788
1 -0.0468986 -0.656259
1 -0.0469979 -0.704964
1 -0.0470969 -0.753608
1 -0.0471973 -0.802888
1 -0.0472962 -0.851452
1 -0.0473965 -0.900682
1 -0.0474954 -0.949227
1 -0.0475957 -0.998469
1 -2.01304e-06 0.987543
1 -2.05218e-06 0.92717
1 -2.09032e-06 0.868327
1 -2.12856e-06 0.809327
1 -2.16586e-06 0.751779
1 -2.20278e-06 0.694832
1 -2.23983e-06 0.637669
1 -2.27601e-06 0.581852
1 -2.31235e-06 0.525783
1 -2.34787e-06 0.470996
1 -2.38357e-06 0.415923
1 -2.41847e-06 0.36207
1 -2.4531e-06 0.308648
1 -2.48795e-06 0.254891
1 -2.52205e-06 0.202273
1 -2.5564e-06 0.149288
1 -2.59004e-06 0.0973905
1 -2.62394e-06 0.0450974
1 -2.65716e-06 -0.00615754
1 -2.69019e-06 -0.0571212
1 -2.72351e-06 -0.108524
1 -2.7562e-06 -0.158955
1 -2.78919e-06 -0.209853
1 -2.82158e-06 -0.259822
1 -2.8543e-06 -0.310287
1 -2.88643e-06 -0.359861
1 -2.91845e-06 -0.409265
1 -2.95082e-06 -0.459205
1 -2.98266e-06 -0.508312
1 -3.01485e-06 -0.557984
1 -3.04653e-06 -0.606857
1 -3.0786e-06 -0.656325
1 -3.11017e-06 -0.705027
1 -3.14169e-06 -0.753667
1 -3.17364e-06 -0.802944
1 -3.20511e-06 -0.851504
1 -3.23702e-06 -0.900731
1 -3.26849e-06 -0.949273
1 -3.3004e-06 -0.998511
1 0.0514898 0.987635
1 0.0513553 0.927258
1 0.0512243 0.86841
1 0.0510929 0.809405
1 0.0509648 0.751852
1 0.050838 0.694901
1 0.0507107 0.637733
1 0.0505864 0.581912
1 0.0504616 0.525839
1 0.0503396 0.471047
1 0.0502169 0.415969
1 0.050097 0.362112
1 0.0499781 0.308686
1 0.0498584 0.254925
1 0.0497412 0.202302
1 0.0496232 0.149314
1 0.0495076 0.097412
1 0.0493912 0.0451148
1 0.0492771 -0.00614404
1 0.0491636 -0.0571116
1 0.0490491 -0.108518
1 0.0489368 -0.158953
1 0.0488235 -0.209855
1 0.0487122 -0.259828
1 0.0485999 -0.310296
1 0.0484895 -0.359875
1 0.0483795 -0.409282
1 0.0482683 -0.459226
1 0.0481589 -0.508336
1 0.0480483 -0.558012
1 0.0479395 -0.606889
1 0.0478293 -0.656359
1 0.0477209 -0.705065
1 0.0476126 -0.753709
1 0.0475028 -0.802989
1 0.0473947 -0.851553
1 0.0472851 -0.900783
1 0.047177 -0.949328
1 0.0470674 -0.99857
1 0.102998 0.987914
1 0.102729 0.927521
1 0.102467 0.868659
1 0.102204 0.80964
1 0.101948 0.752073
1 0.101694 0.695107
1 0.10144 0.637926
1 0.101191 0.582091
1 0.100941 0.526004
1 0.100697 0.471199
1 0.100452 0.416108
1 0.100212 0.362239
1 0.0999741 0.3088
1 0.0997347 0.255026
1 0.0995003 0.202391
1 0.0992643 0.14939
1 0.0990331 0.0974765
1 0.0988001 0.0451672
1 0.0985718 -0.00610346
1 0.0983448 -0.0570827
1 0.0981158 -0.108501
1 0.0978912 -0.158947
1 0.0976645 -0.209861
1 0.0974419 -0.259845
1 0.0972171 -0.310325
1 0.0969962 -0.359914
1 0.0967762 -0.409332
1 0.0965537 -0.459287
1 0.096335 -0.508408
1 0.0961137 -0.558095
1 0.095896 -0.606982
1 0.0956757 -0.656464
1 0.0954587 -0.70518
1 0.0952421 -0.753834
1 0.0950226 -0.803125
1 0.0948063 -0.851699
1 0.094587 -0.90094
1 0.0943708 -0.949495
1 0.0941514 -0.998747
1 0.15454 0.98838
1 0.154137 0.927961
1 0.153743 0.869075
1 0.153349 0.810031
1 0.152964 0.752441
1 0.152583 0.695452
1 0.152201 0.638247
1 0.151828 0.58239
1 0.151453 0.52628
1 0.151087 0.471454
1 0.150719 0.416341
1 0.150359 0.36245
1 0.150001 0.30899
1 0.149642 0.255195
1 0.14929 0.202539
1 0.148936 0.149518
1 0.148589 0.097584
1 0.148239 0.0452545
1 0.147897 -0.00603577
1 0.147556 -0.0570344
1 0.147212 -0.108472
1 0.146875 -0.158938
1 0.146535 -0.209871
1 0.146201 -0.259873
1 0.145863 -0.310372
1 0.145532 -0.359979
1 0.145202 -0.409416
1 0.144868 -0.459389
1 0.144539 -0.508528
1 0.144207 -0.558233
1 0.143881 -0.607138
1 0.14355 -0.656638
1 0.143224 -0.705371
1 0.142899 -0.754043
1 0.14257 -0.803351
1 0.142245 -0.851943
1 0.141916 -0.901201
1 0.141591 -0.949773
1 0.141262 -0.999043
1 0.206133 0.989031
1 0.205594 0.928578
1 0.205069 0.869657
1 0.204543 0.810579
1 0.204029 0.752956
1 0.203521 0.695935
1 0.203011 0.638697
1 0.202513 0.582808
1 0.202013 0.526668
1 0.201524 0.47181
1 0.201032 0.416666
1 0.200552 0.362745
1 0.200075 0.309256
1 0.199596 0.255432
1 0.199126 0.202747
1 0.198654 0.149697
1 0.19819 0.0977346
1 0.197724 0.045377
1 0.197267 -0.00594092
1 0.196812 -0.0569669
1 0.196353 -0.108432
1 0.195903 -0.158924
1 0.195449 -0.209884
1 0.195003 -0.259913
1 0.194553 -0.310438
1 0.194111 -0.360071
1 0.19367 -0.409533
1 0.193225 -0.459533
1 0.192787 -0.508697
1 0.192343 -0.558427
1 0.191907 -0.607357
1 0.191466 -0.656882
1 0.191032 -0.70564
1 0.190598 -0.754336
1 0.190158 -0.803669
1 0.189725 -0.852284
1 0.189286 -0.901567
1 0.188853 -0.950163
1 0.188413 -0.999456
1 0.257792 0.98987
1 0.257118 0.929372
1 0.256461 0.870407
1 0.255802 0.811285
1 0.25516 0.753619
1 0.254524 0.696556
1 0.253886 0.639277
1 0.253262 0.583347
1 0.252636 0.527166
1 0.252025 0.472269
1 0.25141 0.417085
1 0.250808 0.363126
1 0.250212 0.309598
1 0.249612 0.255736
1 0.249024 0.203014
1 0.248432 0.149927
1 0.247853 0.0979286
1 0.247269 0.0455345
1 0.246697 -0.00581884
1 0.246128 -0.0568799
1 0.245554 -0.10838
1 0.244991 -0.158907
1 0.244423 -0.209901
1 0.243865 -0.259964
1 0.243301 -0.310523
1 0.242748 -0.36019
1 0.242196 -0.409684
1 0.241639 -0.459717
1 0.241091 -0.508914
1 0.240536 -0.558677
1 0.23999 -0.607639
1 0.239438 -0.657195
1 0.238894 -0.705985
1 0.238351 -0.754712
1 0.237801 -0.804077
1 0.237259 -0.852724
1 0.23671 -0.902038
1 0.236168 -0.950664
1 0.235618 -0.999989
1 0.309536 0.990897
1 0.308726 0.930343
1 0.307937 0.871325
1 0.307145 0.812149
1 0.306373 0.754431
1 0.305608 0.697316
1 0.304841 0.639986
1 0.304092 0.584007
1 0.30334 0.527775
1 0.302605 0.47283
1 0.301866 0.417598
1 0.301143 0.363592
1 0.300426 0.310018
1 0.299705 0.256109
1 0.298999 0.203342
1 0.298288 0.150209
1 0.297592 0.0981659
1 0.29689 0.0457273
1 0.296203 -0.00566943
1 0.295519 -0.0567735
1 0.294829 -0.108317
1 0.294153 -0.158886
1 0.29347 -0.209922
1 0.292799 -0.260027
1 0.292122 -0.310627
1 0.291457 -0.360334
1 0.290795 -0.409869
1 0.290125 -0.459943
1 0.289466 -0.509179
1 0.2888 -0.558982
1 0.288144 -0.607983
1 0.28748 -0.657579
1 0.286827 -0.706408
1 0.286175 -0.755173
1 0.285514 -0.804577
1 0.284862 -0.853262
1 0.284202 -0.902614
1 0.283551 -0.951278
1 0.361382 0.992112
1 0.360435 0.931493
1 0.359512 0.872411
1 0.358587 0.813172
1 0.357684 0.755392
1 0.356791 0.698216
1 0.355895 0.640826
1 0.355019 0.584787
1 0.35414 0.528497
1 0.353281 0.473494
1 0.352417 0.418205
1 0.351573 0.364143
1 0.350735 0.310514
1 0.349892 0.25655
1 0.349067 0.203729
1 0.348236 0.150542
1 0.347423 0.0984468
1 0.346603 0.0459556
1 0.345799 -0.00549258
1 0.345 -0.0566475
1 0.344194 -0.108242
1 0.343404 -0.158861
1 0.342606 -0.209948
1 0.341822 -0.260101
1 0.341031 -0.31075
1 0.340254 -0.360506
1 0.33948 -0.410089
1 0.338697 -0.46021
1 0.337927 -0.509493
1 0.337148 -0.559343
1 0.336382 -0.608391
1 0.335607 -0.658034
1 0.334843 -0.706908
1 0.334081 -0.755719
1 0.333309 -0.805168
1 0.332547 -0.853898
1 0.331776 -0.903296
1 0.331015 -0.952005
1 0.413345 0.993517
1 0.412261 0.932822
1 0.411204 0.873666
1 0.410145 0.814354
1 0.409111 0.756503
1 0.408088 0.699257
1 0.407062 0.641796
1 0.40606 0.58569
1 0.405053 0.529331
1 0.404069 0.474262
1 0.40308 0.418907
1 0.402113 0.36478
1 0.401154 0.311087
1 0.400189 0.25706
1 0.399244 0.204177
1 0.398293 0.150927
1 0.397361 0.0987715
1 0.396422 0.0462194
1 0.395502 -0.00528816
1 0.394587 -0.0565018
1 0.393664 -0.108155
1 0.392759 -0.158832
1 0.391845 -0.209976
1 0.390948 -0.260186
1 0.390043 -0.310892
1 0.389153 -0.360704
1 0.388266 -0.410342
1 0.38737 -0.460518
1 0.386488 -0.509856
1 0.385597 -0.559761
1 0.38472 -0.608862
1 0.383832 -0.658559
1 0.382958 -0.707486
1 0.382085 -0.75635
1 0.3812 -0.805852
1 0.380329 -0.854634
1 0.379446 -0.904084
1 0.378574 -0.952844
1 0.465445 0.995113
1 0.464222 0.934331
1 0.463031 0.875092
1 0.461836 0.815696
1 0.460671 0.757764
1 0.459517 0.700439
1 0.45836 0.642898
1 0.45723 0.586714
1 0.456095 0.530279
1 0.454986 0.475134
1 0.453871 0.419704
1 0.45278 0.365504
1 0.451699 0.311739
1 0.450611 0.257639
1 0.449546 0.204685
1 0.448473 0.151365
1 0.447423 0.0991402
1 0.446364 0.046519
1 0.445327 -0.005056
1 0.444295 -0.0563364
1 0.443255 -0.108057
1 0.442234 -0.158799
1 0.441204 -0.210009
1 0.440193 -0.260283
1 0.439172 -0.311054
1 0.438168 -0.360928
1 0.437169 -0.410629
1 0.436158 -0.460869
1 0.435164 -0.510268
1 0.434159 -0.560235
1 0.43317 -0.609397
1 0.43217 -0.659155
1 0.431184 -0.708142
1 0.4302 -0.757066
1 0.429203 -0.806628
1 0.428221 -0.855469
1 0.427225 -0.904979
1 0.426243 -0.953797
1 0.517698 0.9969
1 0.516336 0.936022
1 0.515008 0.876689
1 0.513678 0.8172
1 0.51238 0.759177
1 0.511095 0.701763
1 0.509806 0.644133
1 0.508547 0.587862
1 0.507283 0.53134
1 0.506047 0.476112
1 0.504805 0.420597
1 0.503591 0.366315
1 0.502386 0.312468
1 0.501174 0.258287
1 0.499988 0.205255
1 0.498793 0.151856
1 0.497623 0.0995533
1 0.496444 0.0468546
1 0.495289 -0.00479594
1 0.49414 -0.0561512
1 0.492981 -0.107947
1 0.491844 -0.158762
1 0.490697 -0.210046
1 0.489571 -0.260392
1 0.488433 -0.311235
1 0.487316 -0.36118
1 0.486203 -0.410951
1 0.485077 -0.461262
1 0.48397 -0.51073
1 0.482851 -0.560766
1 0.48175 -0.609997
1 0.480635 -0.659823
1 0.479538 -0.708878
1 0.478442 -0.757868
1 0.477331 -0.807498
1 0.476237 -0.856405
1 0.475128 -0.905981
1 0.474035 -0.954865
1 0.570122 0.998882
1 0.568619 0.937896
1 0.567155 0.87846
1 0.565687 0.818867
1 0.564255 0.760744
1 0.562839 0.70323
1 0.561417 0.645501
1 0.560028 0.589135
1 0.558633 0.532516
1 0.55727 0.477194
1 0.555901 0.421586
1 0.554561 0.367213
1 0.553232 0.313277
1 0.551896 0.259006
1 0.550587 0.205886
1 0.549269 0.152399
1 0.547979 0.100011
1 0.546678 0.0472266
1 0.545404 -0.00450775
1 0.544137 -0.0559459
1 0.542859 -0.107825
1 0.541605 -0.158721
1 0.54034 -0.210087
1 0.539098 -0.260512
1 0.537843 -0.311436
1 0.536611 -0.361459
1 0.535383 -0.411308
1 0.534142 -0.461697
1 0.532921 -0.511242
1 0.531687 -0.561355
1 0.530472 -0.610661
1 0.529243 -0.660563
1 0.528032 -0.709692
1 0.526824 -0.758756
1 0.525599 -0.808461
1 0.524393 -0.857441
1 0.52317 -0.907091
1 0.521964 -0.956048
1 0.621091 0.939955
1 0.619489 0.880404
1 0.617882 0.820698
1 0.616316 0.762464
1 0.614765 0.704842
1 0.613209 0.647004
1 0.61169 0.590532
1 0.610164 0.533808
1 0.608673 0.478384
1 0.607174 0.422673
1 0.605708 0.3682
1 0.604254 0.314165
1 0.602791 0.259795
1 0.60136 0.206579
1 0.599918 0.152996
1 0.598506 0.100514
1 0.597083 0.047635
1 0.595689 -0.00419124
1 0.594302 -0.0557204
1 0.592904 -0.10769
1 0.591532 -0.158676
1 0.590148 -0.210132
1 0.588789 -0.260645
1 0.587416 -0.311656
1 0.586068 -0.361766
1 0.584725 -0.4117
1 0.583367 -0.462174
1 0.582032 -0.511803
1 0.580681 -0.562002
1 0.579352 -0.61139
1 0.578007 -0.661376
1 0.576683 -0.710587
1 0.575361 -0.759732
1 0.574021 -0.809519
1 0.572701 -0.85858
1 0.571363 -0.908311
1 0.570044 -0.957347
1 0.673769 0.9422
1 0.672027 0.882525
1 0.670281 0.822694
1 0.668578 0.76434
1 0.666893 0.706599
1 0.665202 0.648643
1 0.66355 0.592056
1 0.661891 0.535217
1 0.660271 0.479681
1 0.658641 0.423858
1 0.657048 0.369276
1 0.655468 0.315134
1 0.653878 0.260656
1 0.652322 0.207335
1 0.650756 0.153646
1 0.649221 0.101062
1 0.647675 0.0480804
1 0.646159 -0.00384614
1 0.644653 -0.0554745
1 0.643133 -0.107544
1 0.641642 -0.158627
1 0.640138 -0.21018
1 0.638661 -0.260789
1 0.637169 -0.311896
1 0.635704 -0.3621
1 0.634244 -0.412127
1 0.632768 -0.462695
1 0.631317 -0.512416
1 0.629849 -0.562706
1 0.628405 -0.612185
1 0.626944 -0.662262
1 0.625505 -0.711562
1 0.624068 -0.760796
1 0.622613 -0.810673
1 0.621178 -0.859821
1 0.619724 -0.90964
1 0.618291 -0.958763
1 0.726671 0.944633
1 0.724788 0.884823
1 0.722901 0.824858
1 0.721061 0.766373
1 0.719239 0.708504
1 0.717411 0.65042
1 0.715626 0.593707
1 0.713834 0.536744
1 0.712082 0.481086
1 0.710321 0.425142
1 0.7086 0.370442
1 0.706892 0.316183
1 0.705174 0.261589
1 0.703492 0.208154
1 0.701799 0.154351
1 0.70014 0.101656
1 0.69847 0.048563
1 0.696832 -0.00347218
1 0.695204 -0.0552081
1 0.693561 -0.107386
1 0.69195 -0.158574
1 0.690325 -0.210233
1 0.688729 -0.260945
1 0.687117 -0.312157
1 0.685534 -0.362462
1 0.683956 -0.41259
1 0.682361 -0.463259
1 0.680793 -0.51308
1 0.679208 -0.56347
1 0.677647 -0.613047
1 0.676068 -0.663222
1 0.674513 -0.712619
1 0.672961 -0.761949
1 0.671388 -0.811922
1 0.669838 -0.861165
1 0.668267 -0.911081
1 0.666719 -0.960298
1 0.779816 0.947256
1 0.777791 0.887301
1 0.775761 0.827191
1 0.773781 0.768565
1 0.771822 0.710557
1 0.769856 0.652334
1 0.767937 0.595488
1 0.766008 0.53839
1 0.764124 0.482601
1 0.762231 0.426526
1 0.760379 0.371699
1 0.758543 0.317315
1 0.756695 0.262594
1 0.754886 0.209037
1 0.753065 0.155111
1 0.751282 0.102296
1 0.749485 0.0490833
1 0.747723 -0.00306908
1 0.745972 -0.0549209
1 0.744206 -0.107215
1 0.742474 -0.158517
1 0.740726 -0.21029
1 0.739009 -0.261114
1 0.737276 -0.312437
1 0.735574 -0.362852
1 0.733877 -0.413089
1 0.732162 -0.463868
1 0.730476 -0.513795
1 0.728771 -0.564293
1 0.727093 -0.613975
1 0.725395 -0.664257
1 0.723723 -0.713758
1 0.722054 -0.763192
1 0.720363 -0.813269
1 0.718697 -0.862614
1 0.717007 -0.912633
1 0.715342 -0.961951
1 0.833223 0.950072
1 0.831054 0.88996
1 0.82888 0.829694
1 0.826759 0.770918
1 0.824661 0.712761
1 0.822555 0.654389
1 0.820499 0.597398
1 0.818434 0.540156
1 0.816416 0.484227
1 0.814388 0.428012
1 0.812405 0.373048
1 0.810438 0.318529
1 0.808459 0.263673
1 0.806522 0.209984
1 0.804572 0.155927
1 0.802661 0.102984
1 0.800737 0.0496416
1 0.798851 -0.00263651
1 0.796976 -0.0546128
1 0.795084 -0.107032
1 0.793229 -0.158456
1 0.791357 -0.210351
1 0.789519 -0.261295
1 0.787663 -0.312738
1 0.78584 -0.363271
1 0.784023 -0.413624
1 0.782187 -0.46452
1 0.780381 -0.514562
1 0.778555 -0.565176
1 0.776759 -0.614971
1 0.774941 -0.665367
1 0.773151 -0.71498
1 0.771363 -0.764525
1 0.769552 -0.814714
1 0.767768 -0.864169
1 0.76596 -0.914298
1 0.764176 -0.963725
1 0.886911 0.953082
1 0.884597 0.892804
1 0.882276 0.832371
1 0.880013 0.773433
1 0.877774 0.715117
1 0.875527 0.656586
1 0.873332 0.599441
1 0.871128 0.542044
1 0.868975 0.485965
1 0.866811 0.4296
1 0.864695 0.37449
1 0.862596 0.319827
1 0.860484 0.264827
1 0.858417 0.210997
1 0.856336 0.156799
1 0.854298 0.103718
1 0.852244 0.0502383
1 0.850232 -0.00217414
1 0.848231 -0.0542834
1 0.846213 -0.106836
1 0.844233 -0.15839
1 0.842236 -0.210417
1 0.840275 -0.261488
1 0.838294 -0.31306
1 0.836349 -0.363718
1 0.834411 -0.414196
1 0.832452 -0.465218
1 0.830525 -0.515383
1 0.828577 -0.56612
1 0.826661 -0.616036
1 0.824721 -0.666554
1 0.822811 -0.716286
1 0.820904 -0.765949
1 0.818972 -0.816258
1 0.817069 -0.86583
1 0.81514 -0.916078
1 0.813237 -0.965621
1 0.940901 0.956289
1 0.938439 0.895833
1 0.93597 0.835223
1 0.933563 0.776112
1 0.931181 0.717627
1 0.92879 0.658927
1 0.926456 0.601617
1 0.924111 0.544056
1 0.921821 0.487817
1 0.919518 0.431292
1 0.917267 0.376026
1 0.915035 0.321209
1 0.912788 0.266056
1 0.91059 0.212076
1 0.908376 0.157728
1 0.906208 0.104501
1 0.904024 0.050874
1 0.901883 -0.00168158
1 0.899755 -0.0539325
1 0.897609 -0.106627
1 0.895504 -0.15832
1 0.893379 -0.210486
1 0.891293 -0.261694
1 0.889187 -0.313403
1 0.887118 -0.364195
1 0.885057 -0.414806
1 0.882973 -0.465961
1 0.880925 -0.516256
1 0.878853 -0.567125
1 0.876815 -0.61717
1 0.874752 -0.667818
1 0.872721 -0.717677
1 0.870693 -0.767467
1 0.868639 -0.817903
1 0.866615 -0.8676
1 0.864563 -0.917974
1 0.86254 -0.967641
1 0.995212 0.959696
1 0.9926 0.899051
1 0.989981 0.838252
1 0.987427 0.778959
1 0.9849 0.720293
1 0.982364 0.661414
1 0.979888 0.603929
1 0.977401 0.546193
1 0.974971 0.489784
1 0.972529 0.433089
1 0.970141 0.377658
1 0.967773 0.322678
1 0.96539 0.267361
1 0.963058 0.213222
1 0.960711 0.158714
1 0.958411 0.105332
1 0.956094 0.0515492
1 0.953824 -0.00115845
1 0.951567 -0.0535598
1 0.949291 -0.106405
1 0.947058 -0.158246
1 0.944804 -0.21056
1 0.942592 -0.261912
1 0.940359 -0.313767
1 0.938165 -0.364701
1 0.935979 -0.415453
1 0.933769 -0.46675
1 0.931597 -0.517184
1 0.9294 -0.568193
1 0.927238 -0.618375
1 0.92505 -0.66916
1 0.922897 -0.719154
1 0.920747 -0.769078
1 0.918568 -0.819649
1 0.916422 -0.869479
1 0.914246 -0.919987
1 0.912101 -0.969785
1 0.998914 -0.158167
1 0.99653 -0.210638
1 0.99419 -0.262144
1 0.991827 -0.314153
1 0.989506 -0.365237
1 0.987194 -0.416138
1 0.984856 -0.467586
1 0.982558 -0.518167
1 0.980234 -0.569323
1 0.977947 -0.61965
1 0.975633 -0.670581
1 0.973356 -0.720718
1 0.971081 -0.770784
1 0.968777 -0.821499
1 0.966507 -0.871469
1 0.964206 -0.922118
1 0.961937 -0.972055
1 -0.998919 -0.158166
1 -0.996535 -0.210637
1 -0.994196 -0.262143
1 -0.991833 -0.314151
1 -0.989512 -0.365236
1 -0.987199 -0.416137
1 -0.984862 -0.467584
1 -0.982564 -0.518165
1 -0.98024 -0.569322
1 -0.977954 -0.619649
1 -0.97564 -0.67058
1 -0.973362 -0.720717
1 -0.971087 -0.770783
1 -0.968783 -0.821497
1 -0.966513 -0.871468
1 -0.964212 -0.922117
1 -0.961943 -0.972054
1 -0.995216 0.959698
1 -0.992604 0.899052
1 -0.989985 0.838254
1 -0.987431 0.77896
1 -0.984905 0.720295
1 -0.982368 0.661415
1 -0.979892 0.60393
1 -0.977406 0.546194
1 -0.974976 0.489786
1 -0.972534 0.43309
1 -0.970146 0.377659
1 -0.967778 0.322679
1 -0.965395 0.267362
1 -0.963063 0.213223
1 -0.960716 0.158716
1 -0.958416 0.105333
1 -0.9561 0.0515505
1 -0.953829 -0.00115721
1 -0.951572 -0.0535586
1 -0.949296 -0.106404
1 -0.947063 -0.158245
1 -0.94481 -0.210559
1 -0.942598 -0.261911
1 -0.940364 -0.313766
1 -0.938171 -0.3647
1 -0.935985 -0.415451
1 -0.933775 -0.466749
1 -0.931603 -0.517183
1 -0.929406 -0.568191
1 -0.927244 -0.618373
1 -0.925057 -0.669159
1 -0.922903 -0.719153
1 -0.920753 -0.769077
1 -0.918575 -0.819648
1 -0.916428 -0.869478
1 -0.914253 -0.919985
1 -0.912108 -0.969783
1 -0.940905 0.95629
1 -0.938443 0.895834
1 -0.935974 0.835224
1 -0.933567 0.776114
1 -0.931185 0.717628
1 -0.928794 0.658928
1 -0.92646 0.601618
1 -0.924116 0.544057
1 -0.921825 0.487818
1 -0.919523 0.431293
1 -0.917272 0.376027
1 -0.91504 0.32121
1 -0.912793 0.266057
1 -0.910595 0.212077
1 -0.908381 0.157729
1 -0.906213 0.104502
1 -0.904029 0.0508752
1 -0.901889 -0.00168041
1 -0.899761 -0.0539313
1 -0.897614 -0.106626
1 -0.895509 -0.158319
1 -0.893384 -0.210485
1 -0.891299 -0.261693
1 -0.889193 -0.313402
1 -0.887124 -0.364194
1 -0.885063 -0.414804
1 -0.882979 -0.46596
1 -0.880931 -0.516255
1 -0.878859 -0.567124
1 -0.876821 -0.617169
1 -0.874758 -0.667817
1 -0.872727 -0.717676
1 -0.8707 -0.767465
1 -0.868645 -0.817902
1 -0.866621 -0.867599
1 -0.86457 -0.917973
1 -0.862547 -0.967639
1 -0.886916 0.953083
1 -0.884601 0.892805
1 -0.882281 0.832372
1 -0.880018 0.773434
1 -0.877778 0.715118
1 -0.875531 0.656588
1 -0.873337 0.599442
1 -0.871133 0.542045
1 -0.86898 0.485966
1 -0.866816 0.429601
1 -0.8647 0.374491
1 -0.862601 0.319828
1 -0.860489 0.264828
1 -0.858422 0.210998
1 -0.856341 0.1568
1 -0.854303 0.103719
1 -0.852249 0.0502394
1 -0.850237 -0.00217303
1 -0.848236 -0.0542823
1 -0.846218 -0.106835
1 -0.844239 -0.158389
1 -0.842241 -0.210415
1 -0.84028 -0.261487
1 -0.8383 -0.313059
1 -0.836355 -0.363717
1 -0.834417 -0.414195
1 -0.832458 -0.465217
1 -0.830531 -0.515381
1 -0.828583 -0.566119
1 -0.826667 -0.616035
1 -0.824727 -0.666553
1 -0.822817 -0.716285
1 -0.820911 -0.765948
1 -0.818979 -0.816257
1 -0.817075 -0.865829
1 -0.815146 -0.916077
1 -0.813244 -0.96562
1 -0.833227 0.950073
1 -0.831058 0.889961
1 -0.828884 0.829695
1 -0.826764 0.770919
1 -0.824666 0.712762
1 -0.82256 0.654391
1 -0.820504 0.597399
1 -0.818438 0.540157
1 -0.816421 0.484228
1 -0.814393 0.428013
1 -0.81241 0.373049
1 -0.810443 0.31853
1 -0.808464 0.263674
1 -0.806527 0.209985
1 -0.804577 0.155928
1 -0.802667 0.102985
1 -0.800742 0.0496426
1 -0.798856 -0.00263548
1 -0.796981 -0.0546117
1 -0.79509 -0.107031
1 -0.793235 -0.158455
1 -0.791362 -0.21035
1 -0.789525 -0.261294
1 -0.787669 -0.312737
1 -0.785846 -0.36327
1 -0.784029 -0.413623
1 -0.782193 -0.464519
1 -0.780387 -0.514561
1 -0.778561 -0.565175
1 -0.776765 -0.61497
1 -0.774947 -0.665366
1 -0.773157 -0.714979
1 -0.77137 -0.764524
1 -0.769559 -0.814713
1 -0.767775 -0.864168
1 -0.765966 -0.914297
1 -0.764183 -0.963724
1 -0.77982 0.947257
1 -0.777795 0.887302
1 -0.775765 0.827192
1 -0.773786 0.768566
1 -0.771827 0.710558
1 -0.769861 0.652335
1 -0.767941 0.595489
1 -0.766013 0.538391
1 -0.764129 0.482602
1 -0.762236 0.426527
1 -0.760384 0.3717
1 -0.758548 0.317316
1 -0.7567 0.262595
1 -0.754891 0.209038
1 -0.75307 0.155112
1 -0.751287 0.102297
1 -0.74949 0.0490843
1 -0.747729 -0.00306811
1 -0.745978 -0.05492
1 -0.744212 -0.107214
1 -0.742479 -0.158516
1 -0.740731 -0.210289
1 -0.739015 -0.261113
1 -0.737282 -0.312436
1 -0.735579 -0.362851
1 -0.733883 -0.413088
1 -0.732168 -0.463867
1 -0.730482 -0.513794
1 -0.728777 -0.564292
1 -0.727099 -0.613974
1 -0.725401 -0.664256
1 -0.72373 -0.713757
1 -0.72206 -0.763191
1 -0.720369 -0.813268
1 -0.718703 -0.862613
1 -0.717014 -0.912632
1 -0.715349 -0.96195
1 -0.726675 0.944634
1 -0.724793 0.884824
1 -0.722905 0.824859
1 -0.721065 0.766374
1 -0.719244 0.708505
1 -0.717416 0.65042
1 -0.715631 0.593708
1 -0.713838 0.536745
1 -0.712087 0.481087
1 -0.710326 0.425143
1 -0.708605 0.370443
1 -0.706897 0.316184
1 -0.705179 0.26159
1 -0.703497 0.208155
1 -0.701804 0.154352
1 -0.700146 0.101657
1 -0.698475 0.0485639
1 -0.696837 -0.00347128
1 -0.695209 -0.0552072
1 -0.693567 -0.107385
1 -0.691956 -0.158573
1 -0.69033 -0.210232
1 -0.688734 -0.260944
1 -0.687123 -0.312156
1 -0.685539 -0.362461
1 -0.683962 -0.412589
1 -0.682367 -0.463259
1 -0.680799 -0.513079
1 -0.679214 -0.563469
1 -0.677653 -0.613046
1 -0.676074 -0.663222
1 -0.67452 -0.712618
1 -0.672967 -0.761948
1 -0.671395 -0.811921
1 -0.669845 -0.861164
1 -0.668274 -0.91108
1 -0.666725 -0.960297
1 -0.673773 0.942201
1 -0.672031 0.882526
1 -0.670285 0.822695
1 -0.668582 0.764341
1 -0.666897 0.7066
1 -0.665206 0.648644
1 -0.663555 0.592057
1 -0.661896 0.535218
1 -0.660275 0.479681
1 -0.658646 0.423859
1 -0.657053 0.369277
1 -0.655473 0.315135
1 -0.653883 0.260657
1 -0.652327 0.207336
1 -0.650761 0.153647
1 -0.649226 0.101063
1 -0.64768 0.0480813
1 -0.646165 -0.0038453
1 -0.644658 -0.0554737
1 -0.643138 -0.107543
1 -0.641648 -0.158626
1 -0.640143 -0.210179
1 -0.638666 -0.260788
1 -0.637175 -0.311896
1 -0.63571 -0.362099
1 -0.63425 -0.412126
1 -0.632774 -0.462694
1 -0.631323 -0.512415
1 -0.629855 -0.562706
1 -0.628412 -0.612184
1 -0.62695 -0.662261
1 -0.625511 -0.711561
1 -0.624075 -0.760796
1 -0.622619 -0.810672
1 -0.621185 -0.85982
1 -0.619731 -0.90964
1 -0.618297 -0.958763
1 -0.621095 0.939956
1 -0.619493 0.880405
1 -0.617887 0.820699
1 -0.61632 0.762465
1 -0.61477 0.704843
1 -0.613214 0.647005
1 -0.611694 0.590533
1 -0.610168 0.533809
1 -0.608677 0.478385
1 -0.607178 0.422674
1 -0.605713 0.368201
1 -0.604259 0.314166
1 -0.602796 0.259796
1 -0.601365 0.20658
1 -0.599923 0.152996
1 -0.598511 0.100515
1 -0.597088 0.0476358
1 -0.595694 -0.00419046
1 -0.594308 -0.0557196
1 -0.59291 -0.10769
1 -0.591538 -0.158675
1 -0.590154 -0.210131
1 -0.588795 -0.260644
1 -0.587422 -0.311655
1 -0.586074 -0.361765
1 -0.584731 -0.411699
1 -0.583373 -0.462173
1 -0.582037 -0.511803
1 -0.580687 -0.562001
1 -0.579358 -0.611389
1 -0.578013 -0.661375
1 -0.576689 -0.710586
1 -0.575367 -0.759732
1 -0.574028 -0.809518
1 -0.572708 -0.858579
1 -0.57137 -0.90831
1 -0.570051 -0.957346
1 -0.570126 0.998882
1 -0.568624 0.937897
1 -0.567159 0.87846
1 -0.565692 0.818868
1 -0.56426 0.760744
1 -0.562843 0.703231
1 -0.561421 0.645502
1 -0.560033 0.589135
1 -0.558638 0.532517
1 -0.557275 0.477195
1 -0.555905 0.421587
1 -0.554566 0.367214
1 -0.553237 0.313278
1 -0.5519 0.259007
1 -0.550592 0.205886
1 -0.549274 0.1524
1 -0.547984 0.100012
1 -0.546684 0.0472273
1 -0.545409 -0.00450705
1 -0.544142 -0.0559451
1 -0.542864 -0.107824
1 -0.541611 -0.15872
1 -0.540345 -0.210086
1 -0.539103 -0.260512
1 -0.537849 -0.311435
1 -0.536617 -0.361459
1 -0.535389 -0.411307
1 -0.534147 -0.461696
1 -0.532927 -0.511241
1 -0.531693 -0.561354
1 -0.530478 -0.61066
1 -0.529249 -0.660563
1 -0.528039 -0.709692
1 -0.52683 -0.758756
1 -0.525606 -0.808461
1 -0.524399 -0.85744
1 -0.523176 -0.907091
1 -0.52197 -0.956047
1 -0.517702 0.996901
1 -0.51634 0.936023
1 -0.515013 0.87669
1 -0.513682 0.817201
1 -0.512384 0.759178
1 -0.5111 0.701764
1 -0.50981 0.644134
1 -0.508552 0.587863
1 -0.507287 0.531341
1 -0.506052 0.476112
1 -0.50481 0.420597
1 -0.503596 0.366315
1 -0.502391 0.312469
1 -0.501179 0.258288
1 -0.499993 0.205255
1 -0.498798 0.151856
1 -0.497628 0.099554
1 -0.496449 0.0468553
1 -0.495294 -0.00479529
1 -0.494145 -0.0561505
1 -0.492987 -0.107946
1 -0.49185 -0.158761
1 -0.490703 -0.210045
1 -0.489576 -0.260391
1 -0.488439 -0.311235
1 -0.487322 -0.36118
1 -0.486208 -0.41095
1 -0.485083 -0.461261
1 -0.483976 -0.510729
1 -0.482857 -0.560766
1 -0.481756 -0.609996
1 -0.480641 -0.659823
1 -0.479544 -0.708877
1 -0.478448 -0.757867
1 -0.477338 -0.807497
1 -0.476244 -0.856404
1 -0.475135 -0.90598
1 -0.474041 -0.954864
1 -0.465449 0.995113
1 -0.464226 0.934332
1 -0.463035 0.875093
1 -0.46184 0.815697
1 -0.460675 0.757765
1 -0.459522 0.700439
1 -0.458365 0.642899
1 -0.457234 0.586715
1 -0.456099 0.530279
1 -0.45499 0.475135
1 -0.453875 0.419704
1 -0.452785 0.365504
1 -0.451704 0.311739
1 -0.450616 0.257639
1 -0.449551 0.204686
1 -0.448478 0.151366
1 -0.447428 0.0991408
1 -0.446369 0.0465196
1 -0.445332 -0.00505543
1 -0.444301 -0.0563359
1 -0.44326 -0.108056
1 -0.44224 -0.158798
1 -0.44121 -0.210009
1 -0.440198 -0.260283
1 -0.439177 -0.311054
1 -0.438174 -0.360928
1 -0.437174 -0.410629
1 -0.436164 -0.460868
1 -0.43517 -0.510268
1 -0.434165 -0.560235
1 -0.433177 -0.609397
1 -0.432176 -0.659155
1 -0.43119 -0.708142
1 -0.430206 -0.757065
1 -0.42921 -0.806628
1 -0.428227 -0.855468
1 -0.427231 -0.904978
1 -0.42625 -0.953797
1 -0.413349 0.993518
1 -0.412265 0.932822
1 -0.411208 0.873667
1 -0.410149 0.814354
1 -0.409115 0.756503
1 -0.408093 0.699258
1 -0.407066 0.641797
1 -0.406064 0.58569
1 -0.405057 0.529332
1 -0.404074 0.474263
1 -0.403085 0.418907
1 -0.402118 0.364781
1 -0.401159 0.311088
1 -0.400194 0.25706
1 -0.399249 0.204177
1 -0.398298 0.150928
1 -0.397366 0.098772
1 -0.396427 0.0462199
1 -0.395507 -0.00528765
1 -0.394593 -0.0565013
1 -0.39367 -0.108155
1 -0.392765 -0.158831
1 -0.391851 -0.209976
1 -0.390954 -0.260186
1 -0.390048 -0.310892
1 -0.389159 -0.360703
1 -0.388272 -0.410341
1 -0.387376 -0.460518
1 -0.386494 -0.509856
1 -0.385603 -0.55976
1 -0.384726 -0.608862
1 -0.383838 -0.658558
1 -0.382964 -0.707485
1 -0.382091 -0.756349
1 -0.381207 -0.805852
1 -0.380335 -0.854633
1 -0.379452 -0.904083
1 -0.378581 -0.952844
1 -0.361386 0.992113
1 -0.360439 0.931493
1 -0.359516 0.872411
1 -0.358591 0.813172
1 -0.357688 0.755392
1 -0.356795 0.698217
1 -0.355899 0.640826
1 -0.355024 0.584788
1 -0.354145 0.528497
1 -0.353286 0.473495
1 -0.352422 0.418206
1 -0.351578 0.364143
1 -0.35074 0.310514
1 -0.349897 0.25655
1 -0.349072 0.203729
1 -0.348242 0.150543
1 -0.347428 0.0984472
1 -0.346608 0.045956
1 -0.345805 -0.00549214
1 -0.345006 -0.056647
1 -0.3442 -0.108241
1 -0.343409 -0.15886
1 -0.342611 -0.209947
1 -0.341828 -0.2601
1 -0.341037 -0.31075
1 -0.34026 -0.360505
1 -0.339485 -0.410088
1 -0.338703 -0.460209
1 -0.337933 -0.509493
1 -0.337154 -0.559343
1 -0.336388 -0.60839
1 -0.335613 -0.658033
1 -0.33485 -0.706907
1 -0.334087 -0.755718
1 -0.333315 -0.805168
1 -0.332554 -0.853898
1 -0.331782 -0.903295
1 -0.331022 -0.952004
1 -0.30954 0.990897
1 -0.30873 0.930343
1 -0.307941 0.871325
1 -0.307149 0.812149
1 -0.306377 0.754431
1 -0.305613 0.697317
1 -0.304846 0.639986
1 -0.304097 0.584007
1 -0.303345 0.527776
1 -0.30261 0.47283
1 -0.301871 0.417599
1 -0.301148 0.363592
1 -0.300431 0.310018
1 -0.29971 0.256109
1 -0.299004 0.203342
1 -0.298293 0.150209
1 -0.297597 0.0981663
1 -0.296896 0.0457277
1 -0.296208 -0.00566905
1 -0.295524 -0.0567731
1 -0.294835 -0.108316
1 -0.294158 -0.158885
1 -0.293475 -0.209922
1 -0.292805 -0.260026
1 -0.292128 -0.310627
1 -0.291463 -0.360334
1 -0.2908 -0.409869
1 -0.290131 -0.459942
1 -0.289472 -0.509179
1 -0.288806 -0.558982
1 -0.28815 -0.607983
1 -0.287487 -0.657579
1 -0.286833 -0.706407
1 -0.286181 -0.755173
1 -0.28552 -0.804577
1 -0.284869 -0.853261
1 -0.284208 -0.902613
1 -0.283557 -0.951278
1 -0.257797 0.989871
1 -0.257122 0.929372
1 -0.256465 0.870407
1 -0.255807 0.811286
1 -0.255164 0.75362
1 -0.254528 0.696556
1 -0.25389 0.639277
1 -0.253267 0.583347
1 -0.252641 0.527166
1 -0.252029 0.472269
1 -0.251414 0.417086
1 -0.250813 0.363126
1 -0.250217 0.309599
1 -0.249617 0.255736
1 -0.249029 0.203015
1 -0.248438 0.149927
1 -0.247858 0.0979289
1 -0.247274 0.0455348
1 -0.246702 -0.00581852
1 -0.246133 -0.0568796
1 -0.245559 -0.10838
1 -0.244996 -0.158907
1 -0.244428 -0.209901
1 -0.24387 -0.259964
1 -0.243307 -0.310523
1 -0.242754 -0.360189
1 -0.242202 -0.409684
1 -0.241645 -0.459717
1 -0.241097 -0.508914
1 -0.240542 -0.558676
1 -0.239997 -0.607638
1 -0.239444 -0.657195
1 -0.238901 -0.705985
1 -0.238358 -0.754712
1 -0.237808 -0.804077
1 -0.237266 -0.852723
1 -0.236716 -0.902037
1 -0.236174 -0.950664
1 -0.235625 -0.999989
1 -0.206137 0.989032
1 -0.205598 0.928578
1 -0.205073 0.869658
1 -0.204547 0.81058
1 -0.204033 0.752956
1 -0.203525 0.695935
1 -0.203015 0.638698
1 -0.202518 0.582809
1 -0.202017 0.526668
1 -0.201529 0.47181
1 -0.201037 0.416667
1 -0.200557 0.362746
1 -0.20008 0.309256
1 -0.199601 0.255432
1 -0.199131 0.202747
1 -0.198659 0.149697
1 -0.198196 0.0977349
1 -0.197729 0.0453772
1 -0.197272 -0.00594067
1 -0.196817 -0.0569666
1 -0.196359 -0.108432
1 -0.195909 -0.158924
1 -0.195455 -0.209884
1 -0.195009 -0.259913
1 -0.194559 -0.310438
1 -0.194117 -0.360071
1 -0.193676 -0.409533
1 -0.193231 -0.459532
1 -0.192793 -0.508697
1 -0.192349 -0.558427
1 -0.191913 -0.607357
1 -0.191472 -0.656881
1 -0.191038 -0.70564
1 -0.190604 -0.754335
1 -0.190164 -0.803669
1 -0.189731 -0.852284
1 -0.189292 -0.901567
1 -0.188859 -0.950163
1 -0.18842 -0.999456
1 -0.154544 0.98838
1 -0.154141 0.927962
1 -0.153747 0.869075
1 -0.153353 0.810031
1 -0.152968 0.752441
1 -0.152588 0.695452
1 -0.152206 0.638247
1 -0.151833 0.58239
1 -0.151458 0.526281
1 -0.151091 0.471454
1 -0.150723 0.416341
1 -0.150363 0.36245
1 -0.150006 0.30899
1 -0.149647 0.255195
1 -0.149295 0.20254
1 -0.148941 0.149518
1 -0.148594 0.0975842
1 -0.148245 0.0452547
1 -0.147902 -0.00603558
1 -0.147561 -0.0570343
1 -0.147218 -0.108472
1 -0.146881 -0.158937
1 -0.14654 -0.20987
1 -0.146206 -0.259873
1 -0.145869 -0.310372
1 -0.145538 -0.359979
1 -0.145207 -0.409416
1 -0.144874 -0.459389
1 -0.144545 -0.508528
1 -0.144213 -0.558233
1 -0.143887 -0.607138
1 -0.143556 -0.656638
1 -0.143231 -0.705371
1 -0.142905 -0.754043
1 -0.142576 -0.803351
1 -0.142251 -0.851943
1 -0.141922 -0.901201
1 -0.141598 -0.949773
1 -0.141269 -0.999042
1 -0.103002 0.987915
1 -0.102733 0.927522
1 -0.102471 0.868659
1 -0.102209 0.80964
1 -0.101952 0.752073
1 -0.101699 0.695107
1 -0.101444 0.637926
1 -0.101196 0.582091
1 -0.100946 0.526004
1 -0.100702 0.471199
1 -0.100457 0.416108
1 -0.100217 0.362239
1 -0.099979 0.3088
1 -0.0997396 0.255026
1 -0.0995053 0.202391
1 -0.0992694 0.14939
1 -0.0990383 0.0974766
1 -0.0988054 0.0451673
1 -0.0985771 -0.00610333
1 -0.0983502 -0.0570825
1 -0.0981213 -0.108501
1 -0.0978967 -0.158947
1 -0.09767 -0.209861
1 -0.0974475 -0.259845
1 -0.0972228 -0.310324
1 -0.097002 -0.359914
1 -0.096782 -0.409332
1 -0.0965596 -0.459287
1 -0.0963409 -0.508408
1 -0.0961197 -0.558095
1 -0.0959021 -0.606982
1 -0.0956818 -0.656464
1 -0.0954649 -0.70518
1 -0.0952483 -0.753834
1 -0.0950289 -0.803125
1 -0.0948127 -0.851699
1 -0.0945935 -0.90094
1 -0.0943773 -0.949495
1 -0.094158 -0.998747
1 -0.0514938 0.987636
1 -0.0513594 0.927258
1 -0.0512285 0.86841
1 -0.0510972 0.809405
1 -0.0509691 0.751852
1 -0.0508424 0.694901
1 -0.0507152 0.637733
1 -0.050591 0.581912
1 -0.0504662 0.525839
1 -0.0503443 0.471047
1 -0.0502217 0.415969
1 -0.0501018 0.362112
1 -0.049983 0.308686
1 -0.0498633 0.254925
1 -0.0497462 0.202302
1 -0.0496283 0.149314
1 -0.0495128 0.0974121
1 -0.0493964 0.0451149
1 -0.0492824 -0.00614398
1 -0.049169 -0.0571115
1 -0.0490546 -0.108518
1 -0.0489423 -0.158953
1 -0.0488291 -0.209855
1 -0.0487179 -0.259828
1 -0.0486056 -0.310296
1 -0.0484952 -0.359874
1 -0.0483853 -0.409281
1 -0.0482742 -0.459226
1 -0.0481649 -0.508336
1 -0.0480543 -0.558012
1 -0.0479456 -0.606889
1 -0.0478355 -0.656359
1 -0.0477271 -0.705065
1 -0.0476189 -0.753708
1 -0.0475092 -0.802989
1 -0.0474011 -0.851553
1 -0.0472916 -0.900783
1 -0.0471835 -0.949328
1 -0.047074 -0.99857
1 -2.01304e-06 0.987543
1 -2.05218e-06 0.92717
1 -2.09032e-06 0.868327
1 -2.12856e-06 0.809327
1 -2.16586e-06 0.751779
1 -2.20278e-06 0.694832
1 -2.23983e-06 0.637669
1 -2.27601e-06 0.581852
1 -2.31235e-06 0.525783
1 -2.34787e-06 0.470996
1 -2.38357e-06 0.415923
1 -2.41847e-06 0.36207
1 -2.4531e-06 0.308648
1 -2.48795e-06 0.254891
1 -2.52205e-06 0.202273
1 -2.5564e-06 0.149288
1 -2.59004e-06 0.0973905
1 -2.62394e-06 0.0450974
1 -2.65716e-06 -0.00615754
1 -2.69019e-06 -0.0571212
1 -2.72351e-06 -0.108524
1 -2.7562e-06 -0.158955
1 -2.78919e-06 -0.209853
1 -2.82158e-06 -0.259822
1 -2.8543e-06 -0.310287
1 -2.88643e-06 -0.359861
1 0.0532218 0.987513
1 0.0528462 0.927136
1 0.0524802 0.86829
1 0.0521132 0.809285
1 0.0517552 0.751734
1 0.0514009 0.694783
1 0.0510454 0.637617
1 0.0506981 0.581796
1 0.0503494 0.525724
1 0.0500086 0.470934
1 0.049666 0.415857
1 0.049331 0.362001
1 0.0489987 0.308576
1 0.0486643 0.254816
1 0.048337 0.202195
1 0.0480074 0.149207
1 0.0476846 0.0973069
1 0.0473593 0.045011
1 0.0470404 -0.00624664
1 0.0467234 -0.0572129
1 0.0464037 -0.108618
1 0.04609 -0.159052
1 0.0457734 -0.209953
1 0.0454625 -0.259924
1 0.0451486 -0.310391
1 0.0448402 -0.359968
1 0.10646 0.987425
1 0.105709 0.927036
1 0.104977 0.868177
1 0.104243 0.809162
1 0.103526 0.751599
1 0.102818 0.694637
1 0.102106 0.63746
1 0.101412 0.581629
1 0.100714 0.525547
1 0.100032 0.470746
1 0.0993469 0.41566
1 0.0986767 0.361794
1 0.0980119 0.30836
1 0.0973429 0.254591
1 0.0966881 0.201961
1 0.0960288 0.148965
1 0.095383 0.0970559
1 0.0947322 0.0447517
1 0.0940944 -0.00651392
1 0.0934602 -0.057488
1 0.0928205 -0.108901
1 0.092193 -0.159342
1 0.0915596 -0.21025
1 0.0909378 -0.260229
1 0.0903098 -0.310703
1 0.0896929 -0.360287
1 0.159729 0.987278
1 0.158601 0.926868
1 0.157502 0.86799
1 0.1564 0.808955
1 0.155326 0.751373
1 0.154262 0.694393
1 0.153194 0.637198
1 0.152152 0.58135
1 0.151105 0.525251
1 0.150081 0.470434
1 0.149053 0.415331
1 0.148047 0.36145
1 0.147049 0.308
1 0.146045 0.254216
1 0.145063 0.201571
1 0.144073 0.148561
1 0.143104 0.0966376
1 0.142127 0.0443194
1 0.14117 -0.00695955
1 0.140218 -0.0579467
1 0.139258 -0.109373
1 0.138317 -0.159826
1 0.137366 -0.210747
1 0.136433 -0.260738
1 0.13549 -0.311223
1 0.134565 -0.360819
1 0.213043 0.987072
1 0.211538 0.926634
1 0.210071 0.867728
1 0.208601 0.808666
1 0.207166 0.751058
1 0.205747 0.694052
1 0.204323 0.636832
1 0.202931 0.580959
1 0.201534 0.524836
1 0.200169 0.469996
1 0.198796 0.41487
1 0.197454 0.360967
1 0.196123 0.307496
1 0.194783 0.253691
1 0.193472 0.201025
1 0.192152 0.147994
1 0.190859 0.0960515
1 0.189555 0.0437139
1 0.188278 -0.00758381
1 0.187008 -0.0585893
1 0.185728 -0.110033
1 0.184471 -0.160505
1 0.183203 -0.211443
1 0.181958 -0.26145
1 0.1807 -0.311953
1 0.179465 -0.361564
1 0.266416 0.986808
1 0.264533 0.926332
1 0.262698 0.867391
1 0.260858 0.808293
1 0.259063 0.750652
1 0.257287 0.693613
1 0.255505 0.63636
1 0.253764 0.580457
1 0.252016 0.524302
1 0.250307 0.469432
1 0.24859 0.414277
1 0.246911 0.360346
1 0.245245 0.306847
1 0.243569 0.253014
1 0.241928 0.200322
1 0.240276 0.147265
1 0.238658 0.0952973
1 0.237028 0.0429348
1 0.23543 -0.00838707
1 0.233841 -0.0594162
1 0.232239 -0.110883
1 0.230667 -0.161377
1 0.22908 -0.212338
1 0.227522 -0.262367
1 0.225949 -0.312891
1 0.224404 -0.362523
1 0.319864 0.986484
1 0.317602 0.925963
1 0.315397 0.866978
1 0.313186 0.807838
1 0.31103 0.750155
1 0.308896 0.693076
1 0.306754 0.635783
1 0.304663 0.579842
1 0.302562 0.523649
1 0.30051 0.468743
1 0.298446 0.413552
1 0.296429 0.359586
1 0.294428 0.306053
1 0.292414 0.252187
1 0.290443 0.199462
1 0.288458 0.146373
1 0.286515 0.0943747
1 0.284556 0.0419815
1 0.282636 -0.00936983
1 0.280727 -0.0604277
1 0.278802 -0.111924
1 0.276914 -0.162445
1 0.275008 -0.213433
1 0.273136 -0.263488
1 0.271247 -0.314038
1 0.26939 -0.363696
1 0.373403 0.9861
1 0.37076 0.925526
1 0.368183 0.86649
1 0.3656 0.807298
1 0.36308 0.749567
1 0.360587 0.692441
1 0.358085 0.635101
1 0.355641 0.579114
1 0.353187 0.522877
1 0.350789 0.467927
1 0.348378 0.412693
1 0.346021 0.358686
1 0.343683 0.305113
1 0.341331 0.251208
1 0.339028 0.198445
1 0.33671 0.145318
1 0.334439 0.0932829
1 0.33215 0.0408535
1 0.329908 -0.0105327
1 0.327678 -0.0616247
1 0.325429 -0.113154
1 0.323223 -0.163708
1 0.320996 -0.214729
1 0.31881 -0.264815
1 0.316603 -0.315396
1 0.314434 -0.365083
1 0.427047 0.985657
1 0.424021 0.925021
1 0.421071 0.865925
1 0.418114 0.806675
1 0.415229 0.748887
1 0.412375 0.691706
1 0.40951 0.634312
1 0.406713 0.578272
1 0.403903 0.521984
1 0.401158 0.466984
1 0.398399 0.411701
1 0.395701 0.357647
1 0.393024 0.304028
1 0.390331 0.250076
1 0.387695 0.197269
1 0.385041 0.144099
1 0.382442 0.0920213
1 0.379823 0.0395501
1 0.377256 -0.0118764
1 0.374704 -0.0630078
1 0.37213 -0.114577
1 0.369604 -0.165168
1 0.367056 -0.216226
1 0.364554 -0.266348
1 0.362028 -0.316965
1 0.359546 -0.366687
1 0.480813 0.985154
1 0.477401 0.924447
1 0.474076 0.865284
1 0.470742 0.805967
1 0.467491 0.748115
1 0.464273 0.690872
1 0.461044 0.633416
1 0.457891 0.577317
1 0.454724 0.52097
1 0.45163 0.465914
1 0.44852 0.410575
1 0.445479 0.356467
1 0.442463 0.302795
1 0.439428 0.248792
1 0.436457 0.195935
1 0.433466 0.142714
1 0.430536 0.0905891
1 0.427585 0.0380705
1 0.424692 -0.0134017
1 0.421816 -0.0645778
1 0.418915 -0.116191
1 0.416069 -0.166825
1 0.413197 -0.217925
1 0.410378 -0.268089
1 0.407531 -0.318746
1 0.404734 -0.368507
1 0.534714 0.98459
1 0.530915 0.923805
1 0.527212 0.864566
1 0.5235 0.805175
1 0.519879 0.747251
1 0.516296 0.689938
1 0.512701 0.632413
1 0.50919 0.576248
1 0.505664 0.519834
1 0.502219 0.464715
1 0.498756 0.409314
1 0.49537 0.355145
1 0.492011 0.301415
1 0.488632 0.247353
1 0.485325 0.19444
1 0.481995 0.141164
1 0.478733 0.0889854
1 0.475447 0.0364138
1 0.472226 -0.0151096
1 0.469025 -0.0663357
1 0.465795 -0.117998
1 0.462627 -0.168681
1 0.45943 -0.219828
1 0.456292 -0.270037
1 0.453123 -0.32074
1 0.450009 -0.370544
1 0.588768 0.983966
1 0.584578 0.923093
1 0.580495 0.863771
1 0.576401 0.804297
1 0.572409 0.746294
1 0.568459 0.688903
1 0.564494 0.631301
1 0.560623 0.575063
1 0.556735 0.518577
1 0.552937 0.463388
1 0.549119 0.407917
1 0.545386 0.353682
1 0.541683 0.299886
1 0.537957 0.24576
1 0.534311 0.192785
1 0.53064 0.139447
1 0.527044 0.0872092
1 0.523422 0.0345788
1 0.519871 -0.0170012
1 0.516342 -0.0682827
1 0.512782 -0.12
1 0.50929 -0.170735
1 0.505766 -0.221935
1 0.502306 -0.272195
1 0.498813 -0.322948
1 0.495382 -0.372801
1 0.64299 0.98328
1 0.638407 0.922312
1 0.63394 0.862898
1 0.629463 0.803333
1 0.625096 0.745243
1 0.620775 0.687767
1 0.616438 0.630081
1 0.612205 0.573762
1 0.607952 0.517196
1 0.603798 0.46193
1 0.599622 0.406383
1 0.595539 0.352075
1 0.59149 0.298208
1 0.587416 0.244011
1 0.583428 0.190967
1 0.579413 0.137562
1 0.575481 0.0852594
1 0.57152 0.0325646
1 0.567638 -0.0190776
1 0.563778 -0.0704198
1 0.559886 -0.122198
1 0.556067 -0.172991
1 0.552214 -0.224248
1 0.548432 -0.274564
1 0.544612 -0.325372
1 0.540861 -0.375278
1 0.697396 0.982533
1 0.692416 0.92146
1 0.687563 0.861946
1 0.682698 0.802282
1 0.677953 0.744097
1 0.673259 0.686528
1 0.668548 0.628751
1 0.663948 0.572344
1 0.659329 0.515691
1 0.654815 0.460341
1 0.650279 0.404712
1 0.645844 0.350324
1 0.641445 0.296379
1 0.63702 0.242105
1 0.632688 0.188987
1 0.628327 0.135509
1 0.624057 0.0831347
1 0.619754 0.0303697
1 0.615538 -0.0213401
1 0.611346 -0.0727484
1 0.607118 -0.124592
1 0.602971 -0.175448
1 0.598786 -0.226768
1 0.594679 -0.277144
1 0.590531 -0.328012
1 0.586457 -0.377976
1 0.752003 0.981723
1 0.746623 0.920537
1 0.74138 0.860915
1 0.736124 0.801144
1 0.730998 0.742855
1 0.725927 0.685187
1 0.720837 0.627311
1 0.715869 0.570808
1 0.710879 0.514061
1 0.706003 0.458621
1 0.701104 0.402901
1 0.696313 0.348427
1 0.691562 0.294398
1 0.686782 0.24004
1 0.682104 0.186842
1 0.677395 0.133284
1 0.672782 0.0808338
1 0.668136 0.0279928
1 0.663582 -0.0237901
1 0.659055 -0.07527
1 0.65449 -0.127184
1 0.650012 -0.178109
1 0.645493 -0.229497
1 0.641058 -0.279938
1 0.636579 -0.330871
1 0.63218 -0.380897
1 0.806827 0.98085
1 0.801042 0.919543
1 0.795405 0.859803
1 0.789754 0.799917
1 0.784244 0.741518
1 0.778793 0.683741
1 0.773321 0.625758
1 0.76798 0.569153
1 0.762616 0.512304
1 0.757376 0.456767
1 0.752109 0.400951
1 0.746961 0.346384
1 0.741854 0.292264
1 0.736717 0.237816
1 0.731689 0.184532
1 0.726627 0.130888
1 0.72167 0.0783553
1 0.716677 0.0254325
1 0.711783 -0.0264292
1 0.706919 -0.0779861
1 0.702013 -0.129977
1 0.697201 -0.180975
1 0.692345 -0.232436
1 0.687579 -0.282948
1 0.682767 -0.33395
1 0.67804 -0.384044
1 0.861884 0.979914
1 0.855691 0.918476
1 0.849656 0.858611
1 0.843607 0.798601
1 0.837708 0.740083
1 0.831872 0.682191
1 0.826015 0.624093
1 0.820298 0.567378
1 0.814556 0.510421
1 0.808947 0.454778
1 0.80331 0.398859
1 0.797799 0.344192
1 0.792334 0.289975
1 0.786836 0.235431
1 0.781455 0.182054
1 0.776038 0.128319
1 0.770734 0.0756974
1 0.76539 0.0226871
1 0.760153 -0.0292591
1 0.754948 -0.0808985
1 0.749698 -0.132971
1 0.74455 -0.184048
1 0.739354 -0.235587
1 0.734255 -0.286174
1 0.729106 -0.337251
1 0.724049 -0.387417
1 0.917193 0.978914
1 0.910586 0.917336
1 0.904149 0.857337
1 0.897697 0.797195
1 0.891405 0.73855
1 0.88518 0.680534
1 0.878934 0.622314
1 0.872837 0.565482
1 0.866713 0.508408
1 0.860732 0.452654
1 0.85472 0.396624
1 0.848844 0.341851
1 0.843016 0.28753
1 0.837153 0.232884
1 0.831416 0.179408
1 0.82564 0.125574
1 0.819984 0.0728586
1 0.814287 0.0197548
1 0.808704 -0.0322814
1 0.803154 -0.0840089
1 0.797558 -0.136169
1 0.792069 -0.18733
1 0.786531 -0.238952
1 0.781095 -0.28962
1 0.775606 -0.340776
1 0.770216 -0.391019
1 0.972769 0.977848
1 0.965745 0.916122
1 0.958901 0.855981
1 0.95204 0.795698
1 0.945351 0.736918
1 0.938733 0.67877
1 0.932093 0.62042
1 0.925611 0.563463
1 0.919102 0.506266
1 0.912743 0.450393
1 0.906354 0.394245
1 0.900108 0.339359
1 0.893913 0.284928
1 0.887682 0.230172
1 0.881584 0.176591
1 0.875446 0.122653
1 0.869435 0.0698369
1 0.863381 0.0166337
1 0.857448 -0.0354983
1 0.85155 -0.0873193
1 0.845604 -0.139572
1 0.839771 -0.190822
1 0.833887 -0.242534
1 0.828111 -0.293286
1 0.822279 -0.344528
1 0.816552 -0.394852
1 0.999563 0.735185
1 0.992548 0.676898
1 0.985508 0.61841
1 0.978637 0.561319
1 0.971738 0.503991
1 0.964998 0.447992
1 0.958225 0.39172
1 0.951605 0.336714
1 0.94504 0.282165
1 0.938436 0.227294
1 0.931974 0.173601
1 0.925469 0.119553
1 0.9191 0.0666304
1 0.912684 0.0133219
1 0.906397 -0.0389116
1 0.900148 -0.0908318
1 0.893848 -0.143183
1 0.887668 -0.194528
1 0.881433 -0.246333
1 0.875314 -0.297176
1 0.869136 -0.348507
1 0.863069 -0.398918
1 0.996411 0.279242
1 0.98943 0.224248
1 0.982599 0.170437
1 0.975723 0.116272
1 0.968991 0.0632371
1 0.962209 0.00981712
1 0.955565 -0.0425237
1 0.948961 -0.0945487
1 0.942302 -0.147003
1 0.935771 -0.198449
1 0.929182 -0.250353
1 0.922716 -0.301292
1 0.916188 -0.352718
1 0.909777 -0.40322
1 0.998 -0.0984723
1 0.990979 -0.151036
1 0.984093 -0.202588
1 0.977146 -0.254596
1 0.970329 -0.305636
1 0.963446 -0.357162
1 0.956687 -0.40776
1 -0.998006 -0.0984711
1 -0.990984 -0.151035
1 -0.984099 -0.202586
1 -0.977152 -0.254595
1 -0.970334 -0.305635
1 -0.963452 -0.35716
1 -0.956693 -0.407759
1 -0.996416 0.279243
1 -0.989435 0.224249
1 -0.982604 0.170438
1 -0.975728 0.116273
1 -0.968996 0.0632383
1 -0.962215 0.00981837
1 -0.95557 -0.0425224
1 -0.948966 -0.0945475
1 -0.942307 -0.147002
1 -0.935777 -0.198448
1 -0.929188 -0.250352
1 -0.922722 -0.301291
1 -0.916194 -0.352717
1 -0.909783 -0.403219
1 -0.999567 0.735186
1 -0.992552 0.676899
1 -0.985513 0.618411
1 -0.978642 0.561321
1 -0.971742 0.503992
1 -0.965003 0.447994
1 -0.95823 0.391721
1 -0.95161 0.336715
1 -0.945045 0.282167
1 -0.938441 0.227295
1 -0.931979 0.173602
1 -0.925474 0.119554
1 -0.919105 0.0666316
1 -0.912689 0.013323
1 -0.906403 -0.0389104
1 -0.900154 -0.0908307
1 -0.893853 -0.143181
1 -0.887674 -0.194527
1 -0.881439 -0.246332
1 -0.87532 -0.297175
1 -0.869142 -0.348506
1 -0.863075 -0.398917
1 -0.972773 0.977849
1 -0.965749 0.916123
1 -0.958905 0.855982
1 -0.952044 0.795699
1 -0.945355 0.736919
1 -0.938738 0.678771
1 -0.932098 0.620422
1 -0.925616 0.563464
1 -0.919107 0.506267
1 -0.912748 0.450394
1 -0.906359 0.394246
1 -0.900112 0.33936
1 -0.893918 0.284929
1 -0.887687 0.230173
1 -0.881589 0.176592
1 -0.875451 0.122654
1 -0.86944 0.069838
1 -0.863386 0.0166348
1 -0.857453 -0.0354972
1 -0.851556 -0.0873182
1 -0.845609 -0.139571
1 -0.839777 -0.190821
1 -0.833892 -0.242532
1 -0.828116 -0.293285
1 -0.822285 -0.344527
1 -0.816558 -0.394851
1 -0.917197 0.978915
1 -0.91059 0.917337
1 -0.904153 0.857338
1 -0.897701 0.797196
1 -0.891409 0.738551
1 -0.885185 0.680535
1 -0.878938 0.622316
1 -0.872841 0.565483
1 -0.866718 0.508409
1 -0.860736 0.452655
1 -0.854725 0.396625
1 -0.848849 0.341852
1 -0.843021 0.287531
1 -0.837158 0.232885
1 -0.831421 0.179409
1 -0.825645 0.125576
1 -0.819989 0.0728596
1 -0.814292 0.0197558
1 -0.808709 -0.0322804
1 -0.80316 -0.0840079
1 -0.797564 -0.136168
1 -0.792075 -0.187329
1 -0.786536 -0.238951
1 -0.7811 -0.289619
1 -0.775612 -0.340775
1 -0.770222 -0.391018
1 -0.861888 0.979915
1 -0.855695 0.918477
1 -0.84966 0.858612
1 -0.843611 0.798602
1 -0.837712 0.740084
1 -0.831876 0.682192
1 -0.82602 0.624094
1 -0.820303 0.567379
1 -0.814561 0.510422
1 -0.808952 0.454779
1 -0.803315 0.39886
1 -0.797804 0.344193
1 -0.792339 0.289976
1 -0.786841 0.235432
1 -0.78146 0.182055
1 -0.776043 0.12832
1 -0.770739 0.0756984
1 -0.765395 0.0226881
1 -0.760159 -0.0292581
1 -0.754953 -0.0808975
1 -0.749704 -0.13297
1 -0.744555 -0.184047
1 -0.73936 -0.235586
1 -0.73426 -0.286173
1 -0.729112 -0.33725
1 -0.724055 -0.387416
1 -0.806831 0.980851
1 -0.801046 0.919544
1 -0.795409 0.859804
1 -0.789759 0.799918
1 -0.784248 0.741519
1 -0.778797 0.683742
1 -0.773326 0.625759
1 -0.767985 0.569154
1 -0.762621 0.512305
1 -0.757381 0.456768
1 -0.752114 0.400952
1 -0.746966 0.346385
1 -0.741859 0.292265
1 -0.736722 0.237817
1 -0.731694 0.184533
1 -0.726632 0.130889
1 -0.721676 0.0783562
1 -0.716682 0.0254334
1 -0.711789 -0.0264283
1 -0.706924 -0.0779852
1 -0.702018 -0.129976
1 -0.697207 -0.180974
1 -0.692351 -0.232435
1 -0.687585 -0.282947
1 -0.682773 -0.333949
1 -0.678046 -0.384043
1 -0.752007 0.981724
1 -0.746627 0.920538
1 -0.741384 0.860916
1 -0.736128 0.801145
1 -0.731002 0.742856
1 -0.725931 0.685188
1 -0.720842 0.627312
1 -0.715873 0.570809
1 -0.710883 0.514062
1 -0.706008 0.458622
1 -0.701108 0.402902
1 -0.696318 0.348428
1 -0.691567 0.294399
1 -0.686787 0.240041
1 -0.682109 0.186843
1 -0.6774 0.133285
1 -0.672788 0.0808347
1 -0.668141 0.0279937
1 -0.663588 -0.0237892
1 -0.659061 -0.0752692
1 -0.654496 -0.127183
1 -0.650018 -0.178108
1 -0.645499 -0.229496
1 -0.641063 -0.279937
1 -0.636584 -0.33087
1 -0.632185 -0.380897
1 -0.6974 0.982534
1 -0.69242 0.921461
1 -0.687567 0.861947
1 -0.682702 0.802283
1 -0.677958 0.744098
1 -0.673264 0.686529
1 -0.668552 0.628752
1 -0.663953 0.572345
1 -0.659333 0.515692
1 -0.65482 0.460342
1 -0.650284 0.404713
1 -0.645849 0.350325
1 -0.64145 0.29638
1 -0.637025 0.242105
1 -0.632693 0.188988
1 -0.628333 0.135509
1 -0.624062 0.0831355
1 -0.619759 0.0303705
1 -0.615543 -0.0213393
1 -0.611351 -0.0727476
1 -0.607124 -0.124591
1 -0.602977 -0.175447
1 -0.598792 -0.226768
1 -0.594684 -0.277143
1 -0.590536 -0.328011
1 -0.586462 -0.377975
1 -0.642994 0.983281
1 -0.638411 0.922313
1 -0.633945 0.862899
1 -0.629467 0.803334
1 -0.6251 0.745243
1 -0.620779 0.687768
1 -0.616443 0.630082
1 -0.612209 0.573762
1 -0.607957 0.517197
1 -0.603802 0.461931
1 -0.599627 0.406384
1 -0.595544 0.352076
1 -0.591495 0.298209
1 -0.587421 0.244011
1 -0.583433 0.190968
1 -0.579418 0.137563
1 -0.575487 0.0852601
1 -0.571525 0.0325653
1 -0.567643 -0.0190768
1 -0.563784 -0.0704191
1 -0.559891 -0.122197
1 -0.556073 -0.17299
1 -0.55222 -0.224248
1 -0.548437 -0.274563
1 -0.544618 -0.325371
1 -0.540866 -0.375277
1 -0.588772 0.983967
1 -0.584582 0.923094
1 -0.580499 0.863772
1 -0.576406 0.804298
1 -0.572413 0.746295
1 -0.568463 0.688904
1 -0.564499 0.631302
1 -0.560628 0.575063
1 -0.55674 0.518577
1 -0.552941 0.463389
1 -0.549123 0.407918
1 -0.54539 0.353682
1 -0.541688 0.299887
1 -0.537962 0.24576
1 -0.534316 0.192785
1 -0.530645 0.139448
1 -0.527049 0.0872099
1 -0.523427 0.0345795
1 -0.519877 -0.0170005
1 -0.516347 -0.068282
1 -0.512787 -0.12
1 -0.509295 -0.170735
1 -0.505771 -0.221935
1 -0.502312 -0.272195
1 -0.498819 -0.322947
1 -0.495387 -0.3728
1 -0.534718 0.984591
1 -0.530919 0.923806
1 -0.527216 0.864567
1 -0.523504 0.805176
1 -0.519883 0.747252
1 -0.516301 0.689938
1 -0.512705 0.632413
1 -0.509195 0.576248
1 -0.505669 0.519835
1 -0.502223 0.464716
1 -0.49876 0.409315
1 -0.495375 0.355146
1 -0.492016 0.301416
1 -0.488637 0.247354
1 -0.48533 0.194441
1 -0.482 0.141165
1 -0.478738 0.088986
1 -0.475452 0.0364144
1 -0.472232 -0.015109
1 -0.46903 -0.0663351
1 -0.465801 -0.117998
1 -0.462633 -0.16868
1 -0.459436 -0.219828
1 -0.456297 -0.270037
1 -0.453128 -0.320739
1 -0.450015 -0.370544
1 -0.480817 0.985154
1 -0.477405 0.924448
1 -0.47408 0.865285
1 -0.470746 0.805968
1 -0.467495 0.748116
1 -0.464278 0.690872
1 -0.461049 0.633416
1 -0.457896 0.577318
1 -0.454729 0.52097
1 -0.451635 0.465915
1 -0.448525 0.410576
1 -0.445484 0.356467
1 -0.442468 0.302796
1 -0.439433 0.248792
1 -0.436462 0.195935
1 -0.433471 0.142715
1 -0.430541 0.0905896
1 -0.42759 0.0380711
1 -0.424697 -0.0134011
1 -0.421821 -0.0645773
1 -0.41892 -0.11619
1 -0.416075 -0.166825
1 -0.413203 -0.217925
1 -0.410384 -0.268088
1 -0.407537 -0.318746
1 -0.40474 -0.368506
1 -0.427051 0.985658
1 -0.424025 0.925021
1 -0.421075 0.865926
1 -0.418118 0.806676
1 -0.415233 0.748888
1 -0.412379 0.691707
1 -0.409515 0.634312
1 -0.406718 0.578273
1 -0.403908 0.521984
1 -0.401163 0.466985
1 -0.398403 0.411702
1 -0.395705 0.357647
1 -0.393029 0.304028
1 -0.390336 0.250077
1 -0.3877 0.19727
1 -0.385047 0.144099
1 -0.382447 0.0920218
1 -0.379828 0.0395506
1 -0.377261 -0.0118759
1 -0.374709 -0.0630073
1 -0.372135 -0.114576
1 -0.36961 -0.165168
1 -0.367062 -0.216225
1 -0.36456 -0.266348
1 -0.362033 -0.316965
1 -0.359552 -0.366686
1 -0.373407 0.986101
1 -0.370764 0.925526
1 -0.368187 0.86649
1 -0.365604 0.807299
1 -0.363085 0.749567
1 -0.360592 0.692441
1 -0.358089 0.635101
1 -0.355646 0.579114
1 -0.353192 0.522877
1 -0.350794 0.467928
1 -0.348383 0.412694
1 -0.346026 0.358687
1 -0.343688 0.305114
1 -0.341336 0.251208
1 -0.339033 0.198445
1 -0.336715 0.145319
1 -0.334444 0.0932833
1 -0.332156 0.0408539
1 -0.329913 -0.0105323
1 -0.327683 -0.0616243
1 -0.325435 -0.113154
1 -0.323228 -0.163708
1 -0.321002 -0.214728
1 -0.318816 -0.264815
1 -0.316609 -0.315396
1 -0.31444 -0.365083
1 -0.319868 0.986484
1 -0.317606 0.925963
1 -0.315401 0.866979
1 -0.31319 0.807838
1 -0.311034 0.750155
1 -0.3089 0.693077
1 -0.306759 0.635784
1 -0.304667 0.579842
1 -0.302567 0.52365
1 -0.300514 0.468743
1 -0.298451 0.413552
1 -0.296434 0.359586
1 -0.294433 0.306053
1 -0.292419 0.252187
1 -0.290448 0.199463
1 -0.288464 0.146374
1 -0.28652 0.094375
1 -0.284561 0.0419819
1 -0.282642 -0.00936946
1 -0.280733 -0.0604274
1 -0.278808 -0.111923
1 -0.276919 -0.162445
1 -0.275013 -0.213433
1 -0.273142 -0.263488
1 -0.271252 -0.314038
1 -0.269396 -0.363695
1 -0.26642 0.986808
1 -0.264537 0.926332
1 -0.262702 0.867391
1 -0.260862 0.808294
1 -0.259067 0.750652
1 -0.257292 0.693614
1 -0.255509 0.636361
1 -0.253769 0.580457
1 -0.25202 0.524303
1 -0.250312 0.469433
1 -0.248595 0.414277
1 -0.246916 0.360346
1 -0.24525 0.306847
1 -0.243574 0.253015
1 -0.241933 0.200322
1 -0.240281 0.147266
1 -0.238663 0.0952977
1 -0.237033 0.0429351
1 -0.235435 -0.00838677
1 -0.233847 -0.0594159
1 -0.232244 -0.110883
1 -0.230672 -0.161377
1 -0.229085 -0.212338
1 -0.227528 -0.262367
1 -0.225955 -0.31289
1 -0.22441 -0.362522
1 -0.213047 0.987073
1 -0.211542 0.926634
1 -0.210075 0.867728
1 -0.208605 0.808666
1 -0.207171 0.751058
1 -0.205752 0.694053
1 -0.204327 0.636832
1 -0.202936 0.58096
1 -0.201539 0.524836
1 -0.200173 0.469996
1 -0.198801 0.41487
1 -0.197459 0.360967
1 -0.196128 0.307496
1 -0.194788 0.253691
1 -0.193477 0.201025
1 -0.192157 0.147994
1 -0.190864 0.0960517
1 -0.189561 0.0437142
1 -0.188284 -0.00758357
1 -0.187014 -0.0585891
1 -0.185733 -0.110033
1 -0.184476 -0.160504
1 -0.183208 -0.211443
1 -0.181963 -0.26145
1 -0.180706 -0.311952
1 -0.179471 -0.361564
1 -0.159733 0.987278
1 -0.158606 0.926869
1 -0.157507 0.867991
1 -0.156405 0.808955
1 -0.15533 0.751374
1 -0.154266 0.694394
1 -0.153199 0.637198
1 -0.152156 0.58135
1 -0.151109 0.525251
1 -0.150086 0.470434
1 -0.149058 0.415331
1 -0.148052 0.36145
1 -0.147054 0.308
1 -0.14605 0.254216
1 -0.145068 0.201571
1 -0.144078 0.148561
1 -0.143109 0.0966378
1 -0.142132 0.0443196
1 -0.141175 -0.00695937
1 -0.140224 -0.0579466
1 -0.139264 -0.109372
1 -0.138322 -0.159826
1 -0.137372 -0.210747
1 -0.136439 -0.260738
1 -0.135496 -0.311223
1 -0.13457 -0.360819
1 -0.106464 0.987425
1 -0.105713 0.927036
1 -0.104981 0.868178
1 -0.104247 0.809162
1 -0.103531 0.751599
1 -0.102822 0.694637
1 -0.102111 0.63746
1 -0.101416 0.581629
1 -0.100719 0.525547
1 -0.100037 0.470746
1 -0.0993516 0.41566
1 -0.0986815 0.361794
1 -0.0980168 0.30836
1 -0.0973479 0.254591
1 -0.0966932 0.201961
1 -0.0960339 0.148965
1 -0.0953881 0.0970561
1 -0.0947375 0.0447518
1 -0.0940997 -0.0065138
1 -0.0934656 -0.0574879
1 -0.092826 -0.108901
1 -0.0921985 -0.159342
1 -0.0915652 -0.21025
1 -0.0909434 -0.260229
1 -0.0903155 -0.310703
1 -0.0896987 -0.360287
1 -0.0532258 0.987513
1 -0.0528503 0.927136
1 -0.0524844 0.86829
1 -0.0521174 0.809286
1 -0.0517595 0.751734
1 -0.0514053 0.694783
1 -0.0510498 0.637617
1 -0.0507027 0.581796
1 -0.050354 0.525724
1 -0.0500133 0.470934
1 -0.0496707 0.415857
1 -0.0493358 0.362001
1 -0.0490036 0.308576
1 -0.0486693 0.254816
1 -0.048342 0.202195
1 -0.0480125 0.149208
1 -0.0476897 0.0973069
1 -0.0473645 0.045011
1 -0.0470458 -0.00624658
1 -0.0467288 -0.0572128
1 -0.0464091 -0.108618
1 -0.0460955 -0.159052
1 -0.0457789 -0.209953
1 -0.0454682 -0.259924
1 -0.0451543 -0.310391
1 -0.044846 -0.359968
1 0.999173 -0.473842
1 0.996959 -0.423215
1 0.994708 -0.371735
1 0.992482 -0.320816
1 0.990248 -0.269728
1 0.987974 -0.217731
1 0.985723 -0.166251
1 0.98343 -0.113821
1 0.981159 -0.0618799
1 0.978844 -0.00894617
1 0.976549 0.043528
1 0.970671 -0.981411
1 0.968565 -0.930728
1 0.966489 -0.88077
1 0.964383 -0.830112
1 0.962307 -0.780147
1 0.9602 -0.729451
1 0.958121 -0.679416
1 0.956039 -0.629324
1 0.953925 -0.578451
1 0.951836 -0.528195
1 0.949714 -0.477125
1 0.947616 -0.426642
1 0.945483 -0.375309
1 0.943373 -0.324534
1 0.941255 -0.27359
1 0.939101 -0.221738
1 0.936967 -0.170402
1 0.934794 -0.118117
1 0.932642 -0.0663195
1 0.930448 -0.0135313
1 0.928273 0.0387994
1 0.920352 -0.983115
1 0.91836 -0.932577
1 0.916397 -0.88276
1 0.914407 -0.832245
1 0.912444 -0.782419
1 0.910452 -0.731864
1 0.908486 -0.681968
1 0.906518 -0.632014
1 0.904519 -0.581282
1 0.902544 -0.531164
1 0.900538 -0.480232
1 0.898554 -0.429887
1 0.896537 -0.378692
1 0.894542 -0.328053
1 0.89254 -0.277245
1 0.890502 -0.225531
1 0.888485 -0.174331
1 0.88643 -0.122184
1 0.884395 -0.0705226
1 0.88232 -0.0178721
1 0.880264 0.0343227
1 0.870314 -0.984725
1 0.868436 -0.934323
1 0.866585 -0.884639
1 0.864708 -0.834258
1 0.862857 -0.784565
1 0.860978 -0.734143
1 0.859124 -0.684379
1 0.857268 -0.634555
1 0.855383 -0.583955
1 0.853521 -0.533967
1 0.851628 -0.483167
1 0.849757 -0.43295
1 0.847855 -0.381886
1 0.845973 -0.331377
1 0.844085 -0.280698
1 0.842163 -0.229114
1 0.84026 -0.178042
1 0.838322 -0.126026
1 0.836402 -0.0744922
1 0.834446 -0.0219719
1 0.832506 0.0300946
1 0.820542 -0.986241
1 0.818776 -0.935966
1 0.817035 -0.886408
1 0.81527 -0.836154
1 0.813529 -0.786585
1 0.811763 -0.73629
1 0.810019 -0.686648
1 0.808274 -0.636948
1 0.806501 -0.586472
1 0.804749 -0.536607
1 0.802969 -0.485931
1 0.80121 -0.435836
1 0.799421 -0.384895
1 0.797651 -0.334507
1 0.795875 -0.283949
1 0.794068 -0.232488
1 0.792278 -0.181538
1 0.790455 -0.129644
1 0.78865 -0.0782313
1 0.786809 -0.0258336
1 0.784985 0.0261119
1 0.771018 -0.987664
1 0.769363 -0.93751
1 0.767731 -0.888069
1 0.766077 -0.837935
1 0.764445 -0.788483
1 0.762789 -0.738305
1 0.761155 -0.68878
1 0.759518 -0.639195
1 0.757856 -0.588836
1 0.756215 -0.539085
1 0.754546 -0.488526
1 0.752897 -0.438546
1 0.751219 -0.387721
1 0.74956 -0.337447
1 0.747896 -0.287003
1 0.746201 -0.235657
1 0.744523 -0.18482
1 0.742815 -0.133041
1 0.741122 -0.0817425
1 0.739396 -0.02946
1 0.737686 0.0223718
1 0.721727 -0.988996
1 0.720181 -0.938954
1 0.718658 -0.889624
1 0.717112 -0.8396
1 0.715588 -0.790258
1 0.714042 -0.740191
1 0.712515 -0.690774
1 0.710987 -0.641298
1 0.709435 -0.591048
1 0.707901 -0.541405
1 0.706343 -0.490954
1 0.704802 -0.441081
1 0.703236 -0.390365
1 0.701686 -0.340197
1 0.700131 -0.28986
1 0.698548 -0.238623
1 0.696981 -0.187892
1 0.695385 -0.136221
1 0.693804 -0.0850285
1 0.692192 -0.0328539
1 0.690595 0.0188716
1 0.672653 -0.990237
1 0.671215 -0.9403
1 0.669798 -0.891073
1 0.668361 -0.841153
1 0.666944 -0.791913
1 0.665505 -0.741948
1 0.664086 -0.692633
1 0.662664 -0.643258
1 0.661221 -0.59311
1 0.659794 -0.543567
1 0.658345 -0.493218
1 0.656912 -0.443445
1 0.655455 -0.392829
1 0.654014 -0.342762
1 0.652567 -0.292523
1 0.651095 -0.241387
1 0.649638 -0.190755
1 0.648153 -0.139185
1 0.646682 -0.0880917
1 0.645183 -0.0360177
1 0.643697 0.0156086
1 0.62378 -0.991389
1 0.622449 -0.941549
1 0.621138 -0.892417
1 0.619808 -0.842594
1 0.618496 -0.793448
1 0.617165 -0.743579
1 0.615851 -0.694358
1 0.614535 -0.645076
1 0.613199 -0.595023
1 0.611879 -0.545573
1 0.610537 -0.495318
1 0.609211 -0.445638
1 0.607863 -0.395116
1 0.606528 -0.345141
1 0.60519 -0.294995
1 0.603827 -0.243952
1 0.602478 -0.193412
1 0.601104 -0.141936
1 0.599743 -0.0909343
1 0.598355 -0.0389536
1 0.596979 0.0125806
1 0.575093 -0.992452
1 0.573868 -0.942702
1 0.572661 -0.893658
1 0.571437 -0.843923
1 0.57023 -0.794865
1 0.569005 -0.745085
1 0.567796 -0.69595
1 0.566585 -0.646755
1 0.565355 -0.596789
1 0.56414 -0.547425
1 0.562906 -0.497257
1 0.561685 -0.447662
1 0.560444 -0.397227
1 0.559216 -0.347337
1 0.557984 -0.297276
1 0.55673 -0.246319
1 0.555489 -0.195865
1 0.554224 -0.144475
1 0.552971 -0.0935582
1 0.551694 -0.0416637
1 0.550428 0.00978537
1 0.526576 -0.993427
1 0.525457 -0.943759
1 0.524353 -0.894796
1 0.523235 -0.845143
1 0.522131 -0.796165
1 0.521011 -0.746465
1 0.519906 -0.69741
1 0.518799 -0.648294
1 0.517675 -0.598409
1 0.516564 -0.549124
1 0.515436 -0.499036
1 0.51432 -0.449519
1 0.513185 -0.399164
1 0.512063 -0.349352
1 0.510937 -0.299369
1 0.50979 -0.248492
1 0.508655 -0.198115
1 0.507499 -0.146804
1 0.506354 -0.0959655
1 0.505186 -0.0441501
1 0.504028 0.00722096
1 0.478215 -0.994315
1 0.4772 -0.944722
1 0.4762 -0.895832
1 0.475185 -0.846254
1 0.474184 -0.797348
1 0.473169 -0.747723
1 0.472167 -0.69874
1 0.471163 -0.649696
1 0.470144 -0.599884
1 0.469137 -0.550671
1 0.468113 -0.500655
1 0.467102 -0.45121
1 0.466073 -0.400927
1 0.465055 -0.351187
1 0.464033 -0.301275
1 0.462994 -0.25047
1 0.461965 -0.200164
1 0.460916 -0.148925
1 0.459877 -0.0981578
1 0.458818 -0.0464144
1 0.457769 0.00488554
1 0.429995 -0.995116
1 0.429084 -0.945591
1 0.428185 -0.896768
1 0.427274 -0.847256
1 0.426376 -0.798417
1 0.425464 -0.748858
1 0.424564 -0.69994
1 0.423663 -0.650962
1 0.422748 -0.601215
1 0.421843 -0.552067
1 0.420924 -0.502117
1 0.420016 -0.452737
1 0.419092 -0.402519
1 0.418178 -0.352843
1 0.417261 -0.302996
1 0.416327 -0.252255
1 0.415403 -0.202014
1 0.414461 -0.15084
1 0.413529 -0.100137
1 0.412578 -0.0484583
1 0.411635 0.00277746
1 0.381901 -0.995831
1 0.381093 -0.946366
1 0.380296 -0.897603
1 0.379488 -0.848151
1 0.378691 -0.799371
1 0.377882 -0.749871
1 0.377084 -0.701012
1 0.376284 -0.652092
1 0.375473 -0.602404
1 0.37467 -0.553314
1 0.373855 -0.503422
1 0.373049 -0.454099
1 0.37223 -0.40394
1 0.371419 -0.354321
1 0.370605 -0.304532
1 0.369777 -0.253849
1 0.368957 -0.203666
1 0.368122 -0.152549
1 0.367294 -0.101903
1 0.366451 -0.0502833
1 0.365615 0.000895217
1 0.33392 -0.996461
1 0.333214 -0.94705
1 0.332518 -0.898338
1 0.331812 -0.84894
1 0.331116 -0.800211
1 0.330409 -0.750763
1 0.329712 -0.701956
1 0.329014 -0.653087
1 0.328305 -0.603451
1 0.327604 -0.554412
1 0.326892 -0.504572
1 0.326188 -0.4553
1 0.325472 -0.405192
1 0.324764 -0.355624
1 0.324054 -0.305885
1 0.32333 -0.255253
1 0.322614 -0.20512
1 0.321884 -0.154055
1 0.321162 -0.10346
1 0.320425 -0.0518905
1 0.319694 -0.000762497
1 0.286036 -0.997006
1 0.285432 -0.947641
1 0.284836 -0.898975
1 0.284232 -0.849622
1 0.283636 -0.800937
1 0.283032 -0.751535
1 0.282435 -0.702772
1 0.281837 -0.653948
1 0.281231 -0.604357
1 0.280631 -0.555361
1 0.280022 -0.505566
1 0.279419 -0.456338
1 0.278807 -0.406275
1 0.2782 -0.35675
1 0.277592 -0.307055
1 0.276973 -0.256468
1 0.27636 -0.206378
1 0.275736 -0.155358
1 0.275117 -0.104806
1 0.274487 -0.0532812
1 0.273862 -0.00219685
1 0.238235 -0.997467
1 0.237733 -0.94814
1 0.237237 -0.899512
1 0.236734 -0.850198
1 0.236239 -0.801551
1 0.235735 -0.752188
1 0.235239 -0.703462
1 0.234742 -0.654675
1 0.234236 -0.605122
1 0.233737 -0.556164
1 0.23323 -0.506406
1 0.232729 -0.457216
1 0.232219 -0.40719
1 0.231715 -0.357702
1 0.231209 -0.308044
1 0.230693 -0.257495
1 0.230183 -0.207442
1 0.229664 -0.156458
1 0.229149 -0.105944
1 0.228624 -0.0544562
1 0.228104 -0.00340884
1 0.190505 -0.997843
1 0.190103 -0.948548
1 0.189707 -0.899951
1 0.189305 -0.850668
1 0.188909 -0.802053
1 0.188507 -0.752721
1 0.18811 -0.704026
1 0.187713 -0.655269
1 0.187309 -0.605747
1 0.18691 -0.55682
1 0.186505 -0.507093
1 0.186104 -0.457933
1 0.185697 -0.407937
1 0.185294 -0.35848
1 0.184889 -0.308852
1 0.184477 -0.258333
1 0.18407 -0.208311
1 0.183655 -0.157358
1 0.183243 -0.106873
1 0.182824 -0.0554165
1 0.182408 -0.00439931
1 0.142829 -0.998135
1 0.142528 -0.948865
1 0.142231 -0.900293
1 0.14193 -0.851034
1 0.141633 -0.802443
1 0.141332 -0.753135
1 0.141035 -0.704464
1 0.140737 -0.655731
1 0.140434 -0.606233
1 0.140136 -0.55733
1 0.139832 -0.507627
1 0.139532 -0.45849
1 0.139226 -0.408518
1 0.138924 -0.359085
1 0.138621 -0.30948
1 0.138313 -0.258985
1 0.138007 -0.208986
1 0.137696 -0.158057
1 0.137388 -0.107596
1 0.137073 -0.0561627
1 0.136762 -0.00516896
1 0.0951952 -0.998344
1 0.0949947 -0.949092
1 0.0947969 -0.900536
1 0.0945964 -0.851295
1 0.0943986 -0.802721
1 0.0941979 -0.75343
1 0.0939998 -0.704777
1 0.0938014 -0.656061
1 0.0935999 -0.60658
1 0.0934008 -0.557693
1 0.0931985 -0.508008
1 0.0929984 -0.458887
1 0.092795 -0.408933
1 0.0925938 -0.359516
1 0.0923918 -0.309928
1 0.0921863 -0.25945
1 0.0919827 -0.209468
1 0.0917754 -0.158556
1 0.09157 -0.108111
1 0.0913606 -0.0566953
1 0.091153 -0.00571832
1 0.0475891 -0.998469
1 0.0474888 -0.949227
1 0.04739 -0.900683
1 0.0472898 -0.851452
1 0.047191 -0.802888
1 0.0470906 -0.753608
1 0.0469916 -0.704964
1 0.0468925 -0.656259
1 0.0467918 -0.606788
1 0.0466923 -0.557911
1 0.0465912 -0.508236
1 0.0464912 -0.459126
1 0.0463896 -0.409182
1 0.046289 -0.359775
1 0.0461881 -0.310197
1 0.0460854 -0.259729
1 0.0459836 -0.209757
1 0.04588 -0.158855
1 0.0457774 -0.108421
1 0.0456727 -0.0570148
1 0.045569 -0.00604777
1 -3.3004e-06 -0.998511
1 -3.26849e-06 -0.949273
1 -3.23702e-06 -0.900731
1 -3.20511e-06 -0.851504
1 -3.17364e-06 -0.802944
1 -3.14169e-06 -0.753667
1 -3.11017e-06 -0.705027
1 -3.0786e-06 -0.656325
1 -3.04653e-06 -0.606857
1 -3.01485e-06 -0.557984
1 -2.98266e-06 -0.508312
1 -2.95082e-06 -0.459205
1 -2.91845e-06 -0.409265
1 -2.88643e-06 -0.359861
1 -2.8543e-06 -0.310287
1 -2.82158e-06 -0.259822
1 -2.78919e-06 -0.209853
1 -2.7562e-06 -0.158955
1 -2.72351e-06 -0.108524
1 -2.69019e-06 -0.0571212
1 -2.65716e-06 -0.00615754
1 -0.0475957 -0.998469
1 -0.0474954 -0.949227
1 -0.0473965 -0.900682
1 -0.0472962 -0.851452
1 -0.0471973 -0.802888
1 -0.0470969 -0.753608
1 -0.0469979 -0.704964
1 -0.0468986 -0.656259
1 -0.0467979 -0.606788
1 -0.0466983 -0.557911
1 -0.0465972 -0.508236
1 -0.0464971 -0.459126
1 -0.0463954 -0.409182
1 -0.0462948 -0.359775
1 -0.0461938 -0.310197
1 -0.046091 -0.259729
1 -0.0459892 -0.209757
1 -0.0458855 -0.158855
1 -0.0457828 -0.108421
1 -0.0456781 -0.0570147
1 -0.0455743 -0.00604771
1 -0.0952018 -0.998344
1 -0.0950012 -0.949092
1 -0.0948034 -0.900536
1 -0.0946028 -0.851295
1 -0.094405 -0.802721
1 -0.0942042 -0.75343
1 -0.094006 -0.704777
1 -0.0938075 -0.656061
1 -0.093606 -0.60658
1 -0.0934068 -0.557693
1 -0.0932044 -0.508007
1 -0.0930043 -0.458887
1 -0.0928009 -0.408933
1 -0.0925996 -0.359516
1 -0.0923976 -0.309928
1 -0.0921919 -0.25945
1 -0.0919883 -0.209468
1 -0.0917809 -0.158556
1 -0.0915754 -0.108111
1 -0.091366 -0.0566952
1 -0.0911583 -0.0057182
1 -0.142836 -0.998135
1 -0.142535 -0.948865
1 -0.142238 -0.900293
1 -0.141937 -0.851034
1 -0.14164 -0.802443
1 -0.141338 -0.753135
1 -0.141041 -0.704464
1 -0.140743 -0.655731
1 -0.140441 -0.606233
1 -0.140142 -0.557329
1 -0.139838 -0.507627
1 -0.139538 -0.45849
1 -0.139232 -0.408518
1 -0.13893 -0.359085
1 -0.138627 -0.30948
1 -0.138318 -0.258985
1 -0.138013 -0.208986
1 -0.137702 -0.158057
1 -0.137393 -0.107596
1 -0.137079 -0.0561625
1 -0.136767 -0.00516878
1 -0.190511 -0.997843
1 -0.190109 -0.948548
1 -0.189713 -0.899951
1 -0.189311 -0.850668
1 -0.188915 -0.802053
1 -0.188513 -0.75272
1 -0.188116 -0.704026
1 -0.187719 -0.655269
1 -0.187315 -0.605747
1 -0.186916 -0.55682
1 -0.186511 -0.507093
1 -0.18611 -0.457932
1 -0.185703 -0.407937
1 -0.185299 -0.35848
1 -0.184895 -0.308852
1 -0.184483 -0.258333
1 -0.184075 -0.208311
1 -0.18366 -0.157358
1 -0.183249 -0.106873
1 -0.182829 -0.0554163
1 -0.182413 -0.00439907
1 -0.238242 -0.997466
1 -0.237739 -0.94814
1 -0.237243 -0.899512
1 -0.236741 -0.850197
1 -0.236245 -0.801551
1 -0.235742 -0.752187
1 -0.235245 -0.703462
1 -0.234748 -0.654675
1 -0.234243 -0.605122
1 -0.233744 -0.556164
1 -0.233236 -0.506406
1 -0.232735 -0.457215
1 -0.232225 -0.407189
1 -0.23172 -0.357702
1 -0.231214 -0.308044
1 -0.230699 -0.257494
1 -0.230189 -0.207442
1 -0.229669 -0.156458
1 -0.229154 -0.105943
1 -0.228629 -0.0544559
1 -0.228109 -0.00340854
1 -0.286042 -0.997006
1 -0.285438 -0.94764
1 -0.284843 -0.898974
1 -0.284239 -0.849621
1 -0.283643 -0.800937
1 -0.283038 -0.751535
1 -0.282441 -0.702772
1 -0.281844 -0.653947
1 -0.281237 -0.604356
1 -0.280637 -0.555361
1 -0.280028 -0.505566
1 -0.279425 -0.456338
1 -0.278812 -0.406274
1 -0.278206 -0.35675
1 -0.277598 -0.307055
1 -0.276979 -0.256468
1 -0.276366 -0.206378
1 -0.275741 -0.155357
1 -0.275123 -0.104806
1 -0.274492 -0.0532808
1 -0.273867 -0.00219649
1 -0.333926 -0.996461
1 -0.33322 -0.947049
1 -0.332524 -0.898338
1 -0.331818 -0.848939
1 -0.331122 -0.80021
1 -0.330416 -0.750763
1 -0.329718 -0.701955
1 -0.32902 -0.653086
1 -0.328311 -0.60345
1 -0.32761 -0.554411
1 -0.326898 -0.504571
1 -0.326194 -0.455299
1 -0.325478 -0.405191
1 -0.32477 -0.355623
1 -0.324059 -0.305884
1 -0.323336 -0.255253
1 -0.32262 -0.20512
1 -0.32189 -0.154055
1 -0.321167 -0.103459
1 -0.32043 -0.0518901
1 -0.3197 -0.000762083
1 -0.381908 -0.995831
1 -0.381099 -0.946366
1 -0.380303 -0.897602
1 -0.379495 -0.848151
1 -0.378697 -0.79937
1 -0.377888 -0.74987
1 -0.37709 -0.701012
1 -0.376291 -0.652091
1 -0.375479 -0.602404
1 -0.374676 -0.553313
1 -0.373861 -0.503422
1 -0.373055 -0.454099
1 -0.372235 -0.40394
1 -0.371425 -0.354321
1 -0.370611 -0.304531
1 -0.369783 -0.253849
1 -0.368963 -0.203665
1 -0.368127 -0.152549
1 -0.3673 -0.101903
1 -0.366456 -0.0502828
1 -0.36562 0.000895691
1 -0.430001 -0.995115
1 -0.42909 -0.94559
1 -0.428192 -0.896767
1 -0.427281 -0.847256
1 -0.426382 -0.798416
1 -0.42547 -0.748857
1 -0.42457 -0.69994
1 -0.423669 -0.650961
1 -0.422754 -0.601215
1 -0.421849 -0.552067
1 -0.42093 -0.502116
1 -0.420022 -0.452736
1 -0.419098 -0.402518
1 -0.418184 -0.352842
1 -0.417267 -0.302995
1 -0.416333 -0.252255
1 -0.415408 -0.202014
1 -0.414467 -0.150839
1 -0.413534 -0.100136
1 -0.412583 -0.0484578
1 -0.41164 0.00277799
1 -0.478221 -0.994314
1 -0.477207 -0.944721
1 -0.476206 -0.895832
1 -0.475192 -0.846253
1 -0.474191 -0.797348
1 -0.473175 -0.747722
1 -0.472173 -0.69874
1 -0.471169 -0.649696
1 -0.47015 -0.599883
1 -0.469143 -0.55067
1 -0.468119 -0.500655
1 -0.467107 -0.45121
1 -0.466078 -0.400927
1 -0.465061 -0.351186
1 -0.464039 -0.301275
1 -0.463 -0.250469
1 -0.46197 -0.200164
1 -0.460922 -0.148925
1 -0.459883 -0.0981572
1 -0.458824 -0.0464138
1 -0.457774 0.00488614
1 -0.526582 -0.993426
1 -0.525463 -0.943758
1 -0.52436 -0.894795
1 -0.523241 -0.845143
1 -0.522137 -0.796164
1 -0.521017 -0.746465
1 -0.519912 -0.69741
1 -0.518805 -0.648294
1 -0.517681 -0.598408
1 -0.51657 -0.549123
1 -0.515442 -0.499035
1 -0.514326 -0.449518
1 -0.513191 -0.399163
1 -0.512069 -0.349351
1 -0.510942 -0.299369
1 -0.509796 -0.248491
1 -0.508661 -0.198115
1 -0.507505 -0.146803
1 -0.506359 -0.0959648
1 -0.505191 -0.0441494
1 -0.504034 0.00722162
1 -0.575099 -0.992451
1 -0.573875 -0.942701
1 -0.572668 -0.893657
1 -0.571444 -0.843923
1 -0.570236 -0.794864
1 -0.569011 -0.745084
1 -0.567802 -0.695949
1 -0.566591 -0.646754
1 -0.565361 -0.596788
1 -0.564146 -0.547424
1 -0.562912 -0.497256
1 -0.561691 -0.447661
1 -0.56045 -0.397226
1 -0.559222 -0.347336
1 -0.55799 -0.297276
1 -0.556736 -0.246319
1 -0.555494 -0.195864
1 -0.554229 -0.144474
1 -0.552976 -0.0935575
1 -0.551699 -0.041663
1 -0.550433 0.00978608
1 -0.623786 -0.991388
1 -0.622456 -0.941548
1 -0.621144 -0.892416
1 -0.619814 -0.842593
1 -0.618502 -0.793447
1 -0.617171 -0.743578
1 -0.615857 -0.694357
1 -0.614541 -0.645075
1 -0.613205 -0.595022
1 -0.611885 -0.545573
1 -0.610543 -0.495317
1 -0.609217 -0.445637
1 -0.607868 -0.395115
1 -0.606534 -0.34514
1 -0.605196 -0.294994
1 -0.603833 -0.243951
1 -0.602484 -0.193412
1 -0.601109 -0.141935
1 -0.599748 -0.0909335
1 -0.59836 -0.0389528
1 -0.596985 0.0125814
1 -0.67266 -0.990236
1 -0.671222 -0.940299
1 -0.669805 -0.891072
1 -0.668368 -0.841152
1 -0.66695 -0.791912
1 -0.665512 -0.741947
1 -0.664092 -0.692632
1 -0.66267 -0.643257
1 -0.661227 -0.593109
1 -0.6598 -0.543566
1 -0.658351 -0.493217
1 -0.656918 -0.443444
1 -0.655461 -0.392828
1 -0.654019 -0.342761
1 -0.652573 -0.292523
1 -0.651101 -0.241386
1 -0.649643 -0.190754
1 -0.648159 -0.139184
1 -0.646688 -0.0880909
1 -0.645189 -0.0360168
1 -0.643702 0.0156094
1 -0.721734 -0.988995
1 -0.720188 -0.938953
1 -0.718664 -0.889623
1 -0.717119 -0.839599
1 -0.715595 -0.790257
1 -0.714048 -0.74019
1 -0.712521 -0.690773
1 -0.710993 -0.641297
1 -0.709441 -0.591047
1 -0.707907 -0.541404
1 -0.706349 -0.490953
1 -0.704808 -0.44108
1 -0.703242 -0.390364
1 -0.701692 -0.340197
1 -0.700137 -0.289859
1 -0.698554 -0.238622
1 -0.696987 -0.187891
1 -0.695391 -0.13622
1 -0.693809 -0.0850276
1 -0.692198 -0.032853
1 -0.6906 0.0188724
1 -0.771025 -0.987663
1 -0.76937 -0.937509
1 -0.767738 -0.888068
1 -0.766083 -0.837934
1 -0.764451 -0.788482
1 -0.762795 -0.738304
1 -0.761161 -0.688779
1 -0.759524 -0.639194
1 -0.757862 -0.588835
1 -0.756221 -0.539084
1 -0.754552 -0.488525
1 -0.752903 -0.438545
1 -0.751225 -0.38772
1 -0.749566 -0.337446
1 -0.747901 -0.287002
1 -0.746207 -0.235656
1 -0.744529 -0.184819
1 -0.74282 -0.13304
1 -0.741127 -0.0817416
1 -0.739402 -0.0294591
1 -0.737691 0.0223728
1 -0.820548 -0.98624
1 -0.818782 -0.935965
1 -0.817042 -0.886407
1 -0.815277 -0.836153
1 -0.813536 -0.786584
1 -0.811769 -0.736289
1 -0.810025 -0.686647
1 -0.80828 -0.636947
1 -0.806507 -0.586471
1 -0.804755 -0.536606
1 -0.802975 -0.485929
1 -0.801216 -0.435835
1 -0.799426 -0.384894
1 -0.797657 -0.334506
1 -0.795881 -0.283948
1 -0.794073 -0.232487
1 -0.792284 -0.181536
1 -0.790461 -0.129643
1 -0.788655 -0.0782302
1 -0.786815 -0.0258325
1 -0.78499 0.026113
1 -0.870321 -0.984724
1 -0.868443 -0.934321
1 -0.866592 -0.884638
1 -0.864715 -0.834257
1 -0.862863 -0.784564
1 -0.860985 -0.734142
1 -0.859131 -0.684377
1 -0.857274 -0.634554
1 -0.855389 -0.583954
1 -0.853527 -0.533966
1 -0.851634 -0.483166
1 -0.849763 -0.432949
1 -0.847861 -0.381885
1 -0.845979 -0.331376
1 -0.844091 -0.280696
1 -0.842169 -0.229113
1 -0.840266 -0.178041
1 -0.838328 -0.126025
1 -0.836408 -0.0744911
1 -0.834451 -0.0219708
1 -0.832511 0.0300957
1 -0.920358 -0.983114
1 -0.918367 -0.932576
1 -0.916404 -0.882759
1 -0.914414 -0.832243
1 -0.91245 -0.782418
1 -0.910458 -0.731863
1 -0.908492 -0.681967
1 -0.906524 -0.632013
1 -0.904525 -0.581281
1 -0.90255 -0.531162
1 -0.900544 -0.480231
1 -0.89856 -0.429885
1 -0.896543 -0.37869
1 -0.894547 -0.328052
1 -0.892545 -0.277244
1 -0.890508 -0.22553
1 -0.88849 -0.17433
1 -0.886436 -0.122183
1 -0.8844 -0.0705215
1 -0.882326 -0.017871
1 -0.880269 0.0343239
1 -0.970678 -0.981409
1 -0.968571 -0.930727
1 -0.966495 -0.880769
1 -0.96439 -0.830111
1 -0.962313 -0.780146
1 -0.960206 -0.729449
1 -0.958127 -0.679415
1 -0.956045 -0.629322
1 -0.953931 -0.57845
1 -0.951842 -0.528194
1 -0.94972 -0.477124
1 -0.947622 -0.426641
1 -0.945489 -0.375308
1 -0.943378 -0.324533
1 -0.941261 -0.273589
1 -0.939106 -0.221737
1 -0.936973 -0.1704
1 -0.9348 -0.118116
1 -0.932647 -0.0663183
1 -0.930453 -0.0135301
1 -0.928278 0.0388006
1 -0.999179 -0.473841
1 -0.996965 -0.423214
1 -0.994714 -0.371734
1 -0.992487 -0.320815
1 -0.990253 -0.269727
1 -0.987979 -0.217729
1 -0.985728 -0.16625
1 -0.983436 -0.11382
1 -0.981164 -0.0618786
1 -0.978849 -0.0089449
1 -0.976555 0.0435293
