ply
format ascii 1.0
element vertex 6992
property float x
property float y
property float z
end_header
0.965042 0.949938 1
0.911442 0.949938 1
0.858136 0.949938 1
0.80436 0.949938 1
0.751589 0.949938 1
0.698319 0.949938 1
0.64601 0.949938 1
0.593173 0.949938 1
0.541256 0.949938 1
0.489509 0.949938 1
0.437189 0.949938 1
0.385732 0.949938 1
0.333672 0.949938 1
0.28244 0.949938 1
0.230574 0.949938 1
0.179501 0.949938 1
0.128483 0.949938 1
0.0767866 0.949938 1
0.0258321 0.949938 1
-0.0258321 0.949938 1
-0.0767866 0.949938 1
-0.128483 0.949938 1
-0.179501 0.949938 1
-0.230574 0.949938 1
-0.28244 0.949938 1
-0.333672 0.949938 1
-0.385732 0.949938 1
-0.437189 0.949938 1
-0.489509 0.949938 1
-0.541256 0.949938 1
-0.593173 0.949938 1
-0.64601 0.949938 1
-0.698319 0.949938 1
-0.751589 0.949938 1
-0.80436 0.949938 1
-0.858136 0.949938 1
-0.911442 0.949938 1
-0.965042 0.949938 1
0.96231 0.89823 1
0.908862 0.89823 1
0.855707 0.89823 1
0.802083 0.89823 1
0.749461 0.89823 1
0.696342 0.89823 1
0.644181 0.89823 1
0.591493 0.89823 1
0.539724 0.89823 1
0.488123 0.89823 1
0.435951 0.89823 1
0.38464 0.89823 1
0.332728 0.89823 1
0.28164 0.89823 1
0.229922 0.89823 1
0.178993 0.89823 1
0.128119 0.89823 1
0.0765692 0.89823 1
0.025759 0.89823 1
-0.025759 0.89823 1
-0.0765692 0.89823 1
-0.128119 0.89823 1
-0.178993 0.89823 1
-0.229922 0.89823 1
-0.28164 0.89823 1
-0.332728 0.89823 1
-0.38464 0.89823 1
-0.435951 0.89823 1
-0.488123 0.89823 1
-0.539724 0.89823 1
-0.591493 0.89823 1
-0.644181 0.89823 1
-0.696342 0.89823 1
-0.749461 0.89823 1
-0.802083 0.89823 1
-0.855707 0.89823 1
-0.908862 0.89823 1
-0.96231 0.89823 1
0.959738 0.846806 1
0.906432 0.846806 1
0.853419 0.846806 1
0.799939 0.846806 1
0.747458 0.846806 1
0.69448 0.846806 1
0.642459 0.846806 1
0.589912 0.846806 1
0.538281 0.846806 1
0.486819 0.846806 1
0.434786 0.846806 1
0.383612 0.846806 1
0.331838 0.846806 1
0.280887 0.846806 1
0.229307 0.846806 1
0.178514 0.846806 1
0.127777 0.846806 1
0.0763646 0.846806 1
0.0256901 0.846806 1
-0.0256901 0.846806 1
-0.0763646 0.846806 1
-0.127777 0.846806 1
-0.178514 0.846806 1
-0.229307 0.846806 1
-0.280887 0.846806 1
-0.331838 0.846806 1
-0.383612 0.846806 1
-0.434786 0.846806 1
-0.486819 0.846806 1
-0.538281 0.846806 1
-0.589912 0.846806 1
-0.642459 0.846806 1
-0.69448 0.846806 1
-0.747458 0.846806 1
-0.799939 0.846806 1
-0.853419 0.846806 1
-0.906432 0.846806 1
-0.959738 0.846806 1
0.957323 0.795649 1
0.904152 0.795649 1
0.851272 0.795649 1
0.797926 0.795649 1
0.745577 0.795649 1
0.692733 0.795649 1
0.640843 0.795649 1
0.588428 0.795649 1
0.536927 0.795649 1
0.485594 0.795649 1
0.433692 0.795649 1
0.382646 0.795649 1
0.331003 0.795649 1
0.28018 0.795649 1
0.22873 0.795649 1
0.178065 0.795649 1
0.127455 0.795649 1
0.0761724 0.795649 1
0.0256255 0.795649 1
-0.0256255 0.795649 1
-0.0761724 0.795649 1
-0.127455 0.795649 1
-0.178065 0.795649 1
-0.22873 0.795649 1
-0.28018 0.795649 1
-0.331003 0.795649 1
-0.382646 0.795649 1
-0.433692 0.795649 1
-0.485594 0.795649 1
-0.536927 0.795649 1
-0.588428 0.795649 1
-0.640843 0.795649 1
-0.692733 0.795649 1
-0.745577 0.795649 1
-0.797926 0.795649 1
-0.851272 0.795649 1
-0.904152 0.795649 1
-0.957323 0.795649 1
0.955063 0.744742 1
0.902018 0.744742 1
0.849263 0.744742 1
0.796043 0.744742 1
0.743818 0.744742 1
0.691098 0.744742 1
0.63933 0.744742 1
0.587039 0.744742 1
0.53566 0.744742 1
0.484448 0.744742 1
0.432668 0.744742 1
0.381743 0.744742 1
0.330222 0.744742 1
0.279519 0.744742 1
0.22819 0.744742 1
0.177645 0.744742 1
0.127154 0.744742 1
0.0759926 0.744742 1
0.025565 0.744742 1
-0.025565 0.744742 1
-0.0759926 0.744742 1
-0.127154 0.744742 1
-0.177645 0.744742 1
-0.22819 0.744742 1
-0.279519 0.744742 1
-0.330222 0.744742 1
-0.381743 0.744742 1
-0.432668 0.744742 1
-0.484448 0.744742 1
-0.53566 0.744742 1
-0.587039 0.744742 1
-0.63933 0.744742 1
-0.691098 0.744742 1
-0.743818 0.744742 1
-0.796043 0.744742 1
-0.849263 0.744742 1
-0.902018 0.744742 1
-0.955063 0.744742 1
0.952958 0.694066 1
0.900029 0.694066 1
0.847391 0.694066 1
0.794288 0.694066 1
0.742178 0.694066 1
0.689574 0.694066 1
0.637921 0.694066 1
0.585745 0.694066 1
0.534479 0.694066 1
0.48338 0.694066 1
0.431714 0.694066 1
0.380902 0.694066 1
0.329494 0.694066 1
0.278903 0.694066 1
0.227687 0.694066 1
0.177253 0.694066 1
0.126874 0.694066 1
0.0758251 0.694066 1
0.0255086 0.694066 1
-0.0255086 0.694066 1
-0.0758251 0.694066 1
-0.126874 0.694066 1
-0.177253 0.694066 1
-0.227687 0.694066 1
-0.278903 0.694066 1
-0.329494 0.694066 1
-0.380902 0.694066 1
-0.431714 0.694066 1
-0.48338 0.694066 1
-0.534479 0.694066 1
-0.585745 0.694066 1
-0.637921 0.694066 1
-0.689574 0.694066 1
-0.742178 0.694066 1
-0.794288 0.694066 1
-0.847391 0.694066 1
-0.900029 0.694066 1
-0.952958 0.694066 1
0.951005 0.643605 1
0.898184 0.643605 1
0.845654 0.643605 1
0.79266 0.643605 1
0.740656 0.643605 1
0.688161 0.643605 1
0.636613 0.643605 1
0.584544 0.643605 1
0.533383 0.643605 1
0.482389 0.643605 1
0.430829 0.643605 1
0.380121 0.643605 1
0.328819 0.643605 1
0.278331 0.643605 1
0.22722 0.643605 1
0.17689 0.643605 1
0.126614 0.643605 1
0.0756697 0.643605 1
0.0254563 0.643605 1
-0.0254563 0.643605 1
-0.0756697 0.643605 1
-0.126614 0.643605 1
-0.17689 0.643605 1
-0.22722 0.643605 1
-0.278331 0.643605 1
-0.328819 0.643605 1
-0.380121 0.643605 1
-0.430829 0.643605 1
-0.482389 0.643605 1
-0.533383 0.643605 1
-0.584544 0.643605 1
-0.636613 0.643605 1
-0.688161 0.643605 1
-0.740656 0.643605 1
-0.79266 0.643605 1
-0.845654 0.643605 1
-0.898184 0.643605 1
-0.951005 0.643605 1
0.949202 0.593344 1
0.896482 0.593344 1
0.844051 0.593344 1
0.791157 0.593344 1
0.739252 0.593344 1
0.686856 0.593344 1
0.635407 0.593344 1
0.583436 0.593344 1
0.532372 0.593344 1
0.481474 0.593344 1
0.430013 0.593344 1
0.3794 0.593344 1
0.328195 0.593344 1
0.277804 0.593344 1
0.22679 0.593344 1
0.176555 0.593344 1
0.126374 0.593344 1
0.0755262 0.593344 1
0.0254081 0.593344 1
-0.0254081 0.593344 1
-0.0755262 0.593344 1
-0.126374 0.593344 1
-0.176555 0.593344 1
-0.22679 0.593344 1
-0.277804 0.593344 1
-0.328195 0.593344 1
-0.3794 0.593344 1
-0.430013 0.593344 1
-0.481474 0.593344 1
-0.532372 0.593344 1
-0.583436 0.593344 1
-0.635407 0.593344 1
-0.686856 0.593344 1
-0.739252 0.593344 1
-0.791157 0.593344 1
-0.844051 0.593344 1
-0.896482 0.593344 1
-0.949202 0.593344 1
0.947548 0.543265 1
0.89492 0.543265 1
0.84258 0.543265 1
0.789779 0.543265 1
0.737965 0.543265 1
0.68566 0.543265 1
0.6343 0.543265 1
0.58242 0.543265 1
0.531445 0.543265 1
0.480636 0.543265 1
0.429264 0.543265 1
0.37874 0.543265 1
0.327624 0.543265 1
0.27732 0.543265 1
0.226395 0.543265 1
0.176247 0.543265 1
0.126154 0.543265 1
0.0753947 0.543265 1
0.0253638 0.543265 1
-0.0253638 0.543265 1
-0.0753947 0.543265 1
-0.126154 0.543265 1
-0.176247 0.543265 1
-0.226395 0.543265 1
-0.27732 0.543265 1
-0.327624 0.543265 1
-0.37874 0.543265 1
-0.429264 0.543265 1
-0.480636 0.543265 1
-0.531445 0.543265 1
-0.58242 0.543265 1
-0.6343 0.543265 1
-0.68566 0.543265 1
-0.737965 0.543265 1
-0.789779 0.543265 1
-0.84258 0.543265 1
-0.89492 0.543265 1
-0.947548 0.543265 1
0.999641 0.493353 1
0.946043 0.493353 1
0.893498 0.493353 1
0.841241 0.493353 1
0.788524 0.493353 1
0.736792 0.493353 1
0.68457 0.493353 1
0.633292 0.493353 1
0.581495 0.493353 1
0.5306 0.493353 1
0.479872 0.493353 1
0.428582 0.493353 1
0.378138 0.493353 1
0.327103 0.493353 1
0.276879 0.493353 1
0.226035 0.493353 1
0.175967 0.493353 1
0.125953 0.493353 1
0.0752749 0.493353 1
0.0253235 0.493353 1
-0.0253235 0.493353 1
-0.0752749 0.493353 1
-0.125953 0.493353 1
-0.175967 0.493353 1
-0.226035 0.493353 1
-0.276879 0.493353 1
-0.327103 0.493353 1
-0.378138 0.493353 1
-0.428582 0.493353 1
-0.479872 0.493353 1
-0.5306 0.493353 1
-0.581495 0.493353 1
-0.633292 0.493353 1
-0.68457 0.493353 1
-0.736792 0.493353 1
-0.788524 0.493353 1
-0.841241 0.493353 1
-0.893498 0.493353 1
-0.946043 0.493353 1
-0.999641 0.493353 1
0.998205 0.443592 1
0.944684 0.443592 1
0.892215 0.443592 1
0.840033 0.443592 1
0.787392 0.443592 1
0.735734 0.443592 1
0.683587 0.443592 1
0.632382 0.443592 1
0.580659 0.443592 1
0.529838 0.443592 1
0.479183 0.443592 1
0.427966 0.443592 1
0.377595 0.443592 1
0.326633 0.443592 1
0.276481 0.443592 1
0.22571 0.443592 1
0.175714 0.443592 1
0.125773 0.443592 1
0.0751668 0.443592 1
0.0252871 0.443592 1
-0.0252871 0.443592 1
-0.0751668 0.443592 1
-0.125773 0.443592 1
-0.175714 0.443592 1
-0.22571 0.443592 1
-0.276481 0.443592 1
-0.326633 0.443592 1
-0.377595 0.443592 1
-0.427966 0.443592 1
-0.479183 0.443592 1
-0.529838 0.443592 1
-0.580659 0.443592 1
-0.632382 0.443592 1
-0.683587 0.443592 1
-0.735734 0.443592 1
-0.787392 0.443592 1
-0.840033 0.443592 1
-0.892215 0.443592 1
-0.944684 0.443592 1
-0.998205 0.443592 1
0.996923 0.393966 1
0.943471 0.393966 1
0.891069 0.393966 1
0.838955 0.393966 1
0.786381 0.393966 1
0.734789 0.393966 1
0.68271 0.393966 1
0.63157 0.393966 1
0.579914 0.393966 1
0.529158 0.393966 1
0.478568 0.393966 1
0.427417 0.393966 1
0.37711 0.393966 1
0.326214 0.393966 1
0.276126 0.393966 1
0.225421 0.393966 1
0.175489 0.393966 1
0.125611 0.393966 1
0.0750703 0.393966 1
0.0252547 0.393966 1
-0.0252547 0.393966 1
-0.0750703 0.393966 1
-0.125611 0.393966 1
-0.175489 0.393966 1
-0.225421 0.393966 1
-0.276126 0.393966 1
-0.326214 0.393966 1
-0.37711 0.393966 1
-0.427417 0.393966 1
-0.478568 0.393966 1
-0.529158 0.393966 1
-0.579914 0.393966 1
-0.63157 0.393966 1
-0.68271 0.393966 1
-0.734789 0.393966 1
-0.786381 0.393966 1
-0.838955 0.393966 1
-0.891069 0.393966 1
-0.943471 0.393966 1
-0.996923 0.393966 1
0.995795 0.344459 1
0.942403 0.344459 1
0.890061 0.344459 1
0.838005 0.344459 1
0.78549 0.344459 1
0.733958 0.344459 1
0.681937 0.344459 1
0.630855 0.344459 1
0.579257 0.344459 1
0.528559 0.344459 1
0.478026 0.344459 1
0.426933 0.344459 1
0.376683 0.344459 1
0.325845 0.344459 1
0.275814 0.344459 1
0.225165 0.344459 1
0.17529 0.344459 1
0.125469 0.344459 1
0.0749853 0.344459 1
0.0252261 0.344459 1
-0.0252261 0.344459 1
-0.0749853 0.344459 1
-0.125469 0.344459 1
-0.17529 0.344459 1
-0.225165 0.344459 1
-0.275814 0.344459 1
-0.325845 0.344459 1
-0.376683 0.344459 1
-0.426933 0.344459 1
-0.478026 0.344459 1
-0.528559 0.344459 1
-0.579257 0.344459 1
-0.630855 0.344459 1
-0.681937 0.344459 1
-0.733958 0.344459 1
-0.78549 0.344459 1
-0.838005 0.344459 1
-0.890061 0.344459 1
-0.942403 0.344459 1
-0.995795 0.344459 1
0.994818 0.295058 1
0.941479 0.295058 1
0.889188 0.295058 1
0.837183 0.295058 1
0.78472 0.295058 1
0.733238 0.295058 1
0.681268 0.295058 1
0.630237 0.295058 1
0.578689 0.295058 1
0.528041 0.295058 1
0.477557 0.295058 1
0.426514 0.295058 1
0.376314 0.295058 1
0.325525 0.295058 1
0.275543 0.295058 1
0.224945 0.295058 1
0.175118 0.295058 1
0.125346 0.295058 1
0.0749118 0.295058 1
0.0252014 0.295058 1
-0.0252014 0.295058 1
-0.0749118 0.295058 1
-0.125346 0.295058 1
-0.175118 0.295058 1
-0.224945 0.295058 1
-0.275543 0.295058 1
-0.325525 0.295058 1
-0.376314 0.295058 1
-0.426514 0.295058 1
-0.477557 0.295058 1
-0.528041 0.295058 1
-0.578689 0.295058 1
-0.630237 0.295058 1
-0.681268 0.295058 1
-0.733238 0.295058 1
-0.78472 0.295058 1
-0.837183 0.295058 1
-0.889188 0.295058 1
-0.941479 0.295058 1
-0.994818 0.295058 1
0.993993 0.245745 1
0.940698 0.245745 1
0.888451 0.245745 1
0.836489 0.245745 1
0.78407 0.245745 1
0.73263 0.245745 1
0.680703 0.245745 1
0.629714 0.245745 1
0.57821 0.245745 1
0.527603 0.245745 1
0.477161 0.245745 1
0.42616 0.245745 1
0.376002 0.245745 1
0.325255 0.245745 1
0.275315 0.245745 1
0.224758 0.245745 1
0.174973 0.245745 1
0.125242 0.245745 1
0.0748496 0.245745 1
0.0251805 0.245745 1
-0.0251805 0.245745 1
-0.0748496 0.245745 1
-0.125242 0.245745 1
-0.174973 0.245745 1
-0.224758 0.245745 1
-0.275315 0.245745 1
-0.325255 0.245745 1
-0.376002 0.245745 1
-0.42616 0.245745 1
-0.477161 0.245745 1
-0.527603 0.245745 1
-0.57821 0.245745 1
-0.629714 0.245745 1
-0.680703 0.245745 1
-0.73263 0.245745 1
-0.78407 0.245745 1
-0.836489 0.245745 1
-0.888451 0.245745 1
-0.940698 0.245745 1
-0.993993 0.245745 1
0.993319 0.196507 1
0.94006 0.196507 1
0.887848 0.196507 1
0.835922 0.196507 1
0.783538 0.196507 1
0.732133 0.196507 1
0.680241 0.196507 1
0.629287 0.196507 1
0.577817 0.196507 1
0.527245 0.196507 1
0.476837 0.196507 1
0.425871 0.196507 1
0.375747 0.196507 1
0.325035 0.196507 1
0.275128 0.196507 1
0.224606 0.196507 1
0.174854 0.196507 1
0.125157 0.196507 1
0.0747989 0.196507 1
0.0251634 0.196507 1
-0.0251634 0.196507 1
-0.0747989 0.196507 1
-0.125157 0.196507 1
-0.174854 0.196507 1
-0.224606 0.196507 1
-0.275128 0.196507 1
-0.325035 0.196507 1
-0.375747 0.196507 1
-0.425871 0.196507 1
-0.476837 0.196507 1
-0.527245 0.196507 1
-0.577817 0.196507 1
-0.629287 0.196507 1
-0.680241 0.196507 1
-0.732133 0.196507 1
-0.783538 0.196507 1
-0.835922 0.196507 1
-0.887848 0.196507 1
-0.94006 0.196507 1
-0.993319 0.196507 1
0.992796 0.147329 1
0.939565 0.147329 1
0.88738 0.147329 1
0.835481 0.147329 1
0.783125 0.147329 1
0.731747 0.147329 1
0.679883 0.147329 1
0.628955 0.147329 1
0.577513 0.147329 1
0.526967 0.147329 1
0.476586 0.147329 1
0.425647 0.147329 1
0.375549 0.147329 1
0.324863 0.147329 1
0.274983 0.147329 1
0.224487 0.147329 1
0.174762 0.147329 1
0.125091 0.147329 1
0.0747594 0.147329 1
0.0251501 0.147329 1
-0.0251501 0.147329 1
-0.0747594 0.147329 1
-0.125091 0.147329 1
-0.174762 0.147329 1
-0.224487 0.147329 1
-0.274983 0.147329 1
-0.324863 0.147329 1
-0.375549 0.147329 1
-0.425647 0.147329 1
-0.476586 0.147329 1
-0.526967 0.147329 1
-0.577513 0.147329 1
-0.628955 0.147329 1
-0.679883 0.147329 1
-0.731747 0.147329 1
-0.783125 0.147329 1
-0.835481 0.147329 1
-0.88738 0.147329 1
-0.939565 0.147329 1
-0.992796 0.147329 1
0.992422 0.0981945 1
0.939211 0.0981945 1
0.887046 0.0981945 1
0.835166 0.0981945 1
0.78283 0.0981945 1
0.731471 0.0981945 1
0.679627 0.0981945 1
0.628719 0.0981945 1
0.577295 0.0981945 1
0.526769 0.0981945 1
0.476407 0.0981945 1
0.425487 0.0981945 1
0.375407 0.0981945 1
0.324741 0.0981945 1
0.27488 0.0981945 1
0.224403 0.0981945 1
0.174696 0.0981945 1
0.125044 0.0981945 1
0.0747313 0.0981945 1
0.0251406 0.0981945 1
-0.0251406 0.0981945 1
-0.0747313 0.0981945 1
-0.125044 0.0981945 1
-0.174696 0.0981945 1
-0.224403 0.0981945 1
-0.27488 0.0981945 1
-0.324741 0.0981945 1
-0.375407 0.0981945 1
-0.425487 0.0981945 1
-0.476407 0.0981945 1
-0.526769 0.0981945 1
-0.577295 0.0981945 1
-0.628719 0.0981945 1
-0.679627 0.0981945 1
-0.731471 0.0981945 1
-0.78283 0.0981945 1
-0.835166 0.0981945 1
-0.887046 0.0981945 1
-0.939211 0.0981945 1
-0.992422 0.0981945 1
0.992198 0.0490898 1
0.938999 0.0490898 1
0.886845 0.0490898 1
0.834978 0.0490898 1
0.782653 0.0490898 1
0.731306 0.0490898 1
0.679473 0.0490898 1
0.628577 0.0490898 1
0.577165 0.0490898 1
0.52665 0.0490898 1
0.476299 0.0490898 1
0.425391 0.0490898 1
0.375322 0.0490898 1
0.324668 0.0490898 1
0.274818 0.0490898 1
0.224352 0.0490898 1
0.174657 0.0490898 1
0.125016 0.0490898 1
0.0747144 0.0490898 1
0.025135 0.0490898 1
-0.025135 0.0490898 1
-0.0747144 0.0490898 1
-0.125016 0.0490898 1
-0.174657 0.0490898 1
-0.224352 0.0490898 1
-0.274818 0.0490898 1
-0.324668 0.0490898 1
-0.375322 0.0490898 1
-0.425391 0.0490898 1
-0.476299 0.0490898 1
-0.52665 0.0490898 1
-0.577165 0.0490898 1
-0.628577 0.0490898 1
-0.679473 0.0490898 1
-0.731306 0.0490898 1
-0.782653 0.0490898 1
-0.834978 0.0490898 1
-0.886845 0.0490898 1
-0.938999 0.0490898 1
-0.992198 0.0490898 1
0.992123 4.89859e-16 1
0.938928 4.89859e-16 1
0.886779 4.89859e-16 1
0.834915 4.89859e-16 1
0.782594 4.89859e-16 1
0.731251 4.89859e-16 1
0.679422 4.89859e-16 1
0.628529 4.89859e-16 1
0.577121 4.89859e-16 1
0.52661 4.89859e-16 1
0.476263 4.89859e-16 1
0.425358 4.89859e-16 1
0.375294 4.89859e-16 1
0.324643 4.89859e-16 1
0.274797 4.89859e-16 1
0.224335 4.89859e-16 1
0.174644 4.89859e-16 1
0.125006 4.89859e-16 1
0.0747088 4.89859e-16 1
0.0251331 4.89859e-16 1
-0.0251331 4.89859e-16 1
-0.0747088 4.89859e-16 1
-0.125006 4.89859e-16 1
-0.174644 4.89859e-16 1
-0.224335 4.89859e-16 1
-0.274797 4.89859e-16 1
-0.324643 4.89859e-16 1
-0.375294 4.89859e-16 1
-0.425358 4.89859e-16 1
-0.476263 4.89859e-16 1
-0.52661 4.89859e-16 1
-0.577121 4.89859e-16 1
-0.628529 4.89859e-16 1
-0.679422 4.89859e-16 1
-0.731251 4.89859e-16 1
-0.782594 4.89859e-16 1
-0.834915 4.89859e-16 1
-0.886779 4.89859e-16 1
-0.938928 4.89859e-16 1
-0.992123 4.89859e-16 1
0.992198 -0.0490898 1
0.938999 -0.0490898 1
0.886845 -0.0490898 1
0.834978 -0.0490898 1
0.782653 -0.0490898 1
0.731306 -0.0490898 1
0.679473 -0.0490898 1
0.628577 -0.0490898 1
0.577165 -0.0490898 1
0.52665 -0.0490898 1
0.476299 -0.0490898 1
0.425391 -0.0490898 1
0.375322 -0.0490898 1
0.324668 -0.0490898 1
0.274818 -0.0490898 1
0.224352 -0.0490898 1
0.174657 -0.0490898 1
0.125016 -0.0490898 1
0.0747144 -0.0490898 1
0.025135 -0.0490898 1
-0.025135 -0.0490898 1
-0.0747144 -0.0490898 1
-0.125016 -0.0490898 1
-0.174657 -0.0490898 1
-0.224352 -0.0490898 1
-0.274818 -0.0490898 1
-0.324668 -0.0490898 1
-0.375322 -0.0490898 1
-0.425391 -0.0490898 1
-0.476299 -0.0490898 1
-0.52665 -0.0490898 1
-0.577165 -0.0490898 1
-0.628577 -0.0490898 1
-0.679473 -0.0490898 1
-0.731306 -0.0490898 1
-0.782653 -0.0490898 1
-0.834978 -0.0490898 1
-0.886845 -0.0490898 1
-0.938999 -0.0490898 1
-0.992198 -0.0490898 1
0.992422 -0.0981945 1
0.939211 -0.0981945 1
0.887046 -0.0981945 1
0.835166 -0.0981945 1
0.78283 -0.0981945 1
0.731471 -0.0981945 1
0.679627 -0.0981945 1
0.628719 -0.0981945 1
0.577295 -0.0981945 1
0.526769 -0.0981945 1
0.476407 -0.0981945 1
0.425487 -0.0981945 1
0.375407 -0.0981945 1
0.324741 -0.0981945 1
0.27488 -0.0981945 1
0.224403 -0.0981945 1
0.174696 -0.0981945 1
0.125044 -0.0981945 1
0.0747313 -0.0981945 1
0.0251406 -0.0981945 1
-0.0251406 -0.0981945 1
-0.0747313 -0.0981945 1
-0.125044 -0.0981945 1
-0.174696 -0.0981945 1
-0.224403 -0.0981945 1
-0.27488 -0.0981945 1
-0.324741 -0.0981945 1
-0.375407 -0.0981945 1
-0.425487 -0.0981945 1
-0.476407 -0.0981945 1
-0.526769 -0.0981945 1
-0.577295 -0.0981945 1
-0.628719 -0.0981945 1
-0.679627 -0.0981945 1
-0.731471 -0.0981945 1
-0.78283 -0.0981945 1
-0.835166 -0.0981945 1
-0.887046 -0.0981945 1
-0.939211 -0.0981945 1
-0.992422 -0.0981945 1
0.992796 -0.147329 1
0.939565 -0.147329 1
0.88738 -0.147329 1
0.835481 -0.147329 1
0.783125 -0.147329 1
0.731747 -0.147329 1
0.679883 -0.147329 1
0.628955 -0.147329 1
0.577513 -0.147329 1
0.526967 -0.147329 1
0.476586 -0.147329 1
0.425647 -0.147329 1
0.375549 -0.147329 1
0.324863 -0.147329 1
0.274983 -0.147329 1
0.224487 -0.147329 1
0.174762 -0.147329 1
0.125091 -0.147329 1
0.0747594 -0.147329 1
0.0251501 -0.147329 1
-0.0251501 -0.147329 1
-0.0747594 -0.147329 1
-0.125091 -0.147329 1
-0.174762 -0.147329 1
-0.224487 -0.147329 1
-0.274983 -0.147329 1
-0.324863 -0.147329 1
-0.375549 -0.147329 1
-0.425647 -0.147329 1
-0.476586 -0.147329 1
-0.526967 -0.147329 1
-0.577513 -0.147329 1
-0.628955 -0.147329 1
-0.679883 -0.147329 1
-0.731747 -0.147329 1
-0.783125 -0.147329 1
-0.835481 -0.147329 1
-0.88738 -0.147329 1
-0.939565 -0.147329 1
-0.992796 -0.147329 1
0.993319 -0.196507 1
0.94006 -0.196507 1
0.887848 -0.196507 1
0.835922 -0.196507 1
0.783538 -0.196507 1
0.732133 -0.196507 1
0.680241 -0.196507 1
0.629287 -0.196507 1
0.577817 -0.196507 1
0.527245 -0.196507 1
0.476837 -0.196507 1
0.425871 -0.196507 1
0.375747 -0.196507 1
0.325035 -0.196507 1
0.275128 -0.196507 1
0.224606 -0.196507 1
0.174854 -0.196507 1
0.125157 -0.196507 1
0.0747989 -0.196507 1
0.0251634 -0.196507 1
-0.0251634 -0.196507 1
-0.0747989 -0.196507 1
-0.125157 -0.196507 1
-0.174854 -0.196507 1
-0.224606 -0.196507 1
-0.275128 -0.196507 1
-0.325035 -0.196507 1
-0.375747 -0.196507 1
-0.425871 -0.196507 1
-0.476837 -0.196507 1
-0.527245 -0.196507 1
-0.577817 -0.196507 1
-0.629287 -0.196507 1
-0.680241 -0.196507 1
-0.732133 -0.196507 1
-0.783538 -0.196507 1
-0.835922 -0.196507 1
-0.887848 -0.196507 1
-0.94006 -0.196507 1
-0.993319 -0.196507 1
0.993993 -0.245745 1
0.940698 -0.245745 1
0.888451 -0.245745 1
0.836489 -0.245745 1
0.78407 -0.245745 1
0.73263 -0.245745 1
0.680703 -0.245745 1
0.629714 -0.245745 1
0.57821 -0.245745 1
0.527603 -0.245745 1
0.477161 -0.245745 1
0.42616 -0.245745 1
0.376002 -0.245745 1
0.325255 -0.245745 1
0.275315 -0.245745 1
0.224758 -0.245745 1
0.174973 -0.245745 1
0.125242 -0.245745 1
0.0748496 -0.245745 1
0.0251805 -0.245745 1
-0.0251805 -0.245745 1
-0.0748496 -0.245745 1
-0.125242 -0.245745 1
-0.174973 -0.245745 1
-0.224758 -0.245745 1
-0.275315 -0.245745 1
-0.325255 -0.245745 1
-0.376002 -0.245745 1
-0.42616 -0.245745 1
-0.477161 -0.245745 1
-0.527603 -0.245745 1
-0.57821 -0.245745 1
-0.629714 -0.245745 1
-0.680703 -0.245745 1
-0.73263 -0.245745 1
-0.78407 -0.245745 1
-0.836489 -0.245745 1
-0.888451 -0.245745 1
-0.940698 -0.245745 1
-0.993993 -0.245745 1
0.994818 -0.295058 1
0.941479 -0.295058 1
0.889188 -0.295058 1
0.837183 -0.295058 1
0.78472 -0.295058 1
0.733238 -0.295058 1
0.681268 -0.295058 1
0.630237 -0.295058 1
0.578689 -0.295058 1
0.528041 -0.295058 1
0.477557 -0.295058 1
0.426514 -0.295058 1
0.376314 -0.295058 1
0.325525 -0.295058 1
0.275543 -0.295058 1
0.224945 -0.295058 1
0.175118 -0.295058 1
0.125346 -0.295058 1
0.0749118 -0.295058 1
0.0252014 -0.295058 1
-0.0252014 -0.295058 1
-0.0749118 -0.295058 1
-0.125346 -0.295058 1
-0.175118 -0.295058 1
-0.224945 -0.295058 1
-0.275543 -0.295058 1
-0.325525 -0.295058 1
-0.376314 -0.295058 1
-0.426514 -0.295058 1
-0.477557 -0.295058 1
-0.528041 -0.295058 1
-0.578689 -0.295058 1
-0.630237 -0.295058 1
-0.681268 -0.295058 1
-0.733238 -0.295058 1
-0.78472 -0.295058 1
-0.837183 -0.295058 1
-0.889188 -0.295058 1
-0.941479 -0.295058 1
-0.994818 -0.295058 1
0.995795 -0.344459 1
0.942403 -0.344459 1
0.890061 -0.344459 1
0.838005 -0.344459 1
0.78549 -0.344459 1
0.733958 -0.344459 1
0.681937 -0.344459 1
0.630855 -0.344459 1
0.579257 -0.344459 1
0.528559 -0.344459 1
0.478026 -0.344459 1
0.426933 -0.344459 1
0.376683 -0.344459 1
0.325845 -0.344459 1
0.275814 -0.344459 1
0.225165 -0.344459 1
0.17529 -0.344459 1
0.125469 -0.344459 1
0.0749853 -0.344459 1
0.0252261 -0.344459 1
-0.0252261 -0.344459 1
-0.0749853 -0.344459 1
-0.125469 -0.344459 1
-0.17529 -0.344459 1
-0.225165 -0.344459 1
-0.275814 -0.344459 1
-0.325845 -0.344459 1
-0.376683 -0.344459 1
-0.426933 -0.344459 1
-0.478026 -0.344459 1
-0.528559 -0.344459 1
-0.579257 -0.344459 1
-0.630855 -0.344459 1
-0.681937 -0.344459 1
-0.733958 -0.344459 1
-0.78549 -0.344459 1
-0.838005 -0.344459 1
-0.890061 -0.344459 1
-0.942403 -0.344459 1
-0.995795 -0.344459 1
0.996923 -0.393966 1
0.943471 -0.393966 1
0.891069 -0.393966 1
0.838955 -0.393966 1
0.786381 -0.393966 1
0.734789 -0.393966 1
0.68271 -0.393966 1
0.63157 -0.393966 1
0.579914 -0.393966 1
0.529158 -0.393966 1
0.478568 -0.393966 1
0.427417 -0.393966 1
0.37711 -0.393966 1
0.326214 -0.393966 1
0.276126 -0.393966 1
0.225421 -0.393966 1
0.175489 -0.393966 1
0.125611 -0.393966 1
0.0750703 -0.393966 1
0.0252547 -0.393966 1
-0.0252547 -0.393966 1
-0.0750703 -0.393966 1
-0.125611 -0.393966 1
-0.175489 -0.393966 1
-0.225421 -0.393966 1
-0.276126 -0.393966 1
-0.326214 -0.393966 1
-0.37711 -0.393966 1
-0.427417 -0.393966 1
-0.478568 -0.393966 1
-0.529158 -0.393966 1
-0.579914 -0.393966 1
-0.63157 -0.393966 1
-0.68271 -0.393966 1
-0.734789 -0.393966 1
-0.786381 -0.393966 1
-0.838955 -0.393966 1
-0.891069 -0.393966 1
-0.943471 -0.393966 1
-0.996923 -0.393966 1
0.998205 -0.443592 1
0.944684 -0.443592 1
0.892215 -0.443592 1
0.840033 -0.443592 1
0.787392 -0.443592 1
0.735734 -0.443592 1
0.683587 -0.443592 1
0.632382 -0.443592 1
0.580659 -0.443592 1
0.529838 -0.443592 1
0.479183 -0.443592 1
0.427966 -0.443592 1
0.377595 -0.443592 1
0.326633 -0.443592 1
0.276481 -0.443592 1
0.22571 -0.443592 1
0.175714 -0.443592 1
0.125773 -0.443592 1
0.0751668 -0.443592 1
0.0252871 -0.443592 1
-0.0252871 -0.443592 1
-0.0751668 -0.443592 1
-0.125773 -0.443592 1
-0.175714 -0.443592 1
-0.22571 -0.443592 1
-0.276481 -0.443592 1
-0.326633 -0.443592 1
-0.377595 -0.443592 1
-0.427966 -0.443592 1
-0.479183 -0.443592 1
-0.529838 -0.443592 1
-0.580659 -0.443592 1
-0.632382 -0.443592 1
-0.683587 -0.443592 1
-0.735734 -0.443592 1
-0.787392 -0.443592 1
-0.840033 -0.443592 1
-0.892215 -0.443592 1
-0.944684 -0.443592 1
-0.998205 -0.443592 1
0.999641 -0.493353 1
0.946043 -0.493353 1
0.893498 -0.493353 1
0.841241 -0.493353 1
0.788524 -0.493353 1
0.736792 -0.493353 1
0.68457 -0.493353 1
0.633292 -0.493353 1
0.581495 -0.493353 1
0.5306 -0.493353 1
0.479872 -0.493353 1
0.428582 -0.493353 1
0.378138 -0.493353 1
0.327103 -0.493353 1
0.276879 -0.493353 1
0.226035 -0.493353 1
0.175967 -0.493353 1
0.125953 -0.493353 1
0.0752749 -0.493353 1
0.0253235 -0.493353 1
-0.0253235 -0.493353 1
-0.0752749 -0.493353 1
-0.125953 -0.493353 1
-0.175967 -0.493353 1
-0.226035 -0.493353 1
-0.276879 -0.493353 1
-0.327103 -0.493353 1
-0.378138 -0.493353 1
-0.428582 -0.493353 1
-0.479872 -0.493353 1
-0.5306 -0.493353 1
-0.581495 -0.493353 1
-0.633292 -0.493353 1
-0.68457 -0.493353 1
-0.736792 -0.493353 1
-0.788524 -0.493353 1
-0.841241 -0.493353 1
-0.893498 -0.493353 1
-0.946043 -0.493353 1
-0.999641 -0.493353 1
0.947548 -0.543265 1
0.89492 -0.543265 1
0.84258 -0.543265 1
0.789779 -0.543265 1
0.737965 -0.543265 1
0.68566 -0.543265 1
0.6343 -0.543265 1
0.58242 -0.543265 1
0.531445 -0.543265 1
0.480636 -0.543265 1
0.429264 -0.543265 1
0.37874 -0.543265 1
0.327624 -0.543265 1
0.27732 -0.543265 1
0.226395 -0.543265 1
0.176247 -0.543265 1
0.126154 -0.543265 1
0.0753947 -0.543265 1
0.0253638 -0.543265 1
-0.0253638 -0.543265 1
-0.0753947 -0.543265 1
-0.126154 -0.543265 1
-0.176247 -0.543265 1
-0.226395 -0.543265 1
-0.27732 -0.543265 1
-0.327624 -0.543265 1
-0.37874 -0.543265 1
-0.429264 -0.543265 1
-0.480636 -0.543265 1
-0.531445 -0.543265 1
-0.58242 -0.543265 1
-0.6343 -0.543265 1
-0.68566 -0.543265 1
-0.737965 -0.543265 1
-0.789779 -0.543265 1
-0.84258 -0.543265 1
-0.89492 -0.543265 1
-0.947548 -0.543265 1
0.949202 -0.593344 1
0.896482 -0.593344 1
0.844051 -0.593344 1
0.791157 -0.593344 1
0.739252 -0.593344 1
0.686856 -0.593344 1
0.635407 -0.593344 1
0.583436 -0.593344 1
0.532372 -0.593344 1
0.481474 -0.593344 1
0.430013 -0.593344 1
0.3794 -0.593344 1
0.328195 -0.593344 1
0.277804 -0.593344 1
0.22679 -0.593344 1
0.176555 -0.593344 1
0.126374 -0.593344 1
0.0755262 -0.593344 1
0.0254081 -0.593344 1
-0.0254081 -0.593344 1
-0.0755262 -0.593344 1
-0.126374 -0.593344 1
-0.176555 -0.593344 1
-0.22679 -0.593344 1
-0.277804 -0.593344 1
-0.328195 -0.593344 1
-0.3794 -0.593344 1
-0.430013 -0.593344 1
-0.481474 -0.593344 1
-0.532372 -0.593344 1
-0.583436 -0.593344 1
-0.635407 -0.593344 1
-0.686856 -0.593344 1
-0.739252 -0.593344 1
-0.791157 -0.593344 1
-0.844051 -0.593344 1
-0.896482 -0.593344 1
-0.949202 -0.593344 1
0.951005 -0.643605 1
0.898184 -0.643605 1
0.845654 -0.643605 1
0.79266 -0.643605 1
0.740656 -0.643605 1
0.688161 -0.643605 1
0.636613 -0.643605 1
0.584544 -0.643605 1
0.533383 -0.643605 1
0.482389 -0.643605 1
0.430829 -0.643605 1
0.380121 -0.643605 1
0.328819 -0.643605 1
0.278331 -0.643605 1
0.22722 -0.643605 1
0.17689 -0.643605 1
0.126614 -0.643605 1
0.0756697 -0.643605 1
0.0254563 -0.643605 1
-0.0254563 -0.643605 1
-0.0756697 -0.643605 1
-0.126614 -0.643605 1
-0.17689 -0.643605 1
-0.22722 -0.643605 1
-0.278331 -0.643605 1
-0.328819 -0.643605 1
-0.380121 -0.643605 1
-0.430829 -0.643605 1
-0.482389 -0.643605 1
-0.533383 -0.643605 1
-0.584544 -0.643605 1
-0.636613 -0.643605 1
-0.688161 -0.643605 1
-0.740656 -0.643605 1
-0.79266 -0.643605 1
-0.845654 -0.643605 1
-0.898184 -0.643605 1
-0.951005 -0.643605 1
0.952958 -0.694066 1
0.900029 -0.694066 1
0.847391 -0.694066 1
0.794288 -0.694066 1
0.742178 -0.694066 1
0.689574 -0.694066 1
0.637921 -0.694066 1
0.585745 -0.694066 1
0.534479 -0.694066 1
0.48338 -0.694066 1
0.431714 -0.694066 1
0.380902 -0.694066 1
0.329494 -0.694066 1
0.278903 -0.694066 1
0.227687 -0.694066 1
0.177253 -0.694066 1
0.126874 -0.694066 1
0.0758251 -0.694066 1
0.0255086 -0.694066 1
-0.0255086 -0.694066 1
-0.0758251 -0.694066 1
-0.126874 -0.694066 1
-0.177253 -0.694066 1
-0.227687 -0.694066 1
-0.278903 -0.694066 1
-0.329494 -0.694066 1
-0.380902 -0.694066 1
-0.431714 -0.694066 1
-0.48338 -0.694066 1
-0.534479 -0.694066 1
-0.585745 -0.694066 1
-0.637921 -0.694066 1
-0.689574 -0.694066 1
-0.742178 -0.694066 1
-0.794288 -0.694066 1
-0.847391 -0.694066 1
-0.900029 -0.694066 1
-0.952958 -0.694066 1
0.955063 -0.744742 1
0.902018 -0.744742 1
0.849263 -0.744742 1
0.796043 -0.744742 1
0.743818 -0.744742 1
0.691098 -0.744742 1
0.63933 -0.744742 1
0.587039 -0.744742 1
0.53566 -0.744742 1
0.484448 -0.744742 1
0.432668 -0.744742 1
0.381743 -0.744742 1
0.330222 -0.744742 1
0.279519 -0.744742 1
0.22819 -0.744742 1
0.177645 -0.744742 1
0.127154 -0.744742 1
0.0759926 -0.744742 1
0.025565 -0.744742 1
-0.025565 -0.744742 1
-0.0759926 -0.744742 1
-0.127154 -0.744742 1
-0.177645 -0.744742 1
-0.22819 -0.744742 1
-0.279519 -0.744742 1
-0.330222 -0.744742 1
-0.381743 -0.744742 1
-0.432668 -0.744742 1
-0.484448 -0.744742 1
-0.53566 -0.744742 1
-0.587039 -0.744742 1
-0.63933 -0.744742 1
-0.691098 -0.744742 1
-0.743818 -0.744742 1
-0.796043 -0.744742 1
-0.849263 -0.744742 1
-0.902018 -0.744742 1
-0.955063 -0.744742 1
0.957323 -0.795649 1
0.904152 -0.795649 1
0.851272 -0.795649 1
0.797926 -0.795649 1
0.745577 -0.795649 1
0.692733 -0.795649 1
0.640843 -0.795649 1
0.588428 -0.795649 1
0.536927 -0.795649 1
0.485594 -0.795649 1
0.433692 -0.795649 1
0.382646 -0.795649 1
0.331003 -0.795649 1
0.28018 -0.795649 1
0.22873 -0.795649 1
0.178065 -0.795649 1
0.127455 -0.795649 1
0.0761724 -0.795649 1
0.0256255 -0.795649 1
-0.0256255 -0.795649 1
-0.0761724 -0.795649 1
-0.127455 -0.795649 1
-0.178065 -0.795649 1
-0.22873 -0.795649 1
-0.28018 -0.795649 1
-0.331003 -0.795649 1
-0.382646 -0.795649 1
-0.433692 -0.795649 1
-0.485594 -0.795649 1
-0.536927 -0.795649 1
-0.588428 -0.795649 1
-0.640843 -0.795649 1
-0.692733 -0.795649 1
-0.745577 -0.795649 1
-0.797926 -0.795649 1
-0.851272 -0.795649 1
-0.904152 -0.795649 1
-0.957323 -0.795649 1
0.959738 -0.846806 1
0.906432 -0.846806 1
0.853419 -0.846806 1
0.799939 -0.846806 1
0.747458 -0.846806 1
0.69448 -0.846806 1
0.642459 -0.846806 1
0.589912 -0.846806 1
0.538281 -0.846806 1
0.486819 -0.846806 1
0.434786 -0.846806 1
0.383612 -0.846806 1
0.331838 -0.846806 1
0.280887 -0.846806 1
0.229307 -0.846806 1
0.178514 -0.846806 1
0.127777 -0.846806 1
0.0763646 -0.846806 1
0.0256901 -0.846806 1
-0.0256901 -0.846806 1
-0.0763646 -0.846806 1
-0.127777 -0.846806 1
-0.178514 -0.846806 1
-0.229307 -0.846806 1
-0.280887 -0.846806 1
-0.331838 -0.846806 1
-0.383612 -0.846806 1
-0.434786 -0.846806 1
-0.486819 -0.846806 1
-0.538281 -0.846806 1
-0.589912 -0.846806 1
-0.642459 -0.846806 1
-0.69448 -0.846806 1
-0.747458 -0.846806 1
-0.799939 -0.846806 1
-0.853419 -0.846806 1
-0.906432 -0.846806 1
-0.959738 -0.846806 1
0.96231 -0.89823 1
0.908862 -0.89823 1
0.855707 -0.89823 1
0.802083 -0.89823 1
0.749461 -0.89823 1
0.696342 -0.89823 1
0.644181 -0.89823 1
0.591493 -0.89823 1
0.539724 -0.89823 1
0.488123 -0.89823 1
0.435951 -0.89823 1
0.38464 -0.89823 1
0.332728 -0.89823 1
0.28164 -0.89823 1
0.229922 -0.89823 1
0.178993 -0.89823 1
0.128119 -0.89823 1
0.0765692 -0.89823 1
0.025759 -0.89823 1
-0.025759 -0.89823 1
-0.0765692 -0.89823 1
-0.128119 -0.89823 1
-0.178993 -0.89823 1
-0.229922 -0.89823 1
-0.28164 -0.89823 1
-0.332728 -0.89823 1
-0.38464 -0.89823 1
-0.435951 -0.89823 1
-0.488123 -0.89823 1
-0.539724 -0.89823 1
-0.591493 -0.89823 1
-0.644181 -0.89823 1
-0.696342 -0.89823 1
-0.749461 -0.89823 1
-0.802083 -0.89823 1
-0.855707 -0.89823 1
-0.908862 -0.89823 1
-0.96231 -0.89823 1
0.965042 -0.949938 1
0.911442 -0.949938 1
0.858136 -0.949938 1
0.80436 -0.949938 1
0.751589 -0.949938 1
0.698319 -0.949938 1
0.64601 -0.949938 1
0.593173 -0.949938 1
0.541256 -0.949938 1
0.489509 -0.949938 1
0.437189 -0.949938 1
0.385732 -0.949938 1
0.333672 -0.949938 1
0.28244 -0.949938 1
0.230574 -0.949938 1
0.179501 -0.949938 1
0.128483 -0.949938 1
0.0767866 -0.949938 1
0.0258321 -0.949938 1
-0.0258321 -0.949938 1
-0.0767866 -0.949938 1
-0.128483 -0.949938 1
-0.179501 -0.949938 1
-0.230574 -0.949938 1
-0.28244 -0.949938 1
-0.333672 -0.949938 1
-0.385732 -0.949938 1
-0.437189 -0.949938 1
-0.489509 -0.949938 1
-0.541256 -0.949938 1
-0.593173 -0.949938 1
-0.64601 -0.949938 1
-0.698319 -0.949938 1
-0.751589 -0.949938 1
-0.80436 -0.949938 1
-0.858136 -0.949938 1
-0.911442 -0.949938 1
-0.965042 -0.949938 1
0.222818 0.970612 1
0.171934 0.975199 1
0.12036 0.979848 1
0.0695126 0.984432 1
0.0179427 0.98908 1
-0.0329328 0.993667 1
-0.0845631 0.998321 1
0.218242 0.922826 1
0.167477 0.927175 1
0.116023 0.931583 1
0.065296 0.935929 1
0.0138495 0.940336 1
-0.036903 0.944685 1
-0.0884071 0.949097 1
-0.139248 0.953453 1
-0.190156 0.957814 1
-0.241867 0.962244 1
-0.29296 0.966621 1
-0.34489 0.97107 1
-0.396232 0.975469 1
-0.448448 0.979942 1
-0.500105 0.984368 1
-0.551944 0.988809 1
-0.604717 0.99333 1
-0.656974 0.997807 1
0.213909 0.875275 1
0.163255 0.879389 1
0.111916 0.883559 1
0.0613027 0.88767 1
0.00997306 0.891839 1
-0.0406628 0.895952 1
-0.0920473 0.900126 1
-0.142769 0.904246 1
-0.193557 0.908371 1
-0.245143 0.912561 1
-0.296112 0.916701 1
-0.347916 0.920909 1
-0.399131 0.925069 1
-0.451217 0.929299 1
-0.502744 0.933485 1
-0.554451 0.937685 1
-0.607088 0.94196 1
-0.659209 0.946193 1
-0.712301 0.950506 1
-0.764908 0.954779 1
-0.818529 0.959134 1
-0.871693 0.963452 1
-0.925163 0.967795 1
-0.979718 0.972227 1
0.209814 0.827946 1
0.159266 0.831828 1
0.108035 0.835763 1
0.0575299 0.839642 1
0.00631082 0.843575 1
-0.0442148 0.847456 1
-0.0954862 0.851394 1
-0.146095 0.855281 1
-0.196769 0.859173 1
-0.248238 0.863126 1
-0.29909 0.867031 1
-0.350774 0.871001 1
-0.401869 0.874925 1
-0.453832 0.878916 1
-0.505236 0.882864 1
-0.556819 0.886826 1
-0.609327 0.890858 1
-0.66132 0.894852 1
-0.714281 0.898919 1
-0.766756 0.902949 1
-0.820241 0.907057 1
-0.87327 0.91113 1
-0.926602 0.915226 1
-0.981015 0.919405 1
0.205956 0.780825 1
0.155507 0.784478 1
0.104379 0.78818 1
0.053975 0.79183 1
0.00286021 0.795531 1
-0.0475614 0.799182 1
-0.0987263 0.802886 1
-0.149229 0.806543 1
-0.199795 0.810204 1
-0.251154 0.813923 1
-0.301896 0.817597 1
-0.353466 0.821331 1
-0.404448 0.825022 1
-0.456295 0.828776 1
-0.507584 0.83249 1
-0.559049 0.836216 1
-0.611437 0.84001 1
-0.663309 0.843766 1
-0.716146 0.847591 1
-0.768496 0.851382 1
-0.821853 0.855245 1
-0.874754 0.859075 1
-0.927957 0.862928 1
-0.982236 0.866858 1
0.202332 0.733901 1
0.151976 0.737327 1
0.100944 0.740799 1
0.0506357 0.744221 1
-0.000381094 0.747692 1
-0.050705 0.751116 1
-0.10177 0.75459 1
-0.152172 0.758019 1
-0.202637 0.761452 1
-0.253893 0.764939 1
-0.304531 0.768384 1
-0.355995 0.771885 1
-0.406871 0.775346 1
-0.458609 0.778866 1
-0.509788 0.782348 1
-0.561143 0.785842 1
-0.613418 0.789398 1
-0.665177 0.792919 1
-0.717897 0.796506 1
-0.77013 0.800059 1
-0.823368 0.803681 1
-0.876149 0.807272 1
-0.929229 0.810883 1
-0.983382 0.814567 1
0.198938 0.68716 1
0.148671 0.690361 1
0.0977283 0.693605 1
0.0475097 0.696803 1
-0.0034153 0.700046 1
-0.0536477 0.703244 1
-0.104619 0.70649 1
-0.154927 0.709694 1
-0.205298 0.712901 1
-0.256456 0.716159 1
-0.306998 0.719378 1
-0.358362 0.722648 1
-0.409139 0.725882 1
-0.460775 0.72917 1
-0.511852 0.732422 1
-0.563103 0.735686 1
-0.615272 0.739008 1
-0.666925 0.742297 1
-0.719535 0.745648 1
-0.77166 0.748967 1
-0.824785 0.75235 1
-0.877453 0.755704 1
-0.930419 0.759077 1
-0.984455 0.762517 1
0.195774 0.64059 1
0.145589 0.643568 1
0.0947299 0.646587 1
0.0445949 0.649562 1
-0.00624445 0.652579 1
-0.0563915 0.655555 1
-0.107275 0.658575 1
-0.157496 0.661555 1
-0.207778 0.664539 1
-0.258846 0.66757 1
-0.309297 0.670564 1
-0.360569 0.673607 1
-0.411253 0.676615 1
-0.462793 0.679674 1
-0.513776 0.682699 1
-0.564931 0.685735 1
-0.617 0.688825 1
-0.668554 0.691885 1
-0.721063 0.695001 1
-0.773085 0.698088 1
-0.826106 0.701235 1
-0.878669 0.704354 1
-0.931529 0.707491 1
-0.985455 0.710691 1
0.192837 0.594179 1
0.142728 0.596937 1
0.0919468 0.599731 1
0.0418894 0.602486 1
-0.00887045 0.605279 1
-0.0589382 0.608035 1
-0.10974 0.61083 1
-0.159881 0.61359 1
-0.210081 0.616352 1
-0.261064 0.619158 1
-0.311431 0.62193 1
-0.362616 0.624747 1
-0.413214 0.627531 1
-0.464667 0.630363 1
-0.515561 0.633163 1
-0.566626 0.635974 1
-0.618604 0.638834 1
-0.670066 0.641666 1
-0.72248 0.64455 1
-0.774408 0.647408 1
-0.827332 0.650321 1
-0.879798 0.653208 1
-0.932559 0.656111 1
-0.986383 0.659073 1
0.190125 0.547915 1
0.140086 0.550454 1
0.089377 0.553026 1
0.0393913 0.555562 1
-0.011295 0.558134 1
-0.0612895 0.56067 1
-0.112016 0.563244 1
-0.162082 0.565784 1
-0.212206 0.568327 1
-0.263112 0.57091 1
-0.313401 0.573461 1
-0.364507 0.576054 1
-0.415026 0.578617 1
-0.466396 0.581223 1
-0.517209 0.583801 1
-0.568192 0.586388 1
-0.620084 0.58902 1
-0.671462 0.591627 1
-0.723789 0.594282 1
-0.77563 0.596912 1
-0.828463 0.599592 1
-0.880839 0.602249 1
-0.933509 0.604921 1
-0.98724 0.607647 1
0.187637 0.501786 1
0.137662 0.504108 1
0.0870189 0.50646 1
0.037099 0.508779 1
-0.0135198 0.51113 1
-0.0634471 0.513449 1
-0.114105 0.515803 1
-0.164102 0.518125 1
-0.214156 0.52045 1
-0.264991 0.522812 1
-0.315209 0.525144 1
-0.366242 0.527515 1
-0.416687 0.529858 1
-0.467983 0.532241 1
-0.518721 0.534598 1
-0.569628 0.536963 1
-0.621443 0.539369 1
-0.672742 0.541752 1
-0.724989 0.544179 1
-0.77675 0.546584 1
-0.829501 0.549034 1
-0.881795 0.551463 1
-0.934381 0.553906 1
-0.988025 0.556398 1
0.18537 0.45578 1
0.135454 0.457886 1
0.084871 0.46002 1
0.0350111 0.462123 1
-0.0155463 0.464256 1
-0.0654123 0.466359 1
-0.116007 0.468494 1
-0.165941 0.4706 1
-0.215933 0.472709 1
-0.266702 0.474851 1
-0.316856 0.476966 1
-0.367822 0.479116 1
-0.418201 0.481242 1
-0.469428 0.483403 1
-0.520098 0.48554 1
-0.570936 0.487685 1
-0.62268 0.489867 1
-0.673908 0.492028 1
-0.726082 0.494229 1
-0.77777 0.49641 1
-0.830446 0.498632 1
-0.882665 0.500835 1
-0.935175 0.50305 1
-0.988741 0.505309 1
0.183323 0.409886 1
0.13346 0.411778 1
0.0829317 0.413694 1
0.033126 0.415583 1
-0.0173758 0.417499 1
-0.0671864 0.419388 1
-0.117725 0.421305 1
-0.167602 0.423197 1
-0.217536 0.425091 1
-0.268247 0.427014 1
-0.318342 0.428914 1
-0.369248 0.430845 1
-0.419567 0.432754 1
-0.470733 0.434694 1
-0.521341 0.436614 1
-0.572117 0.43854 1
-0.623796 0.4405 1
-0.674961 0.442441 1
-0.727069 0.444417 1
-0.778691 0.446375 1
-0.831299 0.44837 1
-0.88345 0.450348 1
-0.935891 0.452338 1
-0.989386 0.454367 1
0.181495 0.364093 1
0.13168 0.365771 1
0.0812 0.367471 1
0.0314427 0.369147 1
-0.0190095 0.370847 1
-0.0687707 0.372523 1
-0.119258 0.374224 1
-0.169085 0.375902 1
-0.218968 0.377583 1
-0.269627 0.379289 1
-0.319669 0.380975 1
-0.370521 0.382688 1
-0.420787 0.384381 1
-0.471898 0.386103 1
-0.522451 0.387806 1
-0.573171 0.389514 1
-0.624793 0.391253 1
-0.675901 0.392975 1
-0.72795 0.394728 1
-0.779513 0.396465 1
-0.832061 0.398235 1
-0.884152 0.39999 1
-0.936531 0.401755 1
-0.989963 0.403555 1
0.179885 0.318388 1
0.130112 0.319854 1
0.0796746 0.321339 1
0.02996 0.322804 1
-0.0204486 0.324288 1
-0.0701662 0.325753 1
-0.120609 0.327238 1
-0.170392 0.328705 1
-0.22023 0.330172 1
-0.270842 0.331663 1
-0.320838 0.333136 1
-0.371643 0.334632 1
-0.421861 0.336111 1
-0.472924 0.337615 1
-0.523428 0.339103 1
-0.5741 0.340595 1
-0.625671 0.342114 1
-0.676728 0.343618 1
-0.728726 0.345149 1
-0.780237 0.346666 1
-0.832732 0.348212 1
-0.884769 0.349745 1
-0.937095 0.351286 1
-0.990471 0.352858 1
0.178492 0.27276 1
0.128754 0.274015 1
0.0783546 0.275287 1
0.0286769 0.27654 1
-0.0216938 0.277811 1
-0.0713737 0.279064 1
-0.121778 0.280336 1
-0.171522 0.281591 1
-0.221321 0.282847 1
-0.271893 0.284123 1
-0.32185 0.285383 1
-0.372614 0.286664 1
-0.422791 0.28793 1
-0.473812 0.289217 1
-0.524274 0.29049 1
-0.574903 0.291768 1
-0.626431 0.293068 1
-0.677444 0.294355 1
-0.729397 0.295665 1
-0.780864 0.296964 1
-0.833312 0.298287 1
-0.885303 0.299599 1
-0.937582 0.300918 1
-0.99091 0.302263 1
0.177315 0.227199 1
0.127608 0.228244 1
0.0772391 0.229302 1
0.0275926 0.230345 1
-0.0227461 0.231403 1
-0.0723941 0.232446 1
-0.122766 0.233505 1
-0.172477 0.234549 1
-0.222243 0.235595 1
-0.272782 0.236657 1
-0.322704 0.237706 1
-0.373434 0.238772 1
-0.423577 0.239826 1
-0.474562 0.240897 1
-0.524989 0.241956 1
-0.575582 0.24302 1
-0.627073 0.244102 1
-0.67805 0.245173 1
-0.729965 0.246264 1
-0.781393 0.247344 1
-0.833803 0.248445 1
-0.885755 0.249537 1
-0.937994 0.250635 1
-0.991281 0.251754 1
0.176352 0.181693 1
0.12667 0.182528 1
0.0763274 0.183374 1
0.0267064 0.184208 1
-0.0236062 0.185053 1
-0.0732281 0.185887 1
-0.123573 0.186733 1
-0.173258 0.187568 1
-0.222997 0.188403 1
-0.273508 0.189252 1
-0.323403 0.19009 1
-0.374104 0.190942 1
-0.424219 0.191784 1
-0.475175 0.192641 1
-0.525573 0.193487 1
-0.576137 0.194337 1
-0.627598 0.195202 1
-0.678544 0.196058 1
-0.730428 0.196929 1
-0.781826 0.197793 1
-0.834203 0.198673 1
-0.886124 0.199546 1
-0.938331 0.200423 1
-0.991584 0.201318 1
0.175604 0.136232 1
0.125942 0.136857 1
0.0756189 0.137491 1
0.0260177 0.138116 1
-0.0242745 0.13875 1
-0.0738762 0.139374 1
-0.1242 0.140008 1
-0.173864 0.140634 1
-0.223583 0.14126 1
-0.274072 0.141896 1
-0.323946 0.142525 1
-0.374625 0.143163 1
-0.424718 0.143794 1
-0.475651 0.144436 1
-0.526027 0.14507 1
-0.576568 0.145707 1
-0.628006 0.146355 1
-0.678928 0.146996 1
-0.730788 0.14765 1
-0.782162 0.148297 1
-0.834515 0.148956 1
-0.88641 0.14961 1
-0.938592 0.150267 1
-0.99182 0.150938 1
0.175071 0.0908027 1
0.125422 0.0912196 1
0.0751132 0.091642 1
0.0255262 0.0920583 1
-0.0247516 0.0924805 1
-0.0743389 0.0928968 1
-0.124648 0.0933192 1
-0.174298 0.0937361 1
-0.224001 0.0941534 1
-0.274475 0.0945772 1
-0.324333 0.0949958 1
-0.374997 0.0954212 1
-0.425074 0.0958416 1
-0.475991 0.0962691 1
-0.526351 0.0966919 1
-0.576875 0.0971162 1
-0.628297 0.0975479 1
-0.679203 0.0979753 1
-0.731046 0.0984106 1
-0.782402 0.0988418 1
-0.834737 0.0992812 1
-0.886615 0.0997168 1
-0.938779 0.100155 1
-0.991988 0.100601 1
0.17475 0.0453959 1
0.12511 0.0456042 1
0.0748099 0.0458154 1
0.0252313 0.0460235 1
-0.0250377 0.0462345 1
-0.0746163 0.0464426 1
-0.124917 0.0466537 1
-0.174557 0.0468621 1
-0.224251 0.0470706 1
-0.274716 0.0472825 1
-0.324566 0.0474917 1
-0.37522 0.0477043 1
-0.425287 0.0479145 1
-0.476195 0.0481282 1
-0.526545 0.0483395 1
-0.57706 0.0485515 1
-0.628471 0.0487673 1
-0.679367 0.048981 1
-0.7312 0.0491985 1
-0.782546 0.0494141 1
-0.834871 0.0496337 1
-0.886738 0.0498514 1
-0.938891 0.0500703 1
-0.992089 0.0502936 1
0.174644 4.53002e-16 1
0.125006 4.55081e-16 1
0.0747088 4.57187e-16 1
0.0251331 4.59264e-16 1
-0.0251331 4.61369e-16 1
-0.0747088 4.63446e-16 1
-0.125006 4.65553e-16 1
-0.174644 4.67632e-16 1
-0.224335 4.69713e-16 1
-0.274797 4.71827e-16 1
-0.324643 4.73914e-16 1
-0.375294 4.76036e-16 1
-0.425358 4.78133e-16 1
-0.476263 4.80265e-16 1
-0.52661 4.82374e-16 1
-0.577121 4.8449e-16 1
-0.628529 4.86643e-16 1
-0.679422 4.88774e-16 1
-0.731251 4.90945e-16 1
-0.782594 4.93096e-16 1
-0.834915 4.95287e-16 1
-0.886779 4.9746e-16 1
-0.938928 4.99644e-16 1
-0.992123 5.01872e-16 1
0.17475 -0.0453959 1
0.12511 -0.0456042 1
0.0748099 -0.0458154 1
0.0252313 -0.0460235 1
-0.0250377 -0.0462345 1
-0.0746163 -0.0464426 1
-0.124917 -0.0466537 1
-0.174557 -0.0468621 1
-0.224251 -0.0470706 1
-0.274716 -0.0472825 1
-0.324566 -0.0474917 1
-0.37522 -0.0477043 1
-0.425287 -0.0479145 1
-0.476195 -0.0481282 1
-0.526545 -0.0483395 1
-0.57706 -0.0485515 1
-0.628471 -0.0487673 1
-0.679367 -0.048981 1
-0.7312 -0.0491985 1
-0.782546 -0.0494141 1
-0.834871 -0.0496337 1
-0.886738 -0.0498514 1
-0.938891 -0.0500703 1
-0.992089 -0.0502936 1
0.175071 -0.0908027 1
0.125422 -0.0912196 1
0.0751132 -0.091642 1
0.0255262 -0.0920583 1
-0.0247516 -0.0924805 1
-0.0743389 -0.0928968 1
-0.124648 -0.0933192 1
-0.174298 -0.0937361 1
-0.224001 -0.0941534 1
-0.274475 -0.0945772 1
-0.324333 -0.0949958 1
-0.374997 -0.0954212 1
-0.425074 -0.0958416 1
-0.475991 -0.0962691 1
-0.526351 -0.0966919 1
-0.576875 -0.0971162 1
-0.628297 -0.0975479 1
-0.679203 -0.0979753 1
-0.731046 -0.0984106 1
-0.782402 -0.0988418 1
-0.834737 -0.0992812 1
-0.886615 -0.0997168 1
-0.938779 -0.100155 1
-0.991988 -0.100601 1
0.175604 -0.136232 1
0.125942 -0.136857 1
0.0756189 -0.137491 1
0.0260177 -0.138116 1
-0.0242745 -0.13875 1
-0.0738762 -0.139374 1
-0.1242 -0.140008 1
-0.173864 -0.140634 1
-0.223583 -0.14126 1
-0.274072 -0.141896 1
-0.323946 -0.142525 1
-0.374625 -0.143163 1
-0.424718 -0.143794 1
-0.475651 -0.144436 1
-0.526027 -0.14507 1
-0.576568 -0.145707 1
-0.628006 -0.146355 1
-0.678928 -0.146996 1
-0.730788 -0.14765 1
-0.782162 -0.148297 1
-0.834515 -0.148956 1
-0.88641 -0.14961 1
-0.938592 -0.150267 1
-0.99182 -0.150938 1
0.176352 -0.181693 1
0.12667 -0.182528 1
0.0763274 -0.183374 1
0.0267064 -0.184208 1
-0.0236062 -0.185053 1
-0.0732281 -0.185887 1
-0.123573 -0.186733 1
-0.173258 -0.187568 1
-0.222997 -0.188403 1
-0.273508 -0.189252 1
-0.323403 -0.19009 1
-0.374104 -0.190942 1
-0.424219 -0.191784 1
-0.475175 -0.192641 1
-0.525573 -0.193487 1
-0.576137 -0.194337 1
-0.627598 -0.195202 1
-0.678544 -0.196058 1
-0.730428 -0.196929 1
-0.781826 -0.197793 1
-0.834203 -0.198673 1
-0.886124 -0.199546 1
-0.938331 -0.200423 1
-0.991584 -0.201318 1
0.177315 -0.227199 1
0.127608 -0.228244 1
0.0772391 -0.229302 1
0.0275926 -0.230345 1
-0.0227461 -0.231403 1
-0.0723941 -0.232446 1
-0.122766 -0.233505 1
-0.172477 -0.234549 1
-0.222243 -0.235595 1
-0.272782 -0.236657 1
-0.322704 -0.237706 1
-0.373434 -0.238772 1
-0.423577 -0.239826 1
-0.474562 -0.240897 1
-0.524989 -0.241956 1
-0.575582 -0.24302 1
-0.627073 -0.244102 1
-0.67805 -0.245173 1
-0.729965 -0.246264 1
-0.781393 -0.247344 1
-0.833803 -0.248445 1
-0.885755 -0.249537 1
-0.937994 -0.250635 1
-0.991281 -0.251754 1
0.178492 -0.27276 1
0.128754 -0.274015 1
0.0783546 -0.275287 1
0.0286769 -0.27654 1
-0.0216938 -0.277811 1
-0.0713737 -0.279064 1
-0.121778 -0.280336 1
-0.171522 -0.281591 1
-0.221321 -0.282847 1
-0.271893 -0.284123 1
-0.32185 -0.285383 1
-0.372614 -0.286664 1
-0.422791 -0.28793 1
-0.473812 -0.289217 1
-0.524274 -0.29049 1
-0.574903 -0.291768 1
-0.626431 -0.293068 1
-0.677444 -0.294355 1
-0.729397 -0.295665 1
-0.780864 -0.296964 1
-0.833312 -0.298287 1
-0.885303 -0.299599 1
-0.937582 -0.300918 1
-0.99091 -0.302263 1
0.179885 -0.318388 1
0.130112 -0.319854 1
0.0796746 -0.321339 1
0.02996 -0.322804 1
-0.0204486 -0.324288 1
-0.0701662 -0.325753 1
-0.120609 -0.327238 1
-0.170392 -0.328705 1
-0.22023 -0.330172 1
-0.270842 -0.331663 1
-0.320838 -0.333136 1
-0.371643 -0.334632 1
-0.421861 -0.336111 1
-0.472924 -0.337615 1
-0.523428 -0.339103 1
-0.5741 -0.340595 1
-0.625671 -0.342114 1
-0.676728 -0.343618 1
-0.728726 -0.345149 1
-0.780237 -0.346666 1
-0.832732 -0.348212 1
-0.884769 -0.349745 1
-0.937095 -0.351286 1
-0.990471 -0.352858 1
0.181495 -0.364093 1
0.13168 -0.365771 1
0.0812 -0.367471 1
0.0314427 -0.369147 1
-0.0190095 -0.370847 1
-0.0687707 -0.372523 1
-0.119258 -0.374224 1
-0.169085 -0.375902 1
-0.218968 -0.377583 1
-0.269627 -0.379289 1
-0.319669 -0.380975 1
-0.370521 -0.382688 1
-0.420787 -0.384381 1
-0.471898 -0.386103 1
-0.522451 -0.387806 1
-0.573171 -0.389514 1
-0.624793 -0.391253 1
-0.675901 -0.392975 1
-0.72795 -0.394728 1
-0.779513 -0.396465 1
-0.832061 -0.398235 1
-0.884152 -0.39999 1
-0.936531 -0.401755 1
-0.989963 -0.403555 1
0.183323 -0.409886 1
0.13346 -0.411778 1
0.0829317 -0.413694 1
0.033126 -0.415583 1
-0.0173758 -0.417499 1
-0.0671864 -0.419388 1
-0.117725 -0.421305 1
-0.167602 -0.423197 1
-0.217536 -0.425091 1
-0.268247 -0.427014 1
-0.318342 -0.428914 1
-0.369248 -0.430845 1
-0.419567 -0.432754 1
-0.470733 -0.434694 1
-0.521341 -0.436614 1
-0.572117 -0.43854 1
-0.623796 -0.4405 1
-0.674961 -0.442441 1
-0.727069 -0.444417 1
-0.778691 -0.446375 1
-0.831299 -0.44837 1
-0.88345 -0.450348 1
-0.935891 -0.452338 1
-0.989386 -0.454367 1
0.18537 -0.45578 1
0.135454 -0.457886 1
0.084871 -0.46002 1
0.0350111 -0.462123 1
-0.0155463 -0.464256 1
-0.0654123 -0.466359 1
-0.116007 -0.468494 1
-0.165941 -0.4706 1
-0.215933 -0.472709 1
-0.266702 -0.474851 1
-0.316856 -0.476966 1
-0.367822 -0.479116 1
-0.418201 -0.481242 1
-0.469428 -0.483403 1
-0.520098 -0.48554 1
-0.570936 -0.487685 1
-0.62268 -0.489867 1
-0.673908 -0.492028 1
-0.726082 -0.494229 1
-0.77777 -0.49641 1
-0.830446 -0.498632 1
-0.882665 -0.500835 1
-0.935175 -0.50305 1
-0.988741 -0.505309 1
0.187637 -0.501786 1
0.137662 -0.504108 1
0.0870189 -0.50646 1
0.037099 -0.508779 1
-0.0135198 -0.51113 1
-0.0634471 -0.513449 1
-0.114105 -0.515803 1
-0.164102 -0.518125 1
-0.214156 -0.52045 1
-0.264991 -0.522812 1
-0.315209 -0.525144 1
-0.366242 -0.527515 1
-0.416687 -0.529858 1
-0.467983 -0.532241 1
-0.518721 -0.534598 1
-0.569628 -0.536963 1
-0.621443 -0.539369 1
-0.672742 -0.541752 1
-0.724989 -0.544179 1
-0.77675 -0.546584 1
-0.829501 -0.549034 1
-0.881795 -0.551463 1
-0.934381 -0.553906 1
-0.988025 -0.556398 1
0.190125 -0.547915 1
0.140086 -0.550454 1
0.089377 -0.553026 1
0.0393913 -0.555562 1
-0.011295 -0.558134 1
-0.0612895 -0.56067 1
-0.112016 -0.563244 1
-0.162082 -0.565784 1
-0.212206 -0.568327 1
-0.263112 -0.57091 1
-0.313401 -0.573461 1
-0.364507 -0.576054 1
-0.415026 -0.578617 1
-0.466396 -0.581223 1
-0.517209 -0.583801 1
-0.568192 -0.586388 1
-0.620084 -0.58902 1
-0.671462 -0.591627 1
-0.723789 -0.594282 1
-0.77563 -0.596912 1
-0.828463 -0.599592 1
-0.880839 -0.602249 1
-0.933509 -0.604921 1
-0.98724 -0.607647 1
0.192837 -0.594179 1
0.142728 -0.596937 1
0.0919468 -0.599731 1
0.0418894 -0.602486 1
-0.00887045 -0.605279 1
-0.0589382 -0.608035 1
-0.10974 -0.61083 1
-0.159881 -0.61359 1
-0.210081 -0.616352 1
-0.261064 -0.619158 1
-0.311431 -0.62193 1
-0.362616 -0.624747 1
-0.413214 -0.627531 1
-0.464667 -0.630363 1
-0.515561 -0.633163 1
-0.566626 -0.635974 1
-0.618604 -0.638834 1
-0.670066 -0.641666 1
-0.72248 -0.64455 1
-0.774408 -0.647408 1
-0.827332 -0.650321 1
-0.879798 -0.653208 1
-0.932559 -0.656111 1
-0.986383 -0.659073 1
0.195774 -0.64059 1
0.145589 -0.643568 1
0.0947299 -0.646587 1
0.0445949 -0.649562 1
-0.00624445 -0.652579 1
-0.0563915 -0.655555 1
-0.107275 -0.658575 1
-0.157496 -0.661555 1
-0.207778 -0.664539 1
-0.258846 -0.66757 1
-0.309297 -0.670564 1
-0.360569 -0.673607 1
-0.411253 -0.676615 1
-0.462793 -0.679674 1
-0.513776 -0.682699 1
-0.564931 -0.685735 1
-0.617 -0.688825 1
-0.668554 -0.691885 1
-0.721063 -0.695001 1
-0.773085 -0.698088 1
-0.826106 -0.701235 1
-0.878669 -0.704354 1
-0.931529 -0.707491 1
-0.985455 -0.710691 1
0.198938 -0.68716 1
0.148671 -0.690361 1
0.0977283 -0.693605 1
0.0475097 -0.696803 1
-0.0034153 -0.700046 1
-0.0536477 -0.703244 1
-0.104619 -0.70649 1
-0.154927 -0.709694 1
-0.205298 -0.712901 1
-0.256456 -0.716159 1
-0.306998 -0.719378 1
-0.358362 -0.722648 1
-0.409139 -0.725882 1
-0.460775 -0.72917 1
-0.511852 -0.732422 1
-0.563103 -0.735686 1
-0.615272 -0.739008 1
-0.666925 -0.742297 1
-0.719535 -0.745648 1
-0.77166 -0.748967 1
-0.824785 -0.75235 1
-0.877453 -0.755704 1
-0.930419 -0.759077 1
-0.984455 -0.762517 1
0.202332 -0.733901 1
0.151976 -0.737327 1
0.100944 -0.740799 1
0.0506357 -0.744221 1
-0.000381094 -0.747692 1
-0.050705 -0.751116 1
-0.10177 -0.75459 1
-0.152172 -0.758019 1
-0.202637 -0.761452 1
-0.253893 -0.764939 1
-0.304531 -0.768384 1
-0.355995 -0.771885 1
-0.406871 -0.775346 1
-0.458609 -0.778866 1
-0.509788 -0.782348 1
-0.561143 -0.785842 1
-0.613418 -0.789398 1
-0.665177 -0.792919 1
-0.717897 -0.796506 1
-0.77013 -0.800059 1
-0.823368 -0.803681 1
-0.876149 -0.807272 1
-0.929229 -0.810883 1
-0.983382 -0.814567 1
0.205956 -0.780825 1
0.155507 -0.784478 1
0.104379 -0.78818 1
0.053975 -0.79183 1
0.00286021 -0.795531 1
-0.0475614 -0.799182 1
-0.0987263 -0.802886 1
-0.149229 -0.806543 1
-0.199795 -0.810204 1
-0.251154 -0.813923 1
-0.301896 -0.817597 1
-0.353466 -0.821331 1
-0.404448 -0.825022 1
-0.456295 -0.828776 1
-0.507584 -0.83249 1
-0.559049 -0.836216 1
-0.611437 -0.84001 1
-0.663309 -0.843766 1
-0.716146 -0.847591 1
-0.768496 -0.851382 1
-0.821853 -0.855245 1
-0.874754 -0.859075 1
-0.927957 -0.862928 1
-0.982236 -0.866858 1
0.209814 -0.827946 1
0.159266 -0.831828 1
0.108035 -0.835763 1
0.0575299 -0.839642 1
0.00631082 -0.843575 1
-0.0442148 -0.847456 1
-0.0954862 -0.851394 1
-0.146095 -0.855281 1
-0.196769 -0.859173 1
-0.248238 -0.863126 1
-0.29909 -0.867031 1
-0.350774 -0.871001 1
-0.401869 -0.874925 1
-0.453832 -0.878916 1
-0.505236 -0.882864 1
-0.556819 -0.886826 1
-0.609327 -0.890858 1
-0.66132 -0.894852 1
-0.714281 -0.898919 1
-0.766756 -0.902949 1
-0.820241 -0.907057 1
-0.87327 -0.91113 1
-0.926602 -0.915226 1
-0.981015 -0.919405 1
0.213909 -0.875275 1
0.163255 -0.879389 1
0.111916 -0.883559 1
0.0613027 -0.88767 1
0.00997306 -0.891839 1
-0.0406628 -0.895952 1
-0.0920473 -0.900126 1
-0.142769 -0.904246 1
-0.193557 -0.908371 1
-0.245143 -0.912561 1
-0.296112 -0.916701 1
-0.347916 -0.920909 1
-0.399131 -0.925069 1
-0.451217 -0.929299 1
-0.502744 -0.933485 1
-0.554451 -0.937685 1
-0.607088 -0.94196 1
-0.659209 -0.946193 1
-0.712301 -0.950506 1
-0.764908 -0.954779 1
-0.818529 -0.959134 1
-0.871693 -0.963452 1
-0.925163 -0.967795 1
-0.979718 -0.972227 1
0.218242 -0.922826 1
0.167477 -0.927175 1
0.116023 -0.931583 1
0.065296 -0.935929 1
0.0138495 -0.940336 1
-0.036903 -0.944685 1
-0.0884071 -0.949097 1
-0.139248 -0.953453 1
-0.190156 -0.957814 1
-0.241867 -0.962244 1
-0.29296 -0.966621 1
-0.34489 -0.97107 1
-0.396232 -0.975469 1
-0.448448 -0.979942 1
-0.500105 -0.984368 1
-0.551944 -0.988809 1
-0.604717 -0.99333 1
-0.656974 -0.997807 1
0.222818 -0.970612 1
0.171934 -0.975199 1
0.12036 -0.979848 1
0.0695126 -0.984432 1
0.0179427 -0.98908 1
-0.0329328 -0.993667 1
-0.0845631 -0.998321 1
-0.174644 0 1
-0.125006 0 1
-0.0747088 0 1
-0.0251331 0 1
0.0251331 0 1
0.0747088 0 1
0.125006 0 1
0.174644 0 1
0.224335 0 1
0.274797 0 1
0.324643 0 1
0.375294 0 1
0.425358 0 1
0.476263 0 1
0.52661 0 1
0.577121 0 1
0.628529 0 1
0.679422 0 1
0.731251 0 1
0.782594 0 1
0.834915 0 1
0.886779 0 1
0.938928 0 1
0.992123 0 1
-0.17475 0.0453959 1
-0.12511 0.0456042 1
-0.0748099 0.0458154 1
-0.0252313 0.0460235 1
0.0250377 0.0462345 1
0.0746163 0.0464426 1
0.124917 0.0466537 1
0.174557 0.0468621 1
0.224251 0.0470706 1
0.274716 0.0472825 1
0.324566 0.0474917 1
0.37522 0.0477043 1
0.425287 0.0479145 1
0.476195 0.0481282 1
0.526545 0.0483395 1
0.57706 0.0485515 1
0.628471 0.0487673 1
0.679367 0.048981 1
0.7312 0.0491985 1
0.782546 0.0494141 1
0.834871 0.0496337 1
0.886738 0.0498514 1
0.938891 0.0500703 1
0.992089 0.0502936 1
-0.175071 0.0908027 1
-0.125422 0.0912196 1
-0.0751132 0.091642 1
-0.0255262 0.0920583 1
0.0247516 0.0924805 1
0.0743389 0.0928968 1
0.124648 0.0933192 1
0.174298 0.0937361 1
0.224001 0.0941534 1
0.274475 0.0945772 1
0.324333 0.0949958 1
0.374997 0.0954212 1
0.425074 0.0958416 1
0.475991 0.0962691 1
0.526351 0.0966919 1
0.576875 0.0971162 1
0.628297 0.0975479 1
0.679203 0.0979753 1
0.731046 0.0984106 1
0.782402 0.0988418 1
0.834737 0.0992812 1
0.886615 0.0997168 1
0.938779 0.100155 1
0.991988 0.100601 1
-0.175604 0.136232 1
-0.125942 0.136857 1
-0.0756189 0.137491 1
-0.0260177 0.138116 1
0.0242745 0.13875 1
0.0738762 0.139374 1
0.1242 0.140008 1
0.173864 0.140634 1
0.223583 0.14126 1
0.274072 0.141896 1
0.323946 0.142525 1
0.374625 0.143163 1
0.424718 0.143794 1
0.475651 0.144436 1
0.526027 0.14507 1
0.576568 0.145707 1
0.628006 0.146355 1
0.678928 0.146996 1
0.730788 0.14765 1
0.782162 0.148297 1
0.834515 0.148956 1
0.88641 0.14961 1
0.938592 0.150267 1
0.99182 0.150938 1
-0.176352 0.181693 1
-0.12667 0.182528 1
-0.0763274 0.183374 1
-0.0267064 0.184208 1
0.0236062 0.185053 1
0.0732281 0.185887 1
0.123573 0.186733 1
0.173258 0.187568 1
0.222997 0.188403 1
0.273508 0.189252 1
0.323403 0.19009 1
0.374104 0.190942 1
0.424219 0.191784 1
0.475175 0.192641 1
0.525573 0.193487 1
0.576137 0.194337 1
0.627598 0.195202 1
0.678544 0.196058 1
0.730428 0.196929 1
0.781826 0.197793 1
0.834203 0.198673 1
0.886124 0.199546 1
0.938331 0.200423 1
0.991584 0.201318 1
-0.177315 0.227199 1
-0.127608 0.228244 1
-0.0772391 0.229302 1
-0.0275926 0.230345 1
0.0227461 0.231403 1
0.0723941 0.232446 1
0.122766 0.233505 1
0.172477 0.234549 1
0.222243 0.235595 1
0.272782 0.236657 1
0.322704 0.237706 1
0.373434 0.238772 1
0.423577 0.239826 1
0.474562 0.240897 1
0.524989 0.241956 1
0.575582 0.24302 1
0.627073 0.244102 1
0.67805 0.245173 1
0.729965 0.246264 1
0.781393 0.247344 1
0.833803 0.248445 1
0.885755 0.249537 1
0.937994 0.250635 1
0.991281 0.251754 1
-0.178492 0.27276 1
-0.128754 0.274015 1
-0.0783546 0.275287 1
-0.0286769 0.27654 1
0.0216938 0.277811 1
0.0713737 0.279064 1
0.121778 0.280336 1
0.171522 0.281591 1
0.221321 0.282847 1
0.271893 0.284123 1
0.32185 0.285383 1
0.372614 0.286664 1
0.422791 0.28793 1
0.473812 0.289217 1
0.524274 0.29049 1
0.574903 0.291768 1
0.626431 0.293068 1
0.677444 0.294355 1
0.729397 0.295665 1
0.780864 0.296964 1
0.833312 0.298287 1
0.885303 0.299599 1
0.937582 0.300918 1
0.99091 0.302263 1
-0.179885 0.318388 1
-0.130112 0.319854 1
-0.0796746 0.321339 1
-0.02996 0.322804 1
0.0204486 0.324288 1
0.0701662 0.325753 1
0.120609 0.327238 1
0.170392 0.328705 1
0.22023 0.330172 1
0.270842 0.331663 1
0.320838 0.333136 1
0.371643 0.334632 1
0.421861 0.336111 1
0.472924 0.337615 1
0.523428 0.339103 1
0.5741 0.340595 1
0.625671 0.342114 1
0.676728 0.343618 1
0.728726 0.345149 1
0.780237 0.346666 1
0.832732 0.348212 1
0.884769 0.349745 1
0.937095 0.351286 1
0.990471 0.352858 1
-0.181495 0.364093 1
-0.13168 0.365771 1
-0.0812 0.367471 1
-0.0314427 0.369147 1
0.0190095 0.370847 1
0.0687707 0.372523 1
0.119258 0.374224 1
0.169085 0.375902 1
0.218968 0.377583 1
0.269627 0.379289 1
0.319669 0.380975 1
0.370521 0.382688 1
0.420787 0.384381 1
0.471898 0.386103 1
0.522451 0.387806 1
0.573171 0.389514 1
0.624793 0.391253 1
0.675901 0.392975 1
0.72795 0.394728 1
0.779513 0.396465 1
0.832061 0.398235 1
0.884152 0.39999 1
0.936531 0.401755 1
0.989963 0.403555 1
-0.183323 0.409886 1
-0.13346 0.411778 1
-0.0829317 0.413694 1
-0.033126 0.415583 1
0.0173758 0.417499 1
0.0671864 0.419388 1
0.117725 0.421305 1
0.167602 0.423197 1
0.217536 0.425091 1
0.268247 0.427014 1
0.318342 0.428914 1
0.369248 0.430845 1
0.419567 0.432754 1
0.470733 0.434694 1
0.521341 0.436614 1
0.572117 0.43854 1
0.623796 0.4405 1
0.674961 0.442441 1
0.727069 0.444417 1
0.778691 0.446375 1
0.831299 0.44837 1
0.88345 0.450348 1
0.935891 0.452338 1
0.989386 0.454367 1
-0.18537 0.45578 1
-0.135454 0.457886 1
-0.084871 0.46002 1
-0.0350111 0.462123 1
0.0155463 0.464256 1
0.0654123 0.466359 1
0.116007 0.468494 1
0.165941 0.4706 1
0.215933 0.472709 1
0.266702 0.474851 1
0.316856 0.476966 1
0.367822 0.479116 1
0.418201 0.481242 1
0.469428 0.483403 1
0.520098 0.48554 1
0.570936 0.487685 1
0.62268 0.489867 1
0.673908 0.492028 1
0.726082 0.494229 1
0.77777 0.49641 1
0.830446 0.498632 1
0.882665 0.500835 1
0.935175 0.50305 1
0.988741 0.505309 1
-0.187637 0.501786 1
-0.137662 0.504108 1
-0.0870189 0.50646 1
-0.037099 0.508779 1
0.0135198 0.51113 1
0.0634471 0.513449 1
0.114105 0.515803 1
0.164102 0.518125 1
0.214156 0.52045 1
0.264991 0.522812 1
0.315209 0.525144 1
0.366242 0.527515 1
0.416687 0.529858 1
0.467983 0.532241 1
0.518721 0.534598 1
0.569628 0.536963 1
0.621443 0.539369 1
0.672742 0.541752 1
0.724989 0.544179 1
0.77675 0.546584 1
0.829501 0.549034 1
0.881795 0.551463 1
0.934381 0.553906 1
0.988025 0.556398 1
-0.190125 0.547915 1
-0.140086 0.550454 1
-0.089377 0.553026 1
-0.0393913 0.555562 1
0.011295 0.558134 1
0.0612895 0.56067 1
0.112016 0.563244 1
0.162082 0.565784 1
0.212206 0.568327 1
0.263112 0.57091 1
0.313401 0.573461 1
0.364507 0.576054 1
0.415026 0.578617 1
0.466396 0.581223 1
0.517209 0.583801 1
0.568192 0.586388 1
0.620084 0.58902 1
0.671462 0.591627 1
0.723789 0.594282 1
0.77563 0.596912 1
0.828463 0.599592 1
0.880839 0.602249 1
0.933509 0.604921 1
0.98724 0.607647 1
-0.192837 0.594179 1
-0.142728 0.596937 1
-0.0919468 0.599731 1
-0.0418894 0.602486 1
0.00887045 0.605279 1
0.0589382 0.608035 1
0.10974 0.61083 1
0.159881 0.61359 1
0.210081 0.616352 1
0.261064 0.619158 1
0.311431 0.62193 1
0.362616 0.624747 1
0.413214 0.627531 1
0.464667 0.630363 1
0.515561 0.633163 1
0.566626 0.635974 1
0.618604 0.638834 1
0.670066 0.641666 1
0.72248 0.64455 1
0.774408 0.647408 1
0.827332 0.650321 1
0.879798 0.653208 1
0.932559 0.656111 1
0.986383 0.659073 1
-0.195774 0.64059 1
-0.145589 0.643568 1
-0.0947299 0.646587 1
-0.0445949 0.649562 1
0.00624445 0.652579 1
0.0563915 0.655555 1
0.107275 0.658575 1
0.157496 0.661555 1
0.207778 0.664539 1
0.258846 0.66757 1
0.309297 0.670564 1
0.360569 0.673607 1
0.411253 0.676615 1
0.462793 0.679674 1
0.513776 0.682699 1
0.564931 0.685735 1
0.617 0.688825 1
0.668554 0.691885 1
0.721063 0.695001 1
0.773085 0.698088 1
0.826106 0.701235 1
0.878669 0.704354 1
0.931529 0.707491 1
0.985455 0.710691 1
-0.198938 0.68716 1
-0.148671 0.690361 1
-0.0977283 0.693605 1
-0.0475097 0.696803 1
0.0034153 0.700046 1
0.0536477 0.703244 1
0.104619 0.70649 1
0.154927 0.709694 1
0.205298 0.712901 1
0.256456 0.716159 1
0.306998 0.719378 1
0.358362 0.722648 1
0.409139 0.725882 1
0.460775 0.72917 1
0.511852 0.732422 1
0.563103 0.735686 1
0.615272 0.739008 1
0.666925 0.742297 1
0.719535 0.745648 1
0.77166 0.748967 1
0.824785 0.75235 1
0.877453 0.755704 1
0.930419 0.759077 1
0.984455 0.762517 1
-0.202332 0.733901 1
-0.151976 0.737327 1
-0.100944 0.740799 1
-0.0506357 0.744221 1
0.000381094 0.747692 1
0.050705 0.751116 1
0.10177 0.75459 1
0.152172 0.758019 1
0.202637 0.761452 1
0.253893 0.764939 1
0.304531 0.768384 1
0.355995 0.771885 1
0.406871 0.775346 1
0.458609 0.778866 1
0.509788 0.782348 1
0.561143 0.785842 1
0.613418 0.789398 1
0.665177 0.792919 1
0.717897 0.796506 1
0.77013 0.800059 1
0.823368 0.803681 1
0.876149 0.807272 1
0.929229 0.810883 1
0.983382 0.814567 1
-0.205956 0.780825 1
-0.155507 0.784478 1
-0.104379 0.78818 1
-0.053975 0.79183 1
-0.00286021 0.795531 1
0.0475614 0.799182 1
0.0987263 0.802886 1
0.149229 0.806543 1
0.199795 0.810204 1
0.251154 0.813923 1
0.301896 0.817597 1
0.353466 0.821331 1
0.404448 0.825022 1
0.456295 0.828776 1
0.507584 0.83249 1
0.559049 0.836216 1
0.611437 0.84001 1
0.663309 0.843766 1
0.716146 0.847591 1
0.768496 0.851382 1
0.821853 0.855245 1
0.874754 0.859075 1
0.927957 0.862928 1
0.982236 0.866858 1
-0.209814 0.827946 1
-0.159266 0.831828 1
-0.108035 0.835763 1
-0.0575299 0.839642 1
-0.00631082 0.843575 1
0.0442148 0.847456 1
0.0954862 0.851394 1
0.146095 0.855281 1
0.196769 0.859173 1
0.248238 0.863126 1
0.29909 0.867031 1
0.350774 0.871001 1
0.401869 0.874925 1
0.453832 0.878916 1
0.505236 0.882864 1
0.556819 0.886826 1
0.609327 0.890858 1
0.66132 0.894852 1
0.714281 0.898919 1
0.766756 0.902949 1
0.820241 0.907057 1
0.87327 0.91113 1
0.926602 0.915226 1
0.981015 0.919405 1
-0.213909 0.875275 1
-0.163255 0.879389 1
-0.111916 0.883559 1
-0.0613027 0.88767 1
-0.00997306 0.891839 1
0.0406628 0.895952 1
0.0920473 0.900126 1
0.142769 0.904246 1
0.193557 0.908371 1
0.245143 0.912561 1
0.296112 0.916701 1
0.347916 0.920909 1
0.399131 0.925069 1
0.451217 0.929299 1
0.502744 0.933485 1
0.554451 0.937685 1
0.607088 0.94196 1
0.659209 0.946193 1
0.712301 0.950506 1
0.764908 0.954779 1
0.818529 0.959134 1
0.871693 0.963452 1
0.925163 0.967795 1
0.979718 0.972227 1
-0.218242 0.922826 1
-0.167477 0.927175 1
-0.116023 0.931583 1
-0.065296 0.935929 1
-0.0138495 0.940336 1
0.036903 0.944685 1
0.0884071 0.949097 1
0.139248 0.953453 1
0.190156 0.957814 1
0.241867 0.962244 1
0.29296 0.966621 1
0.34489 0.97107 1
0.396232 0.975469 1
0.448448 0.979942 1
0.500105 0.984368 1
0.551944 0.988809 1
0.604717 0.99333 1
0.656974 0.997807 1
-0.222818 0.970612 1
-0.171934 0.975199 1
-0.12036 0.979848 1
-0.0695126 0.984432 1
-0.0179427 0.98908 1
0.0329328 0.993667 1
0.0845631 0.998321 1
-0.222818 -0.970612 1
-0.171934 -0.975199 1
-0.12036 -0.979848 1
-0.0695126 -0.984432 1
-0.0179427 -0.98908 1
0.0329328 -0.993667 1
0.0845631 -0.998321 1
-0.218242 -0.922826 1
-0.167477 -0.927175 1
-0.116023 -0.931583 1
-0.065296 -0.935929 1
-0.0138495 -0.940336 1
0.036903 -0.944685 1
0.0884071 -0.949097 1
0.139248 -0.953453 1
0.190156 -0.957814 1
0.241867 -0.962244 1
0.29296 -0.966621 1
0.34489 -0.97107 1
0.396232 -0.975469 1
0.448448 -0.979942 1
0.500105 -0.984368 1
0.551944 -0.988809 1
0.604717 -0.99333 1
0.656974 -0.997807 1
-0.213909 -0.875275 1
-0.163255 -0.879389 1
-0.111916 -0.883559 1
-0.0613027 -0.88767 1
-0.00997306 -0.891839 1
0.0406628 -0.895952 1
0.0920473 -0.900126 1
0.142769 -0.904246 1
0.193557 -0.908371 1
0.245143 -0.912561 1
0.296112 -0.916701 1
0.347916 -0.920909 1
0.399131 -0.925069 1
0.451217 -0.929299 1
0.502744 -0.933485 1
0.554451 -0.937685 1
0.607088 -0.94196 1
0.659209 -0.946193 1
0.712301 -0.950506 1
0.764908 -0.954779 1
0.818529 -0.959134 1
0.871693 -0.963452 1
0.925163 -0.967795 1
0.979718 -0.972227 1
-0.209814 -0.827946 1
-0.159266 -0.831828 1
-0.108035 -0.835763 1
-0.0575299 -0.839642 1
-0.00631082 -0.843575 1
0.0442148 -0.847456 1
0.0954862 -0.851394 1
0.146095 -0.855281 1
0.196769 -0.859173 1
0.248238 -0.863126 1
0.29909 -0.867031 1
0.350774 -0.871001 1
0.401869 -0.874925 1
0.453832 -0.878916 1
0.505236 -0.882864 1
0.556819 -0.886826 1
0.609327 -0.890858 1
0.66132 -0.894852 1
0.714281 -0.898919 1
0.766756 -0.902949 1
0.820241 -0.907057 1
0.87327 -0.91113 1
0.926602 -0.915226 1
0.981015 -0.919405 1
-0.205956 -0.780825 1
-0.155507 -0.784478 1
-0.104379 -0.78818 1
-0.053975 -0.79183 1
-0.00286021 -0.795531 1
0.0475614 -0.799182 1
0.0987263 -0.802886 1
0.149229 -0.806543 1
0.199795 -0.810204 1
0.251154 -0.813923 1
0.301896 -0.817597 1
0.353466 -0.821331 1
0.404448 -0.825022 1
0.456295 -0.828776 1
0.507584 -0.83249 1
0.559049 -0.836216 1
0.611437 -0.84001 1
0.663309 -0.843766 1
0.716146 -0.847591 1
0.768496 -0.851382 1
0.821853 -0.855245 1
0.874754 -0.859075 1
0.927957 -0.862928 1
0.982236 -0.866858 1
-0.202332 -0.733901 1
-0.151976 -0.737327 1
-0.100944 -0.740799 1
-0.0506357 -0.744221 1
0.000381094 -0.747692 1
0.050705 -0.751116 1
0.10177 -0.75459 1
0.152172 -0.758019 1
0.202637 -0.761452 1
0.253893 -0.764939 1
0.304531 -0.768384 1
0.355995 -0.771885 1
0.406871 -0.775346 1
0.458609 -0.778866 1
0.509788 -0.782348 1
0.561143 -0.785842 1
0.613418 -0.789398 1
0.665177 -0.792919 1
0.717897 -0.796506 1
0.77013 -0.800059 1
0.823368 -0.803681 1
0.876149 -0.807272 1
0.929229 -0.810883 1
0.983382 -0.814567 1
-0.198938 -0.68716 1
-0.148671 -0.690361 1
-0.0977283 -0.693605 1
-0.0475097 -0.696803 1
0.0034153 -0.700046 1
0.0536477 -0.703244 1
0.104619 -0.70649 1
0.154927 -0.709694 1
0.205298 -0.712901 1
0.256456 -0.716159 1
0.306998 -0.719378 1
0.358362 -0.722648 1
0.409139 -0.725882 1
0.460775 -0.72917 1
0.511852 -0.732422 1
0.563103 -0.735686 1
0.615272 -0.739008 1
0.666925 -0.742297 1
0.719535 -0.745648 1
0.77166 -0.748967 1
0.824785 -0.75235 1
0.877453 -0.755704 1
0.930419 -0.759077 1
0.984455 -0.762517 1
-0.195774 -0.64059 1
-0.145589 -0.643568 1
-0.0947299 -0.646587 1
-0.0445949 -0.649562 1
0.00624445 -0.652579 1
0.0563915 -0.655555 1
0.107275 -0.658575 1
0.157496 -0.661555 1
0.207778 -0.664539 1
0.258846 -0.66757 1
0.309297 -0.670564 1
0.360569 -0.673607 1
0.411253 -0.676615 1
0.462793 -0.679674 1
0.513776 -0.682699 1
0.564931 -0.685735 1
0.617 -0.688825 1
0.668554 -0.691885 1
0.721063 -0.695001 1
0.773085 -0.698088 1
0.826106 -0.701235 1
0.878669 -0.704354 1
0.931529 -0.707491 1
0.985455 -0.710691 1
-0.192837 -0.594179 1
-0.142728 -0.596937 1
-0.0919468 -0.599731 1
-0.0418894 -0.602486 1
0.00887045 -0.605279 1
0.0589382 -0.608035 1
0.10974 -0.61083 1
0.159881 -0.61359 1
0.210081 -0.616352 1
0.261064 -0.619158 1
0.311431 -0.62193 1
0.362616 -0.624747 1
0.413214 -0.627531 1
0.464667 -0.630363 1
0.515561 -0.633163 1
0.566626 -0.635974 1
0.618604 -0.638834 1
0.670066 -0.641666 1
0.72248 -0.64455 1
0.774408 -0.647408 1
0.827332 -0.650321 1
0.879798 -0.653208 1
0.932559 -0.656111 1
0.986383 -0.659073 1
-0.190125 -0.547915 1
-0.140086 -0.550454 1
-0.089377 -0.553026 1
-0.0393913 -0.555562 1
0.011295 -0.558134 1
0.0612895 -0.56067 1
0.112016 -0.563244 1
0.162082 -0.565784 1
0.212206 -0.568327 1
0.263112 -0.57091 1
0.313401 -0.573461 1
0.364507 -0.576054 1
0.415026 -0.578617 1
0.466396 -0.581223 1
0.517209 -0.583801 1
0.568192 -0.586388 1
0.620084 -0.58902 1
0.671462 -0.591627 1
0.723789 -0.594282 1
0.77563 -0.596912 1
0.828463 -0.599592 1
0.880839 -0.602249 1
0.933509 -0.604921 1
0.98724 -0.607647 1
-0.187637 -0.501786 1
-0.137662 -0.504108 1
-0.0870189 -0.50646 1
-0.037099 -0.508779 1
0.0135198 -0.51113 1
0.0634471 -0.513449 1
0.114105 -0.515803 1
0.164102 -0.518125 1
0.214156 -0.52045 1
0.264991 -0.522812 1
0.315209 -0.525144 1
0.366242 -0.527515 1
0.416687 -0.529858 1
0.467983 -0.532241 1
0.518721 -0.534598 1
0.569628 -0.536963 1
0.621443 -0.539369 1
0.672742 -0.541752 1
0.724989 -0.544179 1
0.77675 -0.546584 1
0.829501 -0.549034 1
0.881795 -0.551463 1
0.934381 -0.553906 1
0.988025 -0.556398 1
-0.18537 -0.45578 1
-0.135454 -0.457886 1
-0.084871 -0.46002 1
-0.0350111 -0.462123 1
0.0155463 -0.464256 1
0.0654123 -0.466359 1
0.116007 -0.468494 1
0.165941 -0.4706 1
0.215933 -0.472709 1
0.266702 -0.474851 1
0.316856 -0.476966 1
0.367822 -0.479116 1
0.418201 -0.481242 1
0.469428 -0.483403 1
0.520098 -0.48554 1
0.570936 -0.487685 1
0.62268 -0.489867 1
0.673908 -0.492028 1
0.726082 -0.494229 1
0.77777 -0.49641 1
0.830446 -0.498632 1
0.882665 -0.500835 1
0.935175 -0.50305 1
0.988741 -0.505309 1
-0.183323 -0.409886 1
-0.13346 -0.411778 1
-0.0829317 -0.413694 1
-0.033126 -0.415583 1
0.0173758 -0.417499 1
0.0671864 -0.419388 1
0.117725 -0.421305 1
0.167602 -0.423197 1
0.217536 -0.425091 1
0.268247 -0.427014 1
0.318342 -0.428914 1
0.369248 -0.430845 1
0.419567 -0.432754 1
0.470733 -0.434694 1
0.521341 -0.436614 1
0.572117 -0.43854 1
0.623796 -0.4405 1
0.674961 -0.442441 1
0.727069 -0.444417 1
0.778691 -0.446375 1
0.831299 -0.44837 1
0.88345 -0.450348 1
0.935891 -0.452338 1
0.989386 -0.454367 1
-0.181495 -0.364093 1
-0.13168 -0.365771 1
-0.0812 -0.367471 1
-0.0314427 -0.369147 1
0.0190095 -0.370847 1
0.0687707 -0.372523 1
0.119258 -0.374224 1
0.169085 -0.375902 1
0.218968 -0.377583 1
0.269627 -0.379289 1
0.319669 -0.380975 1
0.370521 -0.382688 1
0.420787 -0.384381 1
0.471898 -0.386103 1
0.522451 -0.387806 1
0.573171 -0.389514 1
0.624793 -0.391253 1
0.675901 -0.392975 1
0.72795 -0.394728 1
0.779513 -0.396465 1
0.832061 -0.398235 1
0.884152 -0.39999 1
0.936531 -0.401755 1
0.989963 -0.403555 1
-0.179885 -0.318388 1
-0.130112 -0.319854 1
-0.0796746 -0.321339 1
-0.02996 -0.322804 1
0.0204486 -0.324288 1
0.0701662 -0.325753 1
0.120609 -0.327238 1
0.170392 -0.328705 1
0.22023 -0.330172 1
0.270842 -0.331663 1
0.320838 -0.333136 1
0.371643 -0.334632 1
0.421861 -0.336111 1
0.472924 -0.337615 1
0.523428 -0.339103 1
0.5741 -0.340595 1
0.625671 -0.342114 1
0.676728 -0.343618 1
0.728726 -0.345149 1
0.780237 -0.346666 1
0.832732 -0.348212 1
0.884769 -0.349745 1
0.937095 -0.351286 1
0.990471 -0.352858 1
-0.178492 -0.27276 1
-0.128754 -0.274015 1
-0.0783546 -0.275287 1
-0.0286769 -0.27654 1
0.0216938 -0.277811 1
0.0713737 -0.279064 1
0.121778 -0.280336 1
0.171522 -0.281591 1
0.221321 -0.282847 1
0.271893 -0.284123 1
0.32185 -0.285383 1
0.372614 -0.286664 1
0.422791 -0.28793 1
0.473812 -0.289217 1
0.524274 -0.29049 1
0.574903 -0.291768 1
0.626431 -0.293068 1
0.677444 -0.294355 1
0.729397 -0.295665 1
0.780864 -0.296964 1
0.833312 -0.298287 1
0.885303 -0.299599 1
0.937582 -0.300918 1
0.99091 -0.302263 1
-0.177315 -0.227199 1
-0.127608 -0.228244 1
-0.0772391 -0.229302 1
-0.0275926 -0.230345 1
0.0227461 -0.231403 1
0.0723941 -0.232446 1
0.122766 -0.233505 1
0.172477 -0.234549 1
0.222243 -0.235595 1
0.272782 -0.236657 1
0.322704 -0.237706 1
0.373434 -0.238772 1
0.423577 -0.239826 1
0.474562 -0.240897 1
0.524989 -0.241956 1
0.575582 -0.24302 1
0.627073 -0.244102 1
0.67805 -0.245173 1
0.729965 -0.246264 1
0.781393 -0.247344 1
0.833803 -0.248445 1
0.885755 -0.249537 1
0.937994 -0.250635 1
0.991281 -0.251754 1
-0.176352 -0.181693 1
-0.12667 -0.182528 1
-0.0763274 -0.183374 1
-0.0267064 -0.184208 1
0.0236062 -0.185053 1
0.0732281 -0.185887 1
0.123573 -0.186733 1
0.173258 -0.187568 1
0.222997 -0.188403 1
0.273508 -0.189252 1
0.323403 -0.19009 1
0.374104 -0.190942 1
0.424219 -0.191784 1
0.475175 -0.192641 1
0.525573 -0.193487 1
0.576137 -0.194337 1
0.627598 -0.195202 1
0.678544 -0.196058 1
0.730428 -0.196929 1
0.781826 -0.197793 1
0.834203 -0.198673 1
0.886124 -0.199546 1
0.938331 -0.200423 1
0.991584 -0.201318 1
-0.175604 -0.136232 1
-0.125942 -0.136857 1
-0.0756189 -0.137491 1
-0.0260177 -0.138116 1
0.0242745 -0.13875 1
0.0738762 -0.139374 1
0.1242 -0.140008 1
0.173864 -0.140634 1
0.223583 -0.14126 1
0.274072 -0.141896 1
0.323946 -0.142525 1
0.374625 -0.143163 1
0.424718 -0.143794 1
0.475651 -0.144436 1
0.526027 -0.14507 1
0.576568 -0.145707 1
0.628006 -0.146355 1
0.678928 -0.146996 1
0.730788 -0.14765 1
0.782162 -0.148297 1
0.834515 -0.148956 1
0.88641 -0.14961 1
0.938592 -0.150267 1
0.99182 -0.150938 1
-0.175071 -0.0908027 1
-0.125422 -0.0912196 1
-0.0751132 -0.091642 1
-0.0255262 -0.0920583 1
0.0247516 -0.0924805 1
0.0743389 -0.0928968 1
0.124648 -0.0933192 1
0.174298 -0.0937361 1
0.224001 -0.0941534 1
0.274475 -0.0945772 1
0.324333 -0.0949958 1
0.374997 -0.0954212 1
0.425074 -0.0958416 1
0.475991 -0.0962691 1
0.526351 -0.0966919 1
0.576875 -0.0971162 1
0.628297 -0.0975479 1
0.679203 -0.0979753 1
0.731046 -0.0984106 1
0.782402 -0.0988418 1
0.834737 -0.0992812 1
0.886615 -0.0997168 1
0.938779 -0.100155 1
0.991988 -0.100601 1
-0.17475 -0.0453959 1
-0.12511 -0.0456042 1
-0.0748099 -0.0458154 1
-0.0252313 -0.0460235 1
0.0250377 -0.0462345 1
0.0746163 -0.0464426 1
0.124917 -0.0466537 1
0.174557 -0.0468621 1
0.224251 -0.0470706 1
0.274716 -0.0472825 1
0.324566 -0.0474917 1
0.37522 -0.0477043 1
0.425287 -0.0479145 1
0.476195 -0.0481282 1
0.526545 -0.0483395 1
0.57706 -0.0485515 1
0.628471 -0.0487673 1
0.679367 -0.048981 1
0.7312 -0.0491985 1
0.782546 -0.0494141 1
0.834871 -0.0496337 1
0.886738 -0.0498514 1
0.938891 -0.0500703 1
0.992089 -0.0502936 1
-0.992123 0 1
-0.938928 0 1
-0.886779 0 1
-0.834915 0 1
-0.782594 0 1
-0.731251 0 1
-0.679422 0 1
-0.628529 0 1
-0.577121 0 1
-0.52661 0 1
-0.476263 0 1
-0.425358 0 1
-0.375294 0 1
-0.324643 0 1
-0.274797 0 1
-0.224335 0 1
-0.174644 0 1
-0.125006 0 1
-0.0747088 0 1
-0.0251331 0 1
0.0251331 0 1
0.0747088 0 1
0.125006 0 1
0.174644 0 1
0.224335 0 1
0.274797 0 1
0.324643 0 1
0.375294 0 1
0.425358 0 1
0.476263 0 1
0.52661 0 1
0.577121 0 1
0.628529 0 1
0.679422 0 1
0.731251 0 1
0.782594 0 1
0.834915 0 1
0.886779 0 1
0.938928 0 1
0.992123 0 1
-0.992198 0.0490898 1
-0.938999 0.0490898 1
-0.886845 0.0490898 1
-0.834978 0.0490898 1
-0.782653 0.0490898 1
-0.731306 0.0490898 1
-0.679473 0.0490898 1
-0.628577 0.0490898 1
-0.577165 0.0490898 1
-0.52665 0.0490898 1
-0.476299 0.0490898 1
-0.425391 0.0490898 1
-0.375322 0.0490898 1
-0.324668 0.0490898 1
-0.274818 0.0490898 1
-0.224352 0.0490898 1
-0.174657 0.0490898 1
-0.125016 0.0490898 1
-0.0747144 0.0490898 1
-0.025135 0.0490898 1
0.025135 0.0490898 1
0.0747144 0.0490898 1
0.125016 0.0490898 1
0.174657 0.0490898 1
0.224352 0.0490898 1
0.274818 0.0490898 1
0.324668 0.0490898 1
0.375322 0.0490898 1
0.425391 0.0490898 1
0.476299 0.0490898 1
0.52665 0.0490898 1
0.577165 0.0490898 1
0.628577 0.0490898 1
0.679473 0.0490898 1
0.731306 0.0490898 1
0.782653 0.0490898 1
0.834978 0.0490898 1
0.886845 0.0490898 1
0.938999 0.0490898 1
0.992198 0.0490898 1
-0.992422 0.0981945 1
-0.939211 0.0981945 1
-0.887046 0.0981945 1
-0.835166 0.0981945 1
-0.78283 0.0981945 1
-0.731471 0.0981945 1
-0.679627 0.0981945 1
-0.628719 0.0981945 1
-0.577295 0.0981945 1
-0.526769 0.0981945 1
-0.476407 0.0981945 1
-0.425487 0.0981945 1
-0.375407 0.0981945 1
-0.324741 0.0981945 1
-0.27488 0.0981945 1
-0.224403 0.0981945 1
-0.174696 0.0981945 1
-0.125044 0.0981945 1
-0.0747313 0.0981945 1
-0.0251406 0.0981945 1
0.0251406 0.0981945 1
0.0747313 0.0981945 1
0.125044 0.0981945 1
0.174696 0.0981945 1
0.224403 0.0981945 1
0.27488 0.0981945 1
0.324741 0.0981945 1
0.375407 0.0981945 1
0.425487 0.0981945 1
0.476407 0.0981945 1
0.526769 0.0981945 1
0.577295 0.0981945 1
0.628719 0.0981945 1
0.679627 0.0981945 1
0.731471 0.0981945 1
0.78283 0.0981945 1
0.835166 0.0981945 1
0.887046 0.0981945 1
0.939211 0.0981945 1
0.992422 0.0981945 1
-0.992796 0.147329 1
-0.939565 0.147329 1
-0.88738 0.147329 1
-0.835481 0.147329 1
-0.783125 0.147329 1
-0.731747 0.147329 1
-0.679883 0.147329 1
-0.628955 0.147329 1
-0.577513 0.147329 1
-0.526967 0.147329 1
-0.476586 0.147329 1
-0.425647 0.147329 1
-0.375549 0.147329 1
-0.324863 0.147329 1
-0.274983 0.147329 1
-0.224487 0.147329 1
-0.174762 0.147329 1
-0.125091 0.147329 1
-0.0747594 0.147329 1
-0.0251501 0.147329 1
0.0251501 0.147329 1
0.0747594 0.147329 1
0.125091 0.147329 1
0.174762 0.147329 1
0.224487 0.147329 1
0.274983 0.147329 1
0.324863 0.147329 1
0.375549 0.147329 1
0.425647 0.147329 1
0.476586 0.147329 1
0.526967 0.147329 1
0.577513 0.147329 1
0.628955 0.147329 1
0.679883 0.147329 1
0.731747 0.147329 1
0.783125 0.147329 1
0.835481 0.147329 1
0.88738 0.147329 1
0.939565 0.147329 1
0.992796 0.147329 1
-0.993319 0.196507 1
-0.94006 0.196507 1
-0.887848 0.196507 1
-0.835922 0.196507 1
-0.783538 0.196507 1
-0.732133 0.196507 1
-0.680241 0.196507 1
-0.629287 0.196507 1
-0.577817 0.196507 1
-0.527245 0.196507 1
-0.476837 0.196507 1
-0.425871 0.196507 1
-0.375747 0.196507 1
-0.325035 0.196507 1
-0.275128 0.196507 1
-0.224606 0.196507 1
-0.174854 0.196507 1
-0.125157 0.196507 1
-0.0747989 0.196507 1
-0.0251634 0.196507 1
0.0251634 0.196507 1
0.0747989 0.196507 1
0.125157 0.196507 1
0.174854 0.196507 1
0.224606 0.196507 1
0.275128 0.196507 1
0.325035 0.196507 1
0.375747 0.196507 1
0.425871 0.196507 1
0.476837 0.196507 1
0.527245 0.196507 1
0.577817 0.196507 1
0.629287 0.196507 1
0.680241 0.196507 1
0.732133 0.196507 1
0.783538 0.196507 1
0.835922 0.196507 1
0.887848 0.196507 1
0.94006 0.196507 1
0.993319 0.196507 1
-0.993993 0.245745 1
-0.940698 0.245745 1
-0.888451 0.245745 1
-0.836489 0.245745 1
-0.78407 0.245745 1
-0.73263 0.245745 1
-0.680703 0.245745 1
-0.629714 0.245745 1
-0.57821 0.245745 1
-0.527603 0.245745 1
-0.477161 0.245745 1
-0.42616 0.245745 1
-0.376002 0.245745 1
-0.325255 0.245745 1
-0.275315 0.245745 1
-0.224758 0.245745 1
-0.174973 0.245745 1
-0.125242 0.245745 1
-0.0748496 0.245745 1
-0.0251805 0.245745 1
0.0251805 0.245745 1
0.0748496 0.245745 1
0.125242 0.245745 1
0.174973 0.245745 1
0.224758 0.245745 1
0.275315 0.245745 1
0.325255 0.245745 1
0.376002 0.245745 1
0.42616 0.245745 1
0.477161 0.245745 1
0.527603 0.245745 1
0.57821 0.245745 1
0.629714 0.245745 1
0.680703 0.245745 1
0.73263 0.245745 1
0.78407 0.245745 1
0.836489 0.245745 1
0.888451 0.245745 1
0.940698 0.245745 1
0.993993 0.245745 1
-0.994818 0.295058 1
-0.941479 0.295058 1
-0.889188 0.295058 1
-0.837183 0.295058 1
-0.78472 0.295058 1
-0.733238 0.295058 1
-0.681268 0.295058 1
-0.630237 0.295058 1
-0.578689 0.295058 1
-0.528041 0.295058 1
-0.477557 0.295058 1
-0.426514 0.295058 1
-0.376314 0.295058 1
-0.325525 0.295058 1
-0.275543 0.295058 1
-0.224945 0.295058 1
-0.175118 0.295058 1
-0.125346 0.295058 1
-0.0749118 0.295058 1
-0.0252014 0.295058 1
0.0252014 0.295058 1
0.0749118 0.295058 1
0.125346 0.295058 1
0.175118 0.295058 1
0.224945 0.295058 1
0.275543 0.295058 1
0.325525 0.295058 1
0.376314 0.295058 1
0.426514 0.295058 1
0.477557 0.295058 1
0.528041 0.295058 1
0.578689 0.295058 1
0.630237 0.295058 1
0.681268 0.295058 1
0.733238 0.295058 1
0.78472 0.295058 1
0.837183 0.295058 1
0.889188 0.295058 1
0.941479 0.295058 1
0.994818 0.295058 1
-0.995795 0.344459 1
-0.942403 0.344459 1
-0.890061 0.344459 1
-0.838005 0.344459 1
-0.78549 0.344459 1
-0.733958 0.344459 1
-0.681937 0.344459 1
-0.630855 0.344459 1
-0.579257 0.344459 1
-0.528559 0.344459 1
-0.478026 0.344459 1
-0.426933 0.344459 1
-0.376683 0.344459 1
-0.325845 0.344459 1
-0.275814 0.344459 1
-0.225165 0.344459 1
-0.17529 0.344459 1
-0.125469 0.344459 1
-0.0749853 0.344459 1
-0.0252261 0.344459 1
0.0252261 0.344459 1
0.0749853 0.344459 1
0.125469 0.344459 1
0.17529 0.344459 1
0.225165 0.344459 1
0.275814 0.344459 1
0.325845 0.344459 1
0.376683 0.344459 1
0.426933 0.344459 1
0.478026 0.344459 1
0.528559 0.344459 1
0.579257 0.344459 1
0.630855 0.344459 1
0.681937 0.344459 1
0.733958 0.344459 1
0.78549 0.344459 1
0.838005 0.344459 1
0.890061 0.344459 1
0.942403 0.344459 1
0.995795 0.344459 1
-0.996923 0.393966 1
-0.943471 0.393966 1
-0.891069 0.393966 1
-0.838955 0.393966 1
-0.786381 0.393966 1
-0.734789 0.393966 1
-0.68271 0.393966 1
-0.63157 0.393966 1
-0.579914 0.393966 1
-0.529158 0.393966 1
-0.478568 0.393966 1
-0.427417 0.393966 1
-0.37711 0.393966 1
-0.326214 0.393966 1
-0.276126 0.393966 1
-0.225421 0.393966 1
-0.175489 0.393966 1
-0.125611 0.393966 1
-0.0750703 0.393966 1
-0.0252547 0.393966 1
0.0252547 0.393966 1
0.0750703 0.393966 1
0.125611 0.393966 1
0.175489 0.393966 1
0.225421 0.393966 1
0.276126 0.393966 1
0.326214 0.393966 1
0.37711 0.393966 1
0.427417 0.393966 1
0.478568 0.393966 1
0.529158 0.393966 1
0.579914 0.393966 1
0.63157 0.393966 1
0.68271 0.393966 1
0.734789 0.393966 1
0.786381 0.393966 1
0.838955 0.393966 1
0.891069 0.393966 1
0.943471 0.393966 1
0.996923 0.393966 1
-0.998205 0.443592 1
-0.944684 0.443592 1
-0.892215 0.443592 1
-0.840033 0.443592 1
-0.787392 0.443592 1
-0.735734 0.443592 1
-0.683587 0.443592 1
-0.632382 0.443592 1
-0.580659 0.443592 1
-0.529838 0.443592 1
-0.479183 0.443592 1
-0.427966 0.443592 1
-0.377595 0.443592 1
-0.326633 0.443592 1
-0.276481 0.443592 1
-0.22571 0.443592 1
-0.175714 0.443592 1
-0.125773 0.443592 1
-0.0751668 0.443592 1
-0.0252871 0.443592 1
0.0252871 0.443592 1
0.0751668 0.443592 1
0.125773 0.443592 1
0.175714 0.443592 1
0.22571 0.443592 1
0.276481 0.443592 1
0.326633 0.443592 1
0.377595 0.443592 1
0.427966 0.443592 1
0.479183 0.443592 1
0.529838 0.443592 1
0.580659 0.443592 1
0.632382 0.443592 1
0.683587 0.443592 1
0.735734 0.443592 1
0.787392 0.443592 1
0.840033 0.443592 1
0.892215 0.443592 1
0.944684 0.443592 1
0.998205 0.443592 1
-0.999641 0.493353 1
-0.946043 0.493353 1
-0.893498 0.493353 1
-0.841241 0.493353 1
-0.788524 0.493353 1
-0.736792 0.493353 1
-0.68457 0.493353 1
-0.633292 0.493353 1
-0.581495 0.493353 1
-0.5306 0.493353 1
-0.479872 0.493353 1
-0.428582 0.493353 1
-0.378138 0.493353 1
-0.327103 0.493353 1
-0.276879 0.493353 1
-0.226035 0.493353 1
-0.175967 0.493353 1
-0.125953 0.493353 1
-0.0752749 0.493353 1
-0.0253235 0.493353 1
0.0253235 0.493353 1
0.0752749 0.493353 1
0.125953 0.493353 1
0.175967 0.493353 1
0.226035 0.493353 1
0.276879 0.493353 1
0.327103 0.493353 1
0.378138 0.493353 1
0.428582 0.493353 1
0.479872 0.493353 1
0.5306 0.493353 1
0.581495 0.493353 1
0.633292 0.493353 1
0.68457 0.493353 1
0.736792 0.493353 1
0.788524 0.493353 1
0.841241 0.493353 1
0.893498 0.493353 1
0.946043 0.493353 1
0.999641 0.493353 1
-0.947548 0.543265 1
-0.89492 0.543265 1
-0.84258 0.543265 1
-0.789779 0.543265 1
-0.737965 0.543265 1
-0.68566 0.543265 1
-0.6343 0.543265 1
-0.58242 0.543265 1
-0.531445 0.543265 1
-0.480636 0.543265 1
-0.429264 0.543265 1
-0.37874 0.543265 1
-0.327624 0.543265 1
-0.27732 0.543265 1
-0.226395 0.543265 1
-0.176247 0.543265 1
-0.126154 0.543265 1
-0.0753947 0.543265 1
-0.0253638 0.543265 1
0.0253638 0.543265 1
0.0753947 0.543265 1
0.126154 0.543265 1
0.176247 0.543265 1
0.226395 0.543265 1
0.27732 0.543265 1
0.327624 0.543265 1
0.37874 0.543265 1
0.429264 0.543265 1
0.480636 0.543265 1
0.531445 0.543265 1
0.58242 0.543265 1
0.6343 0.543265 1
0.68566 0.543265 1
0.737965 0.543265 1
0.789779 0.543265 1
0.84258 0.543265 1
0.89492 0.543265 1
0.947548 0.543265 1
-0.949202 0.593344 1
-0.896482 0.593344 1
-0.844051 0.593344 1
-0.791157 0.593344 1
-0.739252 0.593344 1
-0.686856 0.593344 1
-0.635407 0.593344 1
-0.583436 0.593344 1
-0.532372 0.593344 1
-0.481474 0.593344 1
-0.430013 0.593344 1
-0.3794 0.593344 1
-0.328195 0.593344 1
-0.277804 0.593344 1
-0.22679 0.593344 1
-0.176555 0.593344 1
-0.126374 0.593344 1
-0.0755262 0.593344 1
-0.0254081 0.593344 1
0.0254081 0.593344 1
0.0755262 0.593344 1
0.126374 0.593344 1
0.176555 0.593344 1
0.22679 0.593344 1
0.277804 0.593344 1
0.328195 0.593344 1
0.3794 0.593344 1
0.430013 0.593344 1
0.481474 0.593344 1
0.532372 0.593344 1
0.583436 0.593344 1
0.635407 0.593344 1
0.686856 0.593344 1
0.739252 0.593344 1
0.791157 0.593344 1
0.844051 0.593344 1
0.896482 0.593344 1
0.949202 0.593344 1
-0.951005 0.643605 1
-0.898184 0.643605 1
-0.845654 0.643605 1
-0.79266 0.643605 1
-0.740656 0.643605 1
-0.688161 0.643605 1
-0.636613 0.643605 1
-0.584544 0.643605 1
-0.533383 0.643605 1
-0.482389 0.643605 1
-0.430829 0.643605 1
-0.380121 0.643605 1
-0.328819 0.643605 1
-0.278331 0.643605 1
-0.22722 0.643605 1
-0.17689 0.643605 1
-0.126614 0.643605 1
-0.0756697 0.643605 1
-0.0254563 0.643605 1
0.0254563 0.643605 1
0.0756697 0.643605 1
0.126614 0.643605 1
0.17689 0.643605 1
0.22722 0.643605 1
0.278331 0.643605 1
0.328819 0.643605 1
0.380121 0.643605 1
0.430829 0.643605 1
0.482389 0.643605 1
0.533383 0.643605 1
0.584544 0.643605 1
0.636613 0.643605 1
0.688161 0.643605 1
0.740656 0.643605 1
0.79266 0.643605 1
0.845654 0.643605 1
0.898184 0.643605 1
0.951005 0.643605 1
-0.952958 0.694066 1
-0.900029 0.694066 1
-0.847391 0.694066 1
-0.794288 0.694066 1
-0.742178 0.694066 1
-0.689574 0.694066 1
-0.637921 0.694066 1
-0.585745 0.694066 1
-0.534479 0.694066 1
-0.48338 0.694066 1
-0.431714 0.694066 1
-0.380902 0.694066 1
-0.329494 0.694066 1
-0.278903 0.694066 1
-0.227687 0.694066 1
-0.177253 0.694066 1
-0.126874 0.694066 1
-0.0758251 0.694066 1
-0.0255086 0.694066 1
0.0255086 0.694066 1
0.0758251 0.694066 1
0.126874 0.694066 1
0.177253 0.694066 1
0.227687 0.694066 1
0.278903 0.694066 1
0.329494 0.694066 1
0.380902 0.694066 1
0.431714 0.694066 1
0.48338 0.694066 1
0.534479 0.694066 1
0.585745 0.694066 1
0.637921 0.694066 1
0.689574 0.694066 1
0.742178 0.694066 1
0.794288 0.694066 1
0.847391 0.694066 1
0.900029 0.694066 1
0.952958 0.694066 1
-0.955063 0.744742 1
-0.902018 0.744742 1
-0.849263 0.744742 1
-0.796043 0.744742 1
-0.743818 0.744742 1
-0.691098 0.744742 1
-0.63933 0.744742 1
-0.587039 0.744742 1
-0.53566 0.744742 1
-0.484448 0.744742 1
-0.432668 0.744742 1
-0.381743 0.744742 1
-0.330222 0.744742 1
-0.279519 0.744742 1
-0.22819 0.744742 1
-0.177645 0.744742 1
-0.127154 0.744742 1
-0.0759926 0.744742 1
-0.025565 0.744742 1
0.025565 0.744742 1
0.0759926 0.744742 1
0.127154 0.744742 1
0.177645 0.744742 1
0.22819 0.744742 1
0.279519 0.744742 1
0.330222 0.744742 1
0.381743 0.744742 1
0.432668 0.744742 1
0.484448 0.744742 1
0.53566 0.744742 1
0.587039 0.744742 1
0.63933 0.744742 1
0.691098 0.744742 1
0.743818 0.744742 1
0.796043 0.744742 1
0.849263 0.744742 1
0.902018 0.744742 1
0.955063 0.744742 1
-0.957323 0.795649 1
-0.904152 0.795649 1
-0.851272 0.795649 1
-0.797926 0.795649 1
-0.745577 0.795649 1
-0.692733 0.795649 1
-0.640843 0.795649 1
-0.588428 0.795649 1
-0.536927 0.795649 1
-0.485594 0.795649 1
-0.433692 0.795649 1
-0.382646 0.795649 1
-0.331003 0.795649 1
-0.28018 0.795649 1
-0.22873 0.795649 1
-0.178065 0.795649 1
-0.127455 0.795649 1
-0.0761724 0.795649 1
-0.0256255 0.795649 1
0.0256255 0.795649 1
0.0761724 0.795649 1
0.127455 0.795649 1
0.178065 0.795649 1
0.22873 0.795649 1
0.28018 0.795649 1
0.331003 0.795649 1
0.382646 0.795649 1
0.433692 0.795649 1
0.485594 0.795649 1
0.536927 0.795649 1
0.588428 0.795649 1
0.640843 0.795649 1
0.692733 0.795649 1
0.745577 0.795649 1
0.797926 0.795649 1
0.851272 0.795649 1
0.904152 0.795649 1
0.957323 0.795649 1
-0.959738 0.846806 1
-0.906432 0.846806 1
-0.853419 0.846806 1
-0.799939 0.846806 1
-0.747458 0.846806 1
-0.69448 0.846806 1
-0.642459 0.846806 1
-0.589912 0.846806 1
-0.538281 0.846806 1
-0.486819 0.846806 1
-0.434786 0.846806 1
-0.383612 0.846806 1
-0.331838 0.846806 1
-0.280887 0.846806 1
-0.229307 0.846806 1
-0.178514 0.846806 1
-0.127777 0.846806 1
-0.0763646 0.846806 1
-0.0256901 0.846806 1
0.0256901 0.846806 1
0.0763646 0.846806 1
0.127777 0.846806 1
0.178514 0.846806 1
0.229307 0.846806 1
0.280887 0.846806 1
0.331838 0.846806 1
0.383612 0.846806 1
0.434786 0.846806 1
0.486819 0.846806 1
0.538281 0.846806 1
0.589912 0.846806 1
0.642459 0.846806 1
0.69448 0.846806 1
0.747458 0.846806 1
0.799939 0.846806 1
0.853419 0.846806 1
0.906432 0.846806 1
0.959738 0.846806 1
-0.96231 0.89823 1
-0.908862 0.89823 1
-0.855707 0.89823 1
-0.802083 0.89823 1
-0.749461 0.89823 1
-0.696342 0.89823 1
-0.644181 0.89823 1
-0.591493 0.89823 1
-0.539724 0.89823 1
-0.488123 0.89823 1
-0.435951 0.89823 1
-0.38464 0.89823 1
-0.332728 0.89823 1
-0.28164 0.89823 1
-0.229922 0.89823 1
-0.178993 0.89823 1
-0.128119 0.89823 1
-0.0765692 0.89823 1
-0.025759 0.89823 1
0.025759 0.89823 1
0.0765692 0.89823 1
0.128119 0.89823 1
0.178993 0.89823 1
0.229922 0.89823 1
0.28164 0.89823 1
0.332728 0.89823 1
0.38464 0.89823 1
0.435951 0.89823 1
0.488123 0.89823 1
0.539724 0.89823 1
0.591493 0.89823 1
0.644181 0.89823 1
0.696342 0.89823 1
0.749461 0.89823 1
0.802083 0.89823 1
0.855707 0.89823 1
0.908862 0.89823 1
0.96231 0.89823 1
-0.965042 0.949938 1
-0.911442 0.949938 1
-0.858136 0.949938 1
-0.80436 0.949938 1
-0.751589 0.949938 1
-0.698319 0.949938 1
-0.64601 0.949938 1
-0.593173 0.949938 1
-0.541256 0.949938 1
-0.489509 0.949938 1
-0.437189 0.949938 1
-0.385732 0.949938 1
-0.333672 0.949938 1
-0.28244 0.949938 1
-0.230574 0.949938 1
-0.179501 0.949938 1
-0.128483 0.949938 1
-0.0767866 0.949938 1
-0.0258321 0.949938 1
0.0258321 0.949938 1
0.0767866 0.949938 1
0.128483 0.949938 1
0.179501 0.949938 1
0.230574 0.949938 1
0.28244 0.949938 1
0.333672 0.949938 1
0.385732 0.949938 1
0.437189 0.949938 1
0.489509 0.949938 1
0.541256 0.949938 1
0.593173 0.949938 1
0.64601 0.949938 1
0.698319 0.949938 1
0.751589 0.949938 1
0.80436 0.949938 1
0.858136 0.949938 1
0.911442 0.949938 1
0.965042 0.949938 1
-0.965042 -0.949938 1
-0.911442 -0.949938 1
-0.858136 -0.949938 1
-0.80436 -0.949938 1
-0.751589 -0.949938 1
-0.698319 -0.949938 1
-0.64601 -0.949938 1
-0.593173 -0.949938 1
-0.541256 -0.949938 1
-0.489509 -0.949938 1
-0.437189 -0.949938 1
-0.385732 -0.949938 1
-0.333672 -0.949938 1
-0.28244 -0.949938 1
-0.230574 -0.949938 1
-0.179501 -0.949938 1
-0.128483 -0.949938 1
-0.0767866 -0.949938 1
-0.0258321 -0.949938 1
0.0258321 -0.949938 1
0.0767866 -0.949938 1
0.128483 -0.949938 1
0.179501 -0.949938 1
0.230574 -0.949938 1
0.28244 -0.949938 1
0.333672 -0.949938 1
0.385732 -0.949938 1
0.437189 -0.949938 1
0.489509 -0.949938 1
0.541256 -0.949938 1
0.593173 -0.949938 1
0.64601 -0.949938 1
0.698319 -0.949938 1
0.751589 -0.949938 1
0.80436 -0.949938 1
0.858136 -0.949938 1
0.911442 -0.949938 1
0.965042 -0.949938 1
-0.96231 -0.89823 1
-0.908862 -0.89823 1
-0.855707 -0.89823 1
-0.802083 -0.89823 1
-0.749461 -0.89823 1
-0.696342 -0.89823 1
-0.644181 -0.89823 1
-0.591493 -0.89823 1
-0.539724 -0.89823 1
-0.488123 -0.89823 1
-0.435951 -0.89823 1
-0.38464 -0.89823 1
-0.332728 -0.89823 1
-0.28164 -0.89823 1
-0.229922 -0.89823 1
-0.178993 -0.89823 1
-0.128119 -0.89823 1
-0.0765692 -0.89823 1
-0.025759 -0.89823 1
0.025759 -0.89823 1
0.0765692 -0.89823 1
0.128119 -0.89823 1
0.178993 -0.89823 1
0.229922 -0.89823 1
0.28164 -0.89823 1
0.332728 -0.89823 1
0.38464 -0.89823 1
0.435951 -0.89823 1
0.488123 -0.89823 1
0.539724 -0.89823 1
0.591493 -0.89823 1
0.644181 -0.89823 1
0.696342 -0.89823 1
0.749461 -0.89823 1
0.802083 -0.89823 1
0.855707 -0.89823 1
0.908862 -0.89823 1
0.96231 -0.89823 1
-0.959738 -0.846806 1
-0.906432 -0.846806 1
-0.853419 -0.846806 1
-0.799939 -0.846806 1
-0.747458 -0.846806 1
-0.69448 -0.846806 1
-0.642459 -0.846806 1
-0.589912 -0.846806 1
-0.538281 -0.846806 1
-0.486819 -0.846806 1
-0.434786 -0.846806 1
-0.383612 -0.846806 1
-0.331838 -0.846806 1
-0.280887 -0.846806 1
-0.229307 -0.846806 1
-0.178514 -0.846806 1
-0.127777 -0.846806 1
-0.0763646 -0.846806 1
-0.0256901 -0.846806 1
0.0256901 -0.846806 1
0.0763646 -0.846806 1
0.127777 -0.846806 1
0.178514 -0.846806 1
0.229307 -0.846806 1
0.280887 -0.846806 1
0.331838 -0.846806 1
0.383612 -0.846806 1
0.434786 -0.846806 1
0.486819 -0.846806 1
0.538281 -0.846806 1
0.589912 -0.846806 1
0.642459 -0.846806 1
0.69448 -0.846806 1
0.747458 -0.846806 1
0.799939 -0.846806 1
0.853419 -0.846806 1
0.906432 -0.846806 1
0.959738 -0.846806 1
-0.957323 -0.795649 1
-0.904152 -0.795649 1
-0.851272 -0.795649 1
-0.797926 -0.795649 1
-0.745577 -0.795649 1
-0.692733 -0.795649 1
-0.640843 -0.795649 1
-0.588428 -0.795649 1
-0.536927 -0.795649 1
-0.485594 -0.795649 1
-0.433692 -0.795649 1
-0.382646 -0.795649 1
-0.331003 -0.795649 1
-0.28018 -0.795649 1
-0.22873 -0.795649 1
-0.178065 -0.795649 1
-0.127455 -0.795649 1
-0.0761724 -0.795649 1
-0.0256255 -0.795649 1
0.0256255 -0.795649 1
0.0761724 -0.795649 1
0.127455 -0.795649 1
0.178065 -0.795649 1
0.22873 -0.795649 1
0.28018 -0.795649 1
0.331003 -0.795649 1
0.382646 -0.795649 1
0.433692 -0.795649 1
0.485594 -0.795649 1
0.536927 -0.795649 1
0.588428 -0.795649 1
0.640843 -0.795649 1
0.692733 -0.795649 1
0.745577 -0.795649 1
0.797926 -0.795649 1
0.851272 -0.795649 1
0.904152 -0.795649 1
0.957323 -0.795649 1
-0.955063 -0.744742 1
-0.902018 -0.744742 1
-0.849263 -0.744742 1
-0.796043 -0.744742 1
-0.743818 -0.744742 1
-0.691098 -0.744742 1
-0.63933 -0.744742 1
-0.587039 -0.744742 1
-0.53566 -0.744742 1
-0.484448 -0.744742 1
-0.432668 -0.744742 1
-0.381743 -0.744742 1
-0.330222 -0.744742 1
-0.279519 -0.744742 1
-0.22819 -0.744742 1
-0.177645 -0.744742 1
-0.127154 -0.744742 1
-0.0759926 -0.744742 1
-0.025565 -0.744742 1
0.025565 -0.744742 1
0.0759926 -0.744742 1
0.127154 -0.744742 1
0.177645 -0.744742 1
0.22819 -0.744742 1
0.279519 -0.744742 1
0.330222 -0.744742 1
0.381743 -0.744742 1
0.432668 -0.744742 1
0.484448 -0.744742 1
0.53566 -0.744742 1
0.587039 -0.744742 1
0.63933 -0.744742 1
0.691098 -0.744742 1
0.743818 -0.744742 1
0.796043 -0.744742 1
0.849263 -0.744742 1
0.902018 -0.744742 1
0.955063 -0.744742 1
-0.952958 -0.694066 1
-0.900029 -0.694066 1
-0.847391 -0.694066 1
-0.794288 -0.694066 1
-0.742178 -0.694066 1
-0.689574 -0.694066 1
-0.637921 -0.694066 1
-0.585745 -0.694066 1
-0.534479 -0.694066 1
-0.48338 -0.694066 1
-0.431714 -0.694066 1
-0.380902 -0.694066 1
-0.329494 -0.694066 1
-0.278903 -0.694066 1
-0.227687 -0.694066 1
-0.177253 -0.694066 1
-0.126874 -0.694066 1
-0.0758251 -0.694066 1
-0.0255086 -0.694066 1
0.0255086 -0.694066 1
0.0758251 -0.694066 1
0.126874 -0.694066 1
0.177253 -0.694066 1
0.227687 -0.694066 1
0.278903 -0.694066 1
0.329494 -0.694066 1
0.380902 -0.694066 1
0.431714 -0.694066 1
0.48338 -0.694066 1
0.534479 -0.694066 1
0.585745 -0.694066 1
0.637921 -0.694066 1
0.689574 -0.694066 1
0.742178 -0.694066 1
0.794288 -0.694066 1
0.847391 -0.694066 1
0.900029 -0.694066 1
0.952958 -0.694066 1
-0.951005 -0.643605 1
-0.898184 -0.643605 1
-0.845654 -0.643605 1
-0.79266 -0.643605 1
-0.740656 -0.643605 1
-0.688161 -0.643605 1
-0.636613 -0.643605 1
-0.584544 -0.643605 1
-0.533383 -0.643605 1
-0.482389 -0.643605 1
-0.430829 -0.643605 1
-0.380121 -0.643605 1
-0.328819 -0.643605 1
-0.278331 -0.643605 1
-0.22722 -0.643605 1
-0.17689 -0.643605 1
-0.126614 -0.643605 1
-0.0756697 -0.643605 1
-0.0254563 -0.643605 1
0.0254563 -0.643605 1
0.0756697 -0.643605 1
0.126614 -0.643605 1
0.17689 -0.643605 1
0.22722 -0.643605 1
0.278331 -0.643605 1
0.328819 -0.643605 1
0.380121 -0.643605 1
0.430829 -0.643605 1
0.482389 -0.643605 1
0.533383 -0.643605 1
0.584544 -0.643605 1
0.636613 -0.643605 1
0.688161 -0.643605 1
0.740656 -0.643605 1
0.79266 -0.643605 1
0.845654 -0.643605 1
0.898184 -0.643605 1
0.951005 -0.643605 1
-0.949202 -0.593344 1
-0.896482 -0.593344 1
-0.844051 -0.593344 1
-0.791157 -0.593344 1
-0.739252 -0.593344 1
-0.686856 -0.593344 1
-0.635407 -0.593344 1
-0.583436 -0.593344 1
-0.532372 -0.593344 1
-0.481474 -0.593344 1
-0.430013 -0.593344 1
-0.3794 -0.593344 1
-0.328195 -0.593344 1
-0.277804 -0.593344 1
-0.22679 -0.593344 1
-0.176555 -0.593344 1
-0.126374 -0.593344 1
-0.0755262 -0.593344 1
-0.0254081 -0.593344 1
0.0254081 -0.593344 1
0.0755262 -0.593344 1
0.126374 -0.593344 1
0.176555 -0.593344 1
0.22679 -0.593344 1
0.277804 -0.593344 1
0.328195 -0.593344 1
0.3794 -0.593344 1
0.430013 -0.593344 1
0.481474 -0.593344 1
0.532372 -0.593344 1
0.583436 -0.593344 1
0.635407 -0.593344 1
0.686856 -0.593344 1
0.739252 -0.593344 1
0.791157 -0.593344 1
0.844051 -0.593344 1
0.896482 -0.593344 1
0.949202 -0.593344 1
-0.947548 -0.543265 1
-0.89492 -0.543265 1
-0.84258 -0.543265 1
-0.789779 -0.543265 1
-0.737965 -0.543265 1
-0.68566 -0.543265 1
-0.6343 -0.543265 1
-0.58242 -0.543265 1
-0.531445 -0.543265 1
-0.480636 -0.543265 1
-0.429264 -0.543265 1
-0.37874 -0.543265 1
-0.327624 -0.543265 1
-0.27732 -0.543265 1
-0.226395 -0.543265 1
-0.176247 -0.543265 1
-0.126154 -0.543265 1
-0.0753947 -0.543265 1
-0.0253638 -0.543265 1
0.0253638 -0.543265 1
0.0753947 -0.543265 1
0.126154 -0.543265 1
0.176247 -0.543265 1
0.226395 -0.543265 1
0.27732 -0.543265 1
0.327624 -0.543265 1
0.37874 -0.543265 1
0.429264 -0.543265 1
0.480636 -0.543265 1
0.531445 -0.543265 1
0.58242 -0.543265 1
0.6343 -0.543265 1
0.68566 -0.543265 1
0.737965 -0.543265 1
0.789779 -0.543265 1
0.84258 -0.543265 1
0.89492 -0.543265 1
0.947548 -0.543265 1
-0.999641 -0.493353 1
-0.946043 -0.493353 1
-0.893498 -0.493353 1
-0.841241 -0.493353 1
-0.788524 -0.493353 1
-0.736792 -0.493353 1
-0.68457 -0.493353 1
-0.633292 -0.493353 1
-0.581495 -0.493353 1
-0.5306 -0.493353 1
-0.479872 -0.493353 1
-0.428582 -0.493353 1
-0.378138 -0.493353 1
-0.327103 -0.493353 1
-0.276879 -0.493353 1
-0.226035 -0.493353 1
-0.175967 -0.493353 1
-0.125953 -0.493353 1
-0.0752749 -0.493353 1
-0.0253235 -0.493353 1
0.0253235 -0.493353 1
0.0752749 -0.493353 1
0.125953 -0.493353 1
0.175967 -0.493353 1
0.226035 -0.493353 1
0.276879 -0.493353 1
0.327103 -0.493353 1
0.378138 -0.493353 1
0.428582 -0.493353 1
0.479872 -0.493353 1
0.5306 -0.493353 1
0.581495 -0.493353 1
0.633292 -0.493353 1
0.68457 -0.493353 1
0.736792 -0.493353 1
0.788524 -0.493353 1
0.841241 -0.493353 1
0.893498 -0.493353 1
0.946043 -0.493353 1
0.999641 -0.493353 1
-0.998205 -0.443592 1
-0.944684 -0.443592 1
-0.892215 -0.443592 1
-0.840033 -0.443592 1
-0.787392 -0.443592 1
-0.735734 -0.443592 1
-0.683587 -0.443592 1
-0.632382 -0.443592 1
-0.580659 -0.443592 1
-0.529838 -0.443592 1
-0.479183 -0.443592 1
-0.427966 -0.443592 1
-0.377595 -0.443592 1
-0.326633 -0.443592 1
-0.276481 -0.443592 1
-0.22571 -0.443592 1
-0.175714 -0.443592 1
-0.125773 -0.443592 1
-0.0751668 -0.443592 1
-0.0252871 -0.443592 1
0.0252871 -0.443592 1
0.0751668 -0.443592 1
0.125773 -0.443592 1
0.175714 -0.443592 1
0.22571 -0.443592 1
0.276481 -0.443592 1
0.326633 -0.443592 1
0.377595 -0.443592 1
0.427966 -0.443592 1
0.479183 -0.443592 1
0.529838 -0.443592 1
0.580659 -0.443592 1
0.632382 -0.443592 1
0.683587 -0.443592 1
0.735734 -0.443592 1
0.787392 -0.443592 1
0.840033 -0.443592 1
0.892215 -0.443592 1
0.944684 -0.443592 1
0.998205 -0.443592 1
-0.996923 -0.393966 1
-0.943471 -0.393966 1
-0.891069 -0.393966 1
-0.838955 -0.393966 1
-0.786381 -0.393966 1
-0.734789 -0.393966 1
-0.68271 -0.393966 1
-0.63157 -0.393966 1
-0.579914 -0.393966 1
-0.529158 -0.393966 1
-0.478568 -0.393966 1
-0.427417 -0.393966 1
-0.37711 -0.393966 1
-0.326214 -0.393966 1
-0.276126 -0.393966 1
-0.225421 -0.393966 1
-0.175489 -0.393966 1
-0.125611 -0.393966 1
-0.0750703 -0.393966 1
-0.0252547 -0.393966 1
0.0252547 -0.393966 1
0.0750703 -0.393966 1
0.125611 -0.393966 1
0.175489 -0.393966 1
0.225421 -0.393966 1
0.276126 -0.393966 1
0.326214 -0.393966 1
0.37711 -0.393966 1
0.427417 -0.393966 1
0.478568 -0.393966 1
0.529158 -0.393966 1
0.579914 -0.393966 1
0.63157 -0.393966 1
0.68271 -0.393966 1
0.734789 -0.393966 1
0.786381 -0.393966 1
0.838955 -0.393966 1
0.891069 -0.393966 1
0.943471 -0.393966 1
0.996923 -0.393966 1
-0.995795 -0.344459 1
-0.942403 -0.344459 1
-0.890061 -0.344459 1
-0.838005 -0.344459 1
-0.78549 -0.344459 1
-0.733958 -0.344459 1
-0.681937 -0.344459 1
-0.630855 -0.344459 1
-0.579257 -0.344459 1
-0.528559 -0.344459 1
-0.478026 -0.344459 1
-0.426933 -0.344459 1
-0.376683 -0.344459 1
-0.325845 -0.344459 1
-0.275814 -0.344459 1
-0.225165 -0.344459 1
-0.17529 -0.344459 1
-0.125469 -0.344459 1
-0.0749853 -0.344459 1
-0.0252261 -0.344459 1
0.0252261 -0.344459 1
0.0749853 -0.344459 1
0.125469 -0.344459 1
0.17529 -0.344459 1
0.225165 -0.344459 1
0.275814 -0.344459 1
0.325845 -0.344459 1
0.376683 -0.344459 1
0.426933 -0.344459 1
0.478026 -0.344459 1
0.528559 -0.344459 1
0.579257 -0.344459 1
0.630855 -0.344459 1
0.681937 -0.344459 1
0.733958 -0.344459 1
0.78549 -0.344459 1
0.838005 -0.344459 1
0.890061 -0.344459 1
0.942403 -0.344459 1
0.995795 -0.344459 1
-0.994818 -0.295058 1
-0.941479 -0.295058 1
-0.889188 -0.295058 1
-0.837183 -0.295058 1
-0.78472 -0.295058 1
-0.733238 -0.295058 1
-0.681268 -0.295058 1
-0.630237 -0.295058 1
-0.578689 -0.295058 1
-0.528041 -0.295058 1
-0.477557 -0.295058 1
-0.426514 -0.295058 1
-0.376314 -0.295058 1
-0.325525 -0.295058 1
-0.275543 -0.295058 1
-0.224945 -0.295058 1
-0.175118 -0.295058 1
-0.125346 -0.295058 1
-0.0749118 -0.295058 1
-0.0252014 -0.295058 1
0.0252014 -0.295058 1
0.0749118 -0.295058 1
0.125346 -0.295058 1
0.175118 -0.295058 1
0.224945 -0.295058 1
0.275543 -0.295058 1
0.325525 -0.295058 1
0.376314 -0.295058 1
0.426514 -0.295058 1
0.477557 -0.295058 1
0.528041 -0.295058 1
0.578689 -0.295058 1
0.630237 -0.295058 1
0.681268 -0.295058 1
0.733238 -0.295058 1
0.78472 -0.295058 1
0.837183 -0.295058 1
0.889188 -0.295058 1
0.941479 -0.295058 1
0.994818 -0.295058 1
-0.993993 -0.245745 1
-0.940698 -0.245745 1
-0.888451 -0.245745 1
-0.836489 -0.245745 1
-0.78407 -0.245745 1
-0.73263 -0.245745 1
-0.680703 -0.245745 1
-0.629714 -0.245745 1
-0.57821 -0.245745 1
-0.527603 -0.245745 1
-0.477161 -0.245745 1
-0.42616 -0.245745 1
-0.376002 -0.245745 1
-0.325255 -0.245745 1
-0.275315 -0.245745 1
-0.224758 -0.245745 1
-0.174973 -0.245745 1
-0.125242 -0.245745 1
-0.0748496 -0.245745 1
-0.0251805 -0.245745 1
0.0251805 -0.245745 1
0.0748496 -0.245745 1
0.125242 -0.245745 1
0.174973 -0.245745 1
0.224758 -0.245745 1
0.275315 -0.245745 1
0.325255 -0.245745 1
0.376002 -0.245745 1
0.42616 -0.245745 1
0.477161 -0.245745 1
0.527603 -0.245745 1
0.57821 -0.245745 1
0.629714 -0.245745 1
0.680703 -0.245745 1
0.73263 -0.245745 1
0.78407 -0.245745 1
0.836489 -0.245745 1
0.888451 -0.245745 1
0.940698 -0.245745 1
0.993993 -0.245745 1
-0.993319 -0.196507 1
-0.94006 -0.196507 1
-0.887848 -0.196507 1
-0.835922 -0.196507 1
-0.783538 -0.196507 1
-0.732133 -0.196507 1
-0.680241 -0.196507 1
-0.629287 -0.196507 1
-0.577817 -0.196507 1
-0.527245 -0.196507 1
-0.476837 -0.196507 1
-0.425871 -0.196507 1
-0.375747 -0.196507 1
-0.325035 -0.196507 1
-0.275128 -0.196507 1
-0.224606 -0.196507 1
-0.174854 -0.196507 1
-0.125157 -0.196507 1
-0.0747989 -0.196507 1
-0.0251634 -0.196507 1
0.0251634 -0.196507 1
0.0747989 -0.196507 1
0.125157 -0.196507 1
0.174854 -0.196507 1
0.224606 -0.196507 1
0.275128 -0.196507 1
0.325035 -0.196507 1
0.375747 -0.196507 1
0.425871 -0.196507 1
0.476837 -0.196507 1
0.527245 -0.196507 1
0.577817 -0.196507 1
0.629287 -0.196507 1
0.680241 -0.196507 1
0.732133 -0.196507 1
0.783538 -0.196507 1
0.835922 -0.196507 1
0.887848 -0.196507 1
0.94006 -0.196507 1
0.993319 -0.196507 1
-0.992796 -0.147329 1
-0.939565 -0.147329 1
-0.88738 -0.147329 1
-0.835481 -0.147329 1
-0.783125 -0.147329 1
-0.731747 -0.147329 1
-0.679883 -0.147329 1
-0.628955 -0.147329 1
-0.577513 -0.147329 1
-0.526967 -0.147329 1
-0.476586 -0.147329 1
-0.425647 -0.147329 1
-0.375549 -0.147329 1
-0.324863 -0.147329 1
-0.274983 -0.147329 1
-0.224487 -0.147329 1
-0.174762 -0.147329 1
-0.125091 -0.147329 1
-0.0747594 -0.147329 1
-0.0251501 -0.147329 1
0.0251501 -0.147329 1
0.0747594 -0.147329 1
0.125091 -0.147329 1
0.174762 -0.147329 1
0.224487 -0.147329 1
0.274983 -0.147329 1
0.324863 -0.147329 1
0.375549 -0.147329 1
0.425647 -0.147329 1
0.476586 -0.147329 1
0.526967 -0.147329 1
0.577513 -0.147329 1
0.628955 -0.147329 1
0.679883 -0.147329 1
0.731747 -0.147329 1
0.783125 -0.147329 1
0.835481 -0.147329 1
0.88738 -0.147329 1
0.939565 -0.147329 1
0.992796 -0.147329 1
-0.992422 -0.0981945 1
-0.939211 -0.0981945 1
-0.887046 -0.0981945 1
-0.835166 -0.0981945 1
-0.78283 -0.0981945 1
-0.731471 -0.0981945 1
-0.679627 -0.0981945 1
-0.628719 -0.0981945 1
-0.577295 -0.0981945 1
-0.526769 -0.0981945 1
-0.476407 -0.0981945 1
-0.425487 -0.0981945 1
-0.375407 -0.0981945 1
-0.324741 -0.0981945 1
-0.27488 -0.0981945 1
-0.224403 -0.0981945 1
-0.174696 -0.0981945 1
-0.125044 -0.0981945 1
-0.0747313 -0.0981945 1
-0.0251406 -0.0981945 1
0.0251406 -0.0981945 1
0.0747313 -0.0981945 1
0.125044 -0.0981945 1
0.174696 -0.0981945 1
0.224403 -0.0981945 1
0.27488 -0.0981945 1
0.324741 -0.0981945 1
0.375407 -0.0981945 1
0.425487 -0.0981945 1
0.476407 -0.0981945 1
0.526769 -0.0981945 1
0.577295 -0.0981945 1
0.628719 -0.0981945 1
0.679627 -0.0981945 1
0.731471 -0.0981945 1
0.78283 -0.0981945 1
0.835166 -0.0981945 1
0.887046 -0.0981945 1
0.939211 -0.0981945 1
0.992422 -0.0981945 1
-0.992198 -0.0490898 1
-0.938999 -0.0490898 1
-0.886845 -0.0490898 1
-0.834978 -0.0490898 1
-0.782653 -0.0490898 1
-0.731306 -0.0490898 1
-0.679473 -0.0490898 1
-0.628577 -0.0490898 1
-0.577165 -0.0490898 1
-0.52665 -0.0490898 1
-0.476299 -0.0490898 1
-0.425391 -0.0490898 1
-0.375322 -0.0490898 1
-0.324668 -0.0490898 1
-0.274818 -0.0490898 1
-0.224352 -0.0490898 1
-0.174657 -0.0490898 1
-0.125016 -0.0490898 1
-0.0747144 -0.0490898 1
-0.025135 -0.0490898 1
0.025135 -0.0490898 1
0.0747144 -0.0490898 1
0.125016 -0.0490898 1
0.174657 -0.0490898 1
0.224352 -0.0490898 1
0.274818 -0.0490898 1
0.324668 -0.0490898 1
0.375322 -0.0490898 1
0.425391 -0.0490898 1
0.476299 -0.0490898 1
0.52665 -0.0490898 1
0.577165 -0.0490898 1
0.628577 -0.0490898 1
0.679473 -0.0490898 1
0.731306 -0.0490898 1
0.782653 -0.0490898 1
0.834978 -0.0490898 1
0.886845 -0.0490898 1
0.938999 -0.0490898 1
0.992198 -0.0490898 1
-0.992123 0 1
-0.938928 0 1
-0.886779 0 1
-0.834915 0 1
-0.782594 0 1
-0.731251 0 1
-0.679422 0 1
-0.628529 0 1
-0.577121 0 1
-0.52661 0 1
-0.476263 0 1
-0.425358 0 1
-0.375294 0 1
-0.324643 0 1
-0.274797 0 1
-0.224335 0 1
-0.174644 0 1
-0.125006 0 1
-0.0747088 0 1
-0.0251331 0 1
0.0251331 0 1
0.0747088 0 1
0.125006 0 1
0.174644 0 1
-0.992089 0.0502936 1
-0.938891 0.0500703 1
-0.886738 0.0498514 1
-0.834871 0.0496337 1
-0.782546 0.0494141 1
-0.7312 0.0491985 1
-0.679367 0.048981 1
-0.628471 0.0487673 1
-0.57706 0.0485515 1
-0.526545 0.0483395 1
-0.476195 0.0481282 1
-0.425287 0.0479145 1
-0.37522 0.0477043 1
-0.324566 0.0474917 1
-0.274716 0.0472825 1
-0.224251 0.0470706 1
-0.174557 0.0468621 1
-0.124917 0.0466537 1
-0.0746163 0.0464426 1
-0.0250377 0.0462345 1
0.0252313 0.0460235 1
0.0748099 0.0458154 1
0.12511 0.0456042 1
0.17475 0.0453959 1
-0.991988 0.100601 1
-0.938779 0.100155 1
-0.886615 0.0997168 1
-0.834737 0.0992812 1
-0.782402 0.0988418 1
-0.731046 0.0984106 1
-0.679203 0.0979753 1
-0.628297 0.0975479 1
-0.576875 0.0971162 1
-0.526351 0.0966919 1
-0.475991 0.0962691 1
-0.425074 0.0958416 1
-0.374997 0.0954212 1
-0.324333 0.0949958 1
-0.274475 0.0945772 1
-0.224001 0.0941534 1
-0.174298 0.0937361 1
-0.124648 0.0933192 1
-0.0743389 0.0928968 1
-0.0247516 0.0924805 1
0.0255262 0.0920583 1
0.0751132 0.091642 1
0.125422 0.0912196 1
0.175071 0.0908027 1
-0.99182 0.150938 1
-0.938592 0.150267 1
-0.88641 0.14961 1
-0.834515 0.148956 1
-0.782162 0.148297 1
-0.730788 0.14765 1
-0.678928 0.146996 1
-0.628006 0.146355 1
-0.576568 0.145707 1
-0.526027 0.14507 1
-0.475651 0.144436 1
-0.424718 0.143794 1
-0.374625 0.143163 1
-0.323946 0.142525 1
-0.274072 0.141896 1
-0.223583 0.14126 1
-0.173864 0.140634 1
-0.1242 0.140008 1
-0.0738762 0.139374 1
-0.0242745 0.13875 1
0.0260177 0.138116 1
0.0756189 0.137491 1
0.125942 0.136857 1
0.175604 0.136232 1
-0.991584 0.201318 1
-0.938331 0.200423 1
-0.886124 0.199546 1
-0.834203 0.198673 1
-0.781826 0.197793 1
-0.730428 0.196929 1
-0.678544 0.196058 1
-0.627598 0.195202 1
-0.576137 0.194337 1
-0.525573 0.193487 1
-0.475175 0.192641 1
-0.424219 0.191784 1
-0.374104 0.190942 1
-0.323403 0.19009 1
-0.273508 0.189252 1
-0.222997 0.188403 1
-0.173258 0.187568 1
-0.123573 0.186733 1
-0.0732281 0.185887 1
-0.0236062 0.185053 1
0.0267064 0.184208 1
0.0763274 0.183374 1
0.12667 0.182528 1
0.176352 0.181693 1
-0.991281 0.251754 1
-0.937994 0.250635 1
-0.885755 0.249537 1
-0.833803 0.248445 1
-0.781393 0.247344 1
-0.729965 0.246264 1
-0.67805 0.245173 1
-0.627073 0.244102 1
-0.575582 0.24302 1
-0.524989 0.241956 1
-0.474562 0.240897 1
-0.423577 0.239826 1
-0.373434 0.238772 1
-0.322704 0.237706 1
-0.272782 0.236657 1
-0.222243 0.235595 1
-0.172477 0.234549 1
-0.122766 0.233505 1
-0.0723941 0.232446 1
-0.0227461 0.231403 1
0.0275926 0.230345 1
0.0772391 0.229302 1
0.127608 0.228244 1
0.177315 0.227199 1
-0.99091 0.302263 1
-0.937582 0.300918 1
-0.885303 0.299599 1
-0.833312 0.298287 1
-0.780864 0.296964 1
-0.729397 0.295665 1
-0.677444 0.294355 1
-0.626431 0.293068 1
-0.574903 0.291768 1
-0.524274 0.29049 1
-0.473812 0.289217 1
-0.422791 0.28793 1
-0.372614 0.286664 1
-0.32185 0.285383 1
-0.271893 0.284123 1
-0.221321 0.282847 1
-0.171522 0.281591 1
-0.121778 0.280336 1
-0.0713737 0.279064 1
-0.0216938 0.277811 1
0.0286769 0.27654 1
0.0783546 0.275287 1
0.128754 0.274015 1
0.178492 0.27276 1
-0.990471 0.352858 1
-0.937095 0.351286 1
-0.884769 0.349745 1
-0.832732 0.348212 1
-0.780237 0.346666 1
-0.728726 0.345149 1
-0.676728 0.343618 1
-0.625671 0.342114 1
-0.5741 0.340595 1
-0.523428 0.339103 1
-0.472924 0.337615 1
-0.421861 0.336111 1
-0.371643 0.334632 1
-0.320838 0.333136 1
-0.270842 0.331663 1
-0.22023 0.330172 1
-0.170392 0.328705 1
-0.120609 0.327238 1
-0.0701662 0.325753 1
-0.0204486 0.324288 1
0.02996 0.322804 1
0.0796746 0.321339 1
0.130112 0.319854 1
0.179885 0.318388 1
-0.989963 0.403555 1
-0.936531 0.401755 1
-0.884152 0.39999 1
-0.832061 0.398235 1
-0.779513 0.396465 1
-0.72795 0.394728 1
-0.675901 0.392975 1
-0.624793 0.391253 1
-0.573171 0.389514 1
-0.522451 0.387806 1
-0.471898 0.386103 1
-0.420787 0.384381 1
-0.370521 0.382688 1
-0.319669 0.380975 1
-0.269627 0.379289 1
-0.218968 0.377583 1
-0.169085 0.375902 1
-0.119258 0.374224 1
-0.0687707 0.372523 1
-0.0190095 0.370847 1
0.0314427 0.369147 1
0.0812 0.367471 1
0.13168 0.365771 1
0.181495 0.364093 1
-0.989386 0.454367 1
-0.935891 0.452338 1
-0.88345 0.450348 1
-0.831299 0.44837 1
-0.778691 0.446375 1
-0.727069 0.444417 1
-0.674961 0.442441 1
-0.623796 0.4405 1
-0.572117 0.43854 1
-0.521341 0.436614 1
-0.470733 0.434694 1
-0.419567 0.432754 1
-0.369248 0.430845 1
-0.318342 0.428914 1
-0.268247 0.427014 1
-0.217536 0.425091 1
-0.167602 0.423197 1
-0.117725 0.421305 1
-0.0671864 0.419388 1
-0.0173758 0.417499 1
0.033126 0.415583 1
0.0829317 0.413694 1
0.13346 0.411778 1
0.183323 0.409886 1
-0.988741 0.505309 1
-0.935175 0.50305 1
-0.882665 0.500835 1
-0.830446 0.498632 1
-0.77777 0.49641 1
-0.726082 0.494229 1
-0.673908 0.492028 1
-0.62268 0.489867 1
-0.570936 0.487685 1
-0.520098 0.48554 1
-0.469428 0.483403 1
-0.418201 0.481242 1
-0.367822 0.479116 1
-0.316856 0.476966 1
-0.266702 0.474851 1
-0.215933 0.472709 1
-0.165941 0.4706 1
-0.116007 0.468494 1
-0.0654123 0.466359 1
-0.0155463 0.464256 1
0.0350111 0.462123 1
0.084871 0.46002 1
0.135454 0.457886 1
0.18537 0.45578 1
-0.988025 0.556398 1
-0.934381 0.553906 1
-0.881795 0.551463 1
-0.829501 0.549034 1
-0.77675 0.546584 1
-0.724989 0.544179 1
-0.672742 0.541752 1
-0.621443 0.539369 1
-0.569628 0.536963 1
-0.518721 0.534598 1
-0.467983 0.532241 1
-0.416687 0.529858 1
-0.366242 0.527515 1
-0.315209 0.525144 1
-0.264991 0.522812 1
-0.214156 0.52045 1
-0.164102 0.518125 1
-0.114105 0.515803 1
-0.0634471 0.513449 1
-0.0135198 0.51113 1
0.037099 0.508779 1
0.0870189 0.50646 1
0.137662 0.504108 1
0.187637 0.501786 1
-0.98724 0.607647 1
-0.933509 0.604921 1
-0.880839 0.602249 1
-0.828463 0.599592 1
-0.77563 0.596912 1
-0.723789 0.594282 1
-0.671462 0.591627 1
-0.620084 0.58902 1
-0.568192 0.586388 1
-0.517209 0.583801 1
-0.466396 0.581223 1
-0.415026 0.578617 1
-0.364507 0.576054 1
-0.313401 0.573461 1
-0.263112 0.57091 1
-0.212206 0.568327 1
-0.162082 0.565784 1
-0.112016 0.563244 1
-0.0612895 0.56067 1
-0.011295 0.558134 1
0.0393913 0.555562 1
0.089377 0.553026 1
0.140086 0.550454 1
0.190125 0.547915 1
-0.986383 0.659073 1
-0.932559 0.656111 1
-0.879798 0.653208 1
-0.827332 0.650321 1
-0.774408 0.647408 1
-0.72248 0.64455 1
-0.670066 0.641666 1
-0.618604 0.638834 1
-0.566626 0.635974 1
-0.515561 0.633163 1
-0.464667 0.630363 1
-0.413214 0.627531 1
-0.362616 0.624747 1
-0.311431 0.62193 1
-0.261064 0.619158 1
-0.210081 0.616352 1
-0.159881 0.61359 1
-0.10974 0.61083 1
-0.0589382 0.608035 1
-0.00887045 0.605279 1
0.0418894 0.602486 1
0.0919468 0.599731 1
0.142728 0.596937 1
0.192837 0.594179 1
-0.985455 0.710691 1
-0.931529 0.707491 1
-0.878669 0.704354 1
-0.826106 0.701235 1
-0.773085 0.698088 1
-0.721063 0.695001 1
-0.668554 0.691885 1
-0.617 0.688825 1
-0.564931 0.685735 1
-0.513776 0.682699 1
-0.462793 0.679674 1
-0.411253 0.676615 1
-0.360569 0.673607 1
-0.309297 0.670564 1
-0.258846 0.66757 1
-0.207778 0.664539 1
-0.157496 0.661555 1
-0.107275 0.658575 1
-0.0563915 0.655555 1
-0.00624445 0.652579 1
0.0445949 0.649562 1
0.0947299 0.646587 1
0.145589 0.643568 1
0.195774 0.64059 1
-0.984455 0.762517 1
-0.930419 0.759077 1
-0.877453 0.755704 1
-0.824785 0.75235 1
-0.77166 0.748967 1
-0.719535 0.745648 1
-0.666925 0.742297 1
-0.615272 0.739008 1
-0.563103 0.735686 1
-0.511852 0.732422 1
-0.460775 0.72917 1
-0.409139 0.725882 1
-0.358362 0.722648 1
-0.306998 0.719378 1
-0.256456 0.716159 1
-0.205298 0.712901 1
-0.154927 0.709694 1
-0.104619 0.70649 1
-0.0536477 0.703244 1
-0.0034153 0.700046 1
0.0475097 0.696803 1
0.0977283 0.693605 1
0.148671 0.690361 1
0.198938 0.68716 1
-0.983382 0.814567 1
-0.929229 0.810883 1
-0.876149 0.807272 1
-0.823368 0.803681 1
-0.77013 0.800059 1
-0.717897 0.796506 1
-0.665177 0.792919 1
-0.613418 0.789398 1
-0.561143 0.785842 1
-0.509788 0.782348 1
-0.458609 0.778866 1
-0.406871 0.775346 1
-0.355995 0.771885 1
-0.304531 0.768384 1
-0.253893 0.764939 1
-0.202637 0.761452 1
-0.152172 0.758019 1
-0.10177 0.75459 1
-0.050705 0.751116 1
-0.000381094 0.747692 1
0.0506357 0.744221 1
0.100944 0.740799 1
0.151976 0.737327 1
0.202332 0.733901 1
-0.982236 0.866858 1
-0.927957 0.862928 1
-0.874754 0.859075 1
-0.821853 0.855245 1
-0.768496 0.851382 1
-0.716146 0.847591 1
-0.663309 0.843766 1
-0.611437 0.84001 1
-0.559049 0.836216 1
-0.507584 0.83249 1
-0.456295 0.828776 1
-0.404448 0.825022 1
-0.353466 0.821331 1
-0.301896 0.817597 1
-0.251154 0.813923 1
-0.199795 0.810204 1
-0.149229 0.806543 1
-0.0987263 0.802886 1
-0.0475614 0.799182 1
0.00286021 0.795531 1
0.053975 0.79183 1
0.104379 0.78818 1
0.155507 0.784478 1
0.205956 0.780825 1
-0.981015 0.919405 1
-0.926602 0.915226 1
-0.87327 0.91113 1
-0.820241 0.907057 1
-0.766756 0.902949 1
-0.714281 0.898919 1
-0.66132 0.894852 1
-0.609327 0.890858 1
-0.556819 0.886826 1
-0.505236 0.882864 1
-0.453832 0.878916 1
-0.401869 0.874925 1
-0.350774 0.871001 1
-0.29909 0.867031 1
-0.248238 0.863126 1
-0.196769 0.859173 1
-0.146095 0.855281 1
-0.0954862 0.851394 1
-0.0442148 0.847456 1
0.00631082 0.843575 1
0.0575299 0.839642 1
0.108035 0.835763 1
0.159266 0.831828 1
0.209814 0.827946 1
-0.979718 0.972227 1
-0.925163 0.967795 1
-0.871693 0.963452 1
-0.818529 0.959134 1
-0.764908 0.954779 1
-0.712301 0.950506 1
-0.659209 0.946193 1
-0.607088 0.94196 1
-0.554451 0.937685 1
-0.502744 0.933485 1
-0.451217 0.929299 1
-0.399131 0.925069 1
-0.347916 0.920909 1
-0.296112 0.916701 1
-0.245143 0.912561 1
-0.193557 0.908371 1
-0.142769 0.904246 1
-0.0920473 0.900126 1
-0.0406628 0.895952 1
0.00997306 0.891839 1
0.0613027 0.88767 1
0.111916 0.883559 1
0.163255 0.879389 1
0.213909 0.875275 1
-0.656974 0.997807 1
-0.604717 0.99333 1
-0.551944 0.988809 1
-0.500105 0.984368 1
-0.448448 0.979942 1
-0.396232 0.975469 1
-0.34489 0.97107 1
-0.29296 0.966621 1
-0.241867 0.962244 1
-0.190156 0.957814 1
-0.139248 0.953453 1
-0.0884071 0.949097 1
-0.036903 0.944685 1
0.0138495 0.940336 1
0.065296 0.935929 1
0.116023 0.931583 1
0.167477 0.927175 1
0.218242 0.922826 1
-0.0845631 0.998321 1
-0.0329328 0.993667 1
0.0179427 0.98908 1
0.0695126 0.984432 1
0.12036 0.979848 1
0.171934 0.975199 1
0.222818 0.970612 1
-0.0845631 -0.998321 1
-0.0329328 -0.993667 1
0.0179427 -0.98908 1
0.0695126 -0.984432 1
0.12036 -0.979848 1
0.171934 -0.975199 1
0.222818 -0.970612 1
-0.656974 -0.997807 1
-0.604717 -0.99333 1
-0.551944 -0.988809 1
-0.500105 -0.984368 1
-0.448448 -0.979942 1
-0.396232 -0.975469 1
-0.34489 -0.97107 1
-0.29296 -0.966621 1
-0.241867 -0.962244 1
-0.190156 -0.957814 1
-0.139248 -0.953453 1
-0.0884071 -0.949097 1
-0.036903 -0.944685 1
0.0138495 -0.940336 1
0.065296 -0.935929 1
0.116023 -0.931583 1
0.167477 -0.927175 1
0.218242 -0.922826 1
-0.979718 -0.972227 1
-0.925163 -0.967795 1
-0.871693 -0.963452 1
-0.818529 -0.959134 1
-0.764908 -0.954779 1
-0.712301 -0.950506 1
-0.659209 -0.946193 1
-0.607088 -0.94196 1
-0.554451 -0.937685 1
-0.502744 -0.933485 1
-0.451217 -0.929299 1
-0.399131 -0.925069 1
-0.347916 -0.920909 1
-0.296112 -0.916701 1
-0.245143 -0.912561 1
-0.193557 -0.908371 1
-0.142769 -0.904246 1
-0.0920473 -0.900126 1
-0.0406628 -0.895952 1
0.00997306 -0.891839 1
0.0613027 -0.88767 1
0.111916 -0.883559 1
0.163255 -0.879389 1
0.213909 -0.875275 1
-0.981015 -0.919405 1
-0.926602 -0.915226 1
-0.87327 -0.91113 1
-0.820241 -0.907057 1
-0.766756 -0.902949 1
-0.714281 -0.898919 1
-0.66132 -0.894852 1
-0.609327 -0.890858 1
-0.556819 -0.886826 1
-0.505236 -0.882864 1
-0.453832 -0.878916 1
-0.401869 -0.874925 1
-0.350774 -0.871001 1
-0.29909 -0.867031 1
-0.248238 -0.863126 1
-0.196769 -0.859173 1
-0.146095 -0.855281 1
-0.0954862 -0.851394 1
-0.0442148 -0.847456 1
0.00631082 -0.843575 1
0.0575299 -0.839642 1
0.108035 -0.835763 1
0.159266 -0.831828 1
0.209814 -0.827946 1
-0.982236 -0.866858 1
-0.927957 -0.862928 1
-0.874754 -0.859075 1
-0.821853 -0.855245 1
-0.768496 -0.851382 1
-0.716146 -0.847591 1
-0.663309 -0.843766 1
-0.611437 -0.84001 1
-0.559049 -0.836216 1
-0.507584 -0.83249 1
-0.456295 -0.828776 1
-0.404448 -0.825022 1
-0.353466 -0.821331 1
-0.301896 -0.817597 1
-0.251154 -0.813923 1
-0.199795 -0.810204 1
-0.149229 -0.806543 1
-0.0987263 -0.802886 1
-0.0475614 -0.799182 1
0.00286021 -0.795531 1
0.053975 -0.79183 1
0.104379 -0.78818 1
0.155507 -0.784478 1
0.205956 -0.780825 1
-0.983382 -0.814567 1
-0.929229 -0.810883 1
-0.876149 -0.807272 1
-0.823368 -0.803681 1
-0.77013 -0.800059 1
-0.717897 -0.796506 1
-0.665177 -0.792919 1
-0.613418 -0.789398 1
-0.561143 -0.785842 1
-0.509788 -0.782348 1
-0.458609 -0.778866 1
-0.406871 -0.775346 1
-0.355995 -0.771885 1
-0.304531 -0.768384 1
-0.253893 -0.764939 1
-0.202637 -0.761452 1
-0.152172 -0.758019 1
-0.10177 -0.75459 1
-0.050705 -0.751116 1
-0.000381094 -0.747692 1
0.0506357 -0.744221 1
0.100944 -0.740799 1
0.151976 -0.737327 1
0.202332 -0.733901 1
-0.984455 -0.762517 1
-0.930419 -0.759077 1
-0.877453 -0.755704 1
-0.824785 -0.75235 1
-0.77166 -0.748967 1
-0.719535 -0.745648 1
-0.666925 -0.742297 1
-0.615272 -0.739008 1
-0.563103 -0.735686 1
-0.511852 -0.732422 1
-0.460775 -0.72917 1
-0.409139 -0.725882 1
-0.358362 -0.722648 1
-0.306998 -0.719378 1
-0.256456 -0.716159 1
-0.205298 -0.712901 1
-0.154927 -0.709694 1
-0.104619 -0.70649 1
-0.0536477 -0.703244 1
-0.0034153 -0.700046 1
0.0475097 -0.696803 1
0.0977283 -0.693605 1
0.148671 -0.690361 1
0.198938 -0.68716 1
-0.985455 -0.710691 1
-0.931529 -0.707491 1
-0.878669 -0.704354 1
-0.826106 -0.701235 1
-0.773085 -0.698088 1
-0.721063 -0.695001 1
-0.668554 -0.691885 1
-0.617 -0.688825 1
-0.564931 -0.685735 1
-0.513776 -0.682699 1
-0.462793 -0.679674 1
-0.411253 -0.676615 1
-0.360569 -0.673607 1
-0.309297 -0.670564 1
-0.258846 -0.66757 1
-0.207778 -0.664539 1
-0.157496 -0.661555 1
-0.107275 -0.658575 1
-0.0563915 -0.655555 1
-0.00624445 -0.652579 1
0.0445949 -0.649562 1
0.0947299 -0.646587 1
0.145589 -0.643568 1
0.195774 -0.64059 1
-0.986383 -0.659073 1
-0.932559 -0.656111 1
-0.879798 -0.653208 1
-0.827332 -0.650321 1
-0.774408 -0.647408 1
-0.72248 -0.64455 1
-0.670066 -0.641666 1
-0.618604 -0.638834 1
-0.566626 -0.635974 1
-0.515561 -0.633163 1
-0.464667 -0.630363 1
-0.413214 -0.627531 1
-0.362616 -0.624747 1
-0.311431 -0.62193 1
-0.261064 -0.619158 1
-0.210081 -0.616352 1
-0.159881 -0.61359 1
-0.10974 -0.61083 1
-0.0589382 -0.608035 1
-0.00887045 -0.605279 1
0.0418894 -0.602486 1
0.0919468 -0.599731 1
0.142728 -0.596937 1
0.192837 -0.594179 1
-0.98724 -0.607647 1
-0.933509 -0.604921 1
-0.880839 -0.602249 1
-0.828463 -0.599592 1
-0.77563 -0.596912 1
-0.723789 -0.594282 1
-0.671462 -0.591627 1
-0.620084 -0.58902 1
-0.568192 -0.586388 1
-0.517209 -0.583801 1
-0.466396 -0.581223 1
-0.415026 -0.578617 1
-0.364507 -0.576054 1
-0.313401 -0.573461 1
-0.263112 -0.57091 1
-0.212206 -0.568327 1
-0.162082 -0.565784 1
-0.112016 -0.563244 1
-0.0612895 -0.56067 1
-0.011295 -0.558134 1
0.0393913 -0.555562 1
0.089377 -0.553026 1
0.140086 -0.550454 1
0.190125 -0.547915 1
-0.988025 -0.556398 1
-0.934381 -0.553906 1
-0.881795 -0.551463 1
-0.829501 -0.549034 1
-0.77675 -0.546584 1
-0.724989 -0.544179 1
-0.672742 -0.541752 1
-0.621443 -0.539369 1
-0.569628 -0.536963 1
-0.518721 -0.534598 1
-0.467983 -0.532241 1
-0.416687 -0.529858 1
-0.366242 -0.527515 1
-0.315209 -0.525144 1
-0.264991 -0.522812 1
-0.214156 -0.52045 1
-0.164102 -0.518125 1
-0.114105 -0.515803 1
-0.0634471 -0.513449 1
-0.0135198 -0.51113 1
0.037099 -0.508779 1
0.0870189 -0.50646 1
0.137662 -0.504108 1
0.187637 -0.501786 1
-0.988741 -0.505309 1
-0.935175 -0.50305 1
-0.882665 -0.500835 1
-0.830446 -0.498632 1
-0.77777 -0.49641 1
-0.726082 -0.494229 1
-0.673908 -0.492028 1
-0.62268 -0.489867 1
-0.570936 -0.487685 1
-0.520098 -0.48554 1
-0.469428 -0.483403 1
-0.418201 -0.481242 1
-0.367822 -0.479116 1
-0.316856 -0.476966 1
-0.266702 -0.474851 1
-0.215933 -0.472709 1
-0.165941 -0.4706 1
-0.116007 -0.468494 1
-0.0654123 -0.466359 1
-0.0155463 -0.464256 1
0.0350111 -0.462123 1
0.084871 -0.46002 1
0.135454 -0.457886 1
0.18537 -0.45578 1
-0.989386 -0.454367 1
-0.935891 -0.452338 1
-0.88345 -0.450348 1
-0.831299 -0.44837 1
-0.778691 -0.446375 1
-0.727069 -0.444417 1
-0.674961 -0.442441 1
-0.623796 -0.4405 1
-0.572117 -0.43854 1
-0.521341 -0.436614 1
-0.470733 -0.434694 1
-0.419567 -0.432754 1
-0.369248 -0.430845 1
-0.318342 -0.428914 1
-0.268247 -0.427014 1
-0.217536 -0.425091 1
-0.167602 -0.423197 1
-0.117725 -0.421305 1
-0.0671864 -0.419388 1
-0.0173758 -0.417499 1
0.033126 -0.415583 1
0.0829317 -0.413694 1
0.13346 -0.411778 1
0.183323 -0.409886 1
-0.989963 -0.403555 1
-0.936531 -0.401755 1
-0.884152 -0.39999 1
-0.832061 -0.398235 1
-0.779513 -0.396465 1
-0.72795 -0.394728 1
-0.675901 -0.392975 1
-0.624793 -0.391253 1
-0.573171 -0.389514 1
-0.522451 -0.387806 1
-0.471898 -0.386103 1
-0.420787 -0.384381 1
-0.370521 -0.382688 1
-0.319669 -0.380975 1
-0.269627 -0.379289 1
-0.218968 -0.377583 1
-0.169085 -0.375902 1
-0.119258 -0.374224 1
-0.0687707 -0.372523 1
-0.0190095 -0.370847 1
0.0314427 -0.369147 1
0.0812 -0.367471 1
0.13168 -0.365771 1
0.181495 -0.364093 1
-0.990471 -0.352858 1
-0.937095 -0.351286 1
-0.884769 -0.349745 1
-0.832732 -0.348212 1
-0.780237 -0.346666 1
-0.728726 -0.345149 1
-0.676728 -0.343618 1
-0.625671 -0.342114 1
-0.5741 -0.340595 1
-0.523428 -0.339103 1
-0.472924 -0.337615 1
-0.421861 -0.336111 1
-0.371643 -0.334632 1
-0.320838 -0.333136 1
-0.270842 -0.331663 1
-0.22023 -0.330172 1
-0.170392 -0.328705 1
-0.120609 -0.327238 1
-0.0701662 -0.325753 1
-0.0204486 -0.324288 1
0.02996 -0.322804 1
0.0796746 -0.321339 1
0.130112 -0.319854 1
0.179885 -0.318388 1
-0.99091 -0.302263 1
-0.937582 -0.300918 1
-0.885303 -0.299599 1
-0.833312 -0.298287 1
-0.780864 -0.296964 1
-0.729397 -0.295665 1
-0.677444 -0.294355 1
-0.626431 -0.293068 1
-0.574903 -0.291768 1
-0.524274 -0.29049 1
-0.473812 -0.289217 1
-0.422791 -0.28793 1
-0.372614 -0.286664 1
-0.32185 -0.285383 1
-0.271893 -0.284123 1
-0.221321 -0.282847 1
-0.171522 -0.281591 1
-0.121778 -0.280336 1
-0.0713737 -0.279064 1
-0.0216938 -0.277811 1
0.0286769 -0.27654 1
0.0783546 -0.275287 1
0.128754 -0.274015 1
0.178492 -0.27276 1
-0.991281 -0.251754 1
-0.937994 -0.250635 1
-0.885755 -0.249537 1
-0.833803 -0.248445 1
-0.781393 -0.247344 1
-0.729965 -0.246264 1
-0.67805 -0.245173 1
-0.627073 -0.244102 1
-0.575582 -0.24302 1
-0.524989 -0.241956 1
-0.474562 -0.240897 1
-0.423577 -0.239826 1
-0.373434 -0.238772 1
-0.322704 -0.237706 1
-0.272782 -0.236657 1
-0.222243 -0.235595 1
-0.172477 -0.234549 1
-0.122766 -0.233505 1
-0.0723941 -0.232446 1
-0.0227461 -0.231403 1
0.0275926 -0.230345 1
0.0772391 -0.229302 1
0.127608 -0.228244 1
0.177315 -0.227199 1
-0.991584 -0.201318 1
-0.938331 -0.200423 1
-0.886124 -0.199546 1
-0.834203 -0.198673 1
-0.781826 -0.197793 1
-0.730428 -0.196929 1
-0.678544 -0.196058 1
-0.627598 -0.195202 1
-0.576137 -0.194337 1
-0.525573 -0.193487 1
-0.475175 -0.192641 1
-0.424219 -0.191784 1
-0.374104 -0.190942 1
-0.323403 -0.19009 1
-0.273508 -0.189252 1
-0.222997 -0.188403 1
-0.173258 -0.187568 1
-0.123573 -0.186733 1
-0.0732281 -0.185887 1
-0.0236062 -0.185053 1
0.0267064 -0.184208 1
0.0763274 -0.183374 1
0.12667 -0.182528 1
0.176352 -0.181693 1
-0.99182 -0.150938 1
-0.938592 -0.150267 1
-0.88641 -0.14961 1
-0.834515 -0.148956 1
-0.782162 -0.148297 1
-0.730788 -0.14765 1
-0.678928 -0.146996 1
-0.628006 -0.146355 1
-0.576568 -0.145707 1
-0.526027 -0.14507 1
-0.475651 -0.144436 1
-0.424718 -0.143794 1
-0.374625 -0.143163 1
-0.323946 -0.142525 1
-0.274072 -0.141896 1
-0.223583 -0.14126 1
-0.173864 -0.140634 1
-0.1242 -0.140008 1
-0.0738762 -0.139374 1
-0.0242745 -0.13875 1
0.0260177 -0.138116 1
0.0756189 -0.137491 1
0.125942 -0.136857 1
0.175604 -0.136232 1
-0.991988 -0.100601 1
-0.938779 -0.100155 1
-0.886615 -0.0997168 1
-0.834737 -0.0992812 1
-0.782402 -0.0988418 1
-0.731046 -0.0984106 1
-0.679203 -0.0979753 1
-0.628297 -0.0975479 1
-0.576875 -0.0971162 1
-0.526351 -0.0966919 1
-0.475991 -0.0962691 1
-0.425074 -0.0958416 1
-0.374997 -0.0954212 1
-0.324333 -0.0949958 1
-0.274475 -0.0945772 1
-0.224001 -0.0941534 1
-0.174298 -0.0937361 1
-0.124648 -0.0933192 1
-0.0743389 -0.0928968 1
-0.0247516 -0.0924805 1
0.0255262 -0.0920583 1
0.0751132 -0.091642 1
0.125422 -0.0912196 1
0.175071 -0.0908027 1
-0.992089 -0.0502936 1
-0.938891 -0.0500703 1
-0.886738 -0.0498514 1
-0.834871 -0.0496337 1
-0.782546 -0.0494141 1
-0.7312 -0.0491985 1
-0.679367 -0.048981 1
-0.628471 -0.0487673 1
-0.57706 -0.0485515 1
-0.526545 -0.0483395 1
-0.476195 -0.0481282 1
-0.425287 -0.0479145 1
-0.37522 -0.0477043 1
-0.324566 -0.0474917 1
-0.274716 -0.0472825 1
-0.224251 -0.0470706 1
-0.174557 -0.0468621 1
-0.124917 -0.0466537 1
-0.0746163 -0.0464426 1
-0.0250377 -0.0462345 1
0.0252313 -0.0460235 1
0.0748099 -0.0458154 1
0.12511 -0.0456042 1
0.17475 -0.0453959 1
0.0845631 0.998321 1
0.0329328 0.993667 1
-0.0179427 0.98908 1
-0.0695126 0.984432 1
-0.12036 0.979848 1
-0.171934 0.975199 1
-0.222818 0.970612 1
0.656974 0.997807 1
0.604717 0.99333 1
0.551944 0.988809 1
0.500105 0.984368 1
0.448448 0.979942 1
0.396232 0.975469 1
0.34489 0.97107 1
0.29296 0.966621 1
0.241867 0.962244 1
0.190156 0.957814 1
0.139248 0.953453 1
0.0884071 0.949097 1
0.036903 0.944685 1
-0.0138495 0.940336 1
-0.065296 0.935929 1
-0.116023 0.931583 1
-0.167477 0.927175 1
-0.218242 0.922826 1
0.979718 0.972227 1
0.925163 0.967795 1
0.871693 0.963452 1
0.818529 0.959134 1
0.764908 0.954779 1
0.712301 0.950506 1
0.659209 0.946193 1
0.607088 0.94196 1
0.554451 0.937685 1
0.502744 0.933485 1
0.451217 0.929299 1
0.399131 0.925069 1
0.347916 0.920909 1
0.296112 0.916701 1
0.245143 0.912561 1
0.193557 0.908371 1
0.142769 0.904246 1
0.0920473 0.900126 1
0.0406628 0.895952 1
-0.00997306 0.891839 1
-0.0613027 0.88767 1
-0.111916 0.883559 1
-0.163255 0.879389 1
-0.213909 0.875275 1
0.981015 0.919405 1
0.926602 0.915226 1
0.87327 0.91113 1
0.820241 0.907057 1
0.766756 0.902949 1
0.714281 0.898919 1
0.66132 0.894852 1
0.609327 0.890858 1
0.556819 0.886826 1
0.505236 0.882864 1
0.453832 0.878916 1
0.401869 0.874925 1
0.350774 0.871001 1
0.29909 0.867031 1
0.248238 0.863126 1
0.196769 0.859173 1
0.146095 0.855281 1
0.0954862 0.851394 1
0.0442148 0.847456 1
-0.00631082 0.843575 1
-0.0575299 0.839642 1
-0.108035 0.835763 1
-0.159266 0.831828 1
-0.209814 0.827946 1
0.982236 0.866858 1
0.927957 0.862928 1
0.874754 0.859075 1
0.821853 0.855245 1
0.768496 0.851382 1
0.716146 0.847591 1
0.663309 0.843766 1
0.611437 0.84001 1
0.559049 0.836216 1
0.507584 0.83249 1
0.456295 0.828776 1
0.404448 0.825022 1
0.353466 0.821331 1
0.301896 0.817597 1
0.251154 0.813923 1
0.199795 0.810204 1
0.149229 0.806543 1
0.0987263 0.802886 1
0.0475614 0.799182 1
-0.00286021 0.795531 1
-0.053975 0.79183 1
-0.104379 0.78818 1
-0.155507 0.784478 1
-0.205956 0.780825 1
0.983382 0.814567 1
0.929229 0.810883 1
0.876149 0.807272 1
0.823368 0.803681 1
0.77013 0.800059 1
0.717897 0.796506 1
0.665177 0.792919 1
0.613418 0.789398 1
0.561143 0.785842 1
0.509788 0.782348 1
0.458609 0.778866 1
0.406871 0.775346 1
0.355995 0.771885 1
0.304531 0.768384 1
0.253893 0.764939 1
0.202637 0.761452 1
0.152172 0.758019 1
0.10177 0.75459 1
0.050705 0.751116 1
0.000381094 0.747692 1
-0.0506357 0.744221 1
-0.100944 0.740799 1
-0.151976 0.737327 1
-0.202332 0.733901 1
0.984455 0.762517 1
0.930419 0.759077 1
0.877453 0.755704 1
0.824785 0.75235 1
0.77166 0.748967 1
0.719535 0.745648 1
0.666925 0.742297 1
0.615272 0.739008 1
0.563103 0.735686 1
0.511852 0.732422 1
0.460775 0.72917 1
0.409139 0.725882 1
0.358362 0.722648 1
0.306998 0.719378 1
0.256456 0.716159 1
0.205298 0.712901 1
0.154927 0.709694 1
0.104619 0.70649 1
0.0536477 0.703244 1
0.0034153 0.700046 1
-0.0475097 0.696803 1
-0.0977283 0.693605 1
-0.148671 0.690361 1
-0.198938 0.68716 1
0.985455 0.710691 1
0.931529 0.707491 1
0.878669 0.704354 1
0.826106 0.701235 1
0.773085 0.698088 1
0.721063 0.695001 1
0.668554 0.691885 1
0.617 0.688825 1
0.564931 0.685735 1
0.513776 0.682699 1
0.462793 0.679674 1
0.411253 0.676615 1
0.360569 0.673607 1
0.309297 0.670564 1
0.258846 0.66757 1
0.207778 0.664539 1
0.157496 0.661555 1
0.107275 0.658575 1
0.0563915 0.655555 1
0.00624445 0.652579 1
-0.0445949 0.649562 1
-0.0947299 0.646587 1
-0.145589 0.643568 1
-0.195774 0.64059 1
0.986383 0.659073 1
0.932559 0.656111 1
0.879798 0.653208 1
0.827332 0.650321 1
0.774408 0.647408 1
0.72248 0.64455 1
0.670066 0.641666 1
0.618604 0.638834 1
0.566626 0.635974 1
0.515561 0.633163 1
0.464667 0.630363 1
0.413214 0.627531 1
0.362616 0.624747 1
0.311431 0.62193 1
0.261064 0.619158 1
0.210081 0.616352 1
0.159881 0.61359 1
0.10974 0.61083 1
0.0589382 0.608035 1
0.00887045 0.605279 1
-0.0418894 0.602486 1
-0.0919468 0.599731 1
-0.142728 0.596937 1
-0.192837 0.594179 1
0.98724 0.607647 1
0.933509 0.604921 1
0.880839 0.602249 1
0.828463 0.599592 1
0.77563 0.596912 1
0.723789 0.594282 1
0.671462 0.591627 1
0.620084 0.58902 1
0.568192 0.586388 1
0.517209 0.583801 1
0.466396 0.581223 1
0.415026 0.578617 1
0.364507 0.576054 1
0.313401 0.573461 1
0.263112 0.57091 1
0.212206 0.568327 1
0.162082 0.565784 1
0.112016 0.563244 1
0.0612895 0.56067 1
0.011295 0.558134 1
-0.0393913 0.555562 1
-0.089377 0.553026 1
-0.140086 0.550454 1
-0.190125 0.547915 1
0.988025 0.556398 1
0.934381 0.553906 1
0.881795 0.551463 1
0.829501 0.549034 1
0.77675 0.546584 1
0.724989 0.544179 1
0.672742 0.541752 1
0.621443 0.539369 1
0.569628 0.536963 1
0.518721 0.534598 1
0.467983 0.532241 1
0.416687 0.529858 1
0.366242 0.527515 1
0.315209 0.525144 1
0.264991 0.522812 1
0.214156 0.52045 1
0.164102 0.518125 1
0.114105 0.515803 1
0.0634471 0.513449 1
0.0135198 0.51113 1
-0.037099 0.508779 1
-0.0870189 0.50646 1
-0.137662 0.504108 1
-0.187637 0.501786 1
0.988741 0.505309 1
0.935175 0.50305 1
0.882665 0.500835 1
0.830446 0.498632 1
0.77777 0.49641 1
0.726082 0.494229 1
0.673908 0.492028 1
0.62268 0.489867 1
0.570936 0.487685 1
0.520098 0.48554 1
0.469428 0.483403 1
0.418201 0.481242 1
0.367822 0.479116 1
0.316856 0.476966 1
0.266702 0.474851 1
0.215933 0.472709 1
0.165941 0.4706 1
0.116007 0.468494 1
0.0654123 0.466359 1
0.0155463 0.464256 1
-0.0350111 0.462123 1
-0.084871 0.46002 1
-0.135454 0.457886 1
-0.18537 0.45578 1
0.989386 0.454367 1
0.935891 0.452338 1
0.88345 0.450348 1
0.831299 0.44837 1
0.778691 0.446375 1
0.727069 0.444417 1
0.674961 0.442441 1
0.623796 0.4405 1
0.572117 0.43854 1
0.521341 0.436614 1
0.470733 0.434694 1
0.419567 0.432754 1
0.369248 0.430845 1
0.318342 0.428914 1
0.268247 0.427014 1
0.217536 0.425091 1
0.167602 0.423197 1
0.117725 0.421305 1
0.0671864 0.419388 1
0.0173758 0.417499 1
-0.033126 0.415583 1
-0.0829317 0.413694 1
-0.13346 0.411778 1
-0.183323 0.409886 1
0.989963 0.403555 1
0.936531 0.401755 1
0.884152 0.39999 1
0.832061 0.398235 1
0.779513 0.396465 1
0.72795 0.394728 1
0.675901 0.392975 1
0.624793 0.391253 1
0.573171 0.389514 1
0.522451 0.387806 1
0.471898 0.386103 1
0.420787 0.384381 1
0.370521 0.382688 1
0.319669 0.380975 1
0.269627 0.379289 1
0.218968 0.377583 1
0.169085 0.375902 1
0.119258 0.374224 1
0.0687707 0.372523 1
0.0190095 0.370847 1
-0.0314427 0.369147 1
-0.0812 0.367471 1
-0.13168 0.365771 1
-0.181495 0.364093 1
0.990471 0.352858 1
0.937095 0.351286 1
0.884769 0.349745 1
0.832732 0.348212 1
0.780237 0.346666 1
0.728726 0.345149 1
0.676728 0.343618 1
0.625671 0.342114 1
0.5741 0.340595 1
0.523428 0.339103 1
0.472924 0.337615 1
0.421861 0.336111 1
0.371643 0.334632 1
0.320838 0.333136 1
0.270842 0.331663 1
0.22023 0.330172 1
0.170392 0.328705 1
0.120609 0.327238 1
0.0701662 0.325753 1
0.0204486 0.324288 1
-0.02996 0.322804 1
-0.0796746 0.321339 1
-0.130112 0.319854 1
-0.179885 0.318388 1
0.99091 0.302263 1
0.937582 0.300918 1
0.885303 0.299599 1
0.833312 0.298287 1
0.780864 0.296964 1
0.729397 0.295665 1
0.677444 0.294355 1
0.626431 0.293068 1
0.574903 0.291768 1
0.524274 0.29049 1
0.473812 0.289217 1
0.422791 0.28793 1
0.372614 0.286664 1
0.32185 0.285383 1
0.271893 0.284123 1
0.221321 0.282847 1
0.171522 0.281591 1
0.121778 0.280336 1
0.0713737 0.279064 1
0.0216938 0.277811 1
-0.0286769 0.27654 1
-0.0783546 0.275287 1
-0.128754 0.274015 1
-0.178492 0.27276 1
0.991281 0.251754 1
0.937994 0.250635 1
0.885755 0.249537 1
0.833803 0.248445 1
0.781393 0.247344 1
0.729965 0.246264 1
0.67805 0.245173 1
0.627073 0.244102 1
0.575582 0.24302 1
0.524989 0.241956 1
0.474562 0.240897 1
0.423577 0.239826 1
0.373434 0.238772 1
0.322704 0.237706 1
0.272782 0.236657 1
0.222243 0.235595 1
0.172477 0.234549 1
0.122766 0.233505 1
0.0723941 0.232446 1
0.0227461 0.231403 1
-0.0275926 0.230345 1
-0.0772391 0.229302 1
-0.127608 0.228244 1
-0.177315 0.227199 1
0.991584 0.201318 1
0.938331 0.200423 1
0.886124 0.199546 1
0.834203 0.198673 1
0.781826 0.197793 1
0.730428 0.196929 1
0.678544 0.196058 1
0.627598 0.195202 1
0.576137 0.194337 1
0.525573 0.193487 1
0.475175 0.192641 1
0.424219 0.191784 1
0.374104 0.190942 1
0.323403 0.19009 1
0.273508 0.189252 1
0.222997 0.188403 1
0.173258 0.187568 1
0.123573 0.186733 1
0.0732281 0.185887 1
0.0236062 0.185053 1
-0.0267064 0.184208 1
-0.0763274 0.183374 1
-0.12667 0.182528 1
-0.176352 0.181693 1
0.99182 0.150938 1
0.938592 0.150267 1
0.88641 0.14961 1
0.834515 0.148956 1
0.782162 0.148297 1
0.730788 0.14765 1
0.678928 0.146996 1
0.628006 0.146355 1
0.576568 0.145707 1
0.526027 0.14507 1
0.475651 0.144436 1
0.424718 0.143794 1
0.374625 0.143163 1
0.323946 0.142525 1
0.274072 0.141896 1
0.223583 0.14126 1
0.173864 0.140634 1
0.1242 0.140008 1
0.0738762 0.139374 1
0.0242745 0.13875 1
-0.0260177 0.138116 1
-0.0756189 0.137491 1
-0.125942 0.136857 1
-0.175604 0.136232 1
0.991988 0.100601 1
0.938779 0.100155 1
0.886615 0.0997168 1
0.834737 0.0992812 1
0.782402 0.0988418 1
0.731046 0.0984106 1
0.679203 0.0979753 1
0.628297 0.0975479 1
0.576875 0.0971162 1
0.526351 0.0966919 1
0.475991 0.0962691 1
0.425074 0.0958416 1
0.374997 0.0954212 1
0.324333 0.0949958 1
0.274475 0.0945772 1
0.224001 0.0941534 1
0.174298 0.0937361 1
0.124648 0.0933192 1
0.0743389 0.0928968 1
0.0247516 0.0924805 1
-0.0255262 0.0920583 1
-0.0751132 0.091642 1
-0.125422 0.0912196 1
-0.175071 0.0908027 1
0.992089 0.0502936 1
0.938891 0.0500703 1
0.886738 0.0498514 1
0.834871 0.0496337 1
0.782546 0.0494141 1
0.7312 0.0491985 1
0.679367 0.048981 1
0.628471 0.0487673 1
0.57706 0.0485515 1
0.526545 0.0483395 1
0.476195 0.0481282 1
0.425287 0.0479145 1
0.37522 0.0477043 1
0.324566 0.0474917 1
0.274716 0.0472825 1
0.224251 0.0470706 1
0.174557 0.0468621 1
0.124917 0.0466537 1
0.0746163 0.0464426 1
0.0250377 0.0462345 1
-0.0252313 0.0460235 1
-0.0748099 0.0458154 1
-0.12511 0.0456042 1
-0.17475 0.0453959 1
0.992123 5.01872e-16 1
0.938928 4.99644e-16 1
0.886779 4.9746e-16 1
0.834915 4.95287e-16 1
0.782594 4.93096e-16 1
0.731251 4.90945e-16 1
0.679422 4.88774e-16 1
0.628529 4.86643e-16 1
0.577121 4.8449e-16 1
0.52661 4.82374e-16 1
0.476263 4.80265e-16 1
0.425358 4.78133e-16 1
0.375294 4.76036e-16 1
0.324643 4.73914e-16 1
0.274797 4.71827e-16 1
0.224335 4.69713e-16 1
0.174644 4.67632e-16 1
0.125006 4.65553e-16 1
0.0747088 4.63446e-16 1
0.0251331 4.61369e-16 1
-0.0251331 4.59264e-16 1
-0.0747088 4.57187e-16 1
-0.125006 4.55081e-16 1
-0.174644 4.53002e-16 1
0.992089 -0.0502936 1
0.938891 -0.0500703 1
0.886738 -0.0498514 1
0.834871 -0.0496337 1
0.782546 -0.0494141 1
0.7312 -0.0491985 1
0.679367 -0.048981 1
0.628471 -0.0487673 1
0.57706 -0.0485515 1
0.526545 -0.0483395 1
0.476195 -0.0481282 1
0.425287 -0.0479145 1
0.37522 -0.0477043 1
0.324566 -0.0474917 1
0.274716 -0.0472825 1
0.224251 -0.0470706 1
0.174557 -0.0468621 1
0.124917 -0.0466537 1
0.0746163 -0.0464426 1
0.0250377 -0.0462345 1
-0.0252313 -0.0460235 1
-0.0748099 -0.0458154 1
-0.12511 -0.0456042 1
-0.17475 -0.0453959 1
0.991988 -0.100601 1
0.938779 -0.100155 1
0.886615 -0.0997168 1
0.834737 -0.0992812 1
0.782402 -0.0988418 1
0.731046 -0.0984106 1
0.679203 -0.0979753 1
0.628297 -0.0975479 1
0.576875 -0.0971162 1
0.526351 -0.0966919 1
0.475991 -0.0962691 1
0.425074 -0.0958416 1
0.374997 -0.0954212 1
0.324333 -0.0949958 1
0.274475 -0.0945772 1
0.224001 -0.0941534 1
0.174298 -0.0937361 1
0.124648 -0.0933192 1
0.0743389 -0.0928968 1
0.0247516 -0.0924805 1
-0.0255262 -0.0920583 1
-0.0751132 -0.091642 1
-0.125422 -0.0912196 1
-0.175071 -0.0908027 1
0.99182 -0.150938 1
0.938592 -0.150267 1
0.88641 -0.14961 1
0.834515 -0.148956 1
0.782162 -0.148297 1
0.730788 -0.14765 1
0.678928 -0.146996 1
0.628006 -0.146355 1
0.576568 -0.145707 1
0.526027 -0.14507 1
0.475651 -0.144436 1
0.424718 -0.143794 1
0.374625 -0.143163 1
0.323946 -0.142525 1
0.274072 -0.141896 1
0.223583 -0.14126 1
0.173864 -0.140634 1
0.1242 -0.140008 1
0.0738762 -0.139374 1
0.0242745 -0.13875 1
-0.0260177 -0.138116 1
-0.0756189 -0.137491 1
-0.125942 -0.136857 1
-0.175604 -0.136232 1
0.991584 -0.201318 1
0.938331 -0.200423 1
0.886124 -0.199546 1
0.834203 -0.198673 1
0.781826 -0.197793 1
0.730428 -0.196929 1
0.678544 -0.196058 1
0.627598 -0.195202 1
0.576137 -0.194337 1
0.525573 -0.193487 1
0.475175 -0.192641 1
0.424219 -0.191784 1
0.374104 -0.190942 1
0.323403 -0.19009 1
0.273508 -0.189252 1
0.222997 -0.188403 1
0.173258 -0.187568 1
0.123573 -0.186733 1
0.0732281 -0.185887 1
0.0236062 -0.185053 1
-0.0267064 -0.184208 1
-0.0763274 -0.183374 1
-0.12667 -0.182528 1
-0.176352 -0.181693 1
0.991281 -0.251754 1
0.937994 -0.250635 1
0.885755 -0.249537 1
0.833803 -0.248445 1
0.781393 -0.247344 1
0.729965 -0.246264 1
0.67805 -0.245173 1
0.627073 -0.244102 1
0.575582 -0.24302 1
0.524989 -0.241956 1
0.474562 -0.240897 1
0.423577 -0.239826 1
0.373434 -0.238772 1
0.322704 -0.237706 1
0.272782 -0.236657 1
0.222243 -0.235595 1
0.172477 -0.234549 1
0.122766 -0.233505 1
0.0723941 -0.232446 1
0.0227461 -0.231403 1
-0.0275926 -0.230345 1
-0.0772391 -0.229302 1
-0.127608 -0.228244 1
-0.177315 -0.227199 1
0.99091 -0.302263 1
0.937582 -0.300918 1
0.885303 -0.299599 1
0.833312 -0.298287 1
0.780864 -0.296964 1
0.729397 -0.295665 1
0.677444 -0.294355 1
0.626431 -0.293068 1
0.574903 -0.291768 1
0.524274 -0.29049 1
0.473812 -0.289217 1
0.422791 -0.28793 1
0.372614 -0.286664 1
0.32185 -0.285383 1
0.271893 -0.284123 1
0.221321 -0.282847 1
0.171522 -0.281591 1
0.121778 -0.280336 1
0.0713737 -0.279064 1
0.0216938 -0.277811 1
-0.0286769 -0.27654 1
-0.0783546 -0.275287 1
-0.128754 -0.274015 1
-0.178492 -0.27276 1
0.990471 -0.352858 1
0.937095 -0.351286 1
0.884769 -0.349745 1
0.832732 -0.348212 1
0.780237 -0.346666 1
0.728726 -0.345149 1
0.676728 -0.343618 1
0.625671 -0.342114 1
0.5741 -0.340595 1
0.523428 -0.339103 1
0.472924 -0.337615 1
0.421861 -0.336111 1
0.371643 -0.334632 1
0.320838 -0.333136 1
0.270842 -0.331663 1
0.22023 -0.330172 1
0.170392 -0.328705 1
0.120609 -0.327238 1
0.0701662 -0.325753 1
0.0204486 -0.324288 1
-0.02996 -0.322804 1
-0.0796746 -0.321339 1
-0.130112 -0.319854 1
-0.179885 -0.318388 1
0.989963 -0.403555 1
0.936531 -0.401755 1
0.884152 -0.39999 1
0.832061 -0.398235 1
0.779513 -0.396465 1
0.72795 -0.394728 1
0.675901 -0.392975 1
0.624793 -0.391253 1
0.573171 -0.389514 1
0.522451 -0.387806 1
0.471898 -0.386103 1
0.420787 -0.384381 1
0.370521 -0.382688 1
0.319669 -0.380975 1
0.269627 -0.379289 1
0.218968 -0.377583 1
0.169085 -0.375902 1
0.119258 -0.374224 1
0.0687707 -0.372523 1
0.0190095 -0.370847 1
-0.0314427 -0.369147 1
-0.0812 -0.367471 1
-0.13168 -0.365771 1
-0.181495 -0.364093 1
0.989386 -0.454367 1
0.935891 -0.452338 1
0.88345 -0.450348 1
0.831299 -0.44837 1
0.778691 -0.446375 1
0.727069 -0.444417 1
0.674961 -0.442441 1
0.623796 -0.4405 1
0.572117 -0.43854 1
0.521341 -0.436614 1
0.470733 -0.434694 1
0.419567 -0.432754 1
0.369248 -0.430845 1
0.318342 -0.428914 1
0.268247 -0.427014 1
0.217536 -0.425091 1
0.167602 -0.423197 1
0.117725 -0.421305 1
0.0671864 -0.419388 1
0.0173758 -0.417499 1
-0.033126 -0.415583 1
-0.0829317 -0.413694 1
-0.13346 -0.411778 1
-0.183323 -0.409886 1
0.988741 -0.505309 1
0.935175 -0.50305 1
0.882665 -0.500835 1
0.830446 -0.498632 1
0.77777 -0.49641 1
0.726082 -0.494229 1
0.673908 -0.492028 1
0.62268 -0.489867 1
0.570936 -0.487685 1
0.520098 -0.48554 1
0.469428 -0.483403 1
0.418201 -0.481242 1
0.367822 -0.479116 1
0.316856 -0.476966 1
0.266702 -0.474851 1
0.215933 -0.472709 1
0.165941 -0.4706 1
0.116007 -0.468494 1
0.0654123 -0.466359 1
0.0155463 -0.464256 1
-0.0350111 -0.462123 1
-0.084871 -0.46002 1
-0.135454 -0.457886 1
-0.18537 -0.45578 1
0.988025 -0.556398 1
0.934381 -0.553906 1
0.881795 -0.551463 1
0.829501 -0.549034 1
0.77675 -0.546584 1
0.724989 -0.544179 1
0.672742 -0.541752 1
0.621443 -0.539369 1
0.569628 -0.536963 1
0.518721 -0.534598 1
0.467983 -0.532241 1
0.416687 -0.529858 1
0.366242 -0.527515 1
0.315209 -0.525144 1
0.264991 -0.522812 1
0.214156 -0.52045 1
0.164102 -0.518125 1
0.114105 -0.515803 1
0.0634471 -0.513449 1
0.0135198 -0.51113 1
-0.037099 -0.508779 1
-0.0870189 -0.50646 1
-0.137662 -0.504108 1
-0.187637 -0.501786 1
0.98724 -0.607647 1
0.933509 -0.604921 1
0.880839 -0.602249 1
0.828463 -0.599592 1
0.77563 -0.596912 1
0.723789 -0.594282 1
0.671462 -0.591627 1
0.620084 -0.58902 1
0.568192 -0.586388 1
0.517209 -0.583801 1
0.466396 -0.581223 1
0.415026 -0.578617 1
0.364507 -0.576054 1
0.313401 -0.573461 1
0.263112 -0.57091 1
0.212206 -0.568327 1
0.162082 -0.565784 1
0.112016 -0.563244 1
0.0612895 -0.56067 1
0.011295 -0.558134 1
-0.0393913 -0.555562 1
-0.089377 -0.553026 1
-0.140086 -0.550454 1
-0.190125 -0.547915 1
0.986383 -0.659073 1
0.932559 -0.656111 1
0.879798 -0.653208 1
0.827332 -0.650321 1
0.774408 -0.647408 1
0.72248 -0.64455 1
0.670066 -0.641666 1
0.618604 -0.638834 1
0.566626 -0.635974 1
0.515561 -0.633163 1
0.464667 -0.630363 1
0.413214 -0.627531 1
0.362616 -0.624747 1
0.311431 -0.62193 1
0.261064 -0.619158 1
0.210081 -0.616352 1
0.159881 -0.61359 1
0.10974 -0.61083 1
0.0589382 -0.608035 1
0.00887045 -0.605279 1
-0.0418894 -0.602486 1
-0.0919468 -0.599731 1
-0.142728 -0.596937 1
-0.192837 -0.594179 1
0.985455 -0.710691 1
0.931529 -0.707491 1
0.878669 -0.704354 1
0.826106 -0.701235 1
0.773085 -0.698088 1
0.721063 -0.695001 1
0.668554 -0.691885 1
0.617 -0.688825 1
0.564931 -0.685735 1
0.513776 -0.682699 1
0.462793 -0.679674 1
0.411253 -0.676615 1
0.360569 -0.673607 1
0.309297 -0.670564 1
0.258846 -0.66757 1
0.207778 -0.664539 1
0.157496 -0.661555 1
0.107275 -0.658575 1
0.0563915 -0.655555 1
0.00624445 -0.652579 1
-0.0445949 -0.649562 1
-0.0947299 -0.646587 1
-0.145589 -0.643568 1
-0.195774 -0.64059 1
0.984455 -0.762517 1
0.930419 -0.759077 1
0.877453 -0.755704 1
0.824785 -0.75235 1
0.77166 -0.748967 1
0.719535 -0.745648 1
0.666925 -0.742297 1
0.615272 -0.739008 1
0.563103 -0.735686 1
0.511852 -0.732422 1
0.460775 -0.72917 1
0.409139 -0.725882 1
0.358362 -0.722648 1
0.306998 -0.719378 1
0.256456 -0.716159 1
0.205298 -0.712901 1
0.154927 -0.709694 1
0.104619 -0.70649 1
0.0536477 -0.703244 1
0.0034153 -0.700046 1
-0.0475097 -0.696803 1
-0.0977283 -0.693605 1
-0.148671 -0.690361 1
-0.198938 -0.68716 1
0.983382 -0.814567 1
0.929229 -0.810883 1
0.876149 -0.807272 1
0.823368 -0.803681 1
0.77013 -0.800059 1
0.717897 -0.796506 1
0.665177 -0.792919 1
0.613418 -0.789398 1
0.561143 -0.785842 1
0.509788 -0.782348 1
0.458609 -0.778866 1
0.406871 -0.775346 1
0.355995 -0.771885 1
0.304531 -0.768384 1
0.253893 -0.764939 1
0.202637 -0.761452 1
0.152172 -0.758019 1
0.10177 -0.75459 1
0.050705 -0.751116 1
0.000381094 -0.747692 1
-0.0506357 -0.744221 1
-0.100944 -0.740799 1
-0.151976 -0.737327 1
-0.202332 -0.733901 1
0.982236 -0.866858 1
0.927957 -0.862928 1
0.874754 -0.859075 1
0.821853 -0.855245 1
0.768496 -0.851382 1
0.716146 -0.847591 1
0.663309 -0.843766 1
0.611437 -0.84001 1
0.559049 -0.836216 1
0.507584 -0.83249 1
0.456295 -0.828776 1
0.404448 -0.825022 1
0.353466 -0.821331 1
0.301896 -0.817597 1
0.251154 -0.813923 1
0.199795 -0.810204 1
0.149229 -0.806543 1
0.0987263 -0.802886 1
0.0475614 -0.799182 1
-0.00286021 -0.795531 1
-0.053975 -0.79183 1
-0.104379 -0.78818 1
-0.155507 -0.784478 1
-0.205956 -0.780825 1
0.981015 -0.919405 1
0.926602 -0.915226 1
0.87327 -0.91113 1
0.820241 -0.907057 1
0.766756 -0.902949 1
0.714281 -0.898919 1
0.66132 -0.894852 1
0.609327 -0.890858 1
0.556819 -0.886826 1
0.505236 -0.882864 1
0.453832 -0.878916 1
0.401869 -0.874925 1
0.350774 -0.871001 1
0.29909 -0.867031 1
0.248238 -0.863126 1
0.196769 -0.859173 1
0.146095 -0.855281 1
0.0954862 -0.851394 1
0.0442148 -0.847456 1
-0.00631082 -0.843575 1
-0.0575299 -0.839642 1
-0.108035 -0.835763 1
-0.159266 -0.831828 1
-0.209814 -0.827946 1
0.979718 -0.972227 1
0.925163 -0.967795 1
0.871693 -0.963452 1
0.818529 -0.959134 1
0.764908 -0.954779 1
0.712301 -0.950506 1
0.659209 -0.946193 1
0.607088 -0.94196 1
0.554451 -0.937685 1
0.502744 -0.933485 1
0.451217 -0.929299 1
0.399131 -0.925069 1
0.347916 -0.920909 1
0.296112 -0.916701 1
0.245143 -0.912561 1
0.193557 -0.908371 1
0.142769 -0.904246 1
0.0920473 -0.900126 1
0.0406628 -0.895952 1
-0.00997306 -0.891839 1
-0.0613027 -0.88767 1
-0.111916 -0.883559 1
-0.163255 -0.879389 1
-0.213909 -0.875275 1
0.656974 -0.997807 1
0.604717 -0.99333 1
0.551944 -0.988809 1
0.500105 -0.984368 1
0.448448 -0.979942 1
0.396232 -0.975469 1
0.34489 -0.97107 1
0.29296 -0.966621 1
0.241867 -0.962244 1
0.190156 -0.957814 1
0.139248 -0.953453 1
0.0884071 -0.949097 1
0.036903 -0.944685 1
-0.0138495 -0.940336 1
-0.065296 -0.935929 1
-0.116023 -0.931583 1
-0.167477 -0.927175 1
-0.218242 -0.922826 1
0.0845631 -0.998321 1
0.0329328 -0.993667 1
-0.0179427 -0.98908 1
-0.0695126 -0.984432 1
-0.12036 -0.979848 1
-0.171934 -0.975199 1
-0.222818 -0.970612 1
