ply
format ascii 1.0
comment Created in Blender version 5.1.2
element vertex 3957
property float x
property float y
property float z
property float nx
property float ny
property float nz
element face 7910
property list uchar uint vertex_indices
end_header
-0.060906716 -0.9045603 3.7307663 0.0889428 -0.9274251 -0.36327925
-0.0412413 -0.90251756 3.7298846 0.26224035 -0.9137711 -0.31024566
-0.060498483 -0.91045547 3.7400181 0.0085643 -0.99534345 -0.09601033
-0.04177869 -0.9080135 3.7396019 0.25984275 -0.9611828 -0.092786364
-0.016067388 -0.88801795 3.7429447 0.82454246 -0.5518248 -0.1249765
-0.017504422 -0.8947914 3.751395 0.74282604 -0.6292024 0.2287221
-0.011835288 -0.88088346 3.752003 0.8610599 -0.50110584 0.08642242
-0.016387869 -0.8868578 3.7581549 0.6068623 -0.5497669 0.57399863
-0.01069114 -0.8763568 3.7615647 0.7594122 -0.5997461 -0.25218588
-0.016732922 -0.88254875 3.7614496 0.6870438 -0.6869708 -0.23673172
-0.011491318 -0.88573945 3.766847 0.6923619 -0.37857416 -0.61426103
-0.01510986 -0.88747805 3.762936 0.4998792 -0.21900506 -0.83794844
-0.017656477 -0.8981524 3.7706845 0.59645134 -0.49275598 -0.6335908
-0.017709633 -0.8983879 3.7650619 0.7888629 -0.4401626 -0.42889658
-0.027793836 -0.91401017 3.7730637 0.31579927 -0.4650282 -0.8270547
-0.028316956 -0.91244507 3.7661135 0.5488753 -0.65549177 -0.5187161
-0.026806075 -0.9025389 3.7448332 0.4614127 -0.88340896 0.08177359
-0.025031548 -0.8966501 3.7350626 0.59699786 -0.7678016 -0.23253869
-0.043366138 -0.9210256 3.774473 0.22492108 -0.5659297 -0.79317975
-0.04281507 -0.92003214 3.766004 0.28639898 -0.8533948 -0.43553752
-0.06492012 -0.9239411 3.7700927 0.33552843 -0.4476377 -0.8288794
-0.06203096 -0.9206816 3.7624114 0.12942474 -0.7815077 -0.6103237
-0.08230158 -0.9203121 3.7584856 0.45504388 -0.46859974 -0.75719833
-0.075884864 -0.9130246 3.7526002 0.3279464 -0.5885229 -0.7389803
-0.091095075 -0.9166141 3.748311 0.6000879 -0.6715858 -0.43458843
-0.084909044 -0.912001 3.7460244 0.53958124 -0.71133435 -0.450395
-0.09198529 -0.91567093 3.737725 0.72840565 -0.6828828 0.055644426
-0.08530631 -0.9099859 3.7412078 0.5946104 -0.7991241 -0.08853829
-0.08439152 -0.909809 3.7324307 0.521923 -0.830177 0.19596551
-0.08001299 -0.9081279 3.739932 0.12994754 -0.97635883 0.17273378
-0.07366902 -0.90611696 3.7325704 0.15672933 -0.9711635 -0.17965917
-0.07263299 -0.90942043 3.7407885 -0.15171924 -0.9873308 0.04646644
-0.061887868 -0.9063135 3.7147188 0.27635744 -0.8988436 0.3401569
-0.03999606 -0.9013311 3.7153113 0.26296234 -0.93530995 0.23674044
-0.020666193 -0.8933054 3.7216077 0.46584702 -0.86615306 0.18101238
-0.07738289 -0.9115486 3.7187214 0.49752057 -0.76777136 0.4037332
-0.0038995678 -0.8726467 3.748373 0.67054653 -0.7086462 0.21951753
-0.0016880889 -0.86636716 3.7628553 0.74439555 -0.6426656 -0.18126285
-0.0029383802 -0.88056606 3.7717144 0.6871234 -0.38013908 -0.61915725
-0.0968566 -0.9238801 3.7484708 0.76768744 -0.4828858 -0.42128056
-0.09692242 -0.9229859 3.7359273 0.85120815 -0.49956462 0.16087219
-0.08879916 -0.918941 3.7235847 0.7072294 -0.5857528 0.39587918
-0.020851642 -0.9208392 3.776899 0.49973223 -0.4973006 -0.7091966
-0.038895328 -0.9328489 3.7763937 0.33229396 -0.38252226 -0.8621238
-0.06482366 -0.9381517 3.769057 0.3613876 -0.19608127 -0.9115652
-0.08734339 -0.9311143 3.758445 0.4803106 -0.24432123 -0.84238285
-0.009725393 -0.90221566 3.7756712 0.6391368 -0.38455668 -0.66604835
-0.009090016 -0.8814253 3.7340748 0.5973491 -0.7711452 0.22024772
-0.10170145 -0.93338096 3.7501895 0.6417052 -0.5582829 -0.52586555
-0.10272663 -0.93280995 3.736271 0.76022923 -0.6400828 0.11111017
-0.09669952 -0.9329626 3.7188935 0.71730083 -0.6206975 0.31656617
-0.111102164 -0.94131386 3.7510555 0.2398293 -0.8391098 -0.4882384
-0.11154484 -0.9400337 3.7372248 0.41518506 -0.9019777 0.118564144
-0.10943814 -0.94488657 3.720219 0.42010632 -0.85567534 0.30220902
-0.12457539 -0.9420666 3.7507885 -0.0112877395 -0.94578534 -0.32459605
-0.123460256 -0.9425731 3.7363987 -0.052802667 -0.9869988 0.15180674
-0.12226369 -0.94711107 3.7187505 -0.06261511 -0.9570082 0.28322208
-0.10679463 -0.9566215 3.6840553 0.45111564 -0.83583724 0.31284297
-0.11995731 -0.9594144 3.682652 -0.06723109 -0.93794334 0.3402093
-0.1014168 -0.97182536 3.6358354 0.4734847 -0.86712044 -0.15464264
-0.11670567 -0.9741999 3.6337512 -0.02601319 -0.98290527 -0.182265
-0.10017979 -0.9610165 3.622448 0.5719436 -0.361705 -0.73624045
-0.11523933 -0.96671164 3.6190097 0.03529561 -0.6624598 -0.7482655
-0.10644672 -0.9533568 3.6169758 0.5795892 -0.090533465 -0.8098642
-0.11449525 -0.9555983 3.614468 0.069405496 -0.27619785 -0.9585914
-0.105432756 -0.96265626 3.667395 0.48028058 -0.7856436 0.3899933
-0.11891738 -0.9665351 3.6657383 -0.070526354 -0.91832465 0.38949436
-0.10818303 -0.95076406 3.7029164 0.40414625 -0.8639419 0.30044997
-0.12115439 -0.9529552 3.701457 -0.064681016 -0.9488143 0.3091406
-0.06252888 -0.911543 3.7032208 0.37225375 -0.895087 0.24545138
-0.037184455 -0.9045321 3.7015557 0.30769733 -0.9292342 0.20456326
-0.013614201 -0.89330477 3.7078073 0.5311761 -0.8317371 0.16144761
-0.081177 -0.92040175 3.7089448 0.6239554 -0.7116037 0.32295468
-0.014917965 -0.92539907 3.7878609 0.71828794 -0.60604256 -0.34172326
-0.037901953 -0.94282085 3.783422 0.4919185 -0.6888547 -0.5324428
-0.06511399 -0.9506351 3.773893 0.36828446 -0.63656855 -0.6776039
-0.09371778 -0.9483086 3.7611458 0.27034578 -0.5715666 -0.7747417
0.009749091 -0.8612802 3.7440507 0.7444891 -0.6335291 0.2106583
0.01043655 -0.8535431 3.7656267 0.84846115 -0.529198 -0.007944075
0.007784914 -0.87100947 3.780581 0.9088247 -0.32408664 -0.2626893
-0.0012925735 -0.90113014 3.7858052 0.859819 -0.40077654 -0.31636935
0.0015095796 -0.8773791 3.7239387 0.6621837 -0.72392815 0.19349615
0.04621005 -0.73801273 3.751191 0.9939383 -0.062351685 -0.09054764
0.045871478 -0.741295 3.7784786 0.93604296 -0.33595926 0.10466577
0.04308876 -0.73012936 3.8063896 0.85495347 -0.4490205 0.25968263
0.023229485 -0.81894726 3.8192568 0.96288925 -0.26747227 0.03609714
0.028288225 -0.80808324 3.7775412 0.9482024 -0.28978512 0.13014133
0.04068027 -0.80538803 3.7288082 0.9656556 -0.25727755 0.0362982
-0.002920702 -0.8916582 3.8411424 0.9091675 -0.40485284 0.097511895
-0.10946564 -0.9504297 3.7603571 0.025093386 -0.75234866 -0.658287
-0.12554653 -0.94819736 3.759969 0.018669298 -0.7932711 -0.6085823
-0.09474363 -0.9447503 3.6826203 0.76871336 -0.6109321 0.18931913
-0.09363482 -0.9504164 3.6640463 0.8101059 -0.5185452 0.27356744
-0.09481615 -0.93990314 3.7003715 0.70882475 -0.66674703 0.23025185
-0.062182706 -0.9129902 3.686995 0.3870917 -0.92192966 0.01434627
-0.034213185 -0.9068824 3.6837218 0.3683253 -0.92969126 0.003279437
-0.002104464 -0.88722587 3.687128 0.6929805 -0.7194732 -0.046221208
-0.081773974 -0.92445505 3.6932445 0.6760041 -0.7304257 0.09745107
0.01346284 -0.867225 3.7097442 0.819861 -0.5703727 0.050029024
0.01164582 -0.8596976 3.8039587 0.9564799 -0.29082844 0.023772318
0.019489117 -0.83689183 3.7682486 0.9156541 -0.38883886 0.10189181
0.022307878 -0.8457527 3.7369778 0.8743483 -0.46458665 0.14026509
-0.09363341 -0.96219766 3.7765682 0.11301395 -0.92612964 -0.35987735
-0.11064816 -0.9613148 3.7740483 -0.071306586 -0.92729974 -0.36746502
-0.12689367 -0.9574364 3.7723424 -0.005411961 -0.9244132 -0.38135418
-0.0134387165 -0.92667985 3.807231 0.79172444 -0.60761017 0.06310446
-0.038555194 -0.9491095 3.8010755 0.5098607 -0.85748464 -0.06900743
-0.06760776 -0.95933425 3.7894344 0.28053275 -0.94424725 -0.17233256
0.0015920592 -0.89772373 3.8078096 0.92782897 -0.3650762 0.076502785
-0.07493883 -0.95912457 3.823165 0.21270126 -0.97630376 0.03986492
-0.044609834 -0.9494873 3.8336897 0.5004879 -0.8584404 0.11221391
-0.116645366 -0.9621847 3.7997794 -0.03676958 -0.9974213 -0.06163305
-0.1293756 -0.96180075 3.8007016 -0.030679904 -0.9936263 -0.10846871
-0.10074067 -0.9624722 3.819054 0.06868118 -0.9976045 -0.008260191
-0.13080749 -0.96295506 3.8176637 -0.040349625 -0.99816525 -0.045145076
-0.02136899 -0.9245221 3.8406143 0.7817948 -0.60796833 0.13846073
0.034733552 -0.76883084 3.8283775 0.97646326 -0.21300364 0.033895154
0.03807824 -0.77284473 3.7781422 0.9612134 -0.23433073 0.14545777
0.04624737 -0.76441413 3.7430212 0.99391335 -0.10402008 0.03627569
-0.10765683 -0.9391613 3.6143506 0.6182426 -0.28348103 -0.7330857
-0.11386477 -0.94026124 3.6124873 0.07207771 -0.21007727 -0.9750243
-0.094735086 -0.92280537 3.5775363 0.19617091 -0.95019406 -0.24217395
-0.11049634 -0.9213144 3.5716622 -0.013782287 -0.93950516 -0.34225735
-0.09723719 -0.92360175 3.5896993 0.19749123 -0.9798328 -0.030410683
-0.10102203 -0.92538756 3.6028874 0.24485211 -0.9579333 -0.14970416
-0.11270133 -0.923509 3.6036956 -0.011750782 -0.93403214 -0.35699564
-0.11140595 -0.9228562 3.584346 -0.03689139 -0.99447364 -0.098291464
-0.0731556 -0.9100407 3.5781217 0.5902512 -0.7295194 -0.3455502
-0.071465634 -0.9106318 3.5944386 0.526187 -0.8503669 0.001859146
-0.061528847 -0.8998973 3.5776536 0.5267903 -0.736359 -0.42457896
-0.05796471 -0.90257764 3.5935774 0.53566587 -0.8400097 -0.08628864
-0.042578768 -0.88267195 3.5723543 0.39079443 -0.7131085 -0.5820275
-0.032005224 -0.8763281 3.577288 0.72346646 -0.61639833 -0.31088495
-0.03725177 -0.88520426 3.5870416 0.6868824 -0.7025073 -0.18621498
-0.046315305 -0.8888584 3.5764632 0.452146 -0.6656419 -0.5937043
-0.04569164 -0.87835145 3.5668309 0.3051531 -0.8022758 -0.5130644
-0.035595227 -0.8697567 3.5626664 0.6059947 -0.6407128 -0.47144195
-0.058679707 -0.882517 3.5570939 0.6036143 -0.7055515 -0.3712773
-0.05296588 -0.8678116 3.5443249 0.5223239 -0.7085634 -0.47446355
-0.0688857 -0.88723874 3.5502129 0.59624153 -0.5677226 -0.5676153
-0.06697463 -0.87324095 3.5379229 0.50849897 -0.767065 -0.39120355
-0.092382625 -0.89560324 3.5399172 0.3131077 -0.5562762 -0.76975346
-0.09241163 -0.8846365 3.5322278 0.31752133 -0.8133189 -0.4875372
-0.10765203 -0.8987236 3.5385716 0.04095997 -0.5678393 -0.8221198
-0.106842205 -0.8872101 3.5312412 0.012429828 -0.7912822 -0.6113248
-0.023275847 -0.8651909 3.5830274 0.7773522 -0.56142515 -0.28376994
-0.028753014 -0.8775323 3.5981758 0.68774617 -0.6966839 -0.20405108
-0.024606945 -0.85686344 3.5654855 0.7849343 -0.49273628 -0.3756185
-0.07385983 -0.9096224 3.6106951 0.48243558 -0.8652466 0.13639727
-0.057351936 -0.90078616 3.608585 0.51922506 -0.85046786 0.08431948
-0.089823306 -0.8826604 3.519908 0.27252778 -0.9581973 -0.087101065
-0.10608976 -0.8842172 3.5199993 -0.037252277 -0.9856218 -0.16480866
-0.04472204 -0.85290504 3.529817 0.6656651 -0.653032 -0.3611637
-0.061537255 -0.86504424 3.521768 0.64383644 -0.7466915 -0.16711186
-0.011153391 -0.85418063 3.5922096 0.8081931 -0.50239474 -0.30728397
-0.017376184 -0.8719334 3.6096084 0.6928923 -0.64840925 -0.3153819
-0.011602483 -0.83823574 3.5713806 0.84821784 -0.3775226 -0.37148765
-0.09279094 -0.9203862 3.6151574 0.5802646 -0.7608934 -0.2904036
-0.082439825 -0.91306347 3.6192808 0.6439459 -0.7025383 -0.3029418
-0.07428641 -0.90820336 3.6475494 0.73898834 -0.6654647 -0.10513299
-0.043255262 -0.9011587 3.6439624 0.31338993 -0.90594006 -0.28470933
-0.020993616 -0.8884476 3.6388266 0.54899067 -0.7767837 -0.3085715
-0.08435161 -0.91862905 3.5928204 0.45098168 -0.8895439 0.072987325
-0.06495923 -0.9119436 3.6672087 0.44170493 -0.8778731 -0.18502831
-0.0367717 -0.9050592 3.662692 0.35758996 -0.9116348 -0.20261167
-0.011099424 -0.8886126 3.6593096 0.63550943 -0.7394846 -0.22201405
-0.08265238 -0.92560995 3.673529 0.74087983 -0.6663736 0.08392413
-0.032258525 -0.85342896 3.5459418 0.6963411 -0.5542039 -0.45603412
-0.083286345 -0.93120766 3.6569624 0.86083865 -0.41845977 0.28956553
-0.02123687 -0.8303963 3.5437944 0.8316031 -0.3767016 -0.40808353
-0.06069556 -0.90816754 3.7350404 0.03636981 -0.84980476 -0.5258413
-0.041776266 -0.9047226 3.734747 0.25738588 -0.8456229 -0.4676264
-0.016775746 -0.89141375 3.7471702 0.8669637 -0.46691066 -0.17426519
-0.013115785 -0.88400114 3.7550657 0.8763898 -0.4280439 0.22072469
-0.013443002 -0.879567 3.761272 0.76222974 -0.60428935 -0.23203488
-0.013070864 -0.8866426 3.764898 0.74905837 -0.3453082 -0.565397
-0.017812561 -0.8982562 3.7679663 0.8796413 -0.47543776 -0.0137896
-0.028576301 -0.912523 3.7697082 0.6336992 -0.7443338 -0.21069552
-0.025923437 -0.8995449 3.7398956 0.5998585 -0.72274834 -0.3432267
-0.043183953 -0.92018265 3.7707212 0.2736484 -0.9522305 -0.13554919
-0.06358627 -0.9224768 3.7664769 0.09828397 -0.9224178 -0.37347785
-0.079643175 -0.91627795 3.7562037 0.2664293 -0.72897404 -0.6305651
-0.08811667 -0.9142014 3.747247 0.46294537 -0.7917982 -0.39841837
-0.088935405 -0.9125504 3.739408 0.6472432 -0.7607891 -0.047708955
-0.082256325 -0.9085192 3.7361012 0.33018643 -0.94384456 0.011590215
-0.07330448 -0.90804476 3.736428 -0.03219886 -0.94028926 -0.33884996
0.019633532 -0.8497592 3.6711767 0.8956259 -0.40208846 -0.19020821
0.007675156 -0.8606411 3.6476176 0.8368556 -0.47589752 -0.27054423
-0.08385346 -0.9186259 3.5778706 0.49065483 -0.8180502 -0.3000861
-0.08752793 -0.91795075 3.6053054 0.475228 -0.874376 0.098107055
-0.046000417 -0.89419687 3.5927043 0.6124907 -0.7845622 -0.09652629
-0.053372554 -0.8946066 3.5776358 0.4905686 -0.672551 -0.55409175
-0.04034239 -0.8891346 3.6052327 0.595303 -0.8001521 -0.0732858
-0.07966194 -0.87844163 3.534466 0.45880675 -0.8034517 -0.37942278
-0.07902766 -0.8911621 3.5449872 0.4907736 -0.51656985 -0.7016387
-0.07426201 -0.8752868 3.5195556 0.51269597 -0.8555958 -0.07140513
-0.044220366 -0.8692051 3.5531962 0.5006728 -0.6887126 -0.52440596
-0.05241164 -0.87973857 3.5622063 0.50413823 -0.8114681 -0.2955741
0.029644681 -0.83355343 3.6961617 0.93952155 -0.3298943 -0.09202708
0.023201708 -0.8134778 3.6458464 0.9371498 -0.23197162 -0.26065174
0.013064877 -0.8285063 3.625196 0.9056395 -0.3000819 -0.29961273
0.020178275 -0.7842836 3.6162763 0.93675035 -0.24130605 -0.25351584
0.009108057 -0.8022207 3.5956829 0.90943867 -0.27076378 -0.31560794
-0.10476262 -0.92978054 3.6108224 0.42020723 -0.6812948 -0.59938574
-0.11323052 -0.9283019 3.6088214 0.042168655 -0.58040524 -0.81323516
-0.078564644 -0.9234119 3.6258786 0.636443 -0.29744935 -0.71166295
-0.07278826 -0.9198105 3.634015 0.96516186 -0.16375928 -0.20407227
-0.11794286 -0.972316 3.6503496 -0.059583347 -0.9719472 0.22752677
-0.10269069 -0.9696734 3.652282 0.46606383 -0.83286273 0.29853672
-0.09056599 -0.9594388 3.6409397 0.7947028 -0.6034772 0.065288976
-0.090862684 -0.95672727 3.6288054 0.6904651 -0.4065473 -0.59831196
-0.092179954 -0.95588225 3.652595 0.7817932 -0.52213293 0.34084702
-0.077221364 -0.9404718 3.639409 0.9167959 -0.3993528 0.0015988873
-0.08118003 -0.94239825 3.6297565 0.6680327 -0.3405105 -0.66165316
-0.07900373 -0.9357289 3.6498213 0.8358882 -0.28834787 0.46706143
-0.07322128 -0.9192043 3.6433074 0.9640778 -0.0795606 0.25342494
-0.07220747 -0.9054631 3.6289508 0.6571998 -0.7415459 -0.1349008
-0.1044122 -0.94716996 3.6233914 0.87012273 0.25969857 -0.41885933
-0.09355279 -0.92516816 3.6205409 0.43255433 -0.7605061 -0.48428014
-0.105403714 -0.9391561 3.6195757 0.933213 -0.23262748 -0.27385762
-0.10212249 -0.9310937 3.616546 0.7468398 -0.5665453 -0.34821934
-0.09281553 -0.9484165 3.6273375 0.0042253244 0.23121238 -0.97289413
-0.0864921 -0.9259988 3.6243145 0.19745745 -0.5279776 -0.8259845
-0.09953733 -0.9516499 3.6254995 0.5110649 0.38845995 -0.76675385
-0.087347105 -0.9395148 3.6282718 -0.18481624 -0.028610758 -0.9823565
-0.10417765 -0.9414635 3.6301744 0.95344615 0.22038253 -0.20584454
-0.095007166 -0.92763937 3.6237276 0.37818107 -0.898294 -0.22371168
-0.10422753 -0.9365769 3.6251168 0.9704061 -0.2414677 -0.0022922007
-0.10133714 -0.93156624 3.621467 0.7597836 -0.6491091 -0.037231367
-0.09670583 -0.94037783 3.6369853 -0.37569085 0.42630652 -0.8228725
-0.09003042 -0.9277629 3.6271398 -0.30444655 -0.7056266 -0.6398463
-0.101591915 -0.9432037 3.6347497 0.4573662 0.61705554 -0.64035827
-0.09137807 -0.9364641 3.632272 -0.73907906 -0.009262494 -0.673555
-0.103554204 -0.93483573 3.63711 0.80129427 -0.15873677 -0.57682765
-0.09829458 -0.9280789 3.6322572 0.10713055 -0.9572519 -0.26868525
-0.10357593 -0.93223196 3.6344078 0.8580536 -0.45356655 -0.24087623
-0.1018931 -0.9295135 3.6319997 0.64214545 -0.7619209 -0.084414154
-0.09898752 -0.9353076 3.6389349 -0.1149891 -0.0975344 -0.98856694
-0.09535179 -0.9288811 3.6328871 -0.4051452 -0.754596 -0.5161804
-0.10172521 -0.9364035 3.6385994 0.4062009 0.11028099 -0.9071047
-0.096325934 -0.93272877 3.637345 -0.47387862 -0.3828595 -0.79300547
-0.10039085 -0.9311635 3.6364844 0.23833889 -0.68360144 -0.68984324
-0.054547295 -0.89812356 3.6241267 0.3950422 -0.9070854 -0.14538798
-0.033506345 -0.88782585 3.618959 0.49120897 -0.82908744 -0.26707256
0.019624466 -0.7529273 3.5761664 0.906718 -0.19546957 -0.37370312
0.00021811697 -0.7758005 3.5485888 0.86742884 -0.21999533 -0.44628376
0.026137762 -0.6672528 3.6301672 0.9793911 0.023531482 -0.20059775
-0.049770944 -0.72648215 3.502021 0.65978163 0.03834097 -0.7504786
0.0054528764 -0.68130314 3.5876966 0.8864424 -0.0051589967 -0.46281004
-0.021288713 -0.7816127 3.5143406 0.79389626 -0.10846166 -0.5983017
-0.10435315 -0.8810753 3.4915733 -0.016718587 -0.9192936 -0.39321715
-0.08524452 -0.87886226 3.4944654 0.31284273 -0.89032805 -0.33082536
-0.10243972 -0.8639138 3.4704263 0.028279383 -0.62071824 -0.7835235
-0.07976782 -0.8597845 3.4717324 0.34941158 -0.5519317 -0.7571546
-0.06424873 -0.8664944 3.4940794 0.6408874 -0.70053136 -0.31387782
-0.05933479 -0.84377086 3.4774854 0.6756728 -0.28853047 -0.6783924
-0.033905286 -0.8329514 3.5218627 0.81832236 -0.41967338 -0.39271203
-0.02722446 -0.8092247 3.5145311 0.83747935 -0.23090945 -0.49528697
-0.047411513 -0.8472867 3.5039477 0.8133275 -0.49808034 -0.3006898
-0.01201418 -0.80872166 3.545701 0.86749107 -0.2916823 -0.40296483
-0.04437556 -0.8220283 3.4902742 0.78993493 -0.14191087 -0.59654343
0.0009538092 -0.8403369 3.6046221 0.86324704 -0.38290772 -0.32891685
-0.002892697 -0.8665026 3.630245 0.7663308 -0.5522627 -0.32824227
-0.0016623397 -0.8193167 3.5803552 0.89440805 -0.2867983 -0.34319237
-0.10123565 -0.80785877 3.4635515 0.09723421 0.19721079 -0.9755272
-0.07270451 -0.81421643 3.4673488 0.39313996 0.11262475 -0.91255504
-0.08379957 -0.83737874 3.4624143 0.26724663 -0.11934324 -0.95620936
-0.10123277 -0.84094024 3.4611688 0.06847159 -0.18670557 -0.9800269
0.044726886 -0.74913734 3.7171092 0.9987704 -0.027759034 -0.041075014
0.043736033 -0.7295382 3.7298157 0.999025 0.042903014 -0.010413948
0.04176272 -0.719668 3.635664 0.9842043 -0.085405976 -0.15507302
0.033122808 -0.73348594 3.6040697 0.9514608 -0.13692658 -0.27563307
0.040090516 -0.69408107 3.6311595 0.94640815 0.24972065 -0.20481975
0.041655693 -0.77304417 3.6975293 0.9831318 -0.12748426 -0.13114697
0.032655448 -0.79603297 3.6683154 0.9606228 -0.18259686 -0.2094327
0.039712135 -0.744094 3.6669714 0.97243553 -0.17390876 -0.15532194
0.029836686 -0.7649236 3.638374 0.95566577 -0.21457455 -0.20164509
0.045093548 -0.7257916 3.6854057 0.9964297 -0.033052463 -0.07768861
0.046250623 -0.7136448 3.7007291 0.9888493 -0.007823624 -0.14871393
0.029405547 -0.66338104 3.670879 0.985986 0.14500208 -0.08249831
0.03513475 -0.672312 3.6953857 0.78073967 0.39319986 -0.48563305
0.040907297 -0.6924269 3.6924243 0.88901615 0.09063287 -0.44881612
0.043084096 -0.69583607 3.6699958 0.9780566 0.20701265 -0.023472944
0.03364294 -0.61986464 3.6982253 0.9974163 0.03681198 -0.061688904
0.034692194 -0.64911985 3.7224603 0.7713112 0.50883406 -0.3823178
0.039643582 -0.60018325 3.7460277 0.97971094 0.12620148 -0.15569088
0.0406267 -0.6355832 3.7535067 0.7502641 0.59026045 -0.29781926
0.04732239 -0.5979385 3.8028636 0.97896105 0.17309839 -0.10803769
0.04906857 -0.6327958 3.7978985 0.8281812 0.55957264 0.03153276
0.05355159 -0.62535816 3.8447828 0.99682397 0.04737542 -0.06401208
0.051342193 -0.6489887 3.8273885 0.90738744 0.30817014 0.2857957
0.053838357 -0.6695882 3.8641853 0.99232984 -0.08713624 -0.08768537
0.049491666 -0.6738672 3.8378265 0.88459814 -0.095567666 0.45645684
0.04479313 -0.7182494 3.8550577 0.98335296 -0.1664006 -0.07299123
0.04435314 -0.70854867 3.8301117 0.9041646 -0.28494522 0.31826505
-0.05029587 -0.7944826 3.4841685 0.61856 0.08140615 -0.78150916
-0.029416984 -0.75629425 3.5066302 0.6240313 0.17012654 -0.7626545
-0.07421316 -0.732169 3.4856775 0.4007373 -0.06406988 -0.9139501
-0.06525013 -0.773333 3.4811757 0.36915615 0.21746835 -0.90356576
-0.10261436 -0.7289788 3.477822 0.063260004 -0.1433673 -0.9876457
-0.10214102 -0.76785594 3.4744174 0.09501024 0.1954433 -0.97610193
0.022613207 -0.8187162 3.8551161 0.9608284 -0.2766899 0.015854392
0.0102978395 -0.8564006 3.8452318 0.9423846 -0.3323414 0.038214285
0.033486925 -0.7741589 3.8692055 0.9705348 -0.23954947 -0.026042355
0.021345498 -0.82095444 3.8946464 0.9482566 -0.31287828 0.054004367
0.0081559075 -0.8596301 3.8823478 0.9337965 -0.35252044 0.061264727
-0.00038351503 -0.82757443 3.9795284 0.808113 -0.3879372 0.44323596
-0.013124623 -0.8662 3.96395 0.7894207 -0.44908628 0.41849294
-0.03461391 -0.8331389 4.0172725 0.6031455 -0.4165242 0.68023753
-0.043539286 -0.8775926 3.9929347 0.5828799 -0.5236417 0.6213296
-0.1451936 -0.8468035 4.042991 -0.09248968 -0.4515704 0.88742876
-0.14453636 -0.8931974 4.0141425 -0.08976122 -0.6295904 0.77172464
-0.10808216 -0.89117897 4.0143204 0.13236336 -0.6208815 0.77264875
-0.10401411 -0.84519374 4.042665 0.13512716 -0.45533717 0.8800049
0.0026712199 -0.86305374 3.918264 0.9032531 -0.38369977 0.19211541
0.016315669 -0.822614 3.9324353 0.9139006 -0.35615075 0.19478789
-0.10303932 -0.96303177 3.854565 0.117734335 -0.9930285 -0.0057372064
-0.10641698 -0.96435994 3.897871 0.11928246 -0.9835238 0.1358405
-0.10971986 -0.95225036 3.9389522 0.09217983 -0.9022162 0.421318
-0.11094978 -0.9278437 3.9768848 0.105841026 -0.7778753 0.6194414
-0.13363868 -0.96454126 3.8512506 -0.040656727 -0.99849796 -0.036725976
-0.13728213 -0.96574193 3.894438 -0.049133506 -0.9918538 0.11752448
-0.14032947 -0.95363784 3.9364705 -0.06970851 -0.9140716 0.39951688
-0.142701 -0.92925817 3.975913 -0.08228602 -0.78957474 0.60811234
-0.023384284 -0.9004517 3.9439409 0.7595478 -0.5239113 0.38549194
-0.050194427 -0.91405785 3.9632468 0.5235158 -0.6577203 0.54160416
-0.010111033 -0.8981063 3.9067268 0.86873853 -0.46400946 0.17317243
-0.005170733 -0.89397216 3.8753324 0.8967363 -0.43906373 0.055560578
-0.033553787 -0.922636 3.9279733 0.67536104 -0.66059613 0.32787228
-0.056040443 -0.9384127 3.9318836 0.46618626 -0.80143625 0.37466013
-0.02588322 -0.9241165 3.9027252 0.74530375 -0.64618355 0.16422285
-0.05104292 -0.9457306 3.8994787 0.5136818 -0.84286803 0.16032581
-0.074282214 -0.88524854 4.008175 0.35412058 -0.5857738 0.7290183
-0.06742637 -0.8393894 4.0351853 0.37119994 -0.44280267 0.81617177
-0.07999441 -0.92293674 3.972954 0.2996867 -0.7406102 0.60140204
-0.08368559 -0.94852465 3.9360306 0.2697485 -0.8740693 0.40402788
-0.07930894 -0.95797914 3.8991013 0.29843646 -0.94302064 0.14713183
-0.023116555 -0.92489463 3.8702211 0.76430506 -0.64247525 0.05534734
-0.049954038 -0.9479275 3.864666 0.50417364 -0.860202 0.07656031
-0.077117145 -0.95774525 3.858157 0.26042977 -0.9648624 0.034883842
0.033946395 -0.54854506 3.8107004 0.8827228 0.46322516 -0.07888515
0.029230611 -0.5558219 3.7549622 0.88176465 0.44883594 -0.1450427
-0.034109756 -0.4901176 3.8122332 0.37444115 0.92348564 -0.08347527
-0.03422819 -0.50007147 3.7578619 0.3920317 0.91385114 -0.105769455
-0.072596595 -0.48004937 3.8105211 0.18249297 0.9782338 -0.098766886
-0.06963189 -0.48916644 3.7586508 0.19759639 0.9744336 -0.10693427
-0.10892803 -0.4766449 3.8074644 0.07269128 0.9907549 -0.11454553
-0.10362602 -0.48591077 3.755456 0.08281937 0.9914607 -0.100730196
0.0060038744 -0.5119061 3.8134193 0.64734364 0.7587367 -0.07255941
-0.0002997874 -0.5190824 3.7573447 0.6453405 0.7509543 -0.14001161
-0.06645627 -0.49165466 3.7208595 0.18303786 0.96262354 0.1996325
-0.09901819 -0.48769543 3.718986 0.092539966 0.9778714 0.18762699
-0.07796245 -0.47645858 3.8670163 0.19046053 0.98041314 0.050148487
-0.11436538 -0.47222164 3.864097 0.0533772 0.9979659 0.034856215
-0.08737317 -0.5011476 3.9674182 0.14833009 0.8806469 0.4499547
-0.12475574 -0.49705297 3.9655836 0.0023278228 0.8918677 0.45229042
-0.100622654 -0.5571171 4.035213 0.043973923 0.59366095 0.8035128
-0.1331377 -0.55625397 4.033847 -0.042102218 0.5938254 0.8034916
-0.10193591 -0.60606056 4.063177 0.05231159 0.37787566 0.9243774
-0.13740326 -0.60390747 4.0615973 -0.060453154 0.39642507 0.9160745
-0.097677134 -0.705965 4.0772114 0.10365332 -0.048657164 0.99342257
-0.14268914 -0.70533305 4.0773973 -0.085191704 -0.034561466 0.99576503
-0.102492146 -0.8015635 4.060713 0.12457455 -0.31839105 0.9397384
-0.10063911 -0.7570327 4.072063 0.11990073 -0.17916507 0.9764854
-0.14500369 -0.80129075 4.0612836 -0.09201285 -0.3109882 0.9459492
-0.14422956 -0.75491035 4.0730762 -0.08926169 -0.16319957 0.9825468
-0.099819794 -0.6551156 4.0762763 0.08480416 0.13566867 0.9871181
-0.14057748 -0.65337276 4.0761933 -0.076868385 0.14942065 0.9857812
-0.09453348 -0.5235027 4.003185 0.09169407 0.7635088 0.6392546
-0.12898509 -0.5217155 4.0020614 -0.021301558 0.7607106 0.6487416
0.055703998 -0.67439836 3.8993676 0.9964119 -0.0773842 0.034277625
0.038144536 -0.6896464 3.973826 0.9177314 -0.07026654 0.39093676
0.016605388 -0.69579154 4.013586 0.8057849 -0.081272826 0.58660495
-0.017765041 -0.7004614 4.0489144 0.5957928 -0.089901745 0.79809064
0.047895566 -0.7236314 3.8890138 0.98084265 -0.18913943 -0.04662496
0.036147665 -0.73805904 3.9630003 0.9206352 -0.19682674 0.33717957
0.014130782 -0.74533105 4.004593 0.80660254 -0.20293213 0.5551674
-0.019925132 -0.75092 4.0395923 0.6167993 -0.21020076 0.75853425
-0.056138586 -0.7039588 4.0690746 0.3426006 -0.06936347 0.93691707
-0.06052747 -0.7544079 4.0630083 0.36386448 -0.19372302 0.911084
0.0074909413 -0.78689545 3.9944158 0.8083012 -0.29905197 0.50716585
-0.026382951 -0.79247415 4.0307145 0.6182572 -0.30276865 0.72532
-0.062652186 -0.7974744 4.0518117 0.37664253 -0.3118792 0.8722797
0.050361793 -0.6827814 3.9379916 0.97677636 -0.06652279 0.20367262
0.04647554 -0.7315773 3.9276621 0.97565335 -0.18557253 0.11689075
0.034610752 -0.77701193 3.9094558 0.95734435 -0.28617495 0.03994597
0.028367633 -0.7809936 3.9469452 0.92134 -0.30613846 0.23960757
-0.08097153 -0.48368347 3.9195075 0.1841703 0.9507605 0.24927068
-0.119735084 -0.47922412 3.918251 0.02701234 0.9687817 0.24643946
0.055730205 -0.62780046 3.9053135 0.99208975 0.08792483 0.08959437
0.047942784 -0.5895757 3.9098449 0.9416404 0.3021346 0.14841864
0.029269835 -0.55099976 3.9126203 0.81718576 0.5385169 0.20544352
-0.0024195707 -0.5171843 3.9155755 0.6113248 0.75537765 0.23598012
0.048851702 -0.6386335 3.9451182 0.95974284 0.07875844 0.2696121
0.03960868 -0.5977286 3.9509912 0.89910775 0.29246423 0.32568377
0.019752039 -0.5602462 3.9548976 0.77826285 0.5157676 0.3581769
-0.010915305 -0.5305429 3.9626112 0.5809311 0.71161896 0.395117
0.0017326613 -0.60908276 4.0205083 0.7011615 0.2817579 0.6549695
-0.0072607 -0.57742554 4.011338 0.6380584 0.44965968 0.62504995
-0.027476685 -0.6085643 4.044822 0.4789556 0.32206744 0.8166236
-0.030027729 -0.5692895 4.0243177 0.43616873 0.52786887 0.72877383
0.024065157 -0.6041485 3.9874787 0.8249557 0.28289464 0.48930442
0.0055287937 -0.56713957 3.9872534 0.71199787 0.4941159 0.4989074
-0.041355804 -0.49487114 3.9182615 0.38228562 0.8915461 0.24290587
-0.023824302 -0.54404944 3.9966166 0.49090603 0.65924174 0.56957144
0.034809448 -0.64603966 3.9827921 0.8933714 0.07558086 0.44291642
0.012115449 -0.64830005 4.019918 0.77183765 0.08769502 0.6297429
-0.021282863 -0.65307075 4.0523357 0.54720366 0.08975868 0.8321728
-0.047499493 -0.51107544 3.9663908 0.34418416 0.83459103 0.43011054
-0.06310364 -0.6061212 4.058077 0.23580012 0.3592567 0.9029578
-0.06705877 -0.5613676 4.0340486 0.20949712 0.57614386 0.79004383
-0.05965766 -0.5302485 4.002077 0.2628646 0.7388716 0.62046033
-0.057230335 -0.6557254 4.068725 0.29830247 0.111196086 0.94797206
0.0023925256 -0.51074827 3.8663654 0.63104683 0.7711263 0.08452327
-0.037141327 -0.48817128 3.8673437 0.38552907 0.920121 0.06888162
0.033097565 -0.5471713 3.861947 0.862266 0.5044119 0.045452863
0.050128177 -0.5939327 3.8528104 0.9730394 0.22928028 -0.024997788
-0.061765395 -0.9039634 3.7227335 0.20116636 -0.97413135 0.102957696
-0.07595341 -0.90779036 3.7253168 0.3869204 -0.88426954 0.26145735
-0.023437476 -0.89423984 3.7284107 0.53027916 -0.8472356 -0.03155544
-0.040699143 -0.9002885 3.7228053 0.2733593 -0.9607813 -0.0466248
-0.0074406085 -0.8830576 3.7694302 0.6112367 -0.38011795 -0.6941902
-0.0063162996 -0.87125283 3.7622747 0.72673285 -0.63322806 -0.26623592
-0.008262511 -0.8765766 3.750045 0.7339254 -0.6606776 0.15766601
-0.08697576 -0.91394573 3.727795 0.6474464 -0.67200136 0.35948193
-0.094849065 -0.9189434 3.7367444 0.8121285 -0.56974995 0.12582664
-0.094115816 -0.9200256 3.748539 0.7005114 -0.5605622 -0.44164896
-0.08498904 -0.9255495 3.758754 0.52133757 -0.2550341 -0.81434935
-0.06477527 -0.9307423 3.7693446 0.35303524 0.041160323 -0.9347042
-0.04115027 -0.92695576 3.77515 0.14187121 -0.11025357 -0.9837259
-0.024312213 -0.9175453 3.7740448 0.23686849 -0.28972486 -0.9273364
-0.01337351 -0.90034944 3.7722065 0.39606348 -0.3399557 -0.8529735
-0.0133480765 -0.8841158 3.7384913 0.71799725 -0.69176805 0.07705105
0.027445402 -0.7038292 3.588399 0.82346874 0.30401266 -0.47903612
-0.01503746 -0.69950217 3.5529451 0.7951704 0.05311059 -0.6040557
0.012865521 -0.72393835 3.5572383 0.7734941 0.22160229 -0.5938007
-0.0306782 -0.7152202 3.5257316 0.75992304 0.12877937 -0.63712853
-0.0066790297 -0.74163747 3.529884 0.7281587 0.17144468 -0.6636201
-0.07124578 -0.69211197 3.4718332 0.4818477 -0.42891484 -0.76410395
-0.10078403 -0.69277143 3.463541 0.0034630117 -0.48899987 -0.87227696
-0.07463338 -0.6574571 3.4408824 0.25759336 -0.6067904 -0.7519648
-0.09587195 -0.6513547 3.432681 -0.022632563 -0.5279837 -0.8489529
-0.047295697 -0.6381761 3.4341557 0.17263372 -0.7696563 -0.6146762
-0.090860605 -0.6180384 3.4145205 -0.08600275 -0.6565356 -0.74937606
-0.051789973 -0.683976 3.4877234 0.6770141 -0.46046907 -0.5741256
-0.041211914 -0.6048048 3.3819113 -0.1302222 -0.8536281 -0.50434244
-0.0841201 -0.58264905 3.3835993 -0.14570145 -0.80414927 -0.5762943
-0.02866764 -0.5843083 3.2480454 -0.20961773 -0.94375455 0.25571027
-0.08646977 -0.5717245 3.2397168 -0.23401228 -0.9510311 0.20193587
-0.016500857 -0.59538966 3.1586137 -0.23861825 -0.96952575 -0.055508308
-0.08772236 -0.57614136 3.147504 -0.25154954 -0.95936555 -0.12783067
0.034584474 -0.58846796 3.614674 0.97192097 -0.0818871 0.2205997
0.0653545 -0.5565702 3.5497239 0.78048235 -0.455025 0.42871845
-0.08938814 -0.5814982 3.1961122 -0.2541031 -0.96659374 0.033587486
-0.026487006 -0.5992877 3.210256 -0.22975005 -0.96699566 0.11015582
-0.035166547 -0.58030677 3.3231738 -0.16154921 -0.96934325 -0.18513633
-0.08118495 -0.5585731 3.3235703 -0.20669945 -0.9672201 -0.14751467
-0.034966633 -0.5014753 3.7215772 0.42673537 0.8781853 0.216073
0.025886621 -0.5654977 3.711036 0.9449076 0.32694077 -0.016102573
-0.0016548173 -0.52568525 3.717282 0.7310512 0.6681118 0.13853043
0.16021416 -0.27131894 3.533827 0.2587616 0.36466047 0.8944636
0.002815223 -0.22429144 3.5189233 0.1559378 0.6140807 0.77368474
-0.018259624 -0.30033126 3.5615325 0.08556961 0.40661633 0.9095829
-0.043573916 -0.37102893 3.587592 0.054675043 0.40397573 0.9131343
-0.021218138 -0.479987 3.6775813 0.4125359 0.6848364 0.6006773
0.008037009 -0.44072917 3.6319377 0.3093726 0.4622397 0.83103734
0.05486152 -0.3968585 3.6023495 0.27031904 0.24628313 0.9307375
0.102045834 -0.34366196 3.579068 0.26510024 0.26254216 0.92778957
-0.08802167 -0.4699441 3.6722577 0.09047938 0.8385657 0.5372346
-0.066589534 -0.42575252 3.6168127 0.07811548 0.6124122 0.7866697
0.14044367 -0.60335135 3.2979658 -0.18319537 -0.90774345 0.3774138
0.06606166 -0.5150514 3.5791743 0.74599284 -0.2728171 0.60750765
0.03276047 -0.6216641 3.479817 0.6262696 -0.7651938 -0.14921395
0.007796318 -0.60655224 3.394539 0.34210774 -0.86356795 -0.37042245
0.060173057 -0.5769272 3.4163332 0.4129038 -0.8809515 -0.23115982
-0.006922519 -0.63730276 3.4526784 0.42368352 -0.82884866 -0.36537942
0.027422046 -0.547894 3.6421332 0.95140857 0.06679541 0.30059958
0.101395816 -0.5618202 3.3624926 -0.07991215 -0.9858765 0.14717856
0.03424493 -0.5713181 3.3341365 0.12645517 -0.99197054 0.0018783505
0.05403093 -0.58978134 3.515291 0.7610583 -0.63069326 0.15171136
0.035529915 -0.6335423 3.5860763 0.93205464 -0.36208767 -0.012913156
0.2706921 -0.53501177 3.4178154 0.25460497 -0.63130736 0.7325484
0.014466309 -0.6557481 3.5507696 0.7552205 -0.6087501 -0.2430334
-0.024811925 -0.6667831 3.5159335 0.6948689 -0.5920516 -0.40820578
0.057833318 -0.5929534 3.2736819 -0.18951498 -0.9045352 0.38196874
0.0114534795 -0.5078613 3.6662931 0.79132354 0.3681359 0.48814237
0.28456178 -0.43937907 3.4682024 0.40850466 -0.32137057 0.85430956
0.04622432 -0.47278604 3.6152077 0.6807997 0.03684679 0.7315423
0.231273 -0.6026468 3.3562088 0.014708969 -0.90001446 0.43561178
0.20355056 -0.46436557 3.5151193 0.50906676 -0.34661546 0.7878507
0.12953201 -0.48644444 3.5468483 0.5122462 -0.38056856 0.76991653
0.13308686 -0.54299295 3.500534 0.4643695 -0.73310626 0.49690655
0.20567675 -0.537107 3.4604146 0.38771093 -0.7207189 0.57466894
0.10460681 -0.56690526 3.4470282 0.32034713 -0.9450759 0.06487862
0.1717927 -0.576363 3.3952007 -0.017988028 -0.92694664 0.37476176
0.16124819 -0.39800012 3.554121 0.47295853 -0.051481634 0.8795793
0.09696466 -0.4372579 3.5820184 0.50785726 -0.11000399 0.85438865
0.24295895 -0.34541696 3.5086956 0.42269212 -0.036928874 0.9055206
0.073372915 -0.23995088 3.5247357 0.06941037 0.57586193 0.81459516
0.00220384 -0.37964112 3.5966198 -0.013753868 0.4526392 0.89158773
0.03717247 -0.31493676 3.5686617 0.028338315 0.44096142 0.8970785
-0.05589494 -0.47016802 3.676952 0.070250936 0.83070964 0.55225563
-0.03234628 -0.42976224 3.6260524 -0.019546865 0.6481088 0.76129687
0.5705133 -0.48224083 2.9434254 0.6917439 -0.7221237 0.0052647595
0.44726402 -0.37239006 2.690544 -0.9716436 0.10706745 -0.21082063
0.41048643 -0.47393146 2.7962193 -0.77602905 -0.52338356 -0.35192132
0.4762274 -0.42757076 2.660043 -0.813743 -0.5357868 -0.22528864
0.5591435 -0.4947446 3.0171983 0.733256 -0.6750085 -0.081848755
0.48683733 -0.51798123 2.8261137 -0.0036504408 -0.9799817 -0.199054
0.39332145 -0.4933375 2.8938818 -0.81775963 -0.55749863 -0.14305376
0.4002765 -0.5051212 3.0245492 -0.83084977 -0.44743195 -0.33089772
0.5899277 -0.28245366 3.0040417 0.7149132 0.6941884 0.08367522
0.5609456 -0.28939348 3.128263 0.7677776 0.6295246 0.119232506
0.60512966 -0.3920091 3.0741653 0.989377 -0.047697254 0.13732482
0.6246697 -0.3808323 2.9859092 0.98713696 -0.07372488 0.14186347
0.5043869 -0.25149524 2.9898975 -0.18306464 0.98235756 -0.03822354
0.48415416 -0.25424522 3.1059766 -0.17231661 0.9688371 -0.17793716
0.4290628 -0.31541193 2.9262843 -0.7568404 0.65181744 -0.048235547
0.42704383 -0.33414185 3.0440042 -0.8128727 0.57384676 -0.099689096
0.38697922 -0.40177628 2.8981576 -0.9776242 0.19689356 -0.07405228
0.38867158 -0.41075593 3.0159142 -0.9780311 0.1877773 -0.09052544
0.4748319 -0.52907854 2.9107888 0.045836505 -0.9898071 -0.13483626
0.46538305 -0.5423803 2.9954953 0.0028106642 -0.96676654 -0.25564536
0.40196127 -0.39383486 2.818587 -0.951184 0.22682513 -0.20928298
0.48261842 -0.28081423 2.6193616 -0.6324587 0.76366204 0.12967776
0.48680398 -0.29442582 2.6778498 -0.5745791 0.80100983 0.16805388
0.46924168 -0.309363 2.7365372 -0.64419454 0.75884414 -0.095755115
0.6292054 -0.30481896 2.7859287 0.7207678 0.6255696 0.2985909
0.64248705 -0.34551415 2.7769227 0.9526907 0.06664127 0.2965457
0.5922109 -0.2846363 2.7650263 0.19406007 0.97333425 0.12231577
0.6491722 -0.2943825 2.7266939 0.6906725 0.67692256 0.25445488
0.66134405 -0.35576594 2.720723 0.95247704 -0.13646062 0.27233446
0.59211165 -0.28166878 2.7097795 0.018926578 0.99629474 0.083895974
0.66655445 -0.28839734 2.6589622 0.70553434 0.68391454 0.18569377
0.6778396 -0.34540817 2.6535459 0.97873604 -0.09884813 0.17973559
0.6072543 -0.27443293 2.6449966 0.15719363 0.96852434 0.19300485
0.6360583 -0.37865463 2.8960817 0.993243 -0.061103735 0.09866443
0.6566169 -0.39946508 2.6414282 0.8961174 -0.40507886 0.18134135
0.5508497 -0.2646267 2.6312857 -0.080828905 0.964272 0.25228176
0.6163593 -0.30814043 2.8298247 0.7527743 0.64603204 0.12638582
0.63792354 -0.39296257 2.7989225 0.9686816 -0.21438304 0.12528285
0.54868215 -0.27982545 2.7883072 -0.033913348 0.9984357 -0.044453874
0.54690313 -0.2870408 2.6998436 -0.14830858 0.98137987 0.122058
0.64421254 -0.39876282 2.7182004 0.90608704 -0.39177635 0.1597418
0.52933437 -0.26295987 2.8780468 -0.025265992 0.9911869 -0.13003908
0.5992102 -0.29722804 2.9099667 0.7213479 0.69166034 0.035540726
0.5265729 -0.4767242 2.6874144 -0.28165284 -0.95508176 -0.092143506
0.5143348 -0.48607397 2.7301688 -0.115648046 -0.9533701 -0.2787669
0.454717 -0.44320977 2.6997538 -0.69377804 -0.5169433 -0.5014396
0.43106163 -0.3852788 2.7268744 -0.9257039 0.15748672 -0.34390435
0.44482058 -0.34751013 2.618784 -0.9937677 0.11042919 0.015208445
0.47446927 -0.42504272 2.6066675 -0.8746116 -0.48445833 0.018829718
0.5274767 -0.48745582 2.6286445 -0.41922238 -0.90116787 0.110223
0.6122245 -0.48729905 2.634017 0.4853394 -0.85284895 0.19259903
0.597042 -0.4733716 2.7781994 0.6244909 -0.77922934 0.053035736
0.6052148 -0.4746347 2.708658 0.54900205 -0.82840836 0.111069225
0.43918878 -0.31912577 2.8459911 -0.69628465 0.7033589 -0.14308724
0.58586466 -0.47049794 2.8567467 0.68633276 -0.7243882 0.064877756
0.66659176 -0.264834 2.026365 0.33768946 0.9148946 0.22120988
0.6884749 -0.29872373 2.0232646 0.974433 0.2243266 -0.012565457
0.6190341 -0.2697598 2.0077045 -0.53092647 0.7869663 0.31432626
0.6274601 -0.2488819 2.5381196 0.3054218 0.9452449 0.11501968
0.6825766 -0.284094 2.5413697 0.81461895 0.56801856 0.11726431
0.69378984 -0.34993353 2.530712 0.9920492 -0.02409122 0.12352286
0.6903948 -0.2853551 2.3834176 0.7578133 0.6522373 -0.017478922
0.7079132 -0.34604955 2.3788679 0.99900764 0.03758582 0.023896467
0.63530576 -0.26315176 2.376499 0.23539175 0.96789086 -0.08819279
0.68687445 -0.29871932 2.2012177 0.6937049 0.71926796 -0.037776526
0.701816 -0.33859092 2.1939614 0.9968585 0.074557856 -0.026725741
0.63527787 -0.28485084 2.1944206 0.15634267 0.98638725 -0.05096388
0.5539264 -0.36969918 2.010344 -0.9620521 0.21769324 0.16451526
0.56839293 -0.413071 2.02431 -0.63736755 -0.715828 0.28522444
0.6317213 -0.4160185 2.0262055 0.46507266 -0.8808803 0.08807556
0.47420034 -0.43834698 2.4937432 -0.84737504 -0.51982033 -0.10836259
0.4517115 -0.3495019 2.5097163 -0.98748225 0.10419747 -0.11841318
0.5576577 -0.50656724 2.497302 -0.23085596 -0.96880126 -0.090164475
0.5391766 -0.34483945 2.1923802 -0.9641947 0.19422384 -0.18057038
0.54169154 -0.40053108 2.1860974 -0.87373734 -0.4516632 -0.1805086
0.5930249 -0.436478 2.1800742 -0.22563368 -0.9562132 -0.18640245
0.5043502 -0.42637274 2.3495443 -0.8152194 -0.52036244 -0.25424436
0.56937635 -0.47486004 2.3513398 -0.25841403 -0.94049126 -0.22067697
0.48516822 -0.35418215 2.3649058 -0.96003443 0.11534246 -0.25500974
0.68900275 -0.39110225 2.1723332 0.86037415 -0.5027504 -0.083655864
0.65085965 -0.42627108 2.1692588 0.45275903 -0.8800352 -0.14334309
0.6872308 -0.35304004 2.0177124 0.94372946 -0.3112948 -0.111670025
0.657846 -0.39624724 2.0209262 0.7054193 -0.70814294 -0.030285843
0.5876696 -0.29912224 1.9966736 -0.80172735 0.5929393 0.075207666
0.56312704 -0.33895653 1.9973997 -0.8942456 0.44117546 0.07542485
0.59278727 -0.28274632 2.1892393 -0.26767 0.95771414 -0.10552916
0.55617136 -0.30720964 2.191153 -0.7517921 0.64052004 -0.15666169
0.6370265 -0.4919858 2.50345 0.5487318 -0.8359405 0.009846913
0.6509647 -0.46804917 2.359376 0.5038914 -0.8546772 -0.12498153
0.6832484 -0.41765645 2.5194933 0.9189265 -0.3709467 0.13406184
0.69380414 -0.4117981 2.3646872 0.9047642 -0.42533055 -0.02226153
0.57222605 -0.25779513 2.372739 -0.15863873 0.9770268 -0.14231046
0.5207339 -0.2804283 2.3687096 -0.6641837 0.7161603 -0.21441649
0.55347985 -0.24258214 2.524349 -0.15617402 0.98755467 0.01858442
0.4902051 -0.27047125 2.5142243 -0.6846002 0.723778 -0.08641714
0.101777 -0.5577628 2.786424 -0.17092773 -0.8987398 -0.40379512
0.07197287 -0.5923406 2.861365 -0.2496124 -0.9106062 -0.32937828
-0.068160735 -0.534268 2.8839047 -0.22422557 -0.92891985 -0.2946707
-0.060537618 -0.51049453 2.823483 -0.22207615 -0.953201 -0.20515852
0.32388714 -0.547083 3.4007206 0.1300649 -0.59866446 0.79036945
0.34849197 -0.44250628 3.446768 0.32698503 -0.26778892 0.9062946
0.28829664 -0.6043708 3.341048 0.04258061 -0.8985818 0.43673512
0.24390504 -0.6161329 3.268024 0.026070077 -0.9985898 0.04624659
0.29997015 -0.6151735 3.2682855 -0.030252483 -0.9989145 -0.03542076
0.2875097 -0.60273 3.1819994 0.17008893 -0.9850952 -0.025633506
0.32925317 -0.6058875 3.2167091 -0.090499334 -0.9739989 -0.20769195
0.37393823 -0.5550876 3.037397 0.86934847 -0.48571762 -0.091168605
0.37697843 -0.55902076 3.08952 0.25823098 -0.82056284 -0.50989556
0.39367038 -0.47171363 3.0044856 0.96277 -0.26816502 0.034078836
0.3731361 -0.48435405 3.0588956 0.5163035 -0.43920705 -0.73520595
0.4284273 -0.38239354 2.9994898 0.9023235 -0.41375986 0.120892726
0.375234 -0.4162786 3.0618043 -0.50018084 -0.5694282 0.65235776
0.46119767 -0.22988683 3.1842413 0.6659083 0.617669 -0.4183912
0.41910878 -0.319395 3.1044617 0.6058145 0.7723412 -0.1909917
0.43778256 -0.13708048 3.222704 0.7769108 0.6182894 0.11886065
0.43985727 -0.17218812 3.130952 0.93881285 0.341765 0.042744536
0.459666 -0.2605102 3.0473633 0.97740877 -0.16499354 0.13209508
0.49327826 -0.21736203 3.2166433 0.74202317 0.662313 -0.10364923
0.40213615 -0.16711064 3.313848 0.57527214 0.6051957 0.5502727
0.47406802 -0.23655252 3.2948985 0.72223085 0.5143132 0.46245494
0.3402813 -0.2652361 3.4394672 0.5408107 0.39989626 0.74000454
0.40479028 -0.32025346 3.4124384 0.5715117 0.26011884 0.7782754
0.37286133 -0.38102785 3.4402173 0.5022361 0.0050217477 0.86471593
0.3171155 -0.3449373 3.4764323 0.4795448 0.0069131716 0.87749016
0.14723134 -0.61951214 3.218951 -0.045499295 -0.9986234 0.026096582
0.18766603 -0.63168406 3.117219 0.053583894 -0.99719477 0.05226153
0.29777434 -0.5906865 2.9101088 0.5408898 -0.76775 -0.34350854
0.07155507 -0.6133804 3.1870537 -0.14536998 -0.98818487 0.04856209
0.10296891 -0.6277183 3.0902169 -0.14591224 -0.9892757 0.0065726987
0.19193041 -0.60707873 2.854021 0.12407877 -0.92032313 -0.370958
-0.084735595 -0.56637967 3.068139 -0.25008455 -0.9633002 -0.09752126
0.05910391 -0.6093011 3.241131 -0.1782349 -0.955206 0.23624957
0.15352547 -0.62223387 3.2643034 -0.04767709 -0.97304285 0.2256422
0.010161338 -0.6052818 3.0708995 -0.28991094 -0.9558151 -0.048674192
0.36130545 -0.5900903 3.1517553 -0.02528236 -0.95140105 -0.30691501
0.33366787 -0.59445554 3.1089659 0.41568127 -0.9059266 -0.08066044
0.24039184 -0.6271961 3.0029514 0.21473646 -0.9732947 -0.08115196
0.15397756 -0.62490183 2.966802 -0.08405918 -0.9892367 -0.11976981
0.042038284 -0.60024756 2.9568026 -0.27429476 -0.9505111 -0.14591436
-0.07666266 -0.55247915 2.9652314 -0.23990895 -0.95328695 -0.18354213
0.44270062 -0.27425325 3.3592024 0.6008315 0.42303854 0.6782625
0.37008348 -0.20878242 3.3762677 0.50567067 0.5309309 0.680007
0.35014528 -0.5679854 2.978767 0.72815686 -0.63891643 -0.24813972
0.24750638 -0.6180671 3.154904 0.22823742 -0.96850383 0.099539295
0.20630117 -0.6163071 3.2215204 0.10057773 -0.99474704 0.019037504
0.29657528 -0.60962874 3.0617843 0.3855122 -0.921808 -0.040623024
0.31706774 -0.5227729 2.8475828 0.7156114 -0.53443867 -0.44975066
0.36943173 -0.47916102 2.9321897 0.8787503 -0.3568693 -0.31692588
0.21068914 -0.5658325 2.787043 0.2853573 -0.8461729 -0.45006955
0.40122333 -0.56086046 3.0778039 -0.36322498 -0.7380146 -0.5686846
0.47535974 -0.5658095 3.3248532 0.5759789 -0.62277836 0.5295239
0.53139085 -0.5562069 3.2386422 0.76008606 -0.6228041 0.1854298
0.4898119 -0.46482602 3.3743367 0.6386207 -0.19814718 0.7435734
0.56356776 -0.44719514 3.2893803 0.90023667 -0.12671888 0.41655284
0.41937274 -0.6193143 3.2824242 0.29398975 -0.9214037 0.25413638
0.46259192 -0.60621274 3.192609 0.40370762 -0.9105563 -0.08892297
0.5516056 -0.5294829 3.1090207 0.7579971 -0.6418149 -0.116250075
0.59716564 -0.41799727 3.1571164 0.98830867 -0.06473444 0.13804188
0.46642807 -0.5743938 3.0894287 0.23266365 -0.91328907 -0.33432105
0.5517321 -0.31652263 3.227792 0.8841314 0.38145155 0.26982677
0.37234566 -0.62681496 3.2528286 -0.074412055 -0.9965769 -0.036017746
0.40523747 -0.6140419 3.171656 -0.03712618 -0.95274234 -0.30150238
0.4619893 -0.38397416 3.3899608 0.5752232 0.14740416 0.8046056
0.52738535 -0.3483327 3.3280134 0.7776418 0.2814516 0.5621906
0.35630846 -0.61028725 3.325197 0.08368755 -0.8881609 0.4518481
0.4000672 -0.5615228 3.3776066 0.28150764 -0.6138786 0.7375002
0.41761944 -0.47331136 3.4141414 0.39307606 -0.26981235 0.8790293
0.41898087 -0.40899456 3.4172046 0.4713636 0.019034235 0.88173354
0.33868703 -0.61971563 3.2849975 -0.094818816 -0.9920481 0.08276443
0.017214235 -0.5415541 2.8124282 -0.32077026 -0.88666767 -0.3330568
-0.0077927792 -0.56466514 2.8751063 -0.39873865 -0.8615334 -0.31427324
-0.044808723 -0.5837455 3.0695288 -0.38145304 -0.9213288 -0.07514538
-0.024965912 -0.5766938 2.9616382 -0.3890494 -0.9045878 -0.17424555
-0.08580243 -0.5695704 3.1111887 -0.25135022 -0.9587101 -0.13303392
-0.05356461 -0.58068407 3.1096265 -0.3332868 -0.94067955 -0.06357673
0.011898923 -0.1907775 3.467457 0.19933508 0.7703798 0.6056241
0.071885265 -0.19729984 3.4852338 -0.0064011686 0.7144437 0.6996637
0.046101037 -0.06284654 3.2831478 0.20593248 0.79955256 0.5641875
0.12413796 -0.04911543 3.3095818 -0.10607279 0.8643882 0.49150938
0.06800144 0.055083793 3.0076144 0.21699645 0.96347564 0.15693066
0.13817653 0.06586426 3.0233512 -0.032515176 0.9804502 0.19406223
0.06381638 0.0738567 2.610672 0.17300154 0.9810559 0.08717678
0.13518147 0.07547803 2.6205559 -0.038388144 0.9958699 0.08227739
0.06402637 0.14032485 2.4047134 0.13801855 0.90127236 0.4106811
0.13024242 0.1493771 2.4151354 -0.12882386 0.9039785 0.40770972
0.06263054 0.09618471 2.4909642 0.15382841 0.93481517 0.32008964
0.13074555 0.10811963 2.500217 -0.080877006 0.93437624 0.34698698
0.068916544 0.08529822 2.7607822 0.19237974 0.98131293 -0.0038749543
0.13896246 0.08520508 2.7657545 0.016090969 0.99984956 0.00646983
0.03069385 -0.12135201 3.36506 0.19645809 0.7622694 0.6167249
0.10517589 -0.103898466 3.391536 -0.119279556 0.79366374 0.5965486
0.06688916 0.03255518 3.1212056 0.21811186 0.92957896 0.29717028
0.13880834 0.038245425 3.1302915 0.02981201 0.9437074 0.32943514
0.17391336 -0.22683895 3.5047224 0.20897648 0.56121075 0.80085665
0.25788337 -0.28471678 3.502316 0.4137004 0.25237006 0.87473494
0.1850897 -0.1701639 3.4557686 0.21053296 0.6842337 0.6982121
0.267218 -0.21275893 3.452402 0.4327701 0.5781327 0.6917171
0.021029253 -0.1570737 3.416616 0.2051412 0.7918503 0.5752305
0.08857291 -0.15265544 3.4416618 -0.1156747 0.74737436 0.65425605
0.22595917 -0.06043335 3.3178124 0.22118197 0.802053 0.5547879
0.19996062 -0.12360901 3.3935914 0.24372026 0.7351597 0.6325667
0.28698513 -0.1657405 3.3879576 0.4029786 0.6369107 0.6572312
0.31925488 -0.10187411 3.3111134 0.42467847 0.7044206 0.56871766
0.060386416 -0.004366403 3.2155218 0.20414166 0.8214723 0.53245616
0.13403691 -0.014883771 3.2379215 -0.0112346085 0.8850374 0.46538427
0.445076 -0.34116936 2.9100742 0.908912 -0.36352107 -0.2042826
0.41657615 -0.27344304 2.80749 0.9352812 -0.1985277 -0.2929772
0.47415543 -0.22089395 2.965707 0.9997485 -0.0018592211 -0.022350408
0.377793 -0.4265054 2.9018211 0.84515405 -0.47007942 -0.25444067
0.38321272 -0.39661542 2.841391 0.8478121 -0.4807073 -0.22390856
0.45011893 -0.118126824 3.0308301 0.9163359 0.37348104 0.14436212
0.36346018 -0.055476137 3.2023153 0.57320607 0.76331055 0.29797953
0.36821344 -0.03802393 3.1253037 0.65344703 0.7120564 0.25687078
0.24134107 -0.014000881 3.2141497 0.24453545 0.88220096 0.4023976
0.24785797 0.021852914 3.1210907 0.2797054 0.9017586 0.32953948
0.35627785 0.0006266026 3.0386732 0.6076721 0.76814574 0.20170933
0.25515094 0.05250775 3.0259538 0.2680996 0.9327017 0.2412263
0.34769416 0.02739623 2.9269695 0.60483086 0.7952777 0.04138645
0.24270304 0.0742075 2.9211345 0.23260416 0.9693002 0.0797016
0.2231873 0.07988873 2.7715614 0.20609906 0.97822654 0.024414131
0.06915407 0.074447095 2.8921974 0.20538497 0.97399306 0.09567898
0.13389143 0.079423964 2.9069035 -0.037641995 0.99550056 0.08695756
-0.053194795 -0.5043801 2.7052393 -0.1984322 -0.9191342 -0.34031883
0.036054134 -0.5177236 2.6976564 -0.1587232 -0.9046571 -0.39547727
-0.03986249 -0.45516485 2.6210742 -0.18005979 -0.8784214 -0.44266728
0.0518383 -0.4703122 2.6192827 -0.15898149 -0.87585604 -0.45563266
0.13211131 -0.52721983 2.6866903 -0.021563997 -0.90978044 -0.41452923
0.3245145 -0.46711424 2.7597716 0.72961617 -0.6523489 -0.20518562
0.23450486 -0.5160481 2.6962576 0.39137402 -0.83099085 -0.3953233
0.028025014 -0.533597 2.7660394 -0.2169888 -0.9487608 -0.22971459
-0.058679827 -0.5130528 2.7769933 -0.22365157 -0.9712931 -0.08105331
0.22249775 -0.5433961 2.7526793 0.36921436 -0.85733485 -0.35868892
0.119359724 -0.54544026 2.745635 -0.08212903 -0.94215524 -0.3249588
0.31686908 -0.4874825 2.814912 0.7487437 -0.58523285 -0.31126422
0.44683796 -0.18009646 2.8424942 0.9610958 0.04370943 -0.2727351
0.4302946 -0.069483176 2.8858862 0.88228005 0.45914674 -0.103759825
0.33533013 -0.42011955 2.672718 0.74762076 -0.58127916 -0.32121292
0.24287306 -0.4725831 2.632023 0.40901825 -0.76103777 -0.5035133
0.38573763 -0.35725403 2.747065 0.9205499 -0.34843338 -0.17658433
0.143578 -0.48931652 2.617211 0.041504968 -0.85632116 -0.5147732
0.2749715 0.118065305 2.422833 0.5005952 0.72765136 0.46896476
0.29789737 0.06411675 2.6323266 0.49834803 0.8667999 0.01752983
0.27553573 0.07671969 2.5082176 0.48077938 0.8501797 0.21458258
0.33604848 0.065340914 2.405551 0.7584892 0.56303596 0.3281534
0.3587178 0.00044012067 2.6157422 0.86037964 0.5090178 -0.02545081
0.33956903 0.03204766 2.4859884 0.7707 0.61587596 0.1634575
0.28608567 -0.2573636 2.2251933 0.41646206 -0.9007033 -0.12366423
0.24154723 -0.31853354 2.4287858 0.43386057 -0.7993692 -0.41566074
0.26335943 -0.27157977 2.3300414 0.4831823 -0.85890627 -0.16974969
-0.001648808 -0.30688715 2.183104 -0.11996499 -0.9542942 -0.27373523
-0.01231239 -0.36685005 2.3818114 -0.16908316 -0.92802775 -0.3319267
-0.0034676527 -0.33806562 2.2802823 -0.13737164 -0.9461421 -0.29316235
0.19469343 -0.3020719 2.308051 0.3938598 -0.8847818 -0.24906977
0.18210453 -0.34308022 2.4088056 0.4144857 -0.840571 -0.34877217
0.19986196 -0.2713187 2.2120445 0.29864565 -0.9270195 -0.22681637
0.090753905 -0.37281844 2.3887475 0.16091484 -0.92179275 -0.35271013
0.10462422 -0.33698165 2.2897668 0.22212255 -0.9299214 -0.29310015
0.109274305 -0.30852997 2.1927664 0.2156874 -0.9450472 -0.24569231
0.37974882 -0.16955832 2.389801 0.9356349 -0.35058016 -0.040999368
0.3740825 -0.2234576 2.4938273 0.9412488 -0.29790676 -0.15906672
0.37783083 -0.07662442 2.572416 0.9814269 0.18809351 -0.037710175
0.32858753 -0.2788643 2.4493449 0.68930936 -0.63765526 -0.34387252
0.33923903 -0.22644259 2.3537166 0.7254253 -0.6771997 -0.12312068
0.3698687 -0.20053157 2.261548 0.7798433 -0.6256378 -0.020537557
0.07315212 -0.41625768 2.4887712 0.03341002 -0.9079302 -0.4177877
-0.026127383 -0.40506244 2.4842827 -0.18075375 -0.9094203 -0.37454343
0.25159708 -0.39353225 2.5292943 0.40464622 -0.73872095 -0.5390295
0.15967892 -0.40503895 2.5087254 0.2611265 -0.8117853 -0.5223195
0.21256495 0.0802141 2.6347651 0.08326331 0.99554276 0.04429236
0.20473512 0.10153815 2.508671 0.1755251 0.9289736 0.32588187
0.19860739 0.14751771 2.4263563 0.12401076 0.87653816 0.46508294
0.3985715 -0.20507236 2.6710877 0.9885093 -0.04785356 -0.14338532
0.40437838 -0.1279691 2.7142818 0.9755485 0.14490415 -0.16525114
0.384118 -0.2784199 2.619006 0.9476403 -0.2552845 -0.19185299
0.38185382 -0.041741822 2.7536023 0.8725444 0.47860128 -0.098015666
0.33341655 -0.34886956 2.566757 0.73859817 -0.5616587 -0.37284362
0.3137259 0.041064434 2.7748506 0.59061337 0.80694366 0.004221134
0.11437065 0.21910024 2.2715006 -0.22418544 0.83045465 0.5099863
0.05793586 0.20934308 2.2617874 0.13560176 0.88725734 0.44089288
-0.005389388 -0.23724814 1.9795063 -0.16109659 -0.911328 -0.37885252
0.099370696 -0.23413377 1.9916105 0.21131337 -0.8695833 -0.4462863
0.14122958 -0.12626378 1.8287863 -0.43736634 -0.62048775 -0.6509267
0.4209077 -0.09210116 1.1152713 0.88619924 -0.46328574 -0.0041576508
0.19002706 -0.17270605 1.7994189 -0.53356177 -0.84533805 0.026745435
0.30392316 -0.14378566 1.086233 -0.2529811 -0.933304 -0.2548414
0.4433622 0.06698548 1.9197305 0.98494524 0.16611473 0.04784109
0.41740045 -0.0047175745 0.9168731 0.8017714 -0.32634372 -0.50066185
0.38440123 -0.12732549 2.130021 0.8422581 -0.5302301 -0.097248375
0.39024442 -0.10420102 2.4225569 0.995397 -0.035974458 0.088829815
0.118945554 -0.0718276 1.7844623 -0.8628133 -0.5050774 -0.021212643
0.22230035 -0.19901715 2.0158184 0.29326046 -0.8578249 -0.42205992
0.3217633 -0.18029669 2.0706444 0.5148315 -0.8119909 -0.2749896
0.285879 0.21538442 2.2836847 0.40265664 0.75962436 0.5107234
0.35557437 0.1613238 2.2533562 0.77703506 0.4892167 0.39608517
0.31320366 -0.04142093 0.88771737 -0.18161306 -0.63584685 -0.7501436
0.29584417 -0.122004375 1.0026537 -0.37938935 -0.8341494 -0.40032294
0.43449023 -0.049175527 1.0237631 0.9309248 -0.33059618 -0.15519395
0.36511174 -0.025227802 0.883519 0.34247407 -0.4586668 -0.81996113
0.3700303 -0.15843569 1.1207112 0.4058243 -0.9065315 -0.116221346
0.37762833 -0.12998565 1.0074314 0.41227612 -0.8300043 -0.3756613
0.42543784 -0.07441209 1.1776383 0.8971337 -0.42635313 -0.11564599
0.2518865 -0.14820266 1.1547498 -0.37768236 -0.88429874 -0.27453926
0.3617385 -0.16690175 1.1769835 0.37232876 -0.9139391 -0.16151348
0.42327446 0.0675347 0.89946043 0.7724023 0.036157712 -0.63410354
0.44060305 -0.011347577 1.0377667 0.983497 -0.15542127 -0.092616275
0.25337633 0.031226924 0.8613611 -0.27545866 -0.24278839 -0.93014854
0.24849325 -0.08667603 1.0216082 -0.5630834 -0.7398343 -0.36821496
0.46146038 0.021674898 1.2010615 0.98623 -0.05401267 -0.15631033
0.44121832 0.071088284 0.94386023 0.97963923 0.050618812 -0.19427979
0.44732916 0.04634585 1.0528421 0.9883212 0.12899747 -0.08112263
0.19148101 -0.17003489 1.9605168 0.13696706 -0.9264141 -0.3507092
0.16686304 -0.15969187 1.8717462 -0.10498981 -0.98275524 -0.15221444
0.37885466 0.26124898 0.9577238 0.7117526 0.46838853 -0.5234697
0.22201864 0.23569009 0.9046338 -0.31251127 0.33059195 -0.8905311
0.30607542 0.2692718 0.91581607 0.2235192 0.48646075 -0.8446272
0.33621135 0.167044 1.2040571 0.17744483 0.9693833 -0.16973335
0.324777 0.12853694 0.9848898 0.4722492 -0.113144204 -0.87417334
0.3238052 0.15317708 1.0653667 0.09996589 0.97340703 -0.20612025
0.25374562 0.16356626 1.198546 -0.16223115 0.9667779 -0.19753851
0.25748497 0.12245245 0.9845169 0.11732738 -0.091995105 -0.9888231
0.25556314 0.15777004 1.068517 -0.16265272 0.96289843 -0.21533856
0.16928269 0.13151057 1.1840919 -0.641491 0.73214585 -0.22902344
0.188546 0.10289442 0.9788556 -0.8492214 -0.49671578 0.17915452
0.19470331 0.12922275 1.0617073 -0.58639055 0.7844564 -0.20192637
0.18058829 -0.09571226 1.1595223 -0.728714 -0.61494815 -0.3013548
0.20189962 0.004251569 0.89315915 -0.43070287 -0.52942383 -0.73089355
0.20492113 -0.057074852 1.0317134 -0.66036034 -0.6952387 -0.28384387
0.1492802 0.06049869 1.0529275 -0.96469647 0.22715747 -0.13326749
0.00092975836 -0.22027099 1.9263003 -0.18023804 -0.8594792 -0.47834063
0.060570292 0.022940842 1.7887043 -0.930888 -0.36451364 -0.024027137
0.09521307 -0.20807071 1.9380836 0.25157833 -0.8711452 -0.42168042
0.4270587 0.10237745 1.0602967 0.81173295 0.572916 -0.11338833
0.42017183 0.102656215 0.963788 0.75034726 0.0973541 0.6538357
0.44832075 0.09016037 1.2060467 0.8927586 0.43058828 -0.13257362
0.16802809 0.01887418 0.91989696 -0.7932323 -0.3603425 -0.49085215
0.16178869 -0.010333506 1.0370559 -0.88687855 -0.43282557 -0.16158111
0.03793159 0.14087573 1.8347484 -0.9855141 0.16947666 0.006295539
0.12703255 0.04772019 1.1747401 -0.961204 0.13014965 -0.24320352
0.02512308 -0.12823896 1.8375155 -0.456518 -0.056088697 -0.88794446
0.10478407 -0.12813489 1.8216249 0.047700465 -0.20873594 -0.976808
0.06291164 0.1787533 2.3278012 0.12369959 0.876163 0.465872
0.09951089 -0.2833515 2.085349 0.1538079 -0.9209825 -0.35795853
0.05610923 0.24249856 2.1805005 0.11377124 0.95903623 0.2594334
0.11827485 0.17784469 2.3348732 -0.13045275 0.8698216 0.47580716
0.09441776 0.2624988 2.1889253 -0.39751557 0.84919095 0.3476437
-0.0037791263 -0.27692875 2.0815923 -0.1182612 -0.928813 -0.35117048
0.38104054 -0.17518182 2.1895776 0.84052724 -0.51667136 -0.1629869
0.37865362 -0.028065603 2.4538312 0.9409869 0.2954695 0.16505015
0.20730658 -0.24775046 2.103401 0.31692052 -0.8857973 -0.33900514
0.31260374 -0.23493057 2.1385193 0.5018012 -0.81043315 -0.30231383
0.28279448 0.16801752 2.3546379 0.4272619 0.7417579 0.5169549
0.19033776 0.18433653 2.3480208 -0.008171438 0.8672631 0.49778315
0.3466281 0.11949046 2.3281345 0.78781426 0.46318448 0.40596667
0.044190574 0.23932506 2.0882413 0.15264833 0.97766894 -0.14443646
0.076322235 0.2784675 2.075634 -0.6383967 0.76908445 0.03096401
0.036742423 0.20516662 2.0152228 0.02563455 0.6821127 -0.7307976
0.057978123 0.25083396 1.9886323 -0.83722615 0.52544934 -0.15151024
0.03186128 0.14576088 1.9820874 -0.0391059 0.35229927 -0.93507004
0.05431793 0.16885853 1.9241182 -0.9626252 0.2228812 -0.1538723
0.02868855 -0.07180788 1.8553982 -0.56752926 0.34039077 -0.7496964
0.070978865 -0.06718348 1.8315518 -0.14462161 0.36998272 -0.91771317
0.04879706 0.046209745 1.9138416 -0.94130564 0.10802663 -0.319803
0.02759115 0.060306165 1.9633288 -0.029489035 0.31473923 -0.94872
0.1078977 -0.060093742 1.8419845 -0.6445325 -0.087987036 -0.75949734
0.4109327 0.13747366 1.2105471 0.60555434 0.78632164 -0.12248316
0.40877876 -0.14464368 1.9260423 0.7084649 -0.6829228 0.17802802
0.1450896 -0.02960982 1.1637328 -0.904654 -0.3380829 -0.25942445
0.01565164 -0.16517988 1.851758 -0.36633533 -0.49580917 -0.7873828
0.09638435 -0.16762544 1.8502127 0.06632056 -0.7697669 -0.63487047
0.37968045 0.11919033 0.9788654 0.72852594 0.055656105 0.68275356
0.387854 0.13995412 1.0643834 0.44762188 0.8765166 -0.1770686
0.15601793 0.053333692 0.95075136 -0.9343103 -0.3372764 0.11536379
0.18605845 0.2347585 2.2802615 -0.03934944 0.82993376 0.5564725
0.43285966 -0.13222946 1.8346385 0.788784 -0.6029205 0.11961055
0.46574098 -0.1198256 1.5235521 0.83420706 -0.55124354 -0.015139296
0.35401133 -0.21952459 1.5075401 0.31149992 -0.94902277 -0.048204582
0.22578795 -0.2069006 1.4759761 -0.34081298 -0.9383377 -0.0580411
0.46026644 0.07472257 1.8166087 0.9443663 0.29490915 0.1456052
0.32672912 0.24418499 1.8315063 0.42568478 0.85361904 -0.30021158
0.32476977 0.21609254 1.7368884 0.32709754 0.93698114 -0.12277448
0.08687053 0.22751053 1.7577641 -0.58031255 0.802965 -0.1359577
0.093604654 0.2437322 1.8451394 -0.61937064 0.7513875 -0.22758949
0.2065592 0.2261002 1.7111294 0.00790944 0.99072516 -0.13565052
0.21599977 0.2524768 1.7974999 0.0034150495 0.9430979 -0.33249784
0.31231073 -0.21179666 1.8253706 0.098115 -0.9850258 0.14176573
0.28490973 -0.19251378 1.8972526 -0.034345947 -0.9734449 0.22633043
0.13801934 -0.14360785 1.4468904 -0.76029766 -0.64618117 -0.066313095
0.087585606 -0.025668053 1.434551 -0.95745397 -0.2810609 -0.06547296
0.07018358 0.08086725 1.4316895 -0.9837492 0.10422275 -0.14620222
0.11489486 0.18502033 1.4269588 -0.6523691 0.7292745 -0.20633256
0.21796799 0.21556705 1.4167621 -0.13012758 0.9809056 -0.14453745
0.34205556 0.21069023 1.4466016 0.277939 0.9570146 -0.08290295
0.40836728 0.1879523 1.8683759 0.811029 0.57480294 -0.10878223
0.41522342 0.16494696 1.7801157 0.7397055 0.67274714 -0.01572146
0.44969925 -0.03269229 1.9333696 0.97421116 -0.16580808 0.15303683
0.4737714 -0.026013624 1.8359185 0.97886676 -0.11037821 0.17215292
0.44029605 0.16261089 1.4810504 0.64063716 0.76668715 -0.04212854
0.49680763 0.0889152 1.5023053 0.9297081 0.36829168 -0.0020099946
0.50554264 0.0069170995 1.5112196 0.9956602 -0.09295926 -0.004391178
0.16930938 0.28929943 2.1908765 -0.09717805 0.9103844 0.40218982
0.14243348 0.32200563 2.0626543 -0.27359247 0.9583098 0.082397446
0.11878964 0.30718336 1.9428943 -0.4071522 0.8824324 -0.23566957
0.27264082 0.27803007 2.184351 0.30598047 0.87290764 0.38001087
0.2610924 0.32389662 2.035166 0.2106385 0.9766742 0.04170001
0.23817836 0.30713576 1.9144162 0.07847592 0.9472293 -0.31080237
0.3517158 0.23311864 2.1708567 0.6840867 0.6456757 0.33930558
0.33984986 0.28560105 2.050046 0.5964989 0.79640514 0.09963916
0.3207941 0.28369763 1.9224237 0.47917664 0.84761214 -0.2279111
0.4091475 0.1559509 2.1353574 0.885847 0.37485537 0.2734204
0.4117411 0.1981146 2.0413818 0.8708371 0.48077077 0.1024799
0.40466142 0.2100532 1.9306215 0.8111414 0.5746359 -0.10882639
0.41698074 -0.092323646 2.0747972 0.84747666 -0.52477324 0.07997693
0.434684 -0.051722724 1.9953108 0.9421971 -0.32748124 0.07085666
0.34906292 -0.16170986 2.0231824 0.44205827 -0.89651537 0.029061234
0.24590546 -0.17736557 1.9743626 0.061062425 -0.98932034 -0.13235001
0.09662912 -0.18404758 1.8890398 0.17539883 -0.9000217 -0.398994
0.00803193 -0.1909366 1.886985 -0.23552305 -0.76198125 -0.6032525
0.17617853 -0.159293 1.9101737 0.06541062 -0.99017733 -0.12357295
0.38490808 -0.15252021 1.9718077 0.5707253 -0.80692244 0.15214714
0.26955104 -0.18196478 1.9317539 -0.04745165 -0.98698425 0.1536568
0.20392422 -0.19651602 1.6384891 -0.45851317 -0.88813174 0.03142926
0.33792162 -0.22177163 1.6701045 0.22894083 -0.9720692 0.05164816
0.45316523 -0.12564202 1.6817803 0.81417626 -0.57723147 0.06261573
0.12149048 -0.11633353 1.617302 -0.84050024 -0.5406071 0.036102563
0.081178635 -0.0036924458 1.6108851 -0.94397575 -0.3294816 -0.018753754
0.044359542 0.10690058 1.6171153 -0.9927734 0.06263 -0.10236409
0.09449751 0.20860966 1.5882139 -0.60601664 0.7843852 -0.13222615
0.21177363 0.23042734 1.5734935 -0.053676367 0.9977059 -0.041252673
0.33828983 0.21523987 1.5909913 0.29831365 0.95442444 0.009115367
0.4346489 0.16148439 1.6331055 0.66721857 0.74267465 0.05704176
0.4873524 0.08111803 1.6612962 0.9337795 0.33976173 0.112328835
0.49645752 -0.011222681 1.6754541 0.9889798 -0.109741226 0.09937656
0.46072006 -0.104894735 1.3483447 0.8426179 -0.52030903 -0.13882908
0.35775423 -0.19269717 1.3423004 0.33161473 -0.93396086 -0.1332242
0.23679082 -0.18468538 1.3140333 -0.3025373 -0.9355279 -0.1823698
0.10144848 -0.03054455 1.2980721 -0.9379957 -0.29325438 -0.18484007
0.090420246 0.065939404 1.3020383 -0.95948607 0.16745567 -0.22659454
0.15158938 -0.12636466 1.3014117 -0.73379004 -0.64936477 -0.199694
0.2348675 0.19645922 1.3061181 -0.14385192 0.9592768 -0.24309385
0.34070295 0.19622667 1.3237791 0.26296484 0.9501045 -0.16778222
0.13834898 0.16280645 1.3035871 -0.63422436 0.71872646 -0.28494155
0.4262782 0.15098275 1.345661 0.61330783 0.7770501 -0.1415861
0.48054394 0.09470728 1.3529191 0.8829191 0.44361624 -0.15381351
0.49687386 0.014865592 1.3548937 0.9876055 -0.050162625 -0.14872506
0.23359802 0.4615355 1.3213016 0.5537619 -0.05831754 0.83063036
0.2756982 0.4966865 1.2625327 0.8945896 0.22390738 0.3867491
0.3797916 0.013973381 2.379698 0.90005416 0.39043817 0.19354723
0.38095427 0.04460288 2.2965896 0.9294226 0.2602014 0.26166546
0.074168414 0.724319 1.4411322 -0.31840166 -0.80295986 0.50386095
0.45087215 0.052820455 2.0969546 0.98001456 0.09938035 0.17232254
0.11898981 0.09976111 1.1441612 -0.51884013 -0.810244 0.27259794
0.21630444 0.10152222 1.1937437 0.04304643 -0.8797448 0.47349346
0.3138268 0.13687494 1.1951883 0.46074197 -0.7335094 0.49968067
0.1792992 0.86712325 1.3283806 0.8718308 0.20160894 -0.44639087
0.08300662 0.88679403 1.3019896 -0.4255374 0.3481507 -0.8352898
0.13834803 0.8997099 1.2949691 0.28424945 0.33382267 -0.8987573
0.3988118 0.09129411 2.2164664 0.9088375 0.24419017 0.33820912
0.14636302 0.43211123 1.3402915 -0.3005573 -0.29011586 0.9085692
0.11038857 0.51059395 1.1380743 -0.77634645 0.2358319 -0.5845251
0.40881014 0.22970496 1.0191965 0.966106 0.25688097 -0.025520375
0.39989915 0.19678009 1.0926493 0.9611066 -0.11133907 0.25274044
0.08388053 0.4394329 1.2607166 -0.91586787 -0.13431501 0.3783456
0.07709231 0.47710088 1.1875836 -0.97374433 0.08422881 -0.21148854
0.27520597 0.52041 1.2036127 0.92203766 0.38672405 0.017061232
0.15872425 0.5508811 1.1064988 -0.39931267 0.41867045 -0.81563747
0.18976724 0.83661664 1.3691242 0.99879396 -0.0043059215 -0.048907798
0.0935391 0.12573531 1.0718129 -0.8378922 -0.54095066 -0.07286444
0.15217075 0.18523367 0.936982 -0.6676903 0.15548393 -0.72802085
0.105028115 0.16459644 0.9961596 -0.9031895 -0.03752874 -0.42759833
0.34812158 0.092554 0.8560634 0.24542774 0.12499878 -0.96132225
0.2126637 0.5648378 1.1086639 0.30165073 0.5823264 -0.754919
0.04244704 0.85012364 1.3171659 -0.6912912 0.28731552 -0.6629979
0.019721346 0.76210696 1.4024667 -0.8275117 -0.5588704 0.053742517
0.008910238 0.80117077 1.3481759 -0.93604606 -0.059924137 -0.34673747
0.18057866 0.77942485 1.4176371 0.91487706 -0.25477657 0.31319124
0.3727457 0.16622075 1.1556802 0.77518606 -0.49148276 0.39690197
0.25491357 0.5504122 1.1459385 0.79751086 0.50240743 -0.33401084
0.14325796 0.74799806 1.4413354 0.53918076 -0.6147735 0.5756194
0.18789227 0.40181273 1.0092198 -0.3753739 0.4530088 -0.8086269
0.26516116 0.25204104 1.2861131 0.34190625 -0.338748 0.87655574
0.17458509 0.24056935 1.2889987 -0.20220616 -0.44047505 0.87469673
0.07039834 0.31217968 1.2190404 -0.9342366 -0.09089789 0.34487593
0.31872848 0.41231897 1.0584852 0.70632946 0.5758222 -0.41173735
0.35011995 0.38634023 1.1141495 0.9056716 0.42341974 -0.021784887
0.2578106 0.42565003 1.0157955 0.24584953 0.5918026 -0.7676767
0.06743041 0.3336646 1.1185628 -0.96262574 0.08758336 -0.25628284
0.12505724 0.35433838 1.0398942 -0.7188007 0.2937139 -0.63012505
0.09178098 0.2283921 1.2314018 -0.75915486 -0.3623802 0.5407074
0.3446991 0.35453945 1.207422 0.9039312 0.1818866 0.3870731
0.28584054 0.32075164 1.2918105 0.55753 -0.066242814 0.82750964
0.21672118 0.66206086 1.3403585 0.9024428 0.11468887 0.41526303
0.17795995 0.62542015 1.3834997 0.49843282 -0.1394288 0.8556426
0.44868103 0.09189649 2.0273206 0.9829896 0.18189748 0.025390118
0.08171838 0.67774606 1.218408 -0.74816626 0.17137296 -0.64099807
0.054787055 0.64463824 1.2726035 -0.9852971 -0.121439606 -0.12017477
0.16797388 0.71374387 1.2020389 0.2752904 0.53199583 -0.8007469
0.11931879 0.7014809 1.2020297 -0.33942503 0.4043069 -0.84930944
0.21593767 0.69354886 1.2773306 0.9526978 0.3006233 -0.04463709
0.0748878 0.6253125 1.3319942 -0.88677615 -0.28460732 0.36417952
0.1127255 0.6086789 1.3909501 -0.39690876 -0.3374475 0.85357636
0.3822877 -0.15463004 2.5370774 0.9992862 -0.007603845 -0.037004016
0.1972754 0.712979 1.2317439 0.7853359 0.444661 -0.43072513
0.42405382 0.0009678367 2.1801095 0.96331 -0.033912364 0.26623994
0.15937896 0.32728073 1.3136572 -0.29763955 -0.21575937 0.9299777
0.40767804 -0.043655872 2.259621 0.99002486 0.03271901 0.1370413
0.40209147 -0.073043816 2.3425431 0.9943955 0.01831378 0.10412581
0.39629892 -0.13846993 2.2985954 0.95469356 -0.29283902 0.05296626
0.40410525 -0.112025976 2.2258356 0.9752143 -0.22103985 -0.009926267
0.44826853 0.017710097 2.0077407 0.9980835 -0.060752 -0.011771885
0.4362899 0.1312309 1.9672045 0.9603007 0.27142316 -0.06443694
0.4462617 -0.023218244 2.08887 0.966014 -0.23123436 0.11553146
0.411267 -0.06861595 2.1573207 0.9436255 -0.31342185 0.106478326
0.6810355 -0.2930162 2.1163952 0.5882752 0.80339193 0.09216064
0.70239145 -0.3236259 2.102049 0.9865667 0.16329925 -0.004403015
0.6398909 -0.28503013 2.114796 0.041110706 0.99575514 0.08235009
0.5470409 -0.3507096 2.103517 -0.9857498 0.15259854 -0.07078854
0.548512 -0.3983832 2.1012602 -0.85144305 -0.52413374 -0.018125962
0.61219543 -0.4247599 2.086856 0.03313323 -0.99772054 -0.058786616
0.6893548 -0.37184793 2.083403 0.87246865 -0.4688848 -0.13764268
0.6531512 -0.4086972 2.0839791 0.56393474 -0.8168931 -0.12109185
0.59526867 -0.28952888 2.104123 -0.38645485 0.9222611 -0.009333358
0.5569189 -0.31727266 2.0991359 -0.827547 0.5553099 -0.08244317
0.64619374 -0.3688881 1.7085581 0.31496248 0.33638304 -0.88749367
0.6197183 -0.41170788 1.714953 -0.20657639 -0.6798768 -0.703629
0.69640857 -0.39400932 1.7645116 0.98726076 -0.054812707 -0.1493711
0.67665845 -0.43417546 1.7679815 0.66932106 -0.7349179 -0.10911029
0.63348293 -0.39372677 1.7012279 0.18363477 -0.26369506 -0.9469653
0.69246566 -0.4151309 1.7739774 0.90288335 -0.4267615 0.05173279
0.6853815 -0.38736513 1.7297368 0.78998214 -0.03727194 -0.61199594
0.6644791 -0.43258184 1.7365929 0.45022154 -0.6633774 -0.5976881
0.6848411 -0.41739532 1.7403817 0.746436 -0.44667915 -0.4932657
0.6190323 -0.40632853 1.7738214 0.31057492 -0.11014854 0.9441454
0.5609528 -0.36132437 1.6906061 -0.058838207 -0.10217367 -0.99302495
0.53315425 -0.34673467 1.7039458 -0.6508633 0.20292842 -0.7315716
0.53671753 -0.37263346 1.7060215 -0.64603704 -0.5427097 -0.5367516
0.49143502 -0.29484856 1.8214501 -0.75512713 0.6317982 0.17496854
0.4792639 -0.32371426 1.8252833 -0.96480626 0.1050502 0.2410671
0.48155853 -0.30926877 1.821667 -0.8944585 0.38983077 0.2190342
0.49773845 -0.2963272 1.8537494 -0.66973907 0.70164025 0.24320877
0.48636344 -0.32186294 1.8556267 -0.94154686 -0.002819369 0.33687022
0.49215353 -0.30682585 1.8630682 -0.8238409 0.41732043 0.38357487
0.52362615 -0.2950777 1.8575128 0.5112339 0.7122943 0.48091245
0.5028575 -0.33448437 1.8639975 -0.09032738 -0.69902295 0.7093715
0.5123724 -0.31453052 1.875226 0.22699593 -0.01524665 0.97377634
0.514855 -0.3397648 1.851978 0.38407853 -0.8175229 0.4291154
0.5320231 -0.3071694 1.8525932 0.91447294 0.21012686 0.3458119
0.518261 -0.2882285 1.8169565 0.47389635 0.8727291 -0.117329106
0.5277294 -0.31981537 1.8603096 0.774006 -0.2783393 0.56871957
0.52649456 -0.36546743 1.7165346 -0.80529916 -0.44648495 -0.390057
0.55089045 -0.37990046 1.7015918 -0.35288846 -0.6817945 -0.64080095
0.5586078 -0.3349209 1.6992667 -0.007580163 0.6348988 -0.77255815
0.6283431 -0.35386723 1.7592127 -0.4327631 0.5476366 0.7161077
0.6020856 -0.40252295 1.758016 -0.76008546 -0.30972376 0.5712629
0.6130365 -0.37976953 1.7672768 -0.39922485 0.1676363 0.9013976
0.6376008 -0.36913386 1.775695 0.51331145 0.080717444 0.8543981
0.6273197 -0.38523266 1.7768346 0.24462561 -0.16768958 0.955007
0.6433795 -0.35339782 1.7668091 0.072992444 0.06530619 -0.995192
0.61508507 -0.4211822 1.7684822 0.2474304 -0.41710788 -0.87452793
0.6283746 -0.39161357 1.7636864 0.25919282 -0.30772492 -0.9154914
0.6484932 -0.44315672 1.7391231 0.50589746 -0.38859805 -0.77010345
0.61717373 -0.42540014 1.7327809 -0.47248998 -0.30138388 -0.8282035
0.60193133 -0.41105407 1.7361251 -0.61465406 -0.7868598 -0.05524575
0.6688513 -0.44431883 1.7951441 0.8804653 -0.47345474 0.024927197
0.60713714 -0.41576517 1.7473395 -0.95015293 0.018067496 -0.3112603
0.60422355 -0.4109011 1.7647257 -0.79477817 0.47829318 0.3735817
0.48916143 -0.34373692 1.8211771 -0.4564432 -0.88060087 0.12728576
0.57523054 -0.3437181 1.696184 0.24742797 0.46748227 -0.8486694
0.613562 -0.41713998 1.7774091 0.4313995 0.23784176 0.8702446
0.5803505 -0.48242587 1.7602682 -0.47827214 -0.8670529 0.13955262
0.6297842 -0.34383884 1.7319076 -0.7939641 -0.48244047 -0.36996242
0.6266921 -0.34480673 1.7544515 -0.94647115 0.032464292 0.32115182
0.6489426 -0.35547194 1.7172669 -0.1229427 0.19470145 -0.9731271
0.53290015 -0.3116051 1.8188527 0.94747126 0.10137853 -0.30334875
0.529112 -0.32999843 1.8212916 0.82556325 -0.49504465 -0.27088025
0.5114895 -0.3458751 1.8222226 0.32600114 -0.9354205 -0.13679083
0.54850745 -0.32930085 1.7069201 -0.18671529 0.7437414 -0.64186144
0.6334468 -0.34817997 1.7331514 -0.738418 0.32452834 -0.5911178
0.6788662 -0.36660582 1.7246367 0.5942464 -0.024544407 -0.80390847
0.6987846 -0.37285775 1.7877694 0.9414645 -0.336843 0.013469479
0.603436 -0.34966123 1.7556025 -0.030871432 0.73870844 0.67331773
0.6128126 -0.34284484 1.7238625 0.3064279 0.9373687 -0.16565578
0.6050451 -0.35669947 1.7023178 0.307351 0.43856034 -0.8445118
0.57473075 -0.38720742 1.7474934 -0.5606527 -0.5052689 0.6560274
0.58313364 -0.39327264 1.7076378 -0.21313132 -0.736718 -0.6417333
0.5719063 -0.39587924 1.7287456 -0.46706486 -0.879976 0.086560205
0.58320653 -0.36677897 1.7594875 -0.4091849 0.117463805 0.90485907
0.59455 -0.37588674 1.6979091 0.07551471 -0.19193959 -0.9784972
0.52246094 -0.31307182 1.7385719 -0.2561705 0.7499085 -0.6099294
0.54320794 -0.30830643 1.75239 0.4720739 0.8780512 -0.078563645
0.5288201 -0.36202082 1.7727506 0.11097069 -0.8253514 0.55360687
0.50565904 -0.34822866 1.7460806 -0.7933156 -0.42192286 -0.43889803
0.51288575 -0.36186472 1.7606083 -0.51338106 -0.8577548 0.026391994
0.5466187 -0.34602907 1.7779068 0.5910948 -0.3868624 0.7077742
0.55296844 -0.3284535 1.7737145 0.7982951 0.26437053 0.5411406
0.50920904 -0.33133763 1.7377231 -0.7227009 0.17547646 -0.6685144
0.688898 -0.41044858 1.7992928 0.91642034 -0.36979175 0.15306182
0.029389344 0.8016401 1.6034979 -0.3269811 -0.6839742 0.65212166
-0.039909128 0.8419315 1.5660917 -0.882417 -0.3715217 0.2886377
0.10582574 0.8256096 1.6222731 0.29475555 -0.52501583 0.79842186
0.04538786 0.7606871 1.537654 -0.26339886 -0.90820116 0.3252564
0.060800195 0.7440369 1.4819407 -0.24210875 -0.9305394 0.2747359
0.13338558 0.7611926 1.4890175 0.48269728 -0.8161879 0.31755406
0.12553616 0.7818242 1.5665843 0.42349008 -0.7718721 0.4742041
-0.019094396 0.8012033 1.5000945 -0.80085546 -0.5977064 0.037116546
-0.0024571077 0.78730005 1.4451671 -0.79832906 -0.5954764 -0.089880876
0.28179696 1.3168399 1.3467462 0.68378335 -0.11799794 -0.7200811
0.13071595 1.3544213 1.2740918 -0.048054814 0.00052297313 -0.99884456
0.21230103 1.3685182 1.2912549 0.4195733 0.07560671 -0.90456724
0.22405496 1.0857286 1.3567744 0.79353136 -0.21228597 -0.57030046
0.17260092 1.1143932 1.3094236 0.34446412 -0.1135267 -0.9319099
0.10369523 1.114429 1.3099191 -0.34568524 -0.097046256 -0.9333187
0.20297699 0.9872609 1.3619314 0.85303265 -0.1804906 -0.48965126
0.15248486 0.99968094 1.3118304 0.3156305 -0.049084228 -0.94761187
0.09420959 1.011843 1.3202999 -0.44024822 0.0011264338 -0.8978754
0.20420042 1.2972102 1.2962279 0.39201164 -0.14515032 -0.9084372
0.113576524 1.3055773 1.2792168 -0.11762508 -0.10489804 -0.98750234
0.28548056 1.2640733 1.3633432 0.70203876 -0.212733 -0.67962205
0.257463 1.1777358 1.3651781 0.7326164 -0.2572486 -0.63015586
0.18803827 1.2124287 1.3041109 0.3743191 -0.14700818 -0.91557294
0.10121799 1.2160493 1.2936634 -0.20341718 -0.1601998 -0.9658972
-0.014173654 0.96592534 1.476455 -0.8892261 0.4448948 -0.106516354
-0.04691328 0.90011275 1.5226011 -0.9854454 0.16970766 0.009832897
-0.0013540423 0.9285234 1.4106752 -0.8749078 0.22466902 -0.4290223
0.021382788 0.8917549 1.3619028 -0.7825604 0.21069951 -0.58583695
-0.009995474 0.8352739 1.4017919 -0.9278375 -0.10879436 -0.35676533
-0.03581773 0.8625941 1.4519004 -0.9598338 -0.06638759 -0.2726019
0.035063043 1.0657141 1.4127712 -0.97117704 0.2365992 -0.028912494
0.053508606 1.0410641 1.3556975 -0.80361205 0.04950112 -0.59309125
0.033086114 1.2409799 1.349125 -0.9942229 0.09022683 -0.05813677
0.06476056 1.2241323 1.309393 -0.6475483 -0.14783414 -0.7475468
0.29306334 1.3600507 1.3546714 0.84956735 0.38260168 -0.36311328
0.1282787 1.3952098 1.2776533 -0.22730048 0.5569721 -0.798822
0.21437177 1.4132999 1.3048297 0.37033013 0.7620904 -0.5311063
0.2880883 1.3658515 1.3831878 0.64570516 0.65648174 0.38999566
0.11570826 1.4080118 1.3127251 -0.48225775 0.8754969 0.030539632
0.20247294 1.4180738 1.337648 0.073050335 0.9564714 0.2825352
0.05994226 1.3357359 1.3125573 -0.8998499 0.36526778 -0.23843169
0.0857626 1.3163764 1.2887927 -0.5262743 0.013822313 -0.85020244
0.065367065 1.1249571 1.3401029 -0.78583086 -0.09323222 -0.61137354
0.04125952 1.1470956 1.3863885 -0.99969846 0.02370263 0.0064213807
0.19331777 0.92096376 1.3618107 0.91101134 -0.04834605 -0.40953752
0.14336397 0.9496048 1.3074664 0.28456914 0.08138424 -0.9551948
0.07673559 0.9453006 1.3253523 -0.5234375 0.18264243 -0.83225894
0.024544852 0.97455156 1.3855618 -0.83366513 0.20485462 -0.51287127
0.015303462 1.01296 1.4460224 -0.90471756 0.42356607 -0.04558394
0.25061724 1.0884087 1.4278976 0.9419531 -0.33354303 -0.03838509
0.22766997 1.0081252 1.428214 0.96983063 -0.24072826 -0.038450096
0.28821993 1.1763096 1.4148494 0.9303827 -0.33405995 -0.15097019
0.19618095 0.8583486 1.419906 0.98469096 -0.17107762 -0.03340843
0.17799228 0.8024401 1.4657339 0.8717483 -0.44860646 0.19699521
0.17984937 0.9364989 1.5656394 0.79109323 0.21095125 0.57417
0.15239204 0.8718447 1.6088555 0.69356525 -0.11671498 0.71087617
0.17867193 0.83238244 1.5461227 0.8489144 -0.39075944 0.3558811
0.20254965 0.8947262 1.5054098 0.96915305 -0.12179975 0.21425982
0.21325015 1.0438386 1.4979068 0.70532995 -0.043705482 0.70753056
0.18830998 0.990874 1.5214258 0.75194544 0.16873087 0.637266
0.24500561 1.1105582 1.4828568 0.68909776 -0.1324908 0.71245384
0.3095594 1.2634293 1.3946862 0.9692618 -0.12080385 -0.21433167
0.30523643 1.2795364 1.4241245 0.7733867 0.22785094 0.5915716
0.21454054 0.9502942 1.4601959 0.9870211 -0.12401004 0.10203378
0.28146738 1.1859034 1.4588919 0.74198186 -0.042258672 0.6690868
0.14816 0.80331826 1.2497793 0.2823381 0.4903448 -0.82452846
0.10531599 0.79374963 1.2491509 -0.29460856 0.42049003 -0.858134
0.05327052 0.7052314 1.3612133 -0.8392075 -0.47758877 0.26007676
0.095136255 0.67762434 1.411072 -0.37349284 -0.49392253 0.78520286
0.1958977 0.72949743 1.373217 0.9133536 -0.011307584 0.40701023
0.15758875 0.69710326 1.4061917 0.4944765 -0.28860444 0.81987834
0.06434443 0.76753646 1.2615436 -0.6735144 0.24022456 -0.69904965
0.033698305 0.72852993 1.3042895 -0.95479476 -0.16768776 -0.24545419
0.1999232 0.772028 1.3152407 0.9789339 0.19708787 -0.053337965
0.18116783 0.7922634 1.2737019 0.78236336 0.39448944 -0.4819603
0.2659442 1.3566159 1.3996546 0.019340873 0.54780436 0.83638287
0.11212077 1.389215 1.3327011 -0.4764897 0.5565409 0.6806025
0.194105 1.3971357 1.3586566 -0.20351751 0.5587477 0.8039786
0.20316496 1.1194746 1.493331 -0.031549938 0.30332693 0.95236415
0.05874303 1.1504089 1.421916 -0.63160545 0.3109399 0.7102049
0.1259332 1.1338899 1.4571991 -0.33013833 0.45623136 0.8263545
0.15234813 1.0073794 1.5381591 0.21845461 0.52937156 0.81978256
0.031972736 1.024925 1.4790405 -0.63248605 0.6420415 0.43329442
0.08940728 1.0263206 1.5160725 -0.2673941 0.64809316 0.7130747
0.120154865 0.898634 1.6255373 0.21117757 0.30881467 0.92738205
-0.034898333 0.91080755 1.5568463 -0.77547956 0.43177325 0.4606553
0.027289173 0.9127609 1.6050736 -0.3395495 0.48253793 0.8073805
0.098234385 0.8492689 1.6330967 0.10488686 -0.117824435 0.9874797
0.026535882 0.8445271 1.6245922 -0.3451107 -0.11199064 0.93185663
-0.033385474 0.85913324 1.5834019 -0.76831263 -0.0075912992 0.6400297
0.13802564 0.95968676 1.5832436 0.22509153 0.5710525 0.78945094
0.057409886 0.9708066 1.5613362 -0.26517788 0.6718873 0.69155496
-0.0025643283 0.9742041 1.5164666 -0.65685904 0.64728826 0.3867222
0.17297362 1.0603586 1.5088562 0.057961192 0.3593269 0.93141
0.11029909 1.0726753 1.4849489 -0.33699393 0.54196465 0.76987624
0.05013117 1.0717531 1.4459571 -0.69457245 0.45860097 0.5543052
0.24589962 1.1958212 1.4680711 -0.008993753 0.34423146 0.9388418
0.26539987 1.2732197 1.4371372 -0.050300978 0.38739833 0.92053914
0.17375593 1.3014575 1.3783263 -0.29470104 0.36924338 0.8813685
0.15245448 1.210727 1.4181727 -0.28541413 0.44939294 0.84651333
0.07295868 1.3204981 1.3533084 -0.54131645 0.44952822 0.71056384
0.054944113 1.2345629 1.3870944 -0.57294554 0.32641962 0.751787
-0.09582667 -0.90192074 3.5647783 0.027631627 -0.5339665 0.845054
-0.109329246 -0.90616405 3.561563 -0.093334466 -0.68757707 0.7200879
-0.09298875 -0.90737015 3.548831 0.29728964 -0.85104513 -0.43282914
-0.108423874 -0.90882003 3.5457332 0.0035206561 -0.8524269 -0.5228346
-0.045475405 -0.88282603 3.5721338 -0.078548625 -0.6477196 -0.7578188
-0.047728065 -0.8864046 3.5749567 -0.021282125 -0.42216295 -0.90627
-0.047402386 -0.8798371 3.5693254 -0.016012795 -0.9111359 -0.4117948
-0.053389613 -0.88057065 3.5732596 0.029386172 -0.0060047456 -0.99955004
-0.060974397 -0.88500637 3.571635 0.19910029 0.06263415 -0.9779755
-0.07195026 -0.88892156 3.568646 0.15500134 -0.54048723 0.8269511
-0.08298347 -0.8960931 3.5669985 0.15119587 -0.49046016 0.85824734
-0.06782503 -0.89211506 3.5578816 0.67114145 -0.7305728 -0.12582743
-0.07857559 -0.9016188 3.5526714 0.5719024 -0.7391811 -0.355723
-0.07264297 -0.9055385 3.5740912 0.4284278 -0.50730014 -0.7477274
-0.08300187 -0.9142134 3.5739553 0.44189492 -0.540893 -0.71565604
-0.09434464 -0.9199024 3.5727024 0.2611985 -0.7461125 -0.6124471
-0.11011297 -0.91897553 3.5673993 0.0193439 -0.77051723 -0.63712555
-0.053620145 -0.89041317 3.5754561 0.28795898 -0.30563435 -0.9075612
-0.06142253 -0.8969649 3.5746427 0.4151654 -0.50218785 -0.7585809
-0.051858302 -0.8805983 3.5668411 0.3593153 -0.9272821 -0.10507304
-0.058646638 -0.88385236 3.5636003 0.5577118 -0.83000225 -0.0073393905
-0.09438498 -0.9080027 3.5589514 0.17368983 -0.9122704 0.37093735
-0.109097354 -0.9101415 3.5554543 -0.062034052 -0.9793554 0.19239232
-0.052653324 -0.88098234 3.5700793 0.32766652 -0.94184 0.07464683
-0.05992018 -0.8837068 3.5686474 0.47682497 -0.8718818 0.11162443
-0.07011529 -0.8922772 3.5641816 0.48499167 -0.76456946 0.42451927
-0.08077261 -0.9032257 3.5609798 0.4281233 -0.81297505 0.39469233
-0.10979316 -0.91551876 3.5642195 0.054763004 -0.4500819 -0.89130646
-0.07286171 -0.89829314 3.570656 0.2645844 -0.2559137 -0.9297866
-0.083010614 -0.90540665 3.5699875 0.30174232 -0.26632822 -0.9154348
-0.09449976 -0.91418135 3.5678296 0.30336234 -0.3962239 -0.86658984
-0.05360395 -0.8846446 3.5746505 0.2022657 -0.2258445 -0.9529338
-0.061991703 -0.8914875 3.5719745 0.31236866 -0.21876957 -0.9244273
-0.048478123 -0.8815789 3.5726001 -0.33406565 -0.6455308 -0.686797
-0.049936127 -0.8833931 3.5743384 -0.15855505 -0.3972586 -0.9039059
-0.049626056 -0.8798735 3.571178 -0.031562433 -0.9310079 -0.36363167
-0.080085434 -0.90690184 3.7480273 0.6578742 -0.33041775 -0.67677593
-0.08108483 -0.90584683 3.7454443 0.6624107 -0.74901235 0.013875982
-0.07751644 -0.9050505 3.7447925 0.017903393 -0.7596745 0.650057
-0.060504653 -0.91507405 3.7614136 0.38131133 0.18080072 -0.90659404
-0.07308107 -0.9084737 3.7530699 0.5961532 -0.09517052 -0.7972101
-0.021955386 -0.8955592 3.7635136 -0.14516254 -0.021038288 -0.98918414
-0.03264761 -0.90663296 3.765114 -0.13552901 0.1285449 -0.9823991
-0.045118798 -0.91469175 3.7639675 0.068618745 0.19219074 -0.9789556
-0.020917445 -0.88483465 3.7600439 -0.10020389 -0.76887745 0.63149554
-0.020599814 -0.8842044 3.7616937 0.11358091 -0.9228683 -0.3679857
-0.020213803 -0.8858906 3.7627847 -0.043243926 -0.33124068 -0.9425548
-0.04289115 -0.9038813 3.744884 0.0017300964 -0.44949865 0.8932793
-0.023457175 -0.8927753 3.7539928 -0.25293273 -0.49494985 0.831294
-0.030742658 -0.8987569 3.7488973 -0.18462278 -0.43514404 0.88122874
-0.05879253 -0.90718126 3.7452786 0.04130005 -0.3527719 0.93479747
-0.068286784 -0.90603876 3.7459667 0.055089846 -0.35259092 0.93415457
-0.07547162 -0.9016029 3.7487998 0.6308127 -0.7756974 0.019206442
-0.030890737 -0.9091142 3.764599 0.07617064 -0.11067883 -0.990933
-0.0742309 -0.910653 3.7525132 0.5062634 -0.19576086 -0.8398661
-0.062804915 -0.90343046 3.763985 0.54306847 0.029585266 -0.8391671
-0.037602317 -0.8961376 3.7674363 -0.106603645 -0.14381105 -0.9838465
-0.05007351 -0.9016131 3.7678423 0.12336961 0.041810643 -0.99147964
-0.026184076 -0.884204 3.761385 0.116561815 -0.9570922 -0.2653069
-0.02008826 -0.89691705 3.7632954 0.17375566 -0.20453642 -0.96331394
-0.043888498 -0.91704863 3.763826 0.18845363 -0.26499695 -0.9456542
-0.04564156 -0.8968068 3.7467203 -0.044399925 -0.37736478 0.9249997
-0.03513054 -0.8918572 3.749767 -0.18514183 -0.48249584 0.85610765
-0.060295817 -0.8979113 3.7448006 0.06767139 -0.29866824 0.9519548
-0.028297372 -0.8886095 3.7543902 -0.21688879 -0.6629996 0.716513
-0.06919047 -0.9008999 3.7465932 0.34309354 -0.33296314 0.87830657
-0.028815182 -0.8906992 3.764633 -0.06991615 -0.28642616 -0.95554787
-0.069661826 -0.90368444 3.7559197 0.7285524 -0.11197062 -0.6757766
-0.033745572 -0.88544804 3.7600698 0.04336896 -0.9726428 -0.22822139
-0.01797303 -0.8865246 3.762712 -0.021603929 -0.21123116 -0.97719735
-0.018527647 -0.88370764 3.7615123 0.2679635 -0.94770545 -0.17334895
-0.052039195 -0.8935957 3.7655828 0.2512682 -0.5303533 -0.80968493
-0.03927707 -0.8896079 3.7641296 0.08544981 -0.65072626 -0.75448895
-0.063955575 -0.8953749 3.760426 0.59893346 -0.5610709 -0.5713826
-0.06929174 -0.896033 3.7514539 0.70595276 -0.70819896 0.0092170015
-0.028806355 -0.90119994 3.7476149 0.0701644 -0.71454203 0.6960651
-0.019042207 -0.8860599 3.7597497 0.01772435 -0.59796846 0.8013236
-0.048482213 -0.89144236 3.7502959 0.04039985 -0.72494805 0.68761766
-0.038318474 -0.88670504 3.7539623 0.008216776 -0.87570757 0.48277196
-0.062715136 -0.8920926 3.7493227 0.33845606 -0.8391866 0.4256915
-0.082199 -0.9095253 3.7468581 0.67155915 -0.39224693 -0.6286101
-0.060967844 -0.9175097 3.7609353 0.31054452 -0.23501943 -0.9210473
-0.07887709 -0.9067451 3.742623 0.045269445 -0.8552544 0.5162273
-0.083053954 -0.9080674 3.7433367 0.64033544 -0.7677678 0.022429723
-0.05210757 -0.8879843 3.7574205 0.24839254 -0.96421194 -0.09271726
-0.059466437 -0.9095937 3.743462 0.053646952 -0.84363246 0.5342343
-0.070779555 -0.9085401 3.7442644 -0.13764776 -0.76512927 0.6289915
-0.042301603 -0.90633833 3.7429981 0.12289557 -0.77106595 0.62478316
-0.020828534 -0.8943237 3.7536786 0.09902426 -0.66368955 0.74142456
0.055994116 -0.636969 3.7529917 0.087305754 0.96478915 -0.24811225
0.06326689 -0.63593745 3.795687 0.08797312 0.9718309 0.21864457
0.04508532 -0.67247444 3.696827 0.16953053 0.46994612 -0.8662621
0.048281964 -0.651111 3.7213507 0.1080142 0.8287143 -0.5491498
0.04767618 -0.7092171 3.7046578 0.91194814 -0.26956573 -0.30932984
0.04785375 -0.6910721 3.695723 0.41459572 -0.16892363 -0.8941897
0.050678898 -0.6985621 3.754614 0.84715885 -0.1497103 -0.5098124
0.050281063 -0.7304049 3.7637436 0.96295524 -0.23430446 -0.13348669
0.05014347 -0.71283937 3.757944 0.924754 -0.008986446 -0.38045928
0.0518312 -0.72235703 3.7789993 0.9881313 0.15199801 0.022205468
0.054033104 -0.71882886 3.7971318 0.95478904 0.0041370178 -0.29725534
0.052188452 -0.72596836 3.801947 0.7761131 -0.5894824 0.22396183
0.050601617 -0.7324515 3.7766087 0.94376713 -0.32959294 -0.025923876
0.052448094 -0.7184363 3.7701294 0.99251544 0.099052586 0.071426414
0.052368645 -0.7107918 3.7659485 0.9880577 0.062094748 0.14101861
0.061457504 -0.6648414 3.7258716 0.9903589 -0.13429148 -0.033986025
0.0694299 -0.6505482 3.7567577 0.96422505 -0.1578824 -0.21293947
0.06200067 -0.6545412 3.7196772 0.70089114 0.5280295 -0.4795168
0.07032065 -0.63848937 3.750985 0.6915415 0.6352056 -0.3439247
0.04616166 -0.7007966 3.7266614 0.6982279 -0.059139594 0.7134286
0.0405461 -0.71450967 3.7341454 0.8904273 0.3975327 0.22160096
0.050469216 -0.70573556 3.7097168 0.9101259 -0.41414094 -0.012571583
0.0520126 -0.6999594 3.718432 0.8045324 -0.42083356 0.41907835
0.058327477 -0.6910416 3.7104824 0.92542 -0.37624395 0.04514696
0.055135492 -0.69132537 3.6994307 0.7244781 -0.30285078 -0.6192033
0.05866442 -0.6731943 3.6993146 0.6436527 0.2681914 -0.71678764
0.062055573 -0.6779136 3.7127895 0.98868024 -0.13890024 -0.05672842
0.06432611 -0.70235586 3.8149936 0.89607745 -0.19286503 -0.39981022
0.062445533 -0.7065016 3.8238986 0.6347434 -0.5550716 0.53758377
0.075520426 -0.6775199 3.8205109 0.9131618 -0.36888257 -0.17338172
0.07246588 -0.6763881 3.8327532 0.61362886 -0.12916358 0.77895856
0.080295056 -0.6611103 3.8162575 0.9765526 -0.21427517 -0.02076406
0.07689426 -0.654318 3.8260055 0.546175 0.42854878 0.7197492
0.08144587 -0.6476691 3.7929304 0.9226204 -0.32413715 -0.20906138
0.08095224 -0.6348672 3.7968094 0.63663334 0.75677496 0.14828897
0.05954333 -0.6744262 3.8352432 0.23638098 0.04911851 0.97041816
0.062451743 -0.6529091 3.8246856 0.19727798 0.6404097 0.7422647
0.05129205 -0.70673525 3.8267074 0.36702737 -0.5165972 0.77357495
0.046837755 -0.71660495 3.746249 0.8786478 0.34674 -0.32825184
0.051631432 -0.69689906 3.7630386 0.9773216 -0.029833898 0.20964837
0.050923117 -0.6801493 3.7491071 0.83234805 -0.46681517 -0.29879814
0.05397568 -0.6781309 3.7630208 0.83329475 -0.54891425 -0.065673545
0.042252403 -0.6921457 3.727819 0.5527448 -0.36610177 0.7486272
0.050297678 -0.6890917 3.7225432 0.6699695 -0.4526983 0.588392
0.040237714 -0.70829445 3.7495213 0.54693425 0.3465728 -0.7620697
0.035073303 -0.7101504 3.7361083 0.40341353 0.802807 0.43904284
0.036726955 -0.71129 3.7420135 0.477028 0.8382948 -0.26401913
0.03243528 -0.6958119 3.7319055 0.49837884 -0.4904383 0.7149048
0.027771953 -0.70476663 3.7454872 0.595468 0.276044 -0.7544651
0.02948728 -0.7043536 3.7308009 0.46318397 0.26177406 0.8467201
0.028224383 -0.6976781 3.7440543 0.58520484 -0.49586925 -0.64159876
0.022500554 -0.70642585 3.737902 0.9177909 0.38509673 0.09674866
0.026767235 -0.69565177 3.7379858 0.76257193 -0.63693035 0.113153405
0.05322736 -0.69872427 3.801386 0.97376096 -0.19822992 0.111778826
0.053792965 -0.6940365 3.8073611 0.9207716 -0.19151953 -0.3398527
0.06797215 -0.6770804 3.813788 0.8000237 -0.43654191 -0.4115742
0.043823943 -0.71076596 3.7833047 0.9865327 0.08893317 -0.13727403
0.045975644 -0.7086695 3.7746618 0.9221007 0.17787951 0.34364104
0.06954036 -0.65655696 3.75791 0.9624205 -0.0020370453 -0.27155584
0.07223194 -0.6642139 3.807469 0.8869064 -0.38764864 -0.25124797
0.07201326 -0.6523141 3.788676 0.8901135 -0.43610618 -0.13232297
0.061400216 -0.6686962 3.7339025 0.9133126 -0.40376386 0.053242546
0.058946285 -0.68047917 3.725797 0.80846703 -0.4864687 0.3312539
0.069721796 -0.6648435 3.7583082 0.8324005 -0.3957795 -0.38790202
0.06701969 -0.6793373 3.7775464 0.630048 -0.61882764 -0.46913946
0.078350335 -0.6672076 3.7813582 0.98765033 -0.12442599 -0.09520991
0.064043224 -0.6818726 3.7971287 0.5972172 -0.74965054 0.28522927
0.06327004 -0.67089427 3.764753 0.57224625 -0.7669362 -0.290419
0.055970844 -0.696625 3.7833953 0.6339685 -0.55467194 -0.538909
0.05523082 -0.6909557 3.7968888 0.80455726 -0.33638874 0.48941815
0.05863057 -0.68444353 3.8035743 0.67772686 -0.71518034 -0.17088999
0.049995817 -0.7094583 3.7978108 0.90665954 0.003993326 -0.42184407
0.056101747 -0.69582874 3.8115425 0.69859457 -0.052933324 -0.71355706
0.06435063 -0.6822079 3.8065078 0.6697155 -0.7375882 -0.08628278
0.07285097 -0.67636126 3.800148 0.8792297 -0.44999182 0.15640454
0.06755063 -0.68245703 3.7905276 0.7735458 -0.632091 0.045692153
0.059202384 -0.69617224 3.7924151 0.85725945 -0.48079792 0.18422684
0.040648263 -0.69857836 3.749252 0.43463278 -0.3129602 -0.84448224
0.046644364 -0.6965706 3.7698846 0.94291127 -0.09513963 0.3191658
0.058540795 -0.67057204 3.742108 0.69803506 -0.7152348 -0.03444076
0.051861394 -0.6763269 3.7422457 0.7261443 -0.68603826 0.0454512
0.045414302 -0.6848703 3.7444334 0.73371905 -0.5530217 -0.39474463
0.054481063 -0.67937344 3.7720037 0.5684518 -0.6643558 -0.485277
0.047371704 -0.6930409 3.7777247 0.7916597 -0.40378538 -0.45851082
0.053176768 -0.6795615 3.7673829 0.8538993 -0.5203231 -0.010943124
0.04567143 -0.6847115 3.7346172 0.5953375 -0.744871 0.30123162
0.036892936 -0.68993056 3.7379637 0.56651014 -0.8224896 -0.050764292
0.6441529 -0.35570088 1.7696698 0.7271643 -0.23251453 0.6458861
0.71589816 -0.24419242 1.7906501 0.4146892 0.9032681 0.11017967
0.5221409 -0.28947073 1.8313501 0.504353 0.8629493 0.030767439
0.4955553 -0.2940684 1.835941 -0.6831945 0.7117404 0.16331214
0.5308377 -0.32611883 1.8409053 0.88229555 -0.44720864 0.14682971
0.48487788 -0.30823076 1.8385414 -0.8946979 0.40050745 0.19776094
0.53499013 -0.309678 1.8353896 0.98674715 0.16225758 0.0015841533
0.49503964 -0.34176716 1.8433659 -0.40798175 -0.8664677 0.28772295
0.5144762 -0.34472993 1.8371729 0.353727 -0.92423636 0.14375088
0.48284152 -0.32388726 1.8417218 -0.9722191 -0.034253538 0.23155275
0.49016118 -0.28965056 1.7996434 -0.48207217 0.87513036 0.04186971
0.49484926 -0.29537633 1.7687504 -0.35949707 0.7629716 -0.5372488
0.4894813 -0.2905351 1.784613 -0.46457222 0.85916305 -0.21450284
0.47709906 -0.33288738 1.7757758 -0.85850596 -0.33702332 -0.3865006
0.47330156 -0.3282502 1.8048369 -0.9602124 -0.21668658 0.17617899
0.4721106 -0.32951254 1.7906618 -0.9652243 -0.25157076 -0.071092285
0.4762941 -0.3090631 1.8023494 -0.9096899 0.39011142 0.14239877
0.47992003 -0.3138976 1.7718061 -0.808892 0.25639114 -0.5291098
0.47501493 -0.3100156 1.7874236 -0.9211101 0.35740456 -0.15433146
0.5233144 -0.31286183 1.7969621 0.95471114 0.21467394 0.20601378
0.5031197 -0.34286743 1.7992506 0.24185269 -0.93131924 0.27230826
0.51662654 -0.32751334 1.8027852 0.8282657 -0.53987247 0.15004556
0.4892781 -0.34774917 1.785735 -0.46171024 -0.8853761 0.05415422
0.48560837 -0.34408635 1.8066224 -0.42936403 -0.8948006 0.122386254
0.48506132 -0.34532905 1.7953777 -0.44398475 -0.89166933 0.08833622
0.519061 -0.29383808 1.7790622 0.48063302 0.87599844 -0.040232927
0.51447856 -0.288739 1.7985411 0.5146281 0.84643054 -0.13679639
0.5139021 -0.2902556 1.7877789 0.46209908 0.88129425 -0.09891808
0.5450365 -0.3535083 1.6942484 -0.40447447 0.07864573 -0.91116154
0.5735521 -0.34355724 1.7414505 0.43265676 0.6038201 0.66948444
0.55512923 -0.3758949 1.7399731 -0.15934466 -0.69703776 0.6991049
0.5653897 -0.35877168 1.745507 0.11668141 -0.18491013 0.9758041
0.5516085 -0.38657627 1.7238146 -0.43693054 -0.8935317 0.10340655
0.5351736 -0.37683862 1.7343317 -0.43813843 -0.890578 0.12208825
0.54284114 -0.38170084 1.7270378 -0.43569517 -0.88846964 0.14419225
0.56690943 -0.32268688 1.7252233 0.47450253 0.8800382 -0.019496614
0.5841372 -0.3309085 1.716291 0.3897485 0.9125864 -0.1236206
0.5747941 -0.3268355 1.7184063 0.41341928 0.90692735 -0.08103869
0.47974873 -0.3092928 1.8158151 -0.8890356 0.3893573 0.24086629
0.47702774 -0.32830006 1.8185351 -0.94144285 -0.2300926 0.24646026
0.49400073 -0.2893231 1.8124496 -0.44136164 0.8904868 0.110603616
0.49612373 -0.3080745 1.8710043 -0.48533317 0.29901174 0.82161045
0.48959088 -0.32629126 1.861904 -0.70760244 -0.3557975 0.61049724
0.5034989 -0.2934403 1.8583211 -0.21315193 0.8638232 0.45648193
0.50091356 -0.29008794 1.8364747 -0.29934183 0.94180244 0.15297906
0.48418754 -0.32985592 1.8416064 -0.86198276 -0.43346667 0.26285413
0.67315257 -0.2974719 1.7165118 0.51401466 0.50376785 -0.6942672
0.6457326 -0.3353224 1.7122214 -0.20055884 -0.46689227 -0.861271
0.6606262 -0.31908053 1.7041523 0.26341558 -0.1215417 -0.9569952
0.5914164 -0.28596053 1.7020211 -0.23939657 0.009355537 -0.9708768
0.5705296 -0.27461112 1.7148501 -0.6653633 0.2797123 -0.6921363
0.5720877 -0.2959497 1.7150712 -0.6919927 -0.4425542 -0.57034373
0.53258616 -0.22821598 1.8131768 -0.6572962 0.75345224 -0.016475398
0.52011895 -0.25346088 1.8171816 -0.98469585 0.16324767 0.061026935
0.5229395 -0.240547 1.8122613 -0.89949673 0.43654978 0.018164374
0.53538305 -0.22905229 1.8437588 -0.56707585 0.8138516 0.12677021
0.5214256 -0.24901128 1.8452557 -0.96639115 0.10315723 0.23547114
0.5283567 -0.23670797 1.8512336 -0.7873217 0.5648116 0.2472092
0.55420685 -0.23035707 1.8501145 0.4970029 0.7139943 0.49315324
0.53382987 -0.26132727 1.8574177 -0.27320978 -0.56718355 0.7769551
0.54226077 -0.24352542 1.864675 0.08457163 0.11080389 0.9902374
0.5454541 -0.26754376 1.8492371 0.27749097 -0.7757003 0.56682247
0.5608116 -0.24038665 1.8487056 0.84741145 0.21683738 0.48463944
0.5569137 -0.22748688 1.8154433 0.6103205 0.79032326 -0.053832788
0.5555209 -0.24963692 1.8558583 0.65543354 -0.20925924 0.7256841
0.56536305 -0.29197225 1.7223423 -0.8250974 -0.38179746 -0.41646737
0.5836119 -0.30204895 1.708599 -0.46666455 -0.5224167 -0.713656
0.59314907 -0.26428708 1.7098413 -0.08452824 0.6944121 -0.71459556
0.66015476 -0.29234502 1.7622565 -0.52377474 0.23308724 0.8193475
0.6320477 -0.33342737 1.7573754 -0.66929275 -0.07218736 0.7394837
0.64224863 -0.3157099 1.7631308 -0.3591302 0.11337903 0.92637503
0.6267022 -0.33486512 1.7299526 -0.71761984 -0.64506835 -0.26250434
0.52748793 -0.27279627 1.8184037 -0.55397165 -0.82253265 0.12866785
0.60450387 -0.2709274 1.7036365 0.07952263 0.5323442 -0.84278446
0.5660728 -0.24759871 1.8223028 0.99850225 0.053844422 -0.009696211
0.561767 -0.2628716 1.8251417 0.8296394 -0.54929066 0.09989103
0.54682946 -0.2746994 1.8242223 0.26290894 -0.95950985 0.10109289
0.5854706 -0.2591209 1.7172898 -0.17757116 0.7959358 -0.57875264
0.6545791 -0.27822548 1.7502267 -0.053633127 0.96503294 0.25658312
0.63322586 -0.2844599 1.7535899 -0.3946378 0.15448338 0.9057571
0.64194727 -0.2735358 1.7248996 0.3548165 0.92507166 -0.13545348
0.63322365 -0.2846044 1.704822 0.2928474 0.46383837 -0.8361186
0.6076842 -0.3172795 1.7409582 -0.5953832 -0.58902985 0.5464088
0.61247444 -0.3154718 1.7077266 -0.27810043 -0.59351516 -0.7552482
0.60408723 -0.32107553 1.7238234 -0.50109375 -0.858017 -0.11274636
0.61626244 -0.3016192 1.7526393 -0.42032835 0.007669015 0.9073397
0.62245965 -0.30067348 1.7008667 -0.010690859 -0.10315646 -0.9946077
0.56550723 -0.24692018 1.7470263 -0.19392034 0.8268009 -0.52801055
0.5846109 -0.24578497 1.759201 0.5368275 0.842994 0.034314062
0.5677809 -0.2916232 1.7715623 0.057616618 -0.8799447 0.4715694
0.54774255 -0.27805114 1.7517761 -0.8179361 -0.3390946 -0.46475297
0.55332494 -0.29046255 1.7622478 -0.53591865 -0.843787 -0.028542906
0.5834665 -0.28077298 1.7767988 0.5135949 -0.5346577 0.67108977
0.59149444 -0.26550677 1.7755601 0.8096965 0.12571368 0.5732257
0.552487 -0.2618595 1.7451049 -0.70303833 0.28429788 -0.6518526
0.5578829 -0.22785962 1.8283908 0.61361337 0.7875097 0.057507437
0.53546864 -0.22768721 1.827497 -0.55668277 0.8274843 0.073307976
0.5610033 -0.25737053 1.8407801 0.8296143 -0.44252807 0.34045428
0.5241488 -0.23880173 1.8292335 -0.86071414 0.50665474 0.04972038
0.5657518 -0.24394602 1.835149 0.9821353 0.11590783 0.1482422
0.5294424 -0.26970804 1.8386314 -0.52696186 -0.79922664 0.2890467
0.54688543 -0.27269354 1.8371638 0.27984095 -0.91848105 0.27943087
0.5203548 -0.25211716 1.8330388 -0.99857026 0.025694882 0.04687504
0.5365154 -0.22548214 1.7943105 -0.3441385 0.93157935 -0.117169514
0.54319865 -0.2313859 1.7729526 -0.18266319 0.82543087 -0.53413284
0.5382051 -0.22731593 1.7821531 -0.2927088 0.89109033 -0.34681365
0.52510643 -0.2654745 1.775828 -0.8320625 -0.31534204 -0.45632377
0.5181025 -0.25966918 1.7986022 -0.9872725 -0.15816118 -0.0166767
0.5196159 -0.26165295 1.7861801 -0.9474385 -0.2132065 -0.23854424
0.5220393 -0.24235272 1.7941864 -0.89287204 0.43960643 -0.097599976
0.52889276 -0.24806865 1.7713224 -0.7235991 0.2952246 -0.6238964
0.5235318 -0.24425244 1.781945 -0.8475484 0.38892058 -0.36111286
0.56519717 -0.25119236 1.8000042 0.9379754 0.12830283 0.32208782
0.54586524 -0.27620682 1.7998216 0.17278753 -0.93604225 0.30654442
0.5594128 -0.26527986 1.8014275 0.70790124 -0.5803973 0.4025106
0.5337464 -0.2791331 1.7862298 -0.49913245 -0.8664646 0.010284937
0.52694273 -0.27424586 1.8047817 -0.5542439 -0.8274581 0.09014861
0.5288314 -0.2762736 1.7950928 -0.52193195 -0.85169077 0.047009125
0.56381506 -0.23418877 1.7836583 0.5734268 0.8168318 0.06298795
0.5565624 -0.22886106 1.799741 0.6118561 0.78857756 -0.061461452
0.5586493 -0.23081878 1.7913754 0.6031801 0.7975774 0.0066355276
0.57834595 -0.27883786 1.7079897 -0.47920352 0.18108122 -0.85882103
0.61008346 -0.27864537 1.7449161 0.47396803 0.43615314 0.7649344
0.59015006 -0.30481276 1.7396567 -0.18329474 -0.80201846 0.56847996
0.602221 -0.29350767 1.7465056 0.10365525 -0.36101672 0.92678076
0.586736 -0.31155938 1.7236884 -0.49960682 -0.8649114 -0.048178945
0.572504 -0.30209354 1.7368575 -0.49658304 -0.8654252 0.06666666
0.57883024 -0.30654174 1.7293411 -0.49126008 -0.86884534 0.061411817
0.6040583 -0.25629276 1.7324198 0.52852094 0.84792876 0.041017674
0.6176442 -0.26309878 1.7220385 0.4073434 0.9113772 -0.05884693
0.61051446 -0.25974548 1.7256584 0.4616623 0.8869349 0.0146465935
0.52244073 -0.24134733 1.8065362 -0.89651614 0.4430075 -0.0017567653
0.5188037 -0.25857347 1.810819 -0.98617566 -0.14500457 0.080195256
0.53782 -0.22458318 1.8060795 -0.27888212 0.9592787 -0.044822644
0.5306696 -0.2373838 1.8584024 -0.56245667 0.4593927 0.68745977
0.5242812 -0.25317875 1.852518 -0.8142866 -0.18911354 0.54879266
0.5402929 -0.22725014 1.8487821 -0.13889275 0.91423094 0.3806449
0.5413097 -0.22500476 1.8287123 -0.11721996 0.9905052 0.07182602
0.5216726 -0.25816318 1.8339045 -0.92516106 -0.34889442 0.1494983
0.7074394 -0.24180073 1.7546045 0.5950956 0.582847 -0.55330884
0.68042797 -0.2653873 1.7442693 -0.2308281 -0.17714228 -0.9567335
0.6943845 -0.250631 1.7420647 0.24182895 0.18313193 -0.95288056
0.6449436 -0.22424282 1.752624 -0.2530792 0.35988826 -0.89801526
0.6297273 -0.2175395 1.7693048 -0.6654111 0.57681054 -0.47383285
0.62986374 -0.23161311 1.761501 -0.797295 -0.014680132 -0.6034113
0.62328625 -0.21281272 1.8518927 -0.44819567 0.7145403 0.5371711
0.61165446 -0.22778094 1.851277 -0.8725536 0.18520327 0.45205092
0.6148348 -0.21934843 1.8509334 -0.68215704 0.4993503 0.53414524
0.631281 -0.22104123 1.8675257 -0.23343955 0.6977699 0.67721725
0.61934185 -0.23441768 1.866953 -0.7743865 0.07985816 0.6276528
0.6268041 -0.22906844 1.8722839 -0.44218856 0.36333022 0.8200368
0.6466769 -0.22561139 1.863733 0.81122255 0.312075 0.49449688
0.6279217 -0.24739707 1.86555 -0.09384848 -0.82489 0.5574485
0.63869697 -0.23833095 1.8721074 0.4479676 -0.37486285 0.8116667
0.63264894 -0.25070646 1.8539611 0.22001307 -0.970297 0.10058749
0.6489794 -0.2323878 1.8564728 0.9811046 -0.11306472 0.1570034
0.6402262 -0.21073593 1.8436224 0.68309665 0.7298264 0.02706228
0.64489007 -0.24148978 1.8593638 0.7589625 -0.59028816 0.27483746
0.62548196 -0.22975735 1.7687956 -0.8888778 0.0008328731 -0.45814368
0.6353967 -0.2350209 1.7558618 -0.59103835 -0.1342847 -0.7953875
0.64691335 -0.21092701 1.7649429 -0.08583192 0.9007816 -0.4257058
0.6952826 -0.24895999 1.7822808 0.2847141 0.0342585 0.95800006
0.66722697 -0.27515218 1.7753711 -0.5741116 -0.43550098 0.69335043
0.6817669 -0.26290345 1.7824283 0.17473628 -0.36616433 0.91399723
0.6661062 -0.27053946 1.7608242 -0.87635005 -0.23627906 -0.41974148
0.6103046 -0.24154432 1.8418168 -0.7580653 -0.64232975 0.11291333
0.65572536 -0.21505941 1.758311 0.12729481 0.78009754 -0.61257154
0.64369404 -0.22706857 1.8373911 0.8587218 0.043855455 -0.510562
0.63908845 -0.24062838 1.8341972 0.6032123 -0.52085704 -0.6040222
0.6236263 -0.247774 1.8367059 -0.074947305 -0.9255322 -0.37117797
0.64148676 -0.20897295 1.773693 -0.1547363 0.95247996 -0.26237103
0.7079226 -0.2380205 1.772524 0.38663325 0.84964985 0.35862216
0.6732208 -0.23681712 1.7895488 -0.040482692 -0.38375592 0.9225467
0.6807399 -0.22293343 1.772567 0.50430876 0.8223922 0.26333186
0.6747967 -0.22520652 1.7547858 0.30030417 0.7290218 -0.6150972
0.6534261 -0.25736123 1.7756038 -0.54999375 -0.71566904 0.4304935
0.6568201 -0.24819472 1.7490411 -0.38536313 -0.26646036 -0.8834558
0.64871556 -0.25558117 1.7605033 -0.58542424 -0.72016335 -0.37234825
0.6606178 -0.24926779 1.7853135 -0.1389356 -0.3658938 0.92022747
0.66714126 -0.23718436 1.7470711 -0.063539565 0.26150167 -0.9631094
0.63054496 -0.20526804 1.7958555 -0.1557436 0.95699334 -0.24476044
0.6464865 -0.20829314 1.8032528 0.6428806 0.7434388 0.18439992
0.62980556 -0.24655205 1.8037735 -0.07670121 -0.98383003 0.16184975
0.61401916 -0.22539093 1.7939849 -0.88994455 0.073548384 -0.45009935
0.61625135 -0.23941156 1.7971348 -0.72078604 -0.635289 -0.27726424
0.6443509 -0.24117537 1.809242 0.53361446 -0.74390393 0.4023215
0.65239006 -0.22866128 1.8108314 0.9017394 -0.13383949 0.41103896
0.6197836 -0.2137281 1.7930194 -0.69475883 0.5872693 -0.41524082
0.6448826 -0.21604998 1.8500737 0.7862914 0.6106191 0.09428665
0.62817645 -0.2159578 1.8592082 -0.32445377 0.7603854 0.56262237
0.64419687 -0.24221371 1.8458002 0.75443596 -0.60913575 -0.24449944
0.6197934 -0.22328843 1.8608654 -0.64349747 0.50433683 0.5758084
0.64872885 -0.23059687 1.845421 0.951379 -0.039576862 -0.30546945
0.6184705 -0.24688686 1.8542069 -0.5862525 -0.78017086 0.21826886
0.62850386 -0.2504728 1.8452408 0.043575566 -0.9815358 -0.18624926
0.61557 -0.23235786 1.8601748 -0.8687975 0.117574796 0.48100638
0.6202307 -0.20440876 1.8391923 -0.25277966 0.8588382 0.44553274
0.61882335 -0.19936143 1.8223926 -0.23298539 0.9707976 -0.057182662
0.6184371 -0.20095186 1.8303083 -0.2544707 0.9228393 0.28915805
0.6015546 -0.22208737 1.820932 -0.9782741 0.12294209 -0.16692832
0.6045296 -0.22586642 1.8364443 -0.92993426 0.040647227 0.36547244
0.6020557 -0.22297421 1.8287104 -0.975105 0.08778283 0.20362802
0.6093008 -0.21402739 1.8381121 -0.7502651 0.4844289 0.44992325
0.6063985 -0.20959401 1.8211012 -0.7973134 0.58346236 -0.15447637
0.6065941 -0.2111468 1.8295683 -0.79887855 0.53975093 0.26544678
0.6380289 -0.21992426 1.8284428 0.99381924 0.09899848 0.050224867
0.6181406 -0.24152277 1.8234737 -0.09311691 -0.99152017 -0.090647146
0.6313999 -0.23406255 1.826046 0.66246045 -0.7444258 -0.08352496
0.60391027 -0.23571132 1.8186955 -0.80947995 -0.55974627 -0.1772747
0.6058931 -0.23766468 1.8331819 -0.7982056 -0.59486604 0.094880186
0.6043302 -0.23641853 1.8259941 -0.7835969 -0.62059397 0.028966693
0.6350294 -0.20403294 1.8231117 0.63134825 0.7571174 0.16784725
0.63463515 -0.20571204 1.8344344 0.61858594 0.78262925 0.069590546
0.63371146 -0.2042675 1.8288999 0.63655543 0.7537669 0.16319492
0.6368625 -0.21969487 1.7592113 -0.49867582 0.5372347 -0.68022156
0.65565014 -0.22707026 1.7904747 0.77025306 0.08313218 0.6322969
0.64047307 -0.24964094 1.7794313 -0.26704913 -0.93746066 0.22327633
0.6513895 -0.24266824 1.7869229 0.26218107 -0.6416799 0.72076905
0.63519746 -0.24656273 1.7634242 -0.63980156 -0.64864045 -0.41221297
0.62693703 -0.24307597 1.7776012 -0.71048886 -0.6656402 -0.22831705
0.6302871 -0.24426834 1.7701523 -0.7155874 -0.64957744 -0.25687313
0.65719795 -0.21100344 1.7824904 0.671333 0.69799054 0.24924135
0.66447175 -0.21339469 1.7734634 0.46995816 0.8678769 0.16102524
0.6600425 -0.21153355 1.7763385 0.501289 0.8427572 0.19613633
0.6131151 -0.2185283 1.8479578 -0.7260946 0.461279 0.50991017
0.6086975 -0.22984415 1.8453801 -0.91578376 -0.012491786 0.40147725
0.625294 -0.20763682 1.8463589 -0.11586658 0.86842275 0.48209637
0.630285 -0.23204276 1.8743438 -0.07799963 0.028579902 0.99654365
0.6214787 -0.23984088 1.8687083 -0.5703345 -0.3835372 0.726373
0.6372112 -0.22206983 1.8691165 0.30798078 0.5965188 0.7411567
0.63285744 -0.21440105 1.8585469 0.12173159 0.85803753 0.498952
0.6151755 -0.23755994 1.8584255 -0.87718415 -0.26152986 0.40267873
0.6114036 -0.44069722 1.7294986 0.1657466 0.25408953 -0.95287275
0.5938907 -0.4827276 1.741972 -0.18091607 -0.84443134 -0.5041876
0.603261 -0.46716616 1.7262622 0.12856941 -0.38394493 -0.91436106
0.54160815 -0.4375514 1.7166177 -0.15613604 -0.12486472 -0.97981143
0.5204067 -0.42636183 1.7265085 -0.62942564 0.16109394 -0.760179
0.52200115 -0.44882587 1.7302363 -0.6479352 -0.55349255 -0.5232839
0.48625582 -0.37736583 1.828946 -0.70993054 0.68938 0.14406155
0.47402373 -0.40291703 1.8309562 -0.975202 0.0006029378 0.22131549
0.47607994 -0.3895559 1.8281059 -0.8878711 0.42551875 0.1749823
0.49079087 -0.37727684 1.8539002 -0.5663729 0.7718907 0.28880203
0.4810807 -0.40080866 1.8568988 -0.8964886 -0.10571359 0.4302706
0.48590803 -0.38667554 1.8623625 -0.75719935 0.41467017 0.5046759
0.512917 -0.37844172 1.8547553 0.57628334 0.6826432 0.44932815
0.49859565 -0.40980405 1.8617904 0.11742274 -0.6513164 0.7496658
0.50540006 -0.39280146 1.8686453 0.3771327 0.018645834 0.9259715
0.5093705 -0.41378874 1.8503715 0.5331813 -0.7007512 0.4739889
0.51945853 -0.3878099 1.8504757 0.908618 0.23696104 0.34389365
0.5078528 -0.37233767 1.8214631 0.47169778 0.8737399 -0.11865837
0.51591665 -0.39696607 1.857239 0.7893847 -0.20288652 0.5794039
0.5140626 -0.44304064 1.7371101 -0.7910506 -0.4571558 -0.4065064
0.5323038 -0.45449606 1.7264305 -0.40734434 -0.6695926 -0.62106067
0.5422036 -0.4147117 1.7216946 -0.07493751 0.5848046 -0.8077053
0.5948455 -0.42397583 1.7736217 -0.35820845 0.7258269 0.58724946
0.58044153 -0.4697712 1.7793168 -0.4970535 -0.4282509 0.7546781
0.5846158 -0.44825184 1.7839441 -0.33632785 0.12051537 0.9340019
0.61011183 -0.49755445 1.771905 -0.30196387 -0.9518312 0.05324608
0.4876455 -0.42176342 1.8281317 -0.3160531 -0.94094294 0.12139483
0.5538392 -0.42034122 1.7186408 0.1451892 0.45153823 -0.88035977
0.52222675 -0.39197665 1.8219088 0.9426757 0.16613951 -0.28941357
0.51990926 -0.40756127 1.824587 0.87149787 -0.44160122 -0.21325983
0.50795376 -0.42082605 1.8271229 0.43774945 -0.8933409 -0.1015754
0.53265846 -0.4093657 1.7286856 -0.23348162 0.68796057 -0.6871656
0.6015481 -0.4183688 1.7494735 -0.29658782 0.8763245 -0.37959337
0.5774127 -0.42231366 1.7687043 -0.11521276 0.7997346 0.5891948
0.58524823 -0.4184344 1.7411398 0.25639766 0.93213296 -0.2557116
0.57917815 -0.4309247 1.7217878 0.30853957 0.39864781 -0.8636453
0.5529092 -0.45535064 1.766344 -0.52376723 -0.35695264 0.7734679
0.5580164 -0.46633893 1.7295798 -0.25665268 -0.76959574 -0.58468103
0.5491487 -0.46700227 1.750919 -0.4924079 -0.84003633 0.22775708
0.5608639 -0.4369657 1.7724897 -0.4178114 0.23424083 0.87781817
0.5695321 -0.45054975 1.7189279 0.03888391 -0.23598579 -0.9709782
0.5099688 -0.39406747 1.7553906 -0.25943124 0.7036171 -0.6615273
0.528536 -0.38915002 1.7673671 0.48389745 0.86896056 -0.10368608
0.51816005 -0.43398985 1.7868847 0.23153676 -0.72139823 0.6526679
0.49470776 -0.4266747 1.763117 -0.7916462 -0.46344778 -0.39813614
0.5031918 -0.43791097 1.7776482 -0.4173683 -0.88383466 0.21128194
0.5309989 -0.4196702 1.7887074 0.63492346 -0.28157732 0.7194348
0.5355978 -0.404938 1.7841845 0.801754 0.29254988 0.52115744
0.49861354 -0.4108999 1.7550255 -0.6895401 0.14909355 -0.7087352
0.51165986 -0.3738294 1.8337274 0.5376229 0.842314 0.038324498
0.48929408 -0.37588367 1.8397663 -0.6089525 0.7869548 0.09939234
0.52033603 -0.40264523 1.8407985 0.9189138 -0.3363307 0.20610462
0.47908428 -0.3881218 1.8426875 -0.8914352 0.4046393 0.20398608
0.5225347 -0.3900158 1.83651 0.9734 0.22174975 0.057613928
0.49302888 -0.41933006 1.8461937 -0.19479659 -0.912881 0.35875136
0.50943154 -0.41905725 1.8389763 0.48643005 -0.84814733 0.20983791
0.47831276 -0.40316275 1.8456435 -0.9545039 -0.1299392 0.26839906
0.4838325 -0.3730148 1.8037082 -0.47753698 0.87847924 -0.015255952
0.48807362 -0.37898067 1.778726 -0.34288046 0.7586459 -0.553976
0.48374066 -0.37466744 1.7914424 -0.45535266 0.8528503 -0.25553915
0.4734781 -0.41448104 1.7854431 -0.8258701 -0.46810067 -0.3143572
0.46911377 -0.40902504 1.8097557 -0.93696547 -0.31280285 0.15572448
0.46898374 -0.41070437 1.7979307 -0.9302133 -0.36191973 -0.060970146
0.47061273 -0.39110178 1.8063515 -0.9302476 0.35966578 0.07266289
0.47689775 -0.3981293 1.77571 -0.75897413 0.16936266 -0.62870866
0.4706645 -0.3934941 1.7888902 -0.9130257 0.2932267 -0.28355265
0.5124743 -0.39190623 1.8050054 0.95845276 0.27463612 0.07709334
0.49842572 -0.41918322 1.8058888 0.33898792 -0.8897129 0.30577454
0.5090329 -0.4060126 1.8066713 0.87054455 -0.44426358 0.21161777
0.4848092 -0.42469594 1.7993605 -0.33389923 -0.9170571 0.21798545
0.48391247 -0.42168713 1.8155645 -0.30678466 -0.94717985 0.09345353
0.48166847 -0.4219392 1.806494 -0.38038385 -0.9128724 0.14823017
0.50837404 -0.37593603 1.788948 0.44830853 0.89077854 -0.07438459
0.50453365 -0.37224716 1.8056853 0.49866658 0.85868406 -0.11829312
0.50492 -0.3738705 1.7966707 0.48461968 0.87213707 -0.067236714
0.52949685 -0.431384 1.72017 -0.4234645 0.040762413 -0.9049951
0.5535945 -0.41813692 1.7571572 0.45260274 0.6579724 0.60184973
0.53651106 -0.44684297 1.7604388 -0.07077617 -0.6243379 0.7779415
0.5473807 -0.43160993 1.7626513 0.16367559 -0.033417646 0.985948
0.5335097 -0.45918658 1.7464603 -0.4658301 -0.8617238 0.20108324
0.5204883 -0.45104063 1.7544938 -0.38342127 -0.89801025 0.21579075
0.52655995 -0.45506173 1.7484993 -0.4261126 -0.87664753 0.22342163
0.5472958 -0.40239215 1.7436266 0.45392525 0.88613933 -0.0933219
0.56200945 -0.40930644 1.7355295 0.35509643 0.9204747 -0.16319565
0.5541341 -0.4061322 1.7377164 0.37419367 0.91970086 -0.11886707
0.47474203 -0.39000362 1.8231846 -0.89808846 0.39427733 0.19489105
0.47318196 -0.40833074 1.8257148 -0.9092384 -0.3473538 0.22941414
0.4889178 -0.37237826 1.8201722 -0.4055697 0.90849704 0.100729056
0.49090847 -0.38847068 1.8688247 -0.3269743 0.25483164 0.9100267
0.48605877 -0.4049477 1.862556 -0.5226888 -0.43915814 0.7307097
0.49746975 -0.37540543 1.8574377 -0.049301546 0.8695273 0.4914181
0.4953948 -0.3725601 1.8396403 -0.1753113 0.9765959 0.124605276
0.48093894 -0.41039672 1.8457876 -0.7545751 -0.57418334 0.3176947
0.5360985 -0.47018695 1.7450275 0.1200357 -0.9896735 -0.07834383
0.50539947 -0.46709457 1.7451587 -0.27003017 -0.9591672 -0.08415458
0.519296 -0.47029483 1.7473028 -0.10765428 -0.98384756 -0.14301932
0.5355584 -0.46844584 1.7177267 0.20769753 -0.9680959 -0.1401859
0.50541246 -0.46706578 1.7168274 -0.28617793 -0.95677114 -0.051877063
0.5213523 -0.46901345 1.7093037 -0.009596119 -0.9892103 -0.1461879
0.5480907 -0.44715363 1.7081912 0.8108916 0.05629401 -0.5824824
0.49737626 -0.44832245 1.7039019 -0.71312153 0.055116042 -0.6988704
0.5222335 -0.4498769 1.6906314 0.049809583 0.007143397 -0.9987332
0.5001703 -0.4306165 1.7138001 -0.6027602 0.6108665 -0.5133441
0.5400043 -0.43066987 1.7129498 0.5783725 0.6361713 -0.51065785
0.5571678 -0.44788507 1.7458872 0.99702257 -0.011614287 -0.07623069
0.5214217 -0.42940304 1.703079 0.01752488 0.69126123 -0.72239244
0.4849254 -0.44749758 1.7470945 -0.99218464 -0.11212356 -0.05475377
0.5423636 -0.420031 1.745506 0.6292215 0.7730348 -0.08060674
0.52038115 -0.4121684 1.7445517 0.0013363957 0.99600536 -0.08928311
0.49520186 -0.42112932 1.7461803 -0.68171483 0.72798115 -0.072858796
0.5460994 -0.47674894 1.8231548 0.6587991 -0.74806255 -0.0799135
0.5572173 -0.4504515 1.8149999 0.9969791 0.07481547 -0.02086474
0.4989086 -0.427533 1.8172889 -0.65290654 0.75742525 0.0044810814
0.49435484 -0.4731136 1.8240763 -0.7641705 -0.64475614 0.018246174
0.4884461 -0.44726393 1.8203259 -0.9931203 0.11700609 -0.004645071
0.5200813 -0.42078125 1.8156703 -0.08595057 0.99601275 -0.023898026
0.5415784 -0.4247138 1.8141855 0.588273 0.8062748 -0.062095173
0.5190237 -0.4841965 1.8242974 -0.10699076 -0.9940284 -0.021457864
0.5552426 -0.4468296 1.7330881 0.9766714 0.04787886 -0.20933352
0.5381268 -0.46881953 1.7307875 0.18378362 -0.9806546 -0.06738091
0.5209149 -0.41763815 1.7244697 0.013367478 0.9311707 -0.36433822
0.52039796 -0.46884936 1.7301356 -0.07573561 -0.99648595 -0.03577381
0.542662 -0.42517638 1.7288717 0.65913844 0.700685 -0.2730878
0.48789334 -0.4486718 1.7269428 -0.97079366 -0.06399707 -0.23122312
0.4969999 -0.42477134 1.7293822 -0.669913 0.68337095 -0.29020798
0.5045596 -0.4662625 1.7299 -0.29408824 -0.95577794 0.0008260096
0.54468656 -0.47236678 1.7724482 0.54272205 -0.8166031 -0.1964996
0.544227 -0.47845164 1.7987913 0.5749772 -0.8149411 -0.07260923
0.54505384 -0.47525704 1.783533 0.57314223 -0.80165 -0.16989772
0.4945398 -0.47415534 1.7998528 -0.73398197 -0.676896 -0.055519685
0.49640527 -0.4692923 1.7727134 -0.6604604 -0.72424126 -0.19815807
0.4950267 -0.4716914 1.7847984 -0.7194429 -0.67628336 -0.15824881
0.51872396 -0.47650194 1.7725065 -0.073152475 -0.96132296 -0.26553136
0.5171439 -0.48283455 1.8000519 -0.12274851 -0.9858389 -0.11425639
0.5181364 -0.47968435 1.7844609 -0.08809514 -0.9705947 -0.2240203
0.54242325 -0.4210879 1.7802113 0.61292106 0.78783697 0.06033805
0.49546862 -0.4259148 1.7802051 -0.6986606 0.70661306 0.112121604
0.51975715 -0.41524842 1.7798389 -0.07003152 0.9912621 0.11178133
0.48768476 -0.44520694 1.7911152 -0.9930225 0.10180459 0.05951566
0.48501757 -0.44603473 1.7688056 -0.99756765 -0.038908724 0.057835814
0.48676836 -0.4454662 1.7803591 -0.9949757 0.035541154 0.093596056
0.5579261 -0.45195985 1.7953823 0.99912006 -0.005503161 0.041579757
0.5584304 -0.45050177 1.768947 0.9981264 -0.045543935 -0.04085814
0.55856967 -0.45164633 1.7815454 0.9993123 -0.036668297 0.005509753
0.71067613 -0.27513906 1.8572361 0.9687714 0.066920914 0.23875423
0.6903573 -0.23812883 1.8607084 0.41466814 0.9099719 0.001214831
0.670855 -0.23555614 1.8569287 -0.14589407 0.95837104 -0.24543795
0.5187832 -0.47197852 1.7564491 -0.09596185 -0.9769679 -0.19059154
0.49792978 -0.46558708 1.7552383 -0.59531176 -0.7960526 -0.10910629
0.5440717 -0.46943986 1.7550654 0.52367896 -0.84579444 -0.101941966
0.5212671 -0.46693563 1.700012 0.013743365 -0.75065386 -0.66055274
0.50057375 -0.46429786 1.7087857 -0.584139 -0.66849923 -0.46031561
0.5405519 -0.4652099 1.7115413 0.58541924 -0.6769325 -0.44614655
0.54612476 -0.46611574 1.7314165 0.6759883 -0.724249 -0.13602622
0.49561378 -0.46223688 1.7287927 -0.6807312 -0.72938466 -0.06784541
0.58908 -0.48673308 1.7629656 -0.45622662 -0.88294196 0.1107733
0.6055275 -0.48280546 1.7845871 -0.8326339 -0.4951905 0.24800639
0.60568124 -0.45749152 1.7814379 -0.704697 -0.26162207 0.65951204
0.6616317 -0.29324818 1.7833893 -0.7185107 0.4299926 -0.5466706
0.7151594 -0.24134801 1.7738671 0.5481204 0.8348558 0.05079173
0.65327597 -0.32508937 1.7734544 -0.78947395 0.44598213 -0.42169985
0.6718044 -0.3013254 1.7708738 -0.8888597 0.43721777 0.137
0.6552506 -0.32449523 1.7698083 -0.8004337 0.47838074 0.3611894
0.6454099 -0.34163064 1.764945 -0.69447184 0.18727434 0.6947209
0.6064759 -0.42935088 1.7855674 0.29847938 0.30403814 0.90469384
0.59743065 -0.4538183 1.7870854 0.11195524 -0.1110663 0.9874869
0.59225035 -0.4764911 1.7824706 -0.3418 -0.44447443 0.8280189
0.7000302 -0.24819908 1.7810111 -0.19227786 0.84477335 0.49938682
0.6784916 -0.28009132 1.7753507 -0.9520663 0.071765564 0.2973541
0.68313146 -0.2671974 1.7791007 -0.7400484 0.10211637 0.664756
0.694155 -0.24833158 1.7969813 -0.43262 0.88281363 -0.18297558
0.6752097 -0.26815185 1.7908632 -0.68845457 0.60572636 -0.39890596
0.65970534 -0.46444505 1.7613872 0.90588945 -0.25048414 -0.34149954
0.6335598 -0.49402893 1.7872427 0.31687307 -0.94248 0.106408946
0.6522492 -0.48391137 1.778452 0.7129458 -0.6993416 -0.05127925
0.71432775 -0.31877917 1.7675657 0.9768246 0.07707846 -0.19968167
0.7042565 -0.35962075 1.7625293 0.7774208 -0.5811196 -0.24065916
0.71502984 -0.342178 1.7726072 0.9683207 -0.2264898 -0.10515363
0.7219305 -0.25755712 1.8033373 0.92138106 0.33742088 0.19288339
0.71893466 -0.2914242 1.7702391 0.8439811 -0.40036702 -0.35693452
0.72698045 -0.2758987 1.7842662 0.995252 -0.09297587 -0.028791225
0.7175105 -0.30762148 1.7897195 0.9837396 -0.17420122 -0.043706007
0.70965075 -0.2449876 1.8143538 0.3901792 0.9187425 0.060601488
0.7145192 -0.342717 1.7928926 0.95860523 -0.27450445 0.07565239
0.63997614 -0.48357928 1.7488203 0.507511 -0.66627234 -0.546364
0.72421336 -0.28089967 1.8033075 0.9809206 -0.10518481 0.16349562
0.6108692 -0.4933275 1.7972232 -0.4221965 -0.8924297 0.1591204
0.6526548 -0.4737031 1.8181565 0.71274966 -0.6631944 0.22838786
0.64091593 -0.4581539 1.7345518 0.48402938 -0.18401307 -0.8554851
0.6212073 -0.49476382 1.7542888 0.12117084 -0.90582937 -0.4059443
0.70468736 -0.33821937 1.7334055 0.790339 -0.15799652 -0.5919471
0.7076564 -0.31459558 1.7449619 0.86885846 0.1892875 -0.45744416
0.6905147 -0.35492262 1.729668 0.60057276 -0.4045177 -0.689694
0.72325325 -0.26880434 1.7611654 0.8548025 0.003107229 -0.5189441
0.7247586 -0.255751 1.7757311 0.9322711 0.34064215 -0.12179251
0.7109311 -0.28314894 1.752626 0.58963346 -0.15734947 -0.7921953
0.7032543 -0.29544377 1.7479128 0.6975337 0.2224151 -0.6811594
0.6655551 -0.28412485 1.7694538 -0.6818682 -0.12120428 0.7213634
0.6768974 -0.28155294 1.7464732 -0.007623853 0.5932254 -0.80500025
0.66365796 -0.27687147 1.7598052 -0.8251855 0.564697 0.013644873
0.67940956 -0.29026994 1.7677711 -0.83238304 0.18052003 0.52397615
0.53344053 -0.48112524 1.920563 -0.2949636 -0.9000612 0.3207591
0.5053168 -0.46043676 1.9200016 -0.782226 -0.49108306 0.38335338
0.56441396 -0.48462975 1.9075819 0.13500401 -0.9831585 0.123179086
0.5539388 -0.46166682 1.9710371 -0.22010237 -0.79572594 0.5642474
0.5256086 -0.4426258 1.971139 -0.6816172 -0.40522248 0.6092558
0.58317953 -0.46852717 1.9530805 0.26128125 -0.9073081 0.3294298
0.56781095 -0.43095797 2.0064073 -0.36955896 -0.68057895 0.63264394
0.54442203 -0.41513497 1.9987308 -0.72292286 -0.26007473 0.6401122
0.6006016 -0.44162464 1.9978071 0.22156277 -0.86299855 0.45403025
0.59157336 -0.423389 2.0285578 -0.10427521 -0.95981735 0.26053274
0.5518412 -0.40357336 2.0608475 -0.8289189 -0.5552435 -0.06780943
0.56747895 -0.4176476 2.0608058 -0.4493963 -0.89197123 0.0492983
0.557069 -0.397207 2.0196116 -0.93412447 -0.27584755 0.22653809
0.545947 -0.38482997 2.0543408 -0.9897856 -0.092440985 -0.10853183
0.6442549 -0.26205912 2.0210814 -0.17463301 0.9260938 0.33444506
0.680578 -0.27579194 2.026366 0.8017121 0.5922483 0.08061971
0.6754593 -0.28120893 2.073132 0.45171684 0.8584097 0.24307325
0.6883052 -0.28855535 2.0626984 0.8105602 0.575329 0.10949287
0.6518384 -0.27531135 2.0669997 0.008464108 0.9714734 0.23699749
0.65502477 -0.4017986 1.9844269 0.78124887 -0.6084105 0.13959533
0.67029303 -0.3941627 1.925452 0.90444696 -0.4072557 0.12695885
0.6896231 -0.2451911 1.9068403 0.7525568 0.62826985 0.19732015
0.7092192 -0.30186683 1.8563143 0.97666717 -0.0935887 0.19329336
0.6823386 -0.36148006 1.9216182 0.9366005 -0.33476847 0.10348701
0.6813293 -0.35203 1.9791945 0.94720495 -0.3199615 -0.020673372
0.6855572 -0.24814822 1.8148046 -0.36733195 0.881201 -0.2975767
0.6935411 -0.33015302 1.9187181 0.9637228 -0.23064947 0.1343096
0.69052124 -0.29470277 1.9833038 0.9869857 0.116171084 0.11119155
0.62841433 -0.42809042 1.9904172 0.5964809 -0.7659629 0.23981528
0.66736245 -0.25930604 1.9999437 0.472266 0.8317297 0.29187405
0.6417957 -0.2479589 1.9910482 -0.08894559 0.910048 0.40484712
0.68104595 -0.2723529 1.9947662 0.85087603 0.48922396 0.19149397
0.6086561 -0.25706893 1.9786072 -0.64207745 0.70388466 0.30378097
0.5548585 -0.3414271 1.9744942 -0.81256765 0.5450357 0.20656686
0.53528404 -0.38069066 1.9856995 -0.86033976 0.27632353 0.4283232
0.6105082 -0.38084874 1.813964 -0.7879773 0.3560436 -0.50231934
0.5755585 -0.35215634 1.8649834 -0.55090487 0.6130591 -0.5662706
0.54332584 -0.34276858 1.9346331 -0.76417226 0.64439505 -0.02820885
0.5757656 -0.31532672 1.9365249 -0.8034877 0.5765825 -0.14818949
0.60075706 -0.33045417 1.8663071 -0.7294022 0.49893627 -0.46801168
0.62463075 -0.34313613 1.8130158 -0.81951797 0.35533857 -0.4495829
0.5906233 -0.27913642 1.9362644 -0.8825733 0.45560688 -0.11613261
0.61427104 -0.29204825 1.8680462 -0.8116385 0.30176324 -0.5001818
0.63788295 -0.310179 1.8153318 -0.8334033 0.40206602 -0.37918568
0.56076926 -0.4094409 1.8553535 -0.36215007 0.13762979 -0.9219031
0.50813025 -0.41325074 1.8974557 -0.8523052 0.5181175 -0.0716251
0.52784604 -0.4037349 1.8703084 -0.5457301 0.6765474 -0.4944312
0.56073606 -0.34296262 1.8939154 -0.5808764 0.71342474 -0.39192814
0.5882303 -0.3244105 1.8973575 -0.7191157 0.5638548 -0.40612847
0.60227805 -0.28526372 1.8948681 -0.8475479 0.38467175 -0.36563662
0.5588379 -0.38358825 1.8556881 -0.6138215 0.3096472 -0.72618306
0.5388041 -0.37082553 1.8846694 -0.71877325 0.5477081 -0.42822987
0.5190354 -0.38367066 1.9341738 -0.89498895 0.44408017 0.042279076
0.62988794 -0.484038 1.8221804 0.25390545 -0.92402875 0.2858371
0.59951615 -0.47686324 1.7928833 -0.9113242 -0.3005082 -0.2813948
0.6025151 -0.48234513 1.8262028 -0.5224927 -0.85064715 0.05831576
0.5903493 -0.46110418 1.8249843 -0.9704056 -0.22545691 -0.08649945
0.6071436 -0.4785551 1.8689424 0.14119892 -0.9792253 0.14553618
0.59023297 -0.4747343 1.85604 -0.67519826 -0.7135533 -0.18694633
0.59372723 -0.44218948 1.8552263 -0.768652 -0.31639627 -0.55593836
0.5755883 -0.44540936 1.8598539 0.0977237 -0.23196886 -0.96780187
0.59911984 -0.4512176 1.7932061 -0.9036543 -0.013239655 -0.42805797
0.5787724 -0.47157192 1.8703715 -0.04681242 -0.7958165 -0.60372573
0.58726585 -0.43751755 1.816237 -0.9658736 -0.02980041 -0.2572938
0.5793513 -0.42167488 1.8420824 -0.7748217 -0.33783415 -0.53434026
0.59256727 -0.36612543 1.83887 -0.6367143 0.4450253 -0.62972015
0.6122852 -0.33594808 1.839666 -0.77168924 0.45792857 -0.4413582
0.62970906 -0.3033063 1.8412478 -0.8090226 0.35619828 -0.46755242
0.633505 -0.3490587 1.7877653 -0.8311632 0.36987567 -0.4151622
0.64350677 -0.31700486 1.7946913 -0.8224254 0.37773782 -0.42535928
0.6166594 -0.3852949 1.7860651 -0.8458782 0.36108196 -0.39256838
0.6051126 -0.41741714 1.7856035 -0.8685771 0.20674679 -0.45036608
0.5978945 -0.40867108 1.8140013 -0.8349675 0.24958129 -0.49044713
0.5775597 -0.39691862 1.8339844 -0.69390565 0.07797685 -0.71583134
0.4975555 -0.43650487 1.9097335 -0.96746033 0.12893245 0.21770842
0.6750687 -0.40165702 1.8657972 0.91743433 -0.34763572 0.19355544
0.6887599 -0.3670773 1.8630607 0.9134555 -0.36801195 0.17368445
0.7047464 -0.33297446 1.862619 0.9477704 -0.25987387 0.1849234
0.58841664 -0.48053616 1.892762 0.23556292 -0.970538 0.050656244
0.6324874 -0.46384582 1.872918 0.55796 -0.777078 0.2912567
0.61457205 -0.46126047 1.9160587 0.5017299 -0.8275735 0.25177234
0.6525247 -0.42751038 1.9269124 0.7632857 -0.6107756 0.2105898
0.6621875 -0.43596473 1.8689638 0.8317475 -0.5044325 0.23182747
0.5121926 -0.41163293 1.9525173 -0.9300548 0.13340378 0.3423472
0.52126867 -0.48545235 1.8808429 -0.2602743 -0.9613527 0.08976796
0.51948106 -0.4850296 1.8543348 -0.17478691 -0.9843647 -0.02181345
0.5198864 -0.48535734 1.8674867 -0.20912297 -0.97788906 0.0007273321
0.49472854 -0.46855608 1.8810066 -0.8257914 -0.5308527 0.19043094
0.4938238 -0.47084188 1.8534201 -0.79263616 -0.6080609 0.04460747
0.49407864 -0.46973294 1.8665092 -0.8193079 -0.567864 0.079151325
0.5500311 -0.47884747 1.8475617 0.58880854 -0.780925 -0.2084723
0.55863523 -0.47986957 1.8680453 0.34549254 -0.8654139 -0.36289623
0.55346423 -0.47988155 1.8583105 0.530687 -0.8085561 -0.2541817
0.5493146 -0.42101422 1.8406845 0.52291346 0.68353707 -0.50925297
0.65293515 -0.2318005 1.9058022 -0.13993956 0.9886451 -0.05475175
0.6712278 -0.23394479 1.909251 0.32605934 0.93994623 0.1009274
0.50136364 -0.42402276 1.8528874 -0.69305617 0.7185736 -0.05766374
0.6681456 -0.24353151 1.9621427 0.4349895 0.8566219 0.27745816
0.6832015 -0.25434768 1.9584848 0.7653837 0.60018945 0.23229387
0.5229446 -0.41528675 1.8455187 -0.14852259 0.9517121 -0.26867288
0.7059755 -0.25283486 1.8569517 0.8583398 0.46795824 0.21039918
0.6437437 -0.23427862 1.9540838 -0.0770413 0.9769809 0.1989294
0.49102205 -0.44365525 1.8761785 -0.97708863 0.17628653 0.11925155
0.4875285 -0.4458495 1.8487158 -0.9879546 0.15211645 0.028394597
0.4886151 -0.44519466 1.8608254 -0.979957 0.17198162 0.10053145
0.55832314 -0.45133278 1.8333414 0.9729073 -0.011212823 -0.2309233
0.5671072 -0.44833532 1.8530843 0.7395475 -0.09381457 -0.6665346
0.56197256 -0.45118427 1.8433622 0.9146827 -0.083768144 -0.39539677
0.67627376 -0.37468788 2.017512 0.8299759 -0.55167526 -0.082427636
0.6887564 -0.32189864 1.9810576 0.9896971 -0.14314322 0.0031064907
0.6715877 -0.3759364 1.9808459 0.88675386 -0.4615077 0.026042001
0.6915584 -0.32402 2.0183902 0.99831694 -0.02038178 -0.054294437
0.68750995 -0.3595933 2.0529296 0.91668963 -0.37594256 -0.13545199
0.69411606 -0.33369523 2.0511796 0.9871649 -0.105269745 -0.120099045
0.6748065 -0.37853712 2.0481536 0.78738683 -0.6080244 -0.101627655
0.69780844 -0.27245957 1.9126657 0.9685379 0.17507042 0.17687482
0.69767153 -0.29820755 1.917319 0.98844594 -0.047080584 0.14407612
0.6940124 -0.27444696 1.9511417 0.9606143 0.23324464 0.15105288
0.6095219 -0.24693635 1.9408213 -0.6654204 0.746226 -0.01903492
0.6290551 -0.24359474 1.8923867 -0.6003046 0.7560203 -0.26089785
0.6384846 -0.27236795 1.8440441 -0.7435962 0.40956983 -0.5285047
0.65284556 -0.25042564 1.8471177 -0.5698949 0.6801307 -0.46113127
0.669993 -0.2627192 1.8127091 -0.6448107 0.6384142 -0.42029324
0.65240484 -0.28518075 1.8102124 -0.7729334 0.4770435 -0.41833404
0.6266495 -0.26260954 1.8666546 -0.7458511 0.48777276 -0.45363414
0.5849909 -0.29719922 1.9717662 -0.8635531 0.49687457 0.085974894
-0.109454595 -0.9073273 3.5628366 0.08548254 0.032828152 -0.9957987
-0.09607504 -0.901499 3.566034 0.16469668 0.116193555 -0.97947633
-0.053597372 -0.8808675 3.5722039 0.10488502 -0.7240261 0.6817516
-0.06128943 -0.88425875 3.5707817 0.25785258 -0.68216866 0.68422073
-0.08298377 -0.8958164 3.568405 0.10974244 0.05947227 -0.9921793
-0.072392 -0.88838625 3.5697165 0.047818076 0.17975982 -0.98254764
-0.09597172 -0.89870375 3.5660484 -0.1861252 -0.013597212 0.98243195
-0.10932915 -0.90336823 3.5631173 -0.09112263 -0.14858885 0.98469186
-0.05370824 -0.8786087 3.5737836 -0.1139865 0.473281 -0.8735057
-0.061450098 -0.8822285 3.5724027 -0.058621746 0.49504346 -0.8668884
-0.07217409 -0.8860269 3.5696964 -0.18071489 0.046012945 0.9824586
-0.08321001 -0.8927597 3.5682952 -0.14136405 -0.001626348 0.9899564
-0.04944093 -0.87835443 3.5733075 -0.8880981 0.45087382 0.08941176
-0.10943113 -0.90361863 3.5641685 0.097381115 0.51414084 -0.8521597
-0.096060805 -0.8989224 3.5669672 -0.057169262 0.54446775 -0.8368312
-0.053647265 -0.8783984 3.5728998 -0.17350551 0.054375604 0.98333067
-0.06138172 -0.8820023 3.5714543 -0.18625931 0.036062125 0.9818386
-0.08327654 -0.89298666 3.5692446 -0.15116738 0.5123826 -0.8453476
-0.07223902 -0.88625395 3.570649 -0.14963014 0.56113064 -0.8140905
-0.095711865 -0.89547336 3.5648088 -0.37386504 0.59227026 0.7137512
-0.10906436 -0.90023524 3.561768 -0.044703662 0.5662828 0.82299775
-0.053548887 -0.87591153 3.5758796 -0.35692307 0.73228186 -0.57997346
-0.06153499 -0.8798556 3.574739 -0.2875045 0.83310294 -0.4725259
-0.07198153 -0.88276815 3.568337 -0.4008589 0.60956943 0.68391323
-0.083024345 -0.88949835 3.5669343 -0.41944063 0.59314424 0.687204
-0.048523232 -0.87422556 3.5742126 -0.9660643 0.23175515 0.11405911
-0.10954786 -0.9014225 3.5667527 0.083424985 0.8727415 -0.48100147
-0.096165955 -0.8965875 3.569489 -0.2680741 0.86656946 -0.42094386
-0.053272 -0.87496376 3.5718973 -0.48783505 0.41346344 0.7688074
-0.06121123 -0.87876314 3.570163 -0.38320887 0.5856874 0.7142277
-0.08336442 -0.89065397 3.5717702 -0.38777715 0.8259042 -0.40928113
-0.07230719 -0.8838965 3.573073 -0.34126207 0.8361299 -0.42944965
-0.09518429 -0.89238614 3.5599737 -0.36078727 0.66684943 0.652031
-0.10858626 -0.89635557 3.557189 -0.038133778 0.6446046 0.7635644
-0.05372491 -0.8744438 3.5792902 -0.56033427 0.62536037 -0.54309297
-0.06181225 -0.87901866 3.5793197 -0.365685 0.8318364 -0.4175196
-0.07170576 -0.87966084 3.5634289 -0.43134132 0.6138442 0.6611656
-0.082606 -0.88634115 3.5618386 -0.4422209 0.6499135 0.6181044
-0.048236888 -0.87049913 3.5746076 -0.97648895 0.21498193 0.015872873
-0.10995326 -0.90009636 3.572831 0.074596904 0.92102903 -0.3822838
-0.09663823 -0.89604956 3.5753496 -0.26492202 0.89350665 -0.3625771
-0.052952796 -0.87183696 3.5683548 -0.6399294 0.43882945 0.63080823
-0.060838316 -0.87578297 3.5657816 -0.4270915 0.59362483 0.68205744
-0.08381614 -0.8900588 3.577383 -0.40261766 0.8435015 -0.3555336
-0.072643116 -0.8832233 3.5783784 -0.3886589 0.8467013 -0.36337453
-0.09492281 -0.881404 3.5530524 -0.24470796 0.32862496 0.91220814
-0.10806633 -0.88386226 3.5512297 -0.062515885 0.31081185 0.9484133
-0.053760715 -0.8667661 3.5852892 -0.6896441 0.35514432 -0.63108116
-0.06197275 -0.87205654 3.587413 -0.3727226 0.56965166 -0.7325126
-0.0711342 -0.8695748 3.558434 -0.36345938 0.25803348 0.8951625
-0.08206484 -0.8758784 3.5553555 -0.34027562 0.30721715 0.88872385
-0.047985297 -0.86146367 3.5760384 -0.99662536 0.07147557 -0.040363252
-0.11045839 -0.891632 3.5834188 0.09179357 0.6954574 -0.71268016
-0.09712554 -0.8891352 3.5851462 -0.12380161 0.69668293 -0.70661587
-0.052539203 -0.8619591 3.565042 -0.71909374 0.12082445 0.68432856
-0.060243268 -0.8658817 3.5615072 -0.40789494 0.2318006 0.8831139
-0.08426128 -0.883407 3.58673 -0.27980492 0.66824305 -0.68931884
-0.07301486 -0.876563 3.5877194 -0.2978522 0.638485 -0.70966256
-0.09351912 -0.85427403 3.550352 -0.11895139 -0.04933685 0.9916735
-0.106843926 -0.8569687 3.5489388 -0.09234242 -0.038389064 0.9949871
-0.05357349 -0.84353113 3.5954864 -0.7664768 0.14756733 -0.6250897
-0.062094834 -0.8486665 3.6000795 -0.423707 0.2746514 -0.8631563
-0.07035646 -0.84242564 3.5556297 -0.26969036 -0.070387736 0.96037114
-0.080887936 -0.8486494 3.5522892 -0.20071003 -0.05043638 0.9783515
-0.11068886 -0.8688545 3.598168 0.09511592 0.4262356 -0.8995978
-0.0969301 -0.866425 3.6010268 0.002776186 0.41021416 -0.91198504
-0.05174934 -0.8360721 3.564116 -0.7791196 -0.08180187 0.6215152
-0.05959583 -0.8388867 3.55914 -0.39517713 -0.0708861 0.91586584
-0.0840119 -0.8605671 3.602129 -0.17142244 0.3780047 -0.909795
-0.073089436 -0.85350305 3.6019845 -0.24917766 0.32548946 -0.9121223
-0.09324979 -0.8227031 3.5578241 0.01346883 -0.3378505 0.9411034
-0.10622198 -0.8255463 3.5565464 -0.095716044 -0.339316 0.93579006
-0.055096213 -0.812662 3.6010833 -0.71105695 -0.09218151 -0.69706565
-0.06383734 -0.8175752 3.605581 -0.3316019 -0.021917349 -0.9431648
-0.071052335 -0.8112805 3.562665 -0.11525085 -0.36623323 0.9233582
-0.08140069 -0.8171596 3.5592031 -0.042715862 -0.34264383 0.9384938
-0.10979369 -0.83638483 3.6056623 0.08669813 0.077624455 -0.99320585
-0.09647603 -0.8343926 3.608133 0.08137705 0.05259504 -0.9952947
-0.05304301 -0.8052043 3.5704405 -0.7459445 -0.34821516 0.5677261
-0.061158016 -0.807772 3.565431 -0.27288517 -0.35995707 0.8921685
-0.08448752 -0.8288284 3.6084645 -0.02644981 0.022183862 -0.99940395
-0.07412905 -0.8222498 3.6079307 -0.12732704 -0.010803693 -0.9918019
-0.096798755 -0.79356426 3.5728886 0.04545764 -0.5418448 0.83924836
-0.1069711 -0.7957151 3.572873 -0.047088236 -0.4625882 0.885322
-0.06281995 -0.7884654 3.600692 -0.50455046 -0.34575468 -0.79112744
-0.070778795 -0.78934526 3.6022258 -0.07680013 -0.31808016 -0.9449481
-0.078044355 -0.78586507 3.5769312 0.023737729 -0.65884465 0.7519044
-0.086622134 -0.7899125 3.574417 0.069112614 -0.6124668 0.7874692
-0.10921509 -0.7992059 3.6017883 0.06350634 -0.2914837 -0.9544654
-0.09872062 -0.7983188 3.6022265 0.09619079 -0.27891022 -0.95548755
-0.061377432 -0.7834899 3.5806096 -0.47223097 -0.7580105 0.44990885
-0.06912377 -0.78363717 3.5792696 -0.11397788 -0.73068297 0.67313546
-0.08849594 -0.7957086 3.6028786 0.12201368 -0.2835207 -0.95117223
-0.079872906 -0.7921189 3.6029582 0.067913875 -0.30440137 -0.95011973
-0.11429717 -0.7756469 3.5828176 0.17978075 -0.9192967 0.35010353
-0.098585285 -0.77536553 3.5918696 0.123759046 -0.95688844 -0.26277035
-0.088454105 -0.77453995 3.5925226 0.12956709 -0.97128344 -0.19955169
-0.07938757 -0.7735495 3.5933037 0.04201059 -0.97278404 -0.22787346
-0.07048695 -0.77439517 3.5933483 -0.2845811 -0.9352111 -0.21069805
-0.060609415 -0.7814375 3.591733 -0.730427 -0.66978675 -0.13364871
-0.049192928 -0.8080329 3.5861847 -0.97224635 -0.20600145 -0.110907614
-0.047372133 -0.8387584 3.5799477 -0.9986667 -0.004354945 -0.05143787
-0.18143757 -0.8995502 3.72077 -0.103561126 -0.91913736 -0.380081
-0.20068611 -0.89583474 3.7166579 -0.28154787 -0.89082104 -0.35660714
-0.18373393 -0.90535116 3.7298226 -0.07442302 -0.9918664 -0.10325827
-0.20206083 -0.9013386 3.7262866 -0.31782156 -0.93764323 -0.1407641
-0.22665876 -0.8791049 3.7254655 -0.8376817 -0.4821189 -0.25661412
-0.22700675 -0.88599557 3.7339935 -0.8161739 -0.5684575 0.10351958
-0.23175012 -0.8715636 3.7337635 -0.89787966 -0.4372961 -0.05083557
-0.22858007 -0.8779431 3.7405326 -0.73119825 -0.4977973 0.46641937
-0.2340456 -0.8669008 3.743051 -0.75161505 -0.5430569 -0.37438482
-0.22843304 -0.8736531 3.7438684 -0.69234943 -0.6316554 -0.34880328
-0.23469912 -0.87638396 3.7482848 -0.61024946 -0.33024377 -0.7200935
-0.2306318 -0.8784449 3.7450187 -0.372502 -0.18762018 -0.90886784
-0.23006552 -0.8893263 3.7530262 -0.5207111 -0.45144355 -0.7246093
-0.22913787 -0.8895899 3.7474866 -0.73901266 -0.3853177 -0.5526215
-0.22154343 -0.90603757 3.7569346 -0.21159208 -0.44471258 -0.87032145
-0.21980023 -0.90454936 3.750178 -0.50509703 -0.61441594 -0.6061106
-0.21732554 -0.8945691 3.728998 -0.53634286 -0.8440001 -0.0003188497
-0.21717148 -0.88854665 3.7191064 -0.6041789 -0.72240835 -0.33629435
-0.206917 -0.9143237 3.7608628 -0.1344691 -0.55118746 -0.8234746
-0.20601663 -0.9133328 3.752427 -0.27833745 -0.8303528 -0.48274466
-0.1851602 -0.91901964 3.760117 -0.22826645 -0.42437536 -0.8762419
-0.18652505 -0.9155841 3.7520444 -0.0907797 -0.7733285 -0.6274728
-0.16585445 -0.9169033 3.751504 -0.35829845 -0.43902853 -0.8239394
-0.17071737 -0.9091341 3.744697 -0.2472658 -0.563291 -0.7883926
-0.15522894 -0.9139903 3.7429807 -0.56970817 -0.6269865 -0.53133845
-0.16062683 -0.9088949 3.7397335 -0.51082486 -0.669048 -0.53984517
-0.15258667 -0.9131789 3.7327287 -0.7793297 -0.62317383 -0.065571256
-0.15929648 -0.9069406 3.7350996 -0.63262326 -0.7506678 -0.19048794
-0.15881267 -0.906739 3.726279 -0.6097161 -0.7855849 0.10536915
-0.16422124 -0.9046464 3.7330105 -0.23519905 -0.9610909 0.14486448
-0.16920123 -0.90215266 3.7247064 -0.20260397 -0.9564036 -0.21034196
-0.17175971 -0.9053221 3.7326143 0.060050555 -0.99625427 0.062220633
-0.17812547 -0.9014472 3.705127 -0.39986938 -0.8710334 0.2853161
-0.19958498 -0.8945921 3.7021048 -0.37447894 -0.908654 0.18469805
-0.21922523 -0.8848421 3.7051384 -0.5575142 -0.8241807 0.099519536
-0.16375722 -0.9079666 3.7115588 -0.61392844 -0.7233161 0.31607875
-0.23847625 -0.86261725 3.7289271 -0.7496915 -0.6531633 0.106491044
-0.24248551 -0.85607886 3.7429218 -0.7529905 -0.58478004 -0.30172423
-0.24358077 -0.8704367 3.7517269 -0.6044647 -0.33281755 -0.7237781
-0.15011933 -0.9217032 3.744057 -0.7234054 -0.42604476 -0.5432959
-0.14800674 -0.9208912 3.731693 -0.9024408 -0.43030545 0.020926
-0.15373601 -0.9162679 3.7181988 -0.804595 -0.5256611 0.27623782
-0.22946703 -0.91228527 3.759524 -0.41312423 -0.46203348 -0.7847633
-0.21244587 -0.92577994 3.7619178 -0.21439175 -0.35943982 -0.9082066
-0.1860814 -0.9332265 3.7589426 -0.22022375 -0.1736404 -0.95987004
-0.16166109 -0.9280904 3.7522478 -0.35171276 -0.21318285 -0.9115104
-0.2389486 -0.89272225 3.7565947 -0.54860705 -0.3412156 -0.7632838
-0.23176578 -0.87189883 3.715608 -0.6836352 -0.72012717 0.118573986
-0.14631985 -0.9315687 3.7464652 -0.58947796 -0.5119641 -0.6248268
-0.14310043 -0.93115824 3.7329233 -0.81611645 -0.57772696 -0.013617297
-0.14631647 -0.9309228 3.714773 -0.80566704 -0.55872226 0.1967994
-0.13782169 -0.9402286 3.7488332 -0.22196783 -0.82135713 -0.52545476
-0.13510974 -0.9390721 3.735268 -0.49946287 -0.8650807 0.046606295
-0.13494936 -0.94383854 3.718107 -0.5313782 -0.81607115 0.22729957
-0.13290644 -0.9555362 3.6818755 -0.562656 -0.7931843 0.2329739
-0.13190374 -0.970537 3.6332805 -0.5106524 -0.82754767 -0.23323591
-0.13020466 -0.95973766 3.6199307 -0.47153094 -0.32520267 -0.8196961
-0.122667626 -0.95265925 3.6156003 -0.44342843 -0.058116026 -0.89442366
-0.13213924 -0.9615406 3.6651762 -0.5993485 -0.74031276 0.3044969
-0.13398162 -0.9496985 3.700777 -0.5163484 -0.8254494 0.22807385
-0.17609718 -0.90677893 3.693837 -0.47797474 -0.8601679 0.17790811
-0.200569 -0.89757514 3.6880429 -0.41187608 -0.89929986 0.14703004
-0.22420724 -0.8842127 3.690358 -0.60465604 -0.7930139 0.074296676
-0.15915704 -0.91716474 3.7024906 -0.7210168 -0.6577457 0.21795718
-0.23740025 -0.91631293 3.7693007 -0.6964649 -0.5524973 -0.45791194
-0.2152664 -0.9356324 3.7686071 -0.44969362 -0.65207165 -0.6103918
-0.18747199 -0.94568986 3.7636738 -0.30035344 -0.6106439 -0.7327359
-0.15706974 -0.9457453 3.7558594 -0.18321276 -0.5543167 -0.8118904
-0.25061962 -0.8499598 3.722487 -0.8147453 -0.5730144 0.08856973
-0.2540073 -0.84213805 3.7437317 -0.87401086 -0.46455166 -0.14246672
-0.25490648 -0.8598991 3.7587795 -0.87632734 -0.26054665 -0.40517384
-0.24880245 -0.8908951 3.7651908 -0.8240318 -0.3398214 -0.45331344
-0.24052817 -0.86687577 3.7038634 -0.7399971 -0.6651478 0.09991315
-0.27893448 -0.7219601 3.7243748 -0.97238505 0.015108895 -0.23289266
-0.28287438 -0.7256843 3.7513034 -0.96573126 -0.2561775 -0.041667536
-0.28344965 -0.71495944 3.7793422 -0.9209739 -0.37204263 0.11572103
-0.27251232 -0.80618006 3.7947938 -0.9736857 -0.19545843 -0.11718436
-0.27032006 -0.7947553 3.7528908 -0.97572166 -0.21827099 -0.018031733
-0.27521175 -0.7905448 3.7028468 -0.976798 -0.18664314 -0.10502418
-0.25539652 -0.88130194 3.8201165 -0.9403792 -0.33593857 -0.05321902
-0.14160231 -0.94913006 3.7576776 0.02403308 -0.7519918 -0.65873414
-0.14359756 -0.94271463 3.678586 -0.8348508 -0.54671526 0.06423819
-0.14226294 -0.9483788 3.660032 -0.8809178 -0.45139015 0.14223531
-0.14588116 -0.93778753 3.6961515 -0.7870396 -0.6063227 0.11376112
-0.17409705 -0.90825605 3.6778357 -0.4583084 -0.8873368 -0.05086164
-0.20111005 -0.89967966 3.669915 -0.439319 -0.8962945 -0.06045659
-0.23223704 -0.87703425 3.6680737 -0.7281497 -0.6656297 -0.16350853
-0.1564808 -0.92133117 3.6871538 -0.7381671 -0.6745105 -0.012035276
-0.24964125 -0.8555276 3.687972 -0.8636619 -0.49789143 -0.07869063
-0.2615739 -0.8481607 3.7813017 -0.96665716 -0.22103462 -0.12929703
-0.26223257 -0.82456404 3.7449586 -0.94644064 -0.32006726 -0.04250961
-0.26096442 -0.8331529 3.713589 -0.91772884 -0.39719453 0.0032001822
-0.1606709 -0.95950055 3.7709677 -0.1251377 -0.9165963 -0.3797258
-0.1434502 -0.95999604 3.7713056 0.057090003 -0.9322281 -0.35733932
-0.24207692 -0.91737723 3.7881498 -0.83490384 -0.5459083 -0.07014116
-0.21794505 -0.94187057 3.7860816 -0.55689985 -0.8155641 -0.15721864
-0.18817383 -0.954484 3.7793553 -0.32210618 -0.920249 -0.22223721
-0.25493044 -0.8871438 3.7864594 -0.95201135 -0.29655197 -0.07570589
-0.18640934 -0.9546681 3.8138275 -0.29281121 -0.95616746 -0.002300669
-0.21730311 -0.9425579 3.8192384 -0.57735485 -0.81617296 0.022870125
-0.14177813 -0.96117926 3.797675 -0.032752257 -0.99756426 -0.06158516
-0.16057637 -0.9600854 3.8140364 -0.14168748 -0.9896703 -0.021849958
-0.23949619 -0.91569805 3.822403 -0.837572 -0.5463026 0.005156022
-0.28159827 -0.7547758 3.802185 -0.98312455 -0.13755237 -0.120605
-0.27754825 -0.7582814 3.7520862 -0.98729074 -0.15889491 -0.0030616352
-0.27986088 -0.7485618 3.7161913 -0.9936522 -0.029378258 -0.108592175
-0.1202081 -0.9386198 3.6133153 -0.51250017 -0.24724744 -0.8223213
-0.1269434 -0.92132115 3.5748131 -0.2380954 -0.9321518 -0.27277002
-0.1261326 -0.922294 3.5872629 -0.27497038 -0.9593805 -0.063088775
-0.12426966 -0.92435884 3.600951 -0.2986279 -0.9360804 -0.18594316
-0.14760406 -0.9065548 3.5718567 -0.5858306 -0.68820757 -0.42798692
-0.15147996 -0.9069776 3.587768 -0.58713883 -0.80595475 -0.07553139
-0.15852457 -0.89528793 3.5695474 -0.512729 -0.69968677 -0.4975414
-0.16432604 -0.8976407 3.5847123 -0.58169866 -0.7964253 -0.1653285
-0.175824 -0.876089 3.5613241 -0.38391206 -0.62153053 -0.68287
-0.18669352 -0.8686225 3.5645294 -0.70410055 -0.5559508 -0.44177055
-0.18318869 -0.8781438 3.5749612 -0.7020879 -0.6538738 -0.2819959
-0.1729314 -0.8827185 3.5659866 -0.40383717 -0.6347228 -0.65881896
-0.17177816 -0.87204367 3.5564046 -0.3683557 -0.76078814 -0.5343364
-0.18090555 -0.86227715 3.55065 -0.59146017 -0.6131683 -0.5236405
-0.1577641 -0.87754613 3.5488448 -0.6137975 -0.64325446 -0.45768595
-0.16108027 -0.86212313 3.5353427 -0.5092206 -0.6803584 -0.52707386
-0.14695212 -0.8833247 3.5436842 -0.51993966 -0.58118504 -0.6260085
-0.14656807 -0.8690831 3.5312953 -0.51057005 -0.7287907 -0.45626998
-0.12274593 -0.89409184 3.5373764 -0.2342118 -0.54008186 -0.8083665
-0.121131614 -0.8831663 3.529824 -0.31104648 -0.79040414 -0.52774173
-0.19555981 -0.85648155 3.5688567 -0.75581604 -0.5156377 -0.40355915
-0.19270131 -0.8696082 3.58467 -0.70110947 -0.64687765 -0.29999152
-0.19163854 -0.8480375 3.5517502 -0.75414574 -0.4584584 -0.47019157
-0.15123563 -0.9061499 3.604223 -0.56604683 -0.82216424 0.060306907
-0.16682585 -0.89579535 3.5994983 -0.5927801 -0.80535245 0.0043722005
-0.12213879 -0.88096255 3.517206 -0.3480283 -0.929143 -0.12477829
-0.16686216 -0.8460953 3.519752 -0.65493757 -0.60997874 -0.44607487
-0.14949936 -0.8602553 3.5144632 -0.67250896 -0.6962029 -0.25106424
-0.2082735 -0.8440969 3.5760841 -0.79080737 -0.45025453 -0.4146018
-0.20527391 -0.86285096 3.5941596 -0.6856943 -0.59939325 -0.41297838
-0.20439257 -0.82771397 3.5556655 -0.81260383 -0.32938546 -0.48081195
-0.1337657 -0.91858643 3.6117468 -0.5850088 -0.7175315 -0.37803867
-0.14412023 -0.91034114 3.6141455 -0.653457 -0.6532441 -0.38244754
-0.15601267 -0.9046564 3.6408277 -0.76249677 -0.6087719 -0.21907872
-0.18588783 -0.8948223 3.6320848 -0.33984175 -0.87838024 -0.3360888
-0.20656998 -0.87997246 3.6234946 -0.5547419 -0.73420644 -0.39141056
-0.13898374 -0.916149 3.588224 -0.529544 -0.84826684 0.005145546
-0.16842733 -0.9075002 3.6585517 -0.4743394 -0.84239304 -0.25568733
-0.19532129 -0.8981234 3.6495676 -0.39523172 -0.8804273 -0.26199165
-0.21935743 -0.8792278 3.6420927 -0.6487013 -0.6906143 -0.31974736
-0.15267739 -0.9226631 3.667778 -0.7935123 -0.6076281 -0.033560485
-0.1813452 -0.8452921 3.5336885 -0.66401714 -0.51115257 -0.54571456
-0.14997926 -0.9283789 3.6513994 -0.9220621 -0.35427472 0.15585543
-0.19115725 -0.820528 3.5300438 -0.79156846 -0.33220613 -0.51289237
-0.18259165 -0.9031104 3.7249374 -0.018669326 -0.8472655 -0.5308414
-0.2010707 -0.89806664 3.7215242 -0.24480353 -0.82471335 -0.50982267
-0.22684422 -0.8825585 3.7297282 -0.8651481 -0.40247977 -0.29921356
-0.23115301 -0.8748032 3.7369606 -0.9278354 -0.3643359 0.07988055
-0.2314923 -0.8703603 3.7431972 -0.75719386 -0.5470064 -0.3569894
-0.23289616 -0.87742823 3.7466207 -0.66996056 -0.2935035 -0.68191534
-0.22948678 -0.8894549 3.7503695 -0.89797795 -0.41133755 -0.15632357
-0.22012724 -0.9046315 3.7537625 -0.64630824 -0.6950957 -0.3148452
-0.21723337 -0.8915088 3.7240012 -0.5841727 -0.68513113 -0.43512926
-0.20642965 -0.91348684 3.7571387 -0.32328045 -0.92803085 -0.18506347
-0.18578799 -0.9174731 3.7563226 -0.11004759 -0.914633 -0.38901937
-0.16780558 -0.9126762 3.748834 -0.21650247 -0.70952255 -0.6706001
-0.15782766 -0.91134655 3.741446 -0.4498078 -0.7560131 -0.47551778
-0.15561782 -0.9098062 3.7339168 -0.6883369 -0.70837647 -0.15618896
-0.16139714 -0.90525514 3.7295644 -0.40241265 -0.9142941 -0.04615585
-0.1703107 -0.9040268 3.7284353 0.010082207 -0.9413215 -0.3373606
-0.24913868 -0.8370991 3.6490698 -0.8861828 -0.34347066 -0.3109789
-0.2346684 -0.8491426 3.6276948 -0.81387085 -0.4293345 -0.3915176
-0.13749102 -0.9161441 3.5733552 -0.50431204 -0.78024626 -0.36997998
-0.13742934 -0.9157266 3.6011264 -0.5544218 -0.83187306 0.024569541
-0.17567098 -0.8880835 3.581963 -0.6497483 -0.7373139 -0.18491974
-0.16636357 -0.88919145 3.5682526 -0.45303705 -0.6372932 -0.6233897
-0.18266182 -0.8824734 3.5934494 -0.6378491 -0.75324196 -0.16054586
-0.13373779 -0.8756515 3.5299683 -0.46601337 -0.7676052 -0.44001582
-0.13643284 -0.88829213 3.5401917 -0.44542542 -0.49875066 -0.7435348
-0.13720384 -0.8719338 3.5143497 -0.5717919 -0.8082826 -0.14047526
-0.17105487 -0.86261564 3.5427158 -0.4486477 -0.6708286 -0.59051186
-0.16454497 -0.87412006 3.5529118 -0.50802547 -0.75788283 -0.40929648
-0.2615291 -0.81989324 3.6722076 -0.93644935 -0.2660235 -0.22867922
-0.24715325 -0.7994807 3.6238513 -0.9074349 -0.16364616 -0.3870166
-0.23521987 -0.8156947 3.6050043 -0.8685692 -0.24209687 -0.43240795
-0.23885946 -0.7691113 3.59533 -0.9101745 -0.1792021 -0.37345544
-0.22635078 -0.78857327 3.5766082 -0.87595624 -0.21631013 -0.43117356
-0.1219531 -0.9290264 3.609376 -0.3710107 -0.65625054 -0.6570284
-0.1496279 -0.9203052 3.6199405 -0.5536128 -0.21362813 -0.8049073
-0.15631959 -0.91616094 3.627014 -0.9230299 -0.0888741 -0.37432235
-0.13305494 -0.96839863 3.6497564 -0.5742801 -0.7896946 0.21583499
-0.14246345 -0.95724034 3.636597 -0.83896095 -0.5406001 -0.062418804
-0.14008613 -0.95463026 3.6246862 -0.61344147 -0.35880923 -0.70352364
-0.14237975 -0.95376855 3.6484244 -0.86389536 -0.45658812 0.2126314
-0.15404491 -0.9371852 3.6330016 -0.9322595 -0.33404037 -0.13895819
-0.1488072 -0.93949383 3.624105 -0.5793036 -0.30889663 -0.75431436
-0.15348512 -0.93255794 3.6436076 -0.91528946 -0.2248166 0.3342194
-0.15718445 -0.91556734 3.636309 -0.9939062 -0.014769719 0.10923569
-0.15514079 -0.90179425 3.6219957 -0.6724294 -0.7024999 -0.23309365
-0.12533103 -0.946271 3.621641 -0.7707777 0.31353956 -0.55461216
-0.13414598 -0.92339313 3.6171398 -0.4097814 -0.72876483 -0.5486173
-0.12325375 -0.93838686 3.6181052 -0.8910573 -0.17270975 -0.41974777
-0.12549908 -0.93007976 3.6146245 -0.72355413 -0.5162839 -0.45817068
-0.13737425 -0.94650763 3.6236007 0.17644638 0.22623329 -0.9579588
-0.14175151 -0.92358917 3.619711 -0.08869945 -0.50450146 -0.8588427
-0.1307164 -0.95031464 3.6228807 -0.3478857 0.41728705 -0.8395517
-0.14236686 -0.93714374 3.6236784 0.36339054 -0.06319068 -0.92949146
-0.12628305 -0.9405137 3.6283424 -0.8918825 0.2793988 -0.35564303
-0.1333954 -0.92597276 3.6205688 -0.4079114 -0.8676088 -0.28436482
-0.12513845 -0.9356733 3.6233811 -0.9708551 -0.17884484 -0.15954615
-0.1270681 -0.9304547 3.619368 -0.79032135 -0.59144145 -0.15996593
-0.1344573 -0.9387656 3.6338472 0.52925414 0.402608 -0.746858
-0.13885161 -0.9256366 3.623064 0.34830216 -0.72703034 -0.59170294
-0.12965299 -0.9420007 3.6324205 -0.29728583 0.64401376 -0.70488816
-0.13888113 -0.9344135 3.6283138 0.8353303 -0.05406128 -0.54708374
-0.12761554 -0.9337966 3.6351068 -0.70773274 -0.109858796 -0.69788635
-0.13158855 -0.9266309 3.6294827 -0.14045629 -0.946766 -0.28966537
-0.12700759 -0.9312175 3.632461 -0.8374053 -0.39708942 -0.37559602
-0.12810844 -0.92837524 3.6298213 -0.6752791 -0.7122399 -0.19160518
-0.1324307 -0.9338649 3.6361618 0.27388686 -0.106888846 -0.95580375
-0.13462174 -0.92717445 3.629609 0.42539585 -0.7843845 -0.45141923
-0.12974364 -0.93519515 3.636266 -0.24153265 0.13203749 -0.9613678
-0.13462953 -0.93107176 3.6341622 0.5694414 -0.41282323 -0.7108541
-0.13039525 -0.929863 3.6339812 -0.17846774 -0.66887784 -0.7216313
-0.17154038 -0.89284873 3.6142998 -0.44257972 -0.8726241 -0.20651965
-0.19129892 -0.8805191 3.605949 -0.51038975 -0.7894604 -0.3409612
-0.231837 -0.7349796 3.5559442 -0.86329293 -0.1342257 -0.4865273
-0.21085519 -0.761027 3.5315688 -0.8177475 -0.16936381 -0.5500954
-0.2377317 -0.6441817 3.6091905 -0.932515 0.120713085 -0.34035888
-0.1564106 -0.7154143 3.4936123 -0.5547548 0.067647584 -0.8292592
-0.21483824 -0.65927535 3.5704029 -0.8410728 0.10245671 -0.53113
-0.18597046 -0.7696128 3.501196 -0.7120995 -0.0810621 -0.6973831
-0.123475485 -0.8767959 3.4913683 -0.34692305 -0.86037844 -0.37335408
-0.12474121 -0.85715073 3.4680235 -0.280105 -0.5296545 -0.8006293
-0.14355531 -0.8620061 3.4875433 -0.6456177 -0.6518371 -0.39785194
-0.14506653 -0.83854526 3.4704309 -0.58640873 -0.25527143 -0.76874006
-0.1759163 -0.82447475 3.5102859 -0.78174216 -0.37496504 -0.49827737
-0.18081047 -0.79920053 3.5020978 -0.7723012 -0.19494113 -0.6046063
-0.16067863 -0.8406412 3.49465 -0.7942483 -0.45027897 -0.40794432
-0.19968589 -0.797092 3.5305796 -0.82425547 -0.24729955 -0.5093582
-0.16092052 -0.8146039 3.4808621 -0.70010424 -0.115949616 -0.70456356
-0.22117421 -0.82882696 3.586485 -0.8331669 -0.33045104 -0.44343555
-0.22215246 -0.8560162 3.6122289 -0.74792916 -0.49942204 -0.43724096
-0.21453424 -0.80727494 3.5630746 -0.8564883 -0.23916933 -0.45741215
-0.12961115 -0.8103818 3.4627132 -0.23358603 0.11770409 -0.96518564
-0.11841729 -0.83520466 3.4595466 -0.11917295 -0.10825182 -0.98695457
-0.27355927 -0.7327205 3.691006 -0.9805653 0.04453769 -0.1910709
-0.27287257 -0.71304315 3.7038665 -0.9820933 0.11835058 -0.1465808
-0.25831327 -0.6990715 3.611465 -0.9607535 -0.0049663875 -0.27735907
-0.24698251 -0.713595 3.5815575 -0.9183526 -0.06529677 -0.39033931
-0.2539153 -0.67169815 3.6076028 -0.88073784 0.3362204 -0.33355165
-0.2696079 -0.757052 3.672087 -0.96242636 -0.04348234 -0.26803857
-0.25837174 -0.7809789 3.6446102 -0.9323073 -0.117930934 -0.34189975
-0.261747 -0.72657424 3.6425014 -0.9576845 -0.10345421 -0.26858443
-0.24992843 -0.7484357 3.6157422 -0.9342134 -0.14613728 -0.32540643
-0.26808545 -0.707539 3.6599221 -0.97898203 0.02057 -0.20290631
-0.27030712 -0.69532484 3.6749628 -0.9598607 0.0660595 -0.27258682
-0.24564506 -0.6426627 3.648764 -0.94691634 0.25184307 -0.19981128
-0.25514856 -0.65334344 3.6717317 -0.6640084 0.47041473 -0.58120805
-0.26233286 -0.6733798 3.6677027 -0.80853796 0.15478167 -0.5677226
-0.26175076 -0.67565376 3.6453514 -0.95275366 0.27467638 -0.12966631
-0.24804321 -0.59852684 3.6756105 -0.9618454 0.16436441 -0.21871856
-0.25624457 -0.63044316 3.698699 -0.64954525 0.5935021 -0.4752328
-0.25898555 -0.58050144 3.7216883 -0.92569935 0.23743166 -0.29446036
-0.26519346 -0.61708 3.728515 -0.6450549 0.6720948 -0.36358324
-0.27556556 -0.58013976 3.776148 -0.92816955 0.2631298 -0.2631805
-0.27988207 -0.61589205 3.7704737 -0.75633574 0.6499761 -0.07407744
-0.29106602 -0.60842 3.816106 -0.96598786 0.13295656 -0.22178812
-0.2881513 -0.63233376 3.799215 -0.91201675 0.3824568 0.14816257
-0.29824752 -0.65327275 3.8348637 -0.9687656 -0.0061938027 -0.24790098
-0.2900945 -0.65779036 3.8096347 -0.9507507 -0.022308152 0.30915284
-0.291797 -0.70304585 3.8271089 -0.9691673 -0.087836094 -0.23021653
-0.28661615 -0.6932424 3.8026786 -0.9648669 -0.20483132 0.16454801
-0.15373498 -0.7871521 3.4759674 -0.4901368 0.089848556 -0.8670024
-0.17656504 -0.74391675 3.4949238 -0.50153935 0.17151397 -0.847963
-0.13128981 -0.72627413 3.4812856 -0.28245354 -0.05370236 -0.9577766
-0.13896775 -0.76740533 3.475343 -0.20179768 0.21345717 -0.95588374
-0.27752757 -0.80597657 3.8302124 -0.96894586 -0.20394866 -0.13981736
-0.26654685 -0.84485877 3.8222244 -0.9582949 -0.26136127 -0.115590185
-0.28719422 -0.7602708 3.8425906 -0.9692282 -0.1649062 -0.18276376
-0.28277165 -0.8082564 3.8693213 -0.9653682 -0.24000072 -0.10229321
-0.27064 -0.8481452 3.8591192 -0.95511264 -0.28116715 -0.09330023
-0.27568665 -0.8164001 3.9564588 -0.8975527 -0.32224143 0.3009312
-0.2634681 -0.8561037 3.9429877 -0.87966466 -0.3848894 0.27937472
-0.24865575 -0.8245232 3.999311 -0.7381528 -0.36471993 0.5675472
-0.23917802 -0.8697611 3.97653 -0.7166405 -0.47335625 0.5122112
-0.18025655 -0.888307 4.008263 -0.30744928 -0.60374784 0.7355021
-0.18550502 -0.8419271 4.03583 -0.31517568 -0.4378758 0.84197927
-0.27130842 -0.85189444 3.8953705 -0.9488905 -0.31315002 0.03929294
-0.28404525 -0.81025183 3.9073396 -0.9578955 -0.2842713 0.0403241
-0.164169 -0.96060514 3.8494315 -0.18893741 -0.9813552 -0.035280757
-0.16810028 -0.9619162 3.8926938 -0.2169989 -0.97021705 0.10765847
-0.17073777 -0.9498305 3.9338365 -0.23143877 -0.8894506 0.3940986
-0.17397808 -0.92534274 3.9715977 -0.26810881 -0.7632139 0.58789647
-0.25263587 -0.89125955 3.9247386 -0.8505632 -0.46193638 0.25131023
-0.23045678 -0.9068702 3.9481337 -0.6555163 -0.61185217 0.44264567
-0.25943056 -0.88803935 3.8858817 -0.91793716 -0.39591 0.025430026
-0.25888476 -0.8836491 3.8541603 -0.92414516 -0.37025365 -0.09417008
-0.24166004 -0.9143158 3.910542 -0.76904154 -0.6046257 0.20737134
-0.22134744 -0.9318343 3.918026 -0.582783 -0.76036274 0.28672716
-0.24517138 -0.9153264 3.884367 -0.8093981 -0.5862167 0.034994923
-0.22146894 -0.93893456 3.8852046 -0.5971022 -0.799312 0.067596585
-0.21203636 -0.87974715 3.9966245 -0.5150665 -0.55196005 0.6557794
-0.21981591 -0.83326596 4.0224037 -0.535299 -0.40768448 0.7397623
-0.20340915 -0.9180287 3.9626067 -0.45245728 -0.71117175 0.53806806
-0.19558668 -0.94408345 3.9266477 -0.40066403 -0.84768164 0.34771267
-0.19449939 -0.9534059 3.8894377 -0.39167178 -0.9157604 0.08930926
-0.24263111 -0.91605425 3.851872 -0.80968505 -0.5820585 -0.07495396
-0.21698412 -0.9412465 3.8506885 -0.575326 -0.8178192 -0.013106576
-0.18988341 -0.9532562 3.8486998 -0.3377098 -0.9411299 -0.015052333
-0.25837338 -0.5315988 3.7865288 -0.8062829 0.5537999 -0.20787862
-0.24439536 -0.5366954 3.7327247 -0.78691995 0.5569879 -0.26555902
-0.18482713 -0.4809729 3.7998462 -0.24185765 0.9630938 -0.11813222
-0.1740613 -0.48943087 3.7467062 -0.24158849 0.9591919 -0.14692114
-0.14550208 -0.47569486 3.8045866 -0.051097825 0.9923451 -0.11242875
-0.1379696 -0.48409995 3.753279 -0.033646144 0.99358445 -0.10797141
-0.22709735 -0.49794868 3.7941685 -0.5410609 0.82655627 -0.15510574
-0.21023121 -0.5033861 3.740445 -0.4986794 0.83742946 -0.22367562
-0.13163364 -0.48553133 3.715868 -0.045148738 0.97352165 0.22409202
-0.15102714 -0.47260985 3.860935 -0.09778275 0.99471027 0.031463698
-0.16212985 -0.49772817 3.9611275 -0.14099501 0.8929103 0.42758808
-0.16537854 -0.5543237 4.0297565 -0.1267819 0.60040873 0.7895794
-0.17269069 -0.60309047 4.0572166 -0.17434089 0.38648775 0.9056669
-0.18695699 -0.7023183 4.0697002 -0.2714706 -0.033991396 0.96184623
-0.18672664 -0.7981719 4.053639 -0.30407542 -0.3016626 0.9036248
-0.18707952 -0.7535328 4.064796 -0.2947662 -0.16317335 0.9415346
-0.1807868 -0.6517816 4.069456 -0.23702066 0.14812863 0.96014535
-0.1631587 -0.5204798 3.9974043 -0.12991886 0.7723734 0.6217398
-0.3061475 -0.6581652 3.8691442 -0.99172056 0.003185256 -0.12837449
-0.3021935 -0.6751802 3.9452753 -0.9737446 0.0046490296 0.22759572
-0.2880353 -0.6830734 3.9879897 -0.8954494 -0.014355683 0.44493166
-0.2604343 -0.6904611 4.0285034 -0.72516966 -0.038160075 0.6875121
-0.3006826 -0.708288 3.8599875 -0.9721154 -0.11190548 -0.20607983
-0.30219498 -0.72385794 3.9346564 -0.9771711 -0.11755129 0.17696981
-0.28792167 -0.7328606 3.9792397 -0.90052915 -0.13676228 0.41272673
-0.2606201 -0.74108714 4.0193696 -0.7485892 -0.15735407 0.6440916
-0.22630468 -0.69699925 4.0547523 -0.49821836 -0.036605056 0.8662785
-0.22482911 -0.74773806 4.049196 -0.524584 -0.15925772 0.8363304
-0.28283715 -0.77502495 3.9700663 -0.901575 -0.23319314 0.36439458
-0.25593016 -0.78317523 4.011438 -0.7516983 -0.25002417 0.61027664
-0.22412421 -0.79095817 4.038252 -0.53985035 -0.27646518 0.79506516
-0.30782455 -0.66720605 3.9079993 -0.9987591 0.009331165 0.048919577
-0.306108 -0.7164832 3.898203 -0.9936697 -0.10525939 -0.039256804
-0.2949354 -0.7630737 3.8819776 -0.97021574 -0.21163212 -0.11787008
-0.29514942 -0.7675402 3.919895 -0.9688832 -0.23308305 0.083292596
-0.15840586 -0.47991103 3.9130096 -0.13221945 0.9649213 0.22681443
-0.30329898 -0.6113382 3.8752725 -0.9827554 0.17061724 -0.07128466
-0.2930964 -0.57365954 3.881278 -0.9238973 0.3826334 -0.0023182607
-0.27175555 -0.53667736 3.8873873 -0.78882784 0.6096739 0.07777162
-0.23800056 -0.5057608 3.8958104 -0.5700384 0.8088515 0.14427607
-0.30395114 -0.62307405 3.915532 -0.9814957 0.15412977 0.113623805
-0.2924478 -0.58290017 3.9231093 -0.91281164 0.36700854 0.17910764
-0.27038902 -0.547113 3.9305184 -0.77951443 0.58137894 0.23314321
-0.2389809 -0.5201598 3.9434316 -0.57389754 0.76069003 0.30330214
-0.26771232 -0.5975669 3.997835 -0.77460974 0.3403517 0.53304833
-0.25476614 -0.56667936 3.9905057 -0.693169 0.5034701 0.5157854
-0.24301241 -0.599441 4.0266743 -0.58001906 0.36366552 0.7289206
-0.23390397 -0.56047374 4.007149 -0.5053392 0.5656008 0.65171164
-0.28376618 -0.59075856 3.961597 -0.86833626 0.35122752 0.35018772
-0.26244485 -0.55531925 3.9647095 -0.740658 0.5538613 0.38034633
-0.19813342 -0.4872038 3.905099 -0.331062 0.92459273 0.18848424
-0.23323588 -0.53477985 3.978986 -0.52039593 0.7008377 0.4878674
-0.29693675 -0.63180214 3.9549234 -0.94629043 0.14687791 0.28803
-0.28094387 -0.635949 3.9952667 -0.85572946 0.15206383 0.49457425
-0.25386313 -0.6433908 4.032758 -0.668828 0.13751283 0.73058826
-0.20198208 -0.50401276 3.9533932 -0.33501914 0.86351925 0.37695715
-0.21001059 -0.5999324 4.045704 -0.35246915 0.3820541 0.8542834
-0.19850388 -0.5557006 4.0229745 -0.28866965 0.5959267 0.74936044
-0.19779404 -0.5241311 3.9904423 -0.29722154 0.7616797 0.57576334
-0.22144966 -0.6489394 4.0548954 -0.44204244 0.14000219 0.886001
-0.23335193 -0.49835816 3.8466852 -0.5569921 0.83050686 -0.0042706197
-0.19237177 -0.47999617 3.854403 -0.29464585 0.9554048 0.019634347
-0.26644465 -0.53176594 3.8369539 -0.8073575 0.5838865 -0.08514963
-0.28616127 -0.57711035 3.8247797 -0.93197525 0.31623986 -0.1772411
-0.17930228 -0.89905673 3.7130232 -0.2939451 -0.9538138 0.061931442
-0.16589758 -0.9040651 3.717867 -0.4929306 -0.8488015 0.1911947
-0.21756345 -0.8860115 3.7122989 -0.5835082 -0.8031052 -0.12058354
-0.19996096 -0.8935836 3.7096326 -0.33994657 -0.9353003 -0.0982327
-0.23894253 -0.87332946 3.750196 -0.51738787 -0.33800086 -0.78617114
-0.23814441 -0.86139387 3.7430682 -0.72045636 -0.5779002 -0.38337204
-0.23468861 -0.8669368 3.7312737 -0.7977592 -0.60189044 0.03616836
-0.15582485 -0.91111153 3.7220793 -0.746463 -0.61753017 0.24788977
-0.14986432 -0.9166842 3.7321973 -0.8639749 -0.5034598 -0.008694113
-0.15253794 -0.9176385 3.7436843 -0.6595858 -0.50918645 -0.5528795
-0.16362032 -0.922346 3.752195 -0.3968787 -0.2220055 -0.8906182
-0.18565524 -0.92581654 3.759277 -0.18939227 0.063179344 -0.9798668
-0.20961466 -0.92007345 3.7611184 0.015152 -0.10305204 -0.99456054
-0.22537391 -0.90928537 3.7573037 -0.10283406 -0.27572125 -0.95572114
-0.2346767 -0.8911672 3.7537987 -0.27484438 -0.3147416 -0.9085144
-0.22839122 -0.8749711 3.7206392 -0.7717275 -0.6346746 -0.040307418
-0.23740582 -0.6815248 3.5674222 -0.7396529 0.38897896 -0.5491894
-0.19365008 -0.68078 3.5390377 -0.7121712 0.15859863 -0.6838558
-0.22133595 -0.70410764 3.5387628 -0.6858382 0.2561502 -0.681185
-0.17718384 -0.699988 3.5146403 -0.6480928 0.18515204 -0.7387114
-0.2005482 -0.7252505 3.514609 -0.6250107 0.17873181 -0.75987923
-0.13032612 -0.6843316 3.4673786 -0.4715892 -0.35125747 -0.80883974
-0.11829422 -0.65036505 3.4375756 -0.33398452 -0.5253859 -0.7825752
-0.13933687 -0.621584 3.4277487 -0.35312974 -0.65364534 -0.6693633
-0.14967844 -0.67102927 3.480401 -0.6921614 -0.32029298 -0.6467806
-0.13250032 -0.5854967 3.3780134 -0.20123005 -0.8176385 -0.53941983
-0.14323132 -0.5545572 3.2474685 -0.30590606 -0.9229376 0.23368299
-0.15930757 -0.5578446 3.1578577 -0.2685204 -0.961664 -0.055668958
-0.22805761 -0.55474174 3.5950894 -0.9828546 0.1840932 0.010315806
-0.23173003 -0.5020203 3.5320745 -0.9713787 -0.12399586 0.20260443
-0.15304191 -0.5660154 3.2095861 -0.27682555 -0.9549735 0.1067391
-0.13152301 -0.5554922 3.3210003 -0.34170407 -0.9194696 -0.19445804
-0.16433427 -0.48947716 3.7116385 -0.32428575 0.93074965 0.1689488
-0.23409548 -0.54345953 3.690397 -0.85210705 0.49491635 -0.17020951
-0.20065905 -0.5074232 3.701803 -0.61821496 0.7859902 -0.0054497104
-0.1576642 -0.1878836 3.5320327 -0.07492725 0.4575688 0.8860117
-0.1547548 -0.46311936 3.66868 -0.33375436 0.7576496 0.56087
-0.14420903 -0.41296622 3.6247294 -0.21877386 0.55114716 0.8052172
-0.14354445 -0.34994596 3.596978 -0.18538442 0.33196944 0.924894
-0.14461656 -0.27901837 3.576102 -0.112738654 0.34943637 0.9301528
-0.28832844 -0.491737 3.2942905 -0.14605598 -0.91627926 0.3729612
-0.22016314 -0.46153468 3.5632584 -0.88754594 0.050969493 0.45789117
-0.21534921 -0.575452 3.463916 -0.8717076 -0.3885542 -0.29858226
-0.18029039 -0.56388366 3.3862875 -0.6512748 -0.6106918 -0.45044068
-0.21835627 -0.50818443 3.409042 -0.8051341 -0.54085106 -0.24339092
-0.17960608 -0.606065 3.4411073 -0.6298257 -0.6213081 -0.46615002
-0.21457179 -0.5161109 3.6246018 -0.9196219 0.37087414 0.1294135
-0.24534349 -0.47079948 3.3600483 -0.3826128 -0.916619 0.115832016
-0.1909486 -0.51310295 3.3312674 -0.59708065 -0.8019586 -0.018895889
-0.22849107 -0.5372704 3.4981415 -0.9763476 -0.20320004 -0.07385777
-0.23554562 -0.59972274 3.565384 -0.97959936 -0.08543668 -0.18189478
-0.38682532 -0.39877138 3.3882153 -0.52794284 -0.55400777 0.6437017
-0.21550095 -0.6257192 3.5331957 -0.8342014 -0.3861932 -0.39365318
-0.17567179 -0.6463554 3.5043683 -0.75463724 -0.4087721 -0.5132524
-0.223558 -0.5192408 3.272029 -0.28592667 -0.8794599 0.38052097
-0.19181716 -0.48127165 3.6522274 -0.7469303 0.56474996 0.35093093
-0.37762746 -0.3068467 3.442782 -0.559346 -0.21213593 0.8013303
-0.1903385 -0.42923748 3.602928 -0.69338214 0.34527272 0.63246185
-0.3566095 -0.47431272 3.327857 -0.34902182 -0.8624879 0.36646733
-0.30410653 -0.34705144 3.5014899 -0.62934047 -0.12793238 0.7665272
-0.24511234 -0.39490333 3.5369608 -0.69471943 -0.05896137 0.7168602
-0.26941127 -0.44217405 3.4927425 -0.7817469 -0.4319482 0.4497694
-0.32876444 -0.418155 3.4412866 -0.6568772 -0.55500484 0.5103743
-0.25301716 -0.47505373 3.4417033 -0.71479124 -0.6985093 0.03403339
-0.30375734 -0.46115026 3.3845737 -0.3473134 -0.88489306 0.3103831
-0.22513226 -0.29820716 3.549787 -0.4422457 0.17859112 0.8789334
-0.19749683 -0.36673075 3.5735986 -0.54340726 0.21089402 0.81254673
-0.30252627 -0.22845551 3.4944086 -0.44008034 0.10230167 0.8921119
-0.06637438 -0.20320982 3.5239956 0.21124913 0.53534925 0.81778663
-0.0896267 -0.35830778 3.5941842 0.16870491 0.34657568 0.9227264
-0.07389289 -0.285941 3.5673654 0.1736908 0.37690878 0.90981936
-0.11928651 -0.4626678 3.6728954 0.058212973 0.80709904 0.5875393
-0.101230435 -0.41717625 3.622941 0.18015155 0.5643963 0.8056067
-0.6601718 -0.10171278 2.9896314 -0.95118946 -0.3036421 0.05513545
-0.53636235 0.012693837 2.7702303 0.9321782 -0.32304713 -0.16335313
-0.541513 -0.1106812 2.8172596 0.2514132 -0.56869316 -0.78318536
-0.5850135 -0.03045997 2.7529142 0.5008911 -0.8655037 -0.0033703588
-0.6439581 -0.14692022 3.0458891 -0.97586435 -0.21836238 -0.0025613215
-0.6260323 -0.12320348 2.857981 -0.5802398 -0.6765631 -0.4534139
-0.5167036 -0.17217018 2.8812182 0.27122614 -0.7050291 -0.6552636
-0.49133614 -0.23626089 2.981702 0.22666746 -0.48464108 -0.8448343
-0.56258523 0.045308657 3.087195 -0.16197127 0.8259859 0.5399191
-0.52396095 -0.02129014 3.1726615 -0.21966134 0.8274082 0.5168603
-0.6214844 -0.06509487 3.131338 -0.81480986 0.34302393 0.46735367
-0.64670116 -0.012402292 3.0654395 -0.822497 0.3087035 0.47770378
-0.469257 0.03658014 3.048037 0.6278754 0.7557437 0.18607524
-0.428598 -0.025621323 3.1293142 0.6259272 0.7779795 0.054434825
-0.44364145 -0.0244764 2.9548879 0.9283414 0.306873 -0.20978856
-0.41365495 -0.097148985 3.0454156 0.89949983 0.3195982 -0.29792118
-0.45821694 -0.102493264 2.900283 0.844844 -0.17087784 -0.50699055
-0.42346975 -0.16515556 2.992553 0.8005102 -0.13853262 -0.58308846
-0.60671854 -0.17025465 2.9183338 -0.59263694 -0.7098174 -0.3807108
-0.58864343 -0.21998464 2.9803312 -0.5912103 -0.6364797 -0.49534234
-0.4875778 -0.054957565 2.845384 0.81553155 -0.084706575 -0.57247984
-0.5139749 0.084331855 2.6985185 0.8962775 0.42217007 0.13586386
-0.5323219 0.094716996 2.754814 0.8583277 0.4967023 0.12868744
-0.5224554 0.07717013 2.809222 0.89331424 0.42888504 -0.1343405
-0.65016353 0.13881342 2.8910875 -0.27962986 0.8007553 0.529715
-0.6834238 0.11296727 2.8780456 -0.7619916 0.4576257 0.4582002
-0.612447 0.14686823 2.8616154 0.30438802 0.91577154 0.2621267
-0.6729648 0.17113733 2.8106465 -0.31652424 0.9275306 0.1987446
-0.7127424 0.12194775 2.8039196 -0.9046513 0.36434796 0.22103535
-0.61836463 0.15700085 2.787831 0.42021167 0.907327 0.01341023
-0.6823403 0.17036554 2.7158043 -0.33215672 0.9371421 -0.10694246
-0.718695 0.12395742 2.7155442 -0.9193974 0.39122605 -0.040626828
-0.6231501 0.15358722 2.7058227 0.29160738 0.9535882 -0.07506427
-0.6710552 0.03192479 2.9903035 -0.83218604 0.34011438 0.43793684
-0.72456145 0.06394987 2.7119045 -0.9964246 0.08048828 0.025683036
-0.5676845 0.1329801 2.6970098 0.5118872 0.8586914 0.024911525
-0.6310017 0.11066733 2.935208 -0.26829913 0.81034803 0.52091426
-0.6984588 0.062005762 2.8954952 -0.90549785 0.23441246 0.35372934
-0.56693274 0.12219761 2.8792615 0.5072881 0.8473147 0.15721504
-0.58191985 0.13170764 2.776057 0.5761743 0.81638473 0.039232466
-0.7183092 0.07640726 2.8021305 -0.98114526 0.08552362 0.17331964
-0.521683 0.087289885 2.9608507 0.5066744 0.84910446 0.14934045
-0.59485686 0.07652933 3.0065064 -0.2019286 0.8486348 0.48892108
-0.6534582 -0.046109714 2.7751532 -0.21665807 -0.97367215 0.07086405
-0.64670104 -0.057958357 2.8019292 -0.439463 -0.8050931 -0.39836845
-0.576865 -0.044900525 2.7742765 0.25120395 -0.6134797 -0.7486917
-0.52645 -0.0057112747 2.7897952 0.76415616 -0.15015513 -0.62731075
-0.51354426 0.010810607 2.7152214 0.8917476 -0.3072157 0.33227202
-0.57418096 -0.048303407 2.7136962 0.51618195 -0.70791966 0.48208505
-0.6528263 -0.07214251 2.733366 -0.061750866 -0.8611413 0.50460124
-0.7262731 -0.034766328 2.7242131 -0.8502807 -0.45754856 0.26013827
-0.706414 -0.018806297 2.8568416 -0.89649945 -0.42807898 0.114180304
-0.72038805 -0.008221486 2.7937267 -0.89704365 -0.41454104 0.15319425
-0.4759101 0.013483508 2.8923287 0.89100766 0.37072933 -0.26204008
-0.6823829 -0.049691297 2.9226952 -0.9400446 -0.33267185 0.07513751
-0.5681246 -0.07274667 2.0643585 0.14682005 0.87295586 -0.4651795
-0.6035479 -0.08887453 2.07391 -0.7497627 0.50004137 -0.43337563
-0.5274903 -0.10646845 2.067901 0.84071493 0.5361348 -0.075880684
-0.6100034 0.1417 2.5832124 0.17709607 0.9553749 -0.23642291
-0.6749972 0.13596827 2.5806363 -0.45432276 0.84373695 -0.28582975
-0.7142019 0.07961088 2.5800405 -0.88692516 0.4180767 -0.19640681
-0.65338486 0.073825724 2.424082 -0.32977933 0.8404805 -0.42992806
-0.69690853 0.02756137 2.4286385 -0.84388053 0.43655154 -0.31191096
-0.59392756 0.06670281 2.428037 0.28672257 0.8685924 -0.4041502
-0.6259577 -0.009169108 2.2580752 -0.24057475 0.87157947 -0.42716855
-0.6573339 -0.03923867 2.2566376 -0.8146234 0.46201313 -0.3506175
-0.5733193 -0.021518562 2.26342 0.35456517 0.87665904 -0.32519606
-0.5144496 -0.18117294 2.1530337 0.96515787 0.00092096545 0.26166645
-0.5452076 -0.19314861 2.1828063 0.2597407 -0.5698301 0.77963346
-0.6031189 -0.17583616 2.1626594 -0.8014072 -0.55832607 0.21451893
-0.55926293 -0.106418915 2.6222079 0.49282455 -0.8017105 0.33820733
-0.5001128 -0.033203263 2.6215618 0.9141791 -0.34704593 0.20936956
-0.66483736 -0.12765422 2.6179237 -0.25507495 -0.9305131 0.26283482
-0.5199488 -0.11345446 2.3055875 0.949288 -0.30496106 0.07649144
-0.54848546 -0.16156098 2.3127224 0.55462503 -0.8110021 0.18618993
-0.60933816 -0.17242971 2.3003638 -0.2362163 -0.9653729 0.11071108
-0.55497015 -0.13894437 2.4802728 0.48448232 -0.8600574 0.1599316
-0.6349202 -0.15168223 2.4741638 -0.2019339 -0.9731755 0.11023662
-0.5058489 -0.08010415 2.4824762 0.9236104 -0.38051382 0.04640186
-0.6687166 -0.09698378 2.2531817 -0.9732542 -0.09660185 -0.20843302
-0.6524777 -0.14360137 2.2703736 -0.79106385 -0.60924065 -0.05517163
-0.625704 -0.12631333 2.1024492 -0.97162235 -0.0019725345 -0.2365293
-0.61821043 -0.15939255 2.1387994 -0.9221112 -0.3847229 0.041222036
-0.5140579 -0.14120588 2.0876687 0.97778296 0.20930055 -0.011565699
-0.5095346 -0.17036211 2.121756 0.990129 0.1290588 0.054666
-0.53479236 -0.03963049 2.270804 0.72253263 0.653337 -0.22604704
-0.5158307 -0.07501737 2.2899382 0.98472863 0.16351686 -0.059764873
-0.7274404 -0.07891222 2.598148 -0.8811726 -0.46867123 0.062307272
-0.7033391 -0.10814276 2.4555812 -0.8273919 -0.5560213 -0.0791383
-0.73512286 0.011693522 2.585149 -0.9918176 0.10237358 -0.07627223
-0.7139934 -0.04004591 2.4346426 -0.9769918 0.0052916226 -0.2132112
-0.53601617 0.042605996 2.4412127 0.6383729 0.6961294 -0.32845673
-0.50157624 -0.0005717612 2.4577255 0.9535549 0.25175944 -0.16537884
-0.5399971 0.10916024 2.5855806 0.61414677 0.7658575 -0.19048882
-0.49629822 0.05317699 2.5977907 0.95219135 0.30226502 -0.04435524
-0.22532062 -0.48291045 2.785442 -0.23963766 -0.9019757 -0.35918456
-0.21880779 -0.52318865 2.8603113 -0.19040604 -0.9362343 -0.29531494
-0.43855032 -0.3913731 3.363625 -0.43287763 -0.5752804 0.6940241
-0.43427682 -0.28816268 3.41738 -0.4932809 -0.19351698 0.8480714
-0.41033253 -0.4578298 3.3009276 -0.39599568 -0.8589421 0.3246627
-0.35730088 -0.47862053 3.242475 -0.35729066 -0.92889553 -0.09744983
-0.4073369 -0.46220705 3.224956 -0.23956375 -0.95752805 -0.16046551
-0.3811804 -0.445072 3.1571612 -0.5067683 -0.8535009 -0.12133493
-0.42052564 -0.4396095 3.167557 -0.17724086 -0.92675906 -0.33121496
-0.4262992 -0.35605672 3.0132067 -0.99881256 0.015521094 0.046178177
-0.42671487 -0.34585086 3.0206816 -0.76344776 -0.25534675 -0.5932499
-0.4117449 -0.2727366 2.9902747 -0.9666119 0.16752923 0.19389516
-0.40339282 -0.26704296 3.007115 -0.8366388 0.15993607 -0.5238854
-0.40766963 -0.17853247 2.990833 -0.957476 -0.053739667 0.2834639
-0.38498268 -0.20449993 3.0319786 -0.71532756 0.100008376 -0.6915958
-0.40082946 -0.04176735 3.1877124 -0.25152126 0.8530673 -0.45717975
-0.37198344 -0.12729244 3.09836 -0.4300505 0.8634199 -0.26374722
-0.3500226 0.036778077 3.2255335 -0.5127644 0.85154223 0.109309696
-0.35705328 0.008026925 3.1346784 -0.82250756 0.56869006 0.008543611
-0.40068024 -0.06033151 3.0476089 -0.95299065 0.109742284 0.28242794
-0.4324258 -0.017721022 3.2240176 -0.32635728 0.9452173 -0.0074305446
-0.34821242 -0.0102159735 3.3119285 -0.35789296 0.7587381 0.5442692
-0.43860617 -0.052234024 3.2922063 -0.44959095 0.74490947 0.49292782
-0.36721894 -0.1303437 3.424076 -0.44906965 0.5270828 0.7214709
-0.43533283 -0.15966351 3.3923655 -0.5372567 0.40538692 0.7396057
-0.43458816 -0.22540693 3.414541 -0.5634841 0.14589511 0.8131422
-0.38013694 -0.21073888 3.454375 -0.5233619 0.13583097 0.84121466
-0.3052183 -0.5009838 3.2160008 -0.4715575 -0.8812691 0.031595007
-0.34412885 -0.49402657 3.1149113 -0.5786226 -0.8106324 0.08983851
-0.42090678 -0.41950235 2.910099 -0.8688395 -0.42173725 -0.25933704
-0.24510299 -0.5301282 3.1853771 -0.36346895 -0.93022126 0.0507825
-0.2785164 -0.5274499 3.088128 -0.35726044 -0.93384916 0.017050251
-0.3324625 -0.48287567 2.8526313 -0.5341324 -0.7804696 -0.32491505
-0.23279183 -0.53255904 3.2395856 -0.3215442 -0.917946 0.23234549
-0.30639586 -0.5029742 3.259907 -0.33454314 -0.9329866 0.13272847
-0.1865169 -0.55357313 3.0698578 -0.21609586 -0.97567546 -0.036879078
-0.42891166 -0.40173316 3.089762 -0.39669654 -0.79909945 -0.45174316
-0.41144255 -0.41358963 3.0802128 -0.8028599 -0.5854881 -0.11233673
-0.386934 -0.4699958 3.0022442 -0.68738085 -0.72525674 -0.03886184
-0.31550714 -0.5061626 2.9651322 -0.41886294 -0.9024985 -0.100251116
-0.20424509 -0.5383803 2.955932 -0.2095881 -0.97100616 -0.1149776
-0.44005778 -0.10336473 3.346609 -0.4543601 0.5953479 0.6626597
-0.35530084 -0.065468214 3.3679984 -0.35924926 0.67875516 0.6404931
-0.4360972 -0.37863183 2.974938 -0.99516165 -0.09359935 0.029874608
-0.3657087 -0.46576145 3.144779 -0.7401936 -0.65794426 0.13864602
-0.33463067 -0.4812158 3.211695 -0.51624215 -0.8553882 -0.04248529
-0.405623 -0.43591174 3.055254 -0.8769269 -0.46793753 0.109698184
-0.40506536 -0.35919073 2.8469954 -0.89352673 -0.14424339 -0.4252104
-0.42060465 -0.29581222 2.9313488 -0.9886049 0.13157438 -0.07313352
-0.32727104 -0.44371665 2.7862334 -0.62546355 -0.650475 -0.4309032
-0.49900708 -0.30849072 3.008876 -0.18638691 -0.50490147 -0.8428134
-0.5758666 -0.34345254 3.274885 -0.80619985 -0.43489623 0.4011322
-0.6201497 -0.2921076 3.202719 -0.94571596 -0.2928945 0.14083317
-0.55412704 -0.25367168 3.342004 -0.71575654 -0.033968363 0.6975233
-0.6008658 -0.19747481 3.2784598 -0.8568821 0.17239565 0.48583212
-0.5375009 -0.41356206 3.2171 -0.65097463 -0.75643927 0.063495
-0.57616746 -0.3560502 3.1248548 -0.7438536 -0.61464816 -0.2624681
-0.63942724 -0.21529542 3.1111379 -0.9820134 -0.18299848 -0.04648935
-0.6170853 -0.120727815 3.1903315 -0.85555255 0.32168472 0.4056461
-0.58477587 -0.28529045 3.0472167 -0.70187396 -0.53316414 -0.47234404
-0.52831817 -0.079036824 3.2450466 -0.5312712 0.6770351 0.509288
-0.48338738 -0.4419563 3.1865432 -0.31228253 -0.92824626 -0.20208563
-0.5056325 -0.39288804 3.0869844 -0.35279864 -0.7811082 -0.5151729
-0.501916 -0.1950786 3.3663292 -0.526491 0.2873906 0.80013365
-0.5351274 -0.13567446 3.3189313 -0.5949174 0.5055195 0.6249187
-0.47710824 -0.43667156 3.2725117 -0.4720744 -0.82353395 0.3145435
-0.51011854 -0.37501624 3.3321476 -0.57405317 -0.5433984 0.61252034
-0.49908638 -0.29059497 3.3797843 -0.5528357 -0.1904698 0.8112299
-0.47813696 -0.2333767 3.3896503 -0.5137885 0.1318239 0.8477286
-0.45284244 -0.45235458 3.2305293 -0.28285226 -0.9587755 -0.02727855
-0.14317544 -0.50422734 2.8115504 -0.101369515 -0.9458607 -0.30833718
-0.13537538 -0.5341821 2.8744795 -0.033571422 -0.9576195 -0.28607333
-0.12790553 -0.5619287 3.0687892 -0.11886495 -0.9907817 -0.064981654
-0.13379824 -0.5493711 2.9611366 -0.08562374 -0.9852127 -0.14840665
-0.11932052 -0.5633962 3.1092784 -0.17177825 -0.9831596 -0.062366366
-0.04371172 -0.1669083 3.4846215 0.34750378 0.62130195 0.7022998
-0.0148856575 -0.012454059 3.3086374 0.5158044 0.7051171 0.48657542
0.010291936 0.09490072 3.0226476 0.45467395 0.8760071 0.16088267
-0.0019405059 0.10040613 2.6224709 0.3877452 0.92058074 0.04674208
0.0036909003 0.16671412 2.419255 0.38936782 0.8490541 0.35707116
0.0021556607 0.12839507 2.5026135 0.37617454 0.87249506 0.31184146
0.0043604127 0.111994416 2.766245 0.36766246 0.9298326 -0.015353045
-0.025832107 -0.0694553 3.390842 0.48881477 0.634044 0.5992064
0.0049781045 0.0704642 3.130128 0.4099349 0.86057204 0.30227315
-0.14971142 -0.14225993 3.502633 0.03765446 0.5985346 0.80021155
-0.2964083 -0.16868633 3.4890661 -0.33936357 0.36876675 0.86535734
-0.12881161 -0.08774612 3.453991 0.11439482 0.7052814 0.699637
-0.25495365 -0.09579805 3.447553 -0.20437433 0.67779857 0.7062721
-0.03585254 -0.119942725 3.4410033 0.46099657 0.59592134 0.65754074
-0.10904899 0.027861403 3.31566 0.18212919 0.819173 0.54386073
-0.117385335 -0.040134337 3.3919022 0.12518083 0.76085186 0.6367372
-0.23714305 -0.04251204 3.3864243 -0.14652734 0.7469989 0.64847696
-0.22402674 0.0314704 3.3104177 -0.11777157 0.8146927 0.56780773
-0.008357444 0.02186872 3.2370274 0.43841 0.7784622 0.44921416
-0.43223527 -0.14255938 2.9102008 -0.9991689 0.029117655 -0.028526617
-0.3892674 -0.10324126 2.8079703 -0.9415659 0.19788006 -0.27257517
-0.40870923 -0.02175549 2.966684 -0.9359169 0.34928527 0.04537955
-0.41179588 -0.24777599 2.901683 -0.9971987 -0.049642492 -0.05594942
-0.41064665 -0.22212544 2.8404496 -0.9832633 -0.07275154 -0.16703437
-0.34911567 0.062028397 3.0311787 -0.70081455 0.6971488 0.15113743
-0.23627475 0.09248163 3.200066 -0.2214172 0.9307927 0.29085955
-0.23441154 0.10744238 3.1210804 -0.29784632 0.9307571 0.21208203
-0.10229238 0.07448409 3.211413 0.20421632 0.8989795 0.38746825
-0.09995111 0.10564095 3.1186385 0.1680606 0.94572 0.2781533
-0.21377662 0.13092715 3.0364144 -0.21991685 0.960753 0.16908647
-0.10076488 0.1334554 3.0241117 0.1597587 0.96584535 0.2040096
-0.2021317 0.14653069 2.926745 -0.21879618 0.9755718 0.019694988
-0.088232785 0.14512993 2.9211822 0.18792477 0.98103946 0.047390733
-0.075095244 0.13948268 2.7725549 0.18788275 0.9821737 -0.005912146
0.012487396 0.105284005 2.9068851 0.4398194 0.895965 0.061689083
-0.139554 -0.48073146 2.6976063 -0.22228582 -0.89877665 -0.3778751
-0.13005634 -0.43357834 2.6197207 -0.22571558 -0.8479765 -0.4795709
-0.23053187 -0.4512899 2.6870248 -0.34980145 -0.85011536 -0.39362764
-0.38445997 -0.31552953 2.7589893 -0.9302256 -0.2955733 -0.21752413
-0.31997657 -0.39979017 2.6965144 -0.6879055 -0.6080031 -0.39638153
-0.14480655 -0.49422696 2.7635407 -0.20656337 -0.9573775 -0.20189059
-0.32462794 -0.42361736 2.7511716 -0.6863815 -0.63604695 -0.35259697
-0.23061147 -0.46917686 2.7453098 -0.3205092 -0.90448743 -0.281383
-0.38894582 -0.3305723 2.814293 -0.93037117 -0.20123914 -0.3064511
-0.37901863 -0.0048900275 2.8428907 -0.87084514 0.42101187 -0.25372767
-0.31817392 0.09104053 2.8858986 -0.62516475 0.772503 -0.111391805
-0.37222782 -0.27577934 2.6740088 -0.9135675 -0.23916093 -0.32893232
-0.30701622 -0.36144102 2.633382 -0.67148834 -0.5445369 -0.50257635
-0.39456877 -0.19444674 2.747803 -0.97940385 0.053406898 -0.19472006
-0.2218889 -0.41553044 2.6180508 -0.33486885 -0.77117544 -0.5414345
-0.14293273 0.17568657 2.437343 -0.23481944 0.8476754 0.4757166
-0.15686217 0.14891148 2.635391 -0.13877691 0.990067 -0.022545025
-0.14408913 0.14355874 2.51657 -0.16260345 0.96933156 0.18427277
-0.21703152 0.14123036 2.4250002 -0.54158956 0.7468013 0.38596442
-0.23679884 0.11156877 2.6196396 -0.60887134 0.79208523 -0.043320116
-0.21978337 0.12041983 2.497631 -0.54439634 0.82628006 0.1445471
-0.26557928 -0.1921174 2.2510684 -0.6161429 -0.7876339 -0.00090309413
-0.24009052 -0.23742232 2.435593 -0.6888361 -0.6050323 -0.39930037
-0.2413841 -0.20226137 2.3472579 -0.7174658 -0.69151145 -0.08399283
-0.18404472 -0.25107872 2.3214993 -0.6231311 -0.75587255 -0.20090856
-0.19092001 -0.28155163 2.4140744 -0.6542713 -0.6764433 -0.3381618
-0.18632378 -0.22555166 2.2299001 -0.52179056 -0.8392655 -0.15286578
-0.11372956 -0.33857098 2.39262 -0.46065816 -0.8217453 -0.33545294
-0.10705614 -0.30880374 2.2974453 -0.46875218 -0.8453493 -0.25623405
-0.108783364 -0.28311798 2.2032087 -0.44553936 -0.872509 -0.20055632
-0.3228092 -0.06653068 2.4093897 -0.9975777 -0.068953685 0.00916611
-0.33292332 -0.09798255 2.5009716 -0.9859312 0.048060372 -0.16009325
-0.28374934 0.044838905 2.5774117 -0.8461351 0.5312311 -0.043000247
-0.3090177 -0.16985 2.4577832 -0.8632812 -0.37299305 -0.34003195
-0.3012559 -0.13644437 2.3742678 -0.8770682 -0.47808167 -0.04678967
-0.3301582 -0.11487423 2.2926211 -0.8902204 -0.43824607 0.12428994
-0.12297951 -0.37915644 2.4899757 -0.4093626 -0.82389355 -0.39194584
-0.28170365 -0.29126918 2.5317454 -0.65299785 -0.53938955 -0.53165096
-0.20009594 -0.3366039 2.5104575 -0.50160605 -0.7018116 -0.50581807
-0.07178435 0.1328115 2.6370063 0.28233397 0.9592987 -0.005797241
-0.06959645 0.14491355 2.5141227 0.13643102 0.94813573 0.28709787
-0.06138504 0.18343063 2.4349334 0.15144233 0.88705105 0.4361258
-0.34714907 -0.057646226 2.673356 -0.92856854 0.3368414 -0.15587912
-0.32266405 0.016720524 2.716354 -0.8421699 0.5090513 -0.17781055
-0.36191463 -0.13242602 2.6215065 -0.97075766 0.12765169 -0.20330903
-0.26813957 0.08856015 2.7552855 -0.6165728 0.77700377 -0.12689774
-0.3413289 -0.21836331 2.5694063 -0.8953212 -0.2426187 -0.37354547
-0.17306526 0.13889788 2.7760234 -0.22106163 0.9748428 -0.028518762
0.01020171 0.2305615 2.2763815 0.46040908 0.7664456 0.44786674
-0.09959943 -0.21065058 1.9992354 -0.4604128 -0.71166617 -0.5306142
-0.09003125 -0.125648 1.9403716 0.5831196 -0.088158 -0.8075889
-0.28234994 -0.43738452 1.2886053 -0.9036267 -0.41579124 0.102842025
-0.13130309 -0.17725432 1.9327964 0.47467643 -0.54706377 0.68949515
-0.16534005 -0.49609852 1.2990825 0.23465271 -0.94113755 0.24330688
-0.38218033 0.09589939 1.9367201 -0.9591854 0.25203395 -0.12822716
-0.25548172 -0.4748703 1.0804077 -0.8318131 -0.5352314 -0.14701824
-0.344771 -0.056049936 2.1684098 -0.92918724 -0.3695873 0.0040372005
-0.31236854 0.0025486916 2.439748 -0.9532451 0.2810059 0.11117309
-0.05620675 -0.09826722 1.8897973 0.8260935 -0.3535816 0.43880472
-0.20909356 -0.1480107 2.0477524 -0.50771344 -0.69750357 -0.5056836
-0.29953706 -0.11531002 2.1046522 -0.66865563 -0.6908366 -0.2750351
-0.15756965 0.26436582 2.308247 -0.16915008 0.82273424 0.5426754
-0.24393806 0.22328551 2.2887578 -0.6150098 0.60494405 0.5057723
-0.14943795 -0.53199273 1.0868409 0.21134292 -0.9771673 -0.021866312
-0.1477774 -0.51729745 1.2175741 0.38068083 -0.9036514 0.19620448
-0.2848432 -0.44267094 1.1885611 -0.9352256 -0.3499942 -0.05345174
-0.20015202 -0.52840817 1.0689994 -0.3705619 -0.9087806 -0.19183753
-0.23517136 -0.49353424 1.3288434 -0.42202207 -0.86666214 0.26607165
-0.22991467 -0.52248895 1.2157756 -0.43570378 -0.89408153 0.10382855
-0.29236546 -0.39300752 1.3350023 -0.9014975 -0.43276465 -0.004113223
-0.12073542 -0.4680232 1.3671312 0.36389866 -0.90751404 0.20975202
-0.23296887 -0.47517076 1.3832401 -0.38912976 -0.88847697 0.24328297
-0.25741875 -0.449669 1.0181161 -0.84905016 -0.46055472 -0.25884974
-0.2907077 -0.4017785 1.1826476 -0.97846043 -0.18308821 -0.09536146
-0.08469015 -0.5062221 1.0340517 0.41271463 -0.90317047 -0.1181089
-0.10123049 -0.47582906 1.2236958 0.56700313 -0.80479914 0.17551543
-0.32640624 -0.29710642 1.3081664 -0.9668106 -0.12721466 -0.22157107
-0.2783059 -0.37939477 1.0539845 -0.9852939 0.02945924 -0.16830933
-0.29655117 -0.34330195 1.1688026 -0.9728394 0.065016344 -0.2221629
-0.17162555 -0.123274714 2.0008886 -0.3235294 -0.836272 -0.44269392
-0.13010566 -0.12877932 1.9523125 -0.07918133 -0.8182204 0.5694258
-0.21463425 -0.40238845 0.84972507 -0.71420515 -0.5412962 -0.44374472
-0.05562792 -0.447997 0.8783298 0.39234704 -0.87000006 -0.29860276
-0.14002126 -0.44459495 0.8448281 -0.18115836 -0.8686797 -0.46106085
-0.19616994 -0.16523269 1.2589847 -0.11754951 0.77832115 -0.61676425
-0.16411233 -0.26502502 1.067008 -0.2537404 0.94614005 0.20108399
-0.17101249 -0.23884793 1.1460472 -0.07321952 0.8918686 -0.4463287
-0.113945454 -0.16987008 1.2649969 0.22561544 0.76613736 -0.6017733
-0.09773361 -0.2664879 1.0820632 0.0992978 0.9559912 0.27608094
-0.103457406 -0.23190467 1.154907 0.22166692 0.8679854 -0.4443705
-0.029771296 -0.20498994 1.2759522 0.69455844 0.5460242 -0.4684507
-0.029470012 -0.28465468 1.098335 0.61784583 0.70798284 0.34209192
-0.043711677 -0.26040587 1.16935 0.66309637 0.6873397 -0.29642418
-0.04811921 -0.41873363 1.3554308 0.7202797 -0.68284845 0.12212736
-0.037704147 -0.4733037 1.082268 0.6681559 -0.7378729 0.09545285
-0.05777711 -0.44407877 1.2239376 0.65892994 -0.73524094 0.15884642
-0.00017650689 -0.32599407 1.1973928 0.989025 0.13376956 -0.06273258
0.0034860452 -0.0067696827 1.8577311 0.89085925 -0.33379704 0.30813846
-0.08839084 -0.17929761 1.9588251 -0.5397282 -0.6084514 -0.5817906
-0.27500528 -0.2892763 1.152376 -0.8104145 0.45235604 -0.3722933
-0.25773013 -0.32386518 1.0525225 -0.8666129 0.4821016 -0.12868594
-0.3109512 -0.23364915 1.2830201 -0.8552212 0.31295303 -0.41310662
-0.0061098263 -0.42382628 1.0992976 0.8872141 -0.434374 0.15546821
-0.013696002 -0.39826745 1.2135329 0.89573604 -0.42985654 0.11349122
0.02716647 0.11900701 1.8631495 0.98871315 0.12861568 0.07683924
0.009627018 -0.28363279 1.310122 0.9855612 0.009895467 -0.16903007
-0.055617865 -0.12849487 1.9287366 -0.42075545 0.25236282 -0.87136555
-0.105093814 -0.26219842 2.0970304 -0.3836821 -0.8619535 -0.33139738
0.0101775965 0.19126615 2.3396966 0.37757188 0.8232483 0.42391232
0.02208707 0.27084398 2.1955655 0.5847251 0.7644636 0.27146262
-0.34414667 -0.095970325 2.2287009 -0.9434751 -0.33124214 -0.011548322
-0.2769733 0.07379683 2.4686248 -0.80603856 0.570825 0.15639928
-0.20054625 -0.20510748 2.1264095 -0.53265095 -0.78765965 -0.30963725
-0.29636174 -0.1712604 2.1728733 -0.68605906 -0.6978474 -0.20574714
-0.14973992 0.22152883 2.3739738 -0.17817092 0.8182628 0.5465356
-0.056715813 0.21500647 2.3588743 0.26332766 0.84808224 0.45979878
-0.2265557 0.18912093 2.3546896 -0.59729344 0.6444766 0.4773788
0.020993274 0.29240364 2.0819795 0.76746154 0.63860846 -0.056409452
0.020957403 0.25704268 1.9919128 0.8802633 0.36037767 -0.30864924
0.007639656 0.16868193 1.9336298 0.9609808 0.17422616 -0.21485145
-0.014170113 -0.072996765 1.8978437 -0.5142099 0.11783516 -0.84953105
0.005884893 0.044757787 1.923167 0.9443048 0.09292479 -0.31567916
-0.048612785 -0.05391649 1.9009533 0.81238395 -0.45441297 -0.36543307
-0.27228096 -0.18907832 1.269726 -0.55581784 0.634557 -0.5370325
-0.3722144 -0.09244928 2.0057383 -0.72863126 -0.53455746 0.42818767
-0.010476774 -0.35772595 1.333303 0.9206458 -0.38821468 0.04123876
-0.06379183 -0.14629608 1.9128088 -0.49159303 0.16981834 -0.8541066
-0.21787019 -0.28486744 1.0557204 -0.6011098 0.79887164 0.02170753
-0.23498225 -0.2523568 1.143643 -0.4497824 0.7680445 -0.45585462
0.003636042 -0.3599166 1.1086735 0.975592 0.031781174 0.21727905
-0.055753477 0.26174298 2.293121 0.2772382 0.8039941 0.52605367
-0.37866858 -0.13025208 1.9348205 -0.78660905 -0.50917006 0.34927368
-0.36962542 -0.2739258 1.6563956 -0.8529701 -0.5012473 0.14557868
-0.26111943 -0.36912832 1.699182 -0.3363886 -0.8684375 0.36422378
-0.13006498 -0.3705115 1.6791785 0.31579494 -0.84987843 0.42187706
-0.38805008 0.047662936 1.8335252 -0.9294588 0.3391794 -0.14513373
-0.24342781 0.21008563 1.8025054 -0.32680854 0.7079181 -0.62613744
-0.23649123 0.13701144 1.7197943 -0.27444127 0.78621227 -0.55367166
-0.0024371871 0.16372427 1.765817 0.63488144 0.662202 -0.39801267
-0.015368341 0.21879713 1.8478528 0.6887008 0.61207134 -0.38866407
-0.11619601 0.13827161 1.707593 0.040520936 0.8274767 -0.56003606
-0.12993516 0.20399083 1.7812171 0.06625892 0.75431526 -0.65316015
-0.26543137 -0.20513253 1.9664121 -0.1606507 -0.6644898 0.7298251
-0.2539996 -0.14984657 1.9961427 0.025527123 -0.518088 0.8549463
-0.037453678 -0.32525212 1.6340269 0.7448041 -0.58212715 0.32618216
0.018216401 -0.22202455 1.5752017 0.9496726 -0.2552708 0.1815455
0.03952127 -0.1253023 1.5274748 0.9966221 0.045148354 -0.068600446
-0.0005039155 -0.03410659 1.4733047 0.68903255 0.56491345 -0.45398983
-0.10011236 -0.0148971 1.4395545 0.17009167 0.8009112 -0.5741169
-0.22600384 -0.009292094 1.4543039 -0.24230117 0.8008856 -0.54760593
-0.33226752 0.17672037 1.8485289 -0.73777354 0.5372782 -0.40868378
-0.33334255 0.109203026 1.7686013 -0.686053 0.60417384 -0.40534583
-0.39977366 0.012160287 1.9762326 -0.99638164 -0.0141337365 0.08380772
-0.41073862 -0.03331987 1.8885467 -0.99813884 -0.008493135 0.060387786
-0.32851082 -0.039581496 1.4950258 -0.6090907 0.64617485 -0.45985493
-0.38963702 -0.09712467 1.540455 -0.90960217 0.3126206 -0.27366444
-0.4025354 -0.16679999 1.5841331 -0.99282604 -0.09486147 -0.072785325
-0.050961453 0.3140011 2.2083905 0.30119383 0.881981 0.3624801
-0.040313274 0.34617725 2.0658994 0.39590195 0.91828763 0.00306729
-0.028845416 0.31133488 1.9352044 0.5479647 0.7300708 -0.40832746
-0.16044295 0.32237002 2.2081113 -0.13072304 0.9223901 0.3634665
-0.1662085 0.35679415 2.0255291 -0.1082676 0.9892866 -0.09792943
-0.15098657 0.30558017 1.8882048 0.007698263 0.8412609 -0.5405746
-0.2500837 0.29105505 2.1983562 -0.54358864 0.75680596 0.36298233
-0.24972846 0.33064714 2.0454464 -0.4890996 0.8722257 -0.0019765059
-0.23708495 0.2884436 1.8913757 -0.3782077 0.803 -0.4605973
-0.3246497 0.22493227 2.1627426 -0.7777077 0.5442114 0.31465003
-0.3345855 0.25398418 2.0475383 -0.77720064 0.6278233 0.042392362
-0.33003873 0.22735707 1.9115145 -0.7299501 0.60389405 -0.32013255
-0.3774757 -0.013865862 2.1136048 -0.91059387 -0.38029027 0.16185848
-0.39170787 0.017640823 2.0348182 -0.978262 -0.17544058 0.11056229
-0.32503855 -0.09062652 2.0661266 -0.5603961 -0.8209534 0.10950663
-0.22659673 -0.121856965 2.0204983 -0.19826113 -0.97911704 -0.04497166
-0.07560211 -0.15806103 1.9269972 -0.54892963 -0.49122104 -0.6762973
-0.1493943 -0.118541256 1.9688746 -0.18963476 -0.9692529 0.15680423
-0.356295 -0.083691224 2.0320039 -0.6228328 -0.6536696 0.42987832
-0.24509282 -0.12884073 2.0048213 0.1016134 -0.7341736 0.671315
-0.12691526 -0.28577784 1.8196276 0.42034107 -0.7281537 0.5413922
-0.26583362 -0.29465485 1.8451465 -0.271021 -0.8103665 0.5194744
-0.37623104 -0.20436892 1.8006563 -0.83484024 -0.49190283 0.24713026
-0.039200306 -0.22124095 1.77302 0.8062953 -0.4296633 0.40654328
0.0058001713 -0.12018649 1.7219068 0.9246849 -0.27372158 0.26464006
0.046587046 -0.015742442 1.685014 0.9998214 0.012223463 0.014410232
0.005621642 0.062394384 1.6119967 0.6518897 0.64055324 -0.40587118
-0.10882885 0.07355608 1.576091 0.0885143 0.8657952 -0.49250785
-0.236752 0.064089775 1.5831704 -0.27399686 0.84179634 -0.46508554
-0.33835486 0.031649366 1.6324939 -0.6452915 0.6701222 -0.36679035
-0.39717016 -0.028563041 1.6867157 -0.92481434 0.33929485 -0.17203884
-0.41215453 -0.10536316 1.7390848 -0.99786603 -0.06344523 0.015431975
-0.34603173 -0.3419327 1.4956992 -0.8471301 -0.5310318 0.019381283
-0.24687134 -0.42199287 1.5413496 -0.3503288 -0.89559186 0.27419877
-0.123506546 -0.42649522 1.5257823 0.2845751 -0.90835226 0.30645242
0.01886253 -0.29373807 1.4563507 0.9412018 -0.3273515 0.083547175
0.033201054 -0.20452544 1.4176146 0.98381746 0.057773374 -0.16960387
-0.035154317 -0.37909478 1.4973323 0.72694504 -0.6537833 0.21004342
-0.10535659 -0.08757212 1.3472533 0.20391499 0.7289051 -0.65354115
-0.21203166 -0.08160791 1.3512683 -0.21179345 0.75348425 -0.62241864
-0.010737873 -0.11715765 1.3705596 0.68469495 0.50797 -0.5226464
-0.30090362 -0.11366742 1.3814389 -0.5668433 0.6119074 -0.5515958
-0.35780522 -0.16153501 1.4072396 -0.843535 0.3126282 -0.43670613
-0.3775485 -0.23228309 1.443277 -0.9686604 -0.120946884 -0.21695346
-0.07972727 -0.07637859 0.61012447 -0.5868984 0.80829597 -0.046987295
-0.11971351 -0.1408724 0.58673334 -0.90773076 0.301943 -0.2912994
-0.27505547 0.10240434 2.403635 -0.7820493 0.5596958 0.274116
-0.28082326 0.12413828 2.3278255 -0.81698614 0.45573395 0.35332748
0.07897127 0.029961511 0.28700188 0.31655633 0.8870579 0.33603632
-0.38641998 0.13059986 2.1284392 -0.9316089 0.27610704 0.23636773
0.037514627 -0.18199499 0.9940223 0.6127747 0.5354024 0.58124995
-0.06124575 -0.13634892 0.9849083 0.028530784 0.7949889 0.60595274
-0.15856495 -0.14434503 0.9491143 -0.4742406 0.7651021 0.4355624
-0.024630321 -0.15401465 0.2545556 -0.8516833 -0.4562467 0.25782654
0.07095215 -0.18695097 0.24294634 0.5379276 -0.82187307 0.187506
0.016944662 -0.20168516 0.24977612 -0.21506551 -0.8949321 0.39095196
-0.30744648 0.16126907 2.2567172 -0.7866621 0.40443015 0.466475
0.006766838 -0.050421316 0.6350025 0.263984 0.94693506 0.18337499
0.05006292 -0.2603772 0.59488714 0.78671855 -0.5978897 -0.15362911
-0.24713652 -0.33457822 0.87637645 -0.9616929 -0.06340113 -0.26669642
-0.24087569 -0.25463286 0.90251994 -0.96642745 0.25058043 -0.056811564
0.07175714 -0.12821525 0.6414997 0.90131426 0.42130026 0.10069051
0.08142643 -0.20544057 0.6179568 0.9805691 -0.19344738 -0.03259119
-0.11708869 -0.2025677 0.5745022 -0.9036231 -0.08067264 -0.42066288
0.003037674 -0.2995359 0.5624197 0.4367772 -0.8406711 -0.3201527
-0.03718461 -0.10115208 0.25199935 -0.9823145 -0.048432812 0.18086559
0.06544088 -0.25634712 0.97749764 0.933962 0.05628331 0.35291243
0.012228374 -0.40388066 0.9278794 0.74562365 -0.6575936 -0.10777706
0.056951616 -0.33848765 0.9459113 0.9253478 -0.37022236 0.08165062
-0.17741598 -0.5024799 0.9757208 -0.2595731 -0.8912012 -0.37199748
-0.051065706 -0.3015937 0.54881823 -0.25990647 -0.82549685 -0.50100255
0.111848146 -0.15038483 0.25094107 0.75793207 -0.6500344 0.05471883
0.13262306 -0.024028726 0.26619756 0.8716321 0.39460218 0.29076892
0.14548805 -0.094233975 0.26556763 0.9762163 -0.15939754 0.14694944
-0.028166605 -0.024100699 0.26623204 -0.89347607 0.41591823 0.16944776
-0.21602978 -0.18786499 0.9255775 -0.81635183 0.54145914 0.20097671
-0.09463193 -0.26371267 0.55603933 -0.7626089 -0.42047906 -0.49155372
0.008909662 0.015647748 0.27405056 -0.49300936 0.8265536 0.27157113
-0.025310567 -0.3736012 0.71850866 0.4062544 -0.8511935 -0.3323056
-0.11235312 -0.07998441 0.82101566 -0.35634813 0.91868776 0.17037827
-0.021934032 -0.07287778 0.8317275 0.17814113 0.94536203 0.2730501
0.084869586 -0.15003663 0.77287155 0.9224963 0.3840916 0.038395043
-0.15772624 -0.33065933 0.700241 -0.6815252 -0.5097882 -0.5250138
-0.19109496 -0.27260676 0.7168256 -0.89604276 -0.11143291 -0.42975593
-0.09531722 -0.37313285 0.694174 -0.21164657 -0.8486541 -0.4847597
0.09112627 -0.25178483 0.7681951 0.9694527 -0.24177729 -0.041294403
0.03622684 -0.3335611 0.75994 0.74287593 -0.6424634 -0.18808523
0.062550746 -0.12456738 0.85301787 0.7442913 0.61851305 0.2519364
-0.18881823 -0.17603119 0.73336416 -0.9107026 0.3232434 -0.25716612
-0.13276611 -0.08633145 0.7526992 -0.578213 0.8123928 -0.07541602
-0.058059543 -0.076764226 0.4155458 -0.9282596 0.33019495 -0.17118774
-0.02134178 -0.027016575 0.43793663 -0.53619105 0.8419871 0.059640866
-0.3854737 0.15705971 2.0459886 -0.9474591 0.31987014 -0.0020632122
0.08101981 -0.19795126 0.428255 0.77348006 -0.6267774 -0.094227076
0.105819054 -0.136826 0.4436304 0.98976696 -0.04698592 0.13473557
-0.004692121 -0.22493719 0.40318853 -0.23150057 -0.857784 -0.4589271
0.04415511 -0.22022578 0.4128975 0.39028865 -0.8747469 -0.28721517
-0.054832533 -0.14591807 0.40356907 -0.9313433 -0.16515586 -0.3245351
0.08334137 -0.07494765 0.4475827 0.8615615 0.43628198 0.25955695
0.043437425 -0.013884407 0.4501479 0.351999 0.8966602 0.268509
-0.31604078 -0.02763476 2.5428767 -0.93681145 0.3470426 -0.044111177
-0.034607694 -0.19510452 0.39799267 -0.7502808 -0.50728893 -0.42395374
-0.35438925 0.07523893 2.2232888 -0.9138474 0.12214958 0.3872498
-0.006836563 -0.06204029 0.7424392 0.26673043 0.96107703 0.072012626
-0.33151656 0.043216247 2.2955263 -0.93209827 0.23251085 0.27772567
-0.3223017 0.022731628 2.3701532 -0.94088054 0.27116373 0.20301214
-0.3372858 -0.04545953 2.3291097 -0.98345137 -0.05924195 0.1712126
-0.34778774 -0.026214695 2.2639499 -0.9905575 -0.009031744 0.13680018
-0.3955981 0.084829904 2.0360491 -0.99602604 0.08484169 -0.027091783
-0.3704601 0.17302822 1.9708577 -0.9226939 0.34759253 -0.16677955
-0.394195 0.057136267 2.125367 -0.97723556 -0.066635564 0.20142074
-0.35691392 0.0071918336 2.1991336 -0.95931673 -0.1464862 0.2413567
-0.6021932 -0.037633456 2.1749327 -0.12457023 0.94854796 -0.29109958
-0.6367203 -0.061034657 2.1642518 -0.7669952 0.5497674 -0.33086896
-0.56059086 -0.048646092 2.1817086 0.44613406 0.87038136 -0.20832847
-0.5157135 -0.14052805 2.220646 0.93451774 -0.29330534 0.20161462
-0.5395097 -0.18092677 2.23123 0.49151057 -0.8239407 0.28202677
-0.60453546 -0.185048 2.2035015 -0.37462923 -0.92713666 -0.008401861
-0.6474939 -0.11637401 2.1633182 -0.9549322 -0.12485834 -0.26928598
-0.63289577 -0.15948945 2.1836753 -0.77491194 -0.6121893 -0.15727544
-0.5229792 -0.074259564 2.184971 0.8004018 0.57257396 -0.17752726
-0.5066937 -0.11113993 2.2031007 0.99515224 0.09808348 -0.0071883076
-0.6182925 -0.3893694 1.9373337 -0.27199358 -0.35187593 -0.8956578
-0.6149521 -0.41522542 1.9802533 -0.19876069 -0.96595275 0.16561857
-0.6638881 -0.34694278 1.9700053 -0.9355677 0.13228494 -0.32743526
-0.66398364 -0.3732982 2.0062406 -0.90037614 -0.349425 0.259278
-0.6205138 -0.41211256 1.9547161 -0.3921955 -0.8013172 -0.4517448
-0.6697292 -0.35215393 1.9922848 -0.9970868 0.0741224 -0.017990015
-0.6558907 -0.36638334 1.9526125 -0.78311235 -0.24268122 -0.5725739
-0.656521 -0.39609188 1.993029 -0.7239445 -0.6824755 0.10065592
-0.6650411 -0.38235116 1.975453 -0.8756194 -0.40288055 -0.26641682
-0.6052482 -0.36749983 2.01041 0.51472795 0.718376 0.46796474
-0.54233086 -0.4294506 1.9469745 -0.11738243 -0.85747117 -0.5009636
-0.51069826 -0.4228856 1.9521854 0.57409877 -0.716414 -0.39643613
-0.526015 -0.43255565 1.9714124 0.20652658 -0.94374514 0.2582478
-0.43685317 -0.31711492 2.000631 0.97575676 0.17452808 -0.13205555
-0.4395667 -0.33277225 2.027938 0.90945023 -0.14006974 0.39151084
-0.43475828 -0.32805437 2.014169 0.990984 0.026741177 0.13128476
-0.43973774 -0.28974384 2.0198808 0.939927 0.30214936 -0.15888058
-0.44152865 -0.3052986 2.043116 0.8574878 -0.09585521 0.50549626
-0.43844652 -0.2898939 2.0348945 0.9635618 0.19773231 0.18014061
-0.46158805 -0.2766427 2.013247 -0.056387525 0.92283696 -0.3810411
-0.46115503 -0.29897764 2.0523298 -0.16244747 0.17244436 0.9715317
-0.45826575 -0.27678293 2.041701 -0.08125257 0.84073484 0.53531575
-0.47646645 -0.30659902 2.0450628 -0.6566771 0.07718666 0.75021154
-0.4758029 -0.28344047 2.0164223 -0.64555883 0.72914946 -0.22714514
-0.45799705 -0.3072557 1.9848323 -0.0057951794 0.5200592 -0.85411054
-0.4767311 -0.2853414 2.0316854 -0.7158397 0.6166747 0.32754514
-0.51351815 -0.4265241 1.9744266 0.4454735 -0.8415355 0.3055671
-0.54098696 -0.4335373 1.9703367 -0.09190238 -0.9691803 0.22856835
-0.5282721 -0.4110015 1.9329998 0.1832585 -0.3111015 -0.9325407
-0.58932906 -0.34803468 1.9620309 0.7636228 0.4576987 0.4554034
-0.59087586 -0.38249767 2.0046287 0.6616038 0.16729502 0.7309533
-0.58941805 -0.36007142 1.9898827 0.4698595 0.6747767 0.56912965
-0.60479295 -0.34109163 1.9782803 0.2754665 0.72293895 0.6336224
-0.6031558 -0.35235795 1.9936829 0.072350316 0.77666426 0.625746
-0.60911024 -0.3293646 1.9653431 0.9103585 0.23763381 0.33878857
-0.60867023 -0.37321076 2.0241494 0.8927256 0.4246001 0.15085022
-0.609093 -0.35749176 1.9954172 0.7561236 0.48280013 0.44179308
-0.64133984 -0.4044895 2.006934 -0.6095246 -0.7586622 -0.23002449
-0.60410076 -0.40626398 1.9990258 0.3197845 -0.93299055 -0.16512549
-0.5962285 -0.40414104 1.9979727 0.27195695 -0.7378269 0.61777896
-0.6606024 -0.35785392 2.034293 -0.9943952 0.008842339 0.10535694
-0.59692794 -0.40175566 2.0042894 0.7966855 -0.40450397 -0.44907525
-0.59381765 -0.38538367 2.0136266 0.89250624 0.42664576 -0.14630793
-0.45898494 -0.34218866 2.0370023 0.008753182 -0.5075842 0.8615577
-0.54483634 -0.41142097 1.9328086 -0.0988428 -0.3452887 -0.93327695
-0.6019761 -0.37235615 2.020771 0.46853587 0.86772937 0.16589102
-0.59413916 -0.43210667 2.0671804 0.09572771 -0.50576067 0.8573461
-0.5815026 -0.35714975 1.939354 0.6852716 -0.68560064 0.24567162
-0.58017 -0.3389408 1.9553353 0.8332459 0.03529973 0.5517746
-0.6027295 -0.37082934 1.932695 0.26180124 -0.76488274 -0.58856976
-0.48340988 -0.31222713 1.99831 -0.8042546 0.19747719 -0.5605152
-0.48808143 -0.32091147 2.014387 -0.9954319 -0.09250479 -0.023625748
-0.48020178 -0.33458763 2.0320008 -0.7283439 -0.4248569 0.5375982
-0.5153043 -0.4062779 1.9364107 0.4341898 -0.22553185 -0.8721322
-0.5886002 -0.36257526 1.9414957 0.75832367 -0.26442462 -0.5958396
-0.6484132 -0.3560337 1.9397398 -0.75021315 -0.30488524 -0.5867071
-0.65689564 -0.31450793 1.9705597 -0.9905263 0.13298303 -0.03425297
-0.5681336 -0.35714996 1.9640261 0.44165918 0.8899477 -0.11371078
-0.57618695 -0.37591803 1.9370297 0.13422532 0.41091746 -0.90173745
-0.57744014 -0.40276387 1.936747 -0.15482098 -0.33844903 -0.92816097
-0.5607962 -0.39277324 1.9955027 0.3108991 0.07147827 0.94775134
-0.57365865 -0.42461082 1.9735942 -0.20802818 -0.951236 0.22775938
-0.56348217 -0.41267926 1.9917988 0.021341134 -0.52574545 0.8503742
-0.5577698 -0.36961812 1.9852611 0.47138292 0.6437723 0.6027896
-0.57654375 -0.4198251 1.9513437 -0.250883 -0.8443259 -0.47346747
-0.48126778 -0.38180134 1.9525721 0.545587 -0.19983204 -0.8138808
-0.49575457 -0.36178872 1.9504089 -0.002719347 0.5374377 -0.84329903
-0.50644183 -0.37783602 2.0063865 -0.43769395 0.04741636 0.89787287
-0.48232883 -0.39914384 1.9882877 0.4937521 -0.82056683 0.28788698
-0.49370518 -0.3925613 2.0043077 0.06134672 -0.57303745 0.81722987
-0.5142856 -0.3593409 1.9922053 -0.6610193 0.5483834 0.51218075
-0.511972 -0.35159317 1.9748398 -0.55903286 0.8181258 -0.13473077
-0.47815993 -0.39561644 1.9700413 0.67760795 -0.67934436 -0.28167126
-0.6643617 -0.33240214 2.0049207 -0.97440314 0.21465604 0.06679308
0.07889021 0.08053618 0.07066751 0.28429657 0.9405982 -0.18560836
0.14776061 0.02506135 0.05745647 0.8504102 0.4811257 -0.21288632
-0.0025062058 0.07055517 0.056796346 -0.38585445 0.8899673 -0.24305223
0.08330456 0.074181624 0.15691642 0.3192913 0.9250395 0.20580329
0.082279444 0.05105856 0.22260132 0.30754244 0.8872679 0.34376332
0.008157882 0.0425003 0.21654922 -0.42903787 0.82066256 0.37741157
-0.0034505932 0.07353514 0.1347701 -0.42201233 0.89060515 0.16949366
0.14727792 0.017922936 0.14325397 0.8632388 0.4913193 0.115862496
0.14396626 -0.0073627494 0.20269935 0.88741726 0.3882292 0.2485331
-0.1843847 -0.5046573 0.06738947 -0.4587648 -0.13119379 0.8788191
-0.027198574 -0.5734527 0.07610886 0.2937924 -0.3781702 0.87788
-0.1116488 -0.5764324 0.079101354 -0.18838969 -0.3914737 0.9006984
-0.098895535 -0.30749875 0.13901316 -0.5947816 -0.109219626 0.7964332
-0.042632654 -0.35514104 0.15071788 -0.10947481 -0.37566692 0.92026603
0.023580385 -0.35614267 0.13197793 0.5506954 -0.3944363 0.73563206
-0.06644065 -0.2244532 0.17570397 -0.67881465 -0.110913746 0.72588485
-0.0093363775 -0.264832 0.19551088 -0.08908528 -0.44867578 0.88924336
0.043745622 -0.26906517 0.16923353 0.58950424 -0.49579018 0.6377123
-0.09466485 -0.50892156 0.09724242 -0.13173969 -0.19583191 0.9717482
-0.0048926556 -0.527077 0.0836995 0.37211245 -0.285819 0.8830854
-0.18428956 -0.4494151 0.072037734 -0.47704846 -0.049430683 0.8774859
-0.14583538 -0.3759923 0.096806526 -0.5221596 -0.05591638 0.8510127
-0.0691269 -0.4324637 0.11563199 -0.12796639 -0.26776803 0.95494753
0.016048083 -0.44381756 0.09886761 0.45319772 -0.29455996 0.84133595
0.123090856 -0.13434494 0.051913198 0.83463126 -0.38389587 -0.39498684
0.15502067 -0.049999144 0.051206764 0.9339798 -0.10571623 -0.34132934
0.12941895 -0.14349997 0.12734462 0.9086594 -0.4172545 -0.0153863495
0.12127806 -0.14597873 0.19037572 0.8461606 -0.5193571 0.119501
0.15228829 -0.07438959 0.19634873 0.98326707 -0.13591148 0.121300854
0.16398342 -0.06272851 0.1330052 0.9946883 -0.102405034 0.010418714
0.07400839 -0.2593886 0.05485446 0.9059716 -0.20607291 -0.36979645
0.0719354 -0.27149472 0.11728778 0.89929634 -0.37538975 0.2243851
0.06426897 -0.44499213 0.021068884 0.94923943 -0.13707583 -0.28311607
0.046012726 -0.44554496 0.071565285 0.8279027 -0.21543273 0.51784736
-0.20347884 -0.5411726 0.04844142 -0.7795196 -0.4529769 0.43262115
-0.0317324 -0.6099738 0.05799912 0.33418837 -0.82593995 0.45402777
-0.12356991 -0.6126847 0.051942278 -0.33458367 -0.8886381 0.3136499
-0.2066424 -0.53604 0.019541195 -0.81135947 -0.4323514 -0.39340565
-0.030276733 -0.6091929 0.018639825 0.32580662 -0.8202184 -0.47020414
-0.12102042 -0.6052909 0.017587934 -0.28032383 -0.77580667 -0.56528103
0.033767562 -0.5448311 0.028132861 0.8670523 -0.46791106 -0.17111252
0.017780347 -0.5347041 0.063459866 0.712333 -0.35869715 0.6032561
0.052335076 -0.3496535 0.093077384 0.90811396 -0.23898688 0.34382305
0.061012603 -0.34546378 0.037036274 0.95527154 -0.024493923 -0.2947139
-0.048928805 -0.17075269 0.20721707 -0.7947176 -0.21292935 0.5684057
0.0057171495 -0.22886899 0.21960503 -0.0930651 -0.59527856 0.7981117
0.06746266 -0.21306391 0.1945645 0.6485456 -0.618352 0.44387987
0.102941856 -0.19777355 0.123755015 0.89559716 -0.4393188 0.070033655
0.09396113 -0.19372022 0.05371377 0.83194596 -0.34182233 -0.43706238
-0.14114533 -0.2728935 0.08800887 -0.8444508 0.26707783 0.4642976
-0.10693558 -0.20350389 0.12137781 -0.8928449 0.20681022 0.40007192
-0.18715754 -0.35213125 0.06305851 -0.8188405 0.24344774 0.5198398
-0.054036453 -0.08161791 0.2058915 -0.93231565 0.07690924 0.35337314
-0.036812123 -0.006011834 0.21007541 -0.84471893 0.4315821 0.3165232
-0.07884205 -0.05976827 0.046564773 -0.9111656 0.17149515 -0.37465534
-0.051599257 0.022241682 0.047584508 -0.80151254 0.5106287 -0.31118464
-0.058220502 0.017888097 0.12718798 -0.85419387 0.4994404 0.14461039
-0.082138106 -0.060334306 0.122705184 -0.9692949 0.20186499 0.14042032
-0.11356056 -0.19548321 0.045320235 -0.8275706 0.44394964 -0.34356287
-0.08609191 -0.1341403 0.050218437 -0.89858896 0.20334296 -0.388831
-0.1523465 -0.26477322 0.03174515 -0.8071651 0.4958183 -0.32038817
-0.21503015 -0.43596736 0.051137965 -0.86343277 0.060131785 0.5008672
-0.2205589 -0.43999845 0.018003374 -0.9181217 0.054136537 -0.39258352
-0.09256888 -0.13512444 0.12564543 -0.9700275 0.120085515 0.21124886
-0.19270171 -0.34143686 0.019150972 -0.8538369 0.3688938 -0.36725992
0.014972447 -0.19447 0.32448995 -0.28296578 -0.9417044 -0.18199785
0.05770371 -0.19011155 0.32902652 0.35868222 -0.9256938 -0.12015838
0.10531311 -0.050495647 0.35748348 0.8497449 0.41709018 0.322443
0.061819594 0.0049627647 0.36909714 0.33699208 0.88621366 0.31790203
-0.03710287 -0.049719237 0.3409159 -0.9239603 0.379673 -0.046320945
-0.00011509292 -0.007204252 0.35623989 -0.5096864 0.85003066 0.13291977
0.09805096 -0.16856791 0.3410988 0.7317546 -0.680287 -0.04177217
0.12697272 -0.11375333 0.3562812 0.97714627 -0.093954615 0.1906772
-0.038995348 -0.12048938 0.32729855 -0.97668594 -0.1589248 -0.14431708
-0.018798327 -0.16799873 0.32596618 -0.77967125 -0.58703357 -0.21795492
-0.18816951 -0.5222815 0.0017566661 -0.30660436 -0.19190152 -0.93229157
-0.029040994 -0.5844434 0.006344487 0.20583591 -0.28049353 -0.937526
-0.115149304 -0.578383 0.0037566558 -0.08663955 -0.22413395 -0.97069955
-0.11585967 -0.26723167 0.006983644 -0.23209113 0.2590317 -0.9375694
0.03511812 -0.3306915 0.010042808 0.40605706 0.101681225 -0.9081732
-0.035477832 -0.2983939 0.0071547893 0.064074725 0.063328594 -0.9959337
-0.0574831 -0.13820425 0.019228537 -0.4478563 0.06372058 -0.891832
0.06901493 -0.18513227 0.025505668 0.4418693 -0.23503998 -0.8657411
0.0051364466 -0.16663505 0.0101898275 0.028585099 -0.08459489 -0.99600536
-0.027792688 0.010296812 0.010608803 -0.42565462 0.32621014 -0.84404093
0.13476714 -0.03829958 0.020660693 0.61133516 -0.031129366 -0.79075927
0.064178646 -0.012410011 -0.0036985849 0.11980476 0.13314582 -0.9838288
-0.0008730714 0.057231463 0.031275813 -0.2830786 0.6923311 -0.663735
0.070957035 0.05745745 0.024921417 0.17492458 0.6654487 -0.7256578
0.13543196 0.021338494 0.034070786 0.624135 0.41797936 -0.66011274
-0.045559406 -0.06860834 0.0095084915 -0.44872355 0.034307633 -0.8930118
0.035187382 -0.08994073 0.0008336605 0.040532656 -0.09177832 -0.9949542
0.1023184 -0.11765033 0.01908014 0.48721477 -0.24457864 -0.8383335
-0.079746775 -0.20343238 0.0172885 -0.3095545 0.21739028 -0.9256984
-0.015919797 -0.22692257 0.013387702 0.08274771 -0.006306526 -0.9965505
0.051231265 -0.24636391 0.0292994 0.48054448 -0.06483709 -0.8745703
-0.16221595 -0.34711564 -0.0032553112 -0.2551225 0.16767992 -0.95225835
-0.18470813 -0.4309518 -0.0028026782 -0.23842752 0.018102966 -0.97099155
-0.08650881 -0.48333582 0.013729536 0.011451978 -0.015347167 -0.99981666
-0.06265317 -0.3849584 0.005892372 0.0144456485 -0.0014639263 -0.99989456
0.0134264 -0.5148288 0.00077682687 0.27611354 -0.16939375 -0.94607985
0.034968413 -0.42268398 -0.003594468 0.32815424 0.030969921 -0.94411635
-0.12272073 -0.9006348 3.5624843 -0.21689458 -0.5201796 0.82605684
-0.12401857 -0.90585643 3.546206 -0.30026925 -0.82753354 -0.47436976
-0.17292307 -0.87653416 3.5615733 0.13511114 -0.65057236 -0.74732894
-0.1711994 -0.8803913 3.5647569 0.1307281 -0.41984665 -0.8981308
-0.1704918 -0.8737103 3.5591242 -0.008832496 -0.90546757 -0.42432347
-0.16509888 -0.87505037 3.563968 0.13970359 -0.019977128 -0.98999184
-0.15747054 -0.880314 3.5636692 -0.032327976 0.07769915 -0.99645257
-0.14628913 -0.8853002 3.5623746 -0.33015296 -0.5166974 0.78995115
-0.13549428 -0.89356434 3.5625567 -0.3313574 -0.46936107 0.8184757
-0.14924212 -0.88810277 3.5510576 -0.67724746 -0.69172394 -0.2507067
-0.1384349 -0.8986908 3.547634 -0.58409 -0.6802427 -0.4428415
-0.14732076 -0.9020064 3.5678165 -0.34529108 -0.48312023 -0.80459243
-0.13751823 -0.91165966 3.5693347 -0.36729726 -0.51585114 -0.7739446
-0.12648636 -0.9184065 3.5699756 -0.22323044 -0.73001665 -0.6459442
-0.16561219 -0.88500553 3.5661848 -0.16590443 -0.28642058 -0.94363075
-0.15804794 -0.89233905 3.5665636 -0.3308298 -0.47924992 -0.8129398
-0.165769 -0.8749248 3.5573869 -0.422214 -0.89171076 -0.16305603
-0.15873688 -0.87888116 3.5552604 -0.6152005 -0.7831576 -0.09051212
-0.12393689 -0.9065882 3.556461 -0.3157051 -0.8868922 0.33727226
-0.16542855 -0.87539166 3.5607102 -0.4211867 -0.9067916 0.018185284
-0.15806457 -0.8789026 3.5605464 -0.56012905 -0.8276395 0.0356116
-0.14775719 -0.88848823 3.557656 -0.6035787 -0.71853495 0.3455436
-0.13738279 -0.90049326 3.5561934 -0.55022395 -0.76963115 0.323916
-0.14621937 -0.8947841 3.5645113 -0.13167213 -0.24381512 -0.96084166
-0.1364493 -0.90286756 3.565463 -0.1701728 -0.25152835 -0.95277214
-0.12529883 -0.9127217 3.5651805 -0.19085631 -0.38029575 -0.904958
-0.16520536 -0.8792182 3.5654562 -0.06498402 -0.22303058 -0.97264296
-0.15680778 -0.88689464 3.5640244 -0.1771626 -0.19878949 -0.96389633
-0.16993956 -0.87557656 3.5625207 0.37706563 -0.6603472 -0.64943284
-0.16880858 -0.87755215 3.5644672 0.26598114 -0.41232663 -0.87134427
-0.16852793 -0.8739711 3.5613089 0.0018300473 -0.928947 -0.37020826
-0.16535911 -0.9033889 3.7409701 -0.55820537 -0.2792263 -0.7813062
-0.16387266 -0.9024301 3.7386172 -0.7103314 -0.69633067 -0.10272768
-0.16723706 -0.9013423 3.737401 -0.18614194 -0.7500781 0.6346133
-0.18747047 -0.9098626 3.750841 -0.21075402 0.2028427 -0.9562623
-0.17322192 -0.9043562 3.7447376 -0.45931137 -0.053173896 -0.88668233
-0.22451583 -0.8871164 3.7466793 0.30423042 -0.035663694 -0.95193064
-0.21496078 -0.8991009 3.749937 0.30436283 0.11218388 -0.9459271
-0.20305124 -0.90819037 3.7508378 0.11010773 0.19125992 -0.975344
-0.22422776 -0.8763071 3.7431605 -0.0715165 -0.7700473 0.63396573
-0.22475772 -0.8756451 3.7447286 -0.12898459 -0.91056854 -0.3927186
-0.22543867 -0.87729734 3.7457142 0.1695305 -0.33465675 -0.92696506
-0.20145129 -0.89728844 3.7317207 -0.18741243 -0.44242492 0.87700444
-0.22134884 -0.88448805 3.737555 0.068453185 -0.50814384 0.8585475
-0.21376093 -0.89111406 3.7336946 -0.0029024233 -0.44340396 0.8963172
-0.18599465 -0.9019148 3.7347596 -0.22395581 -0.3412404 0.9129068
-0.17662388 -0.9015592 3.7370222 -0.23762682 -0.3411396 0.9094818
-0.16964604 -0.8977121 3.7410195 -0.6836901 -0.72399276 -0.091664225
-0.21678774 -0.9014376 3.7491298 0.07913678 -0.11018577 -0.9907555
-0.17215943 -0.9066298 3.7443612 -0.37304404 -0.15938266 -0.91402143
-0.18476239 -0.898405 3.7538533 -0.39326566 0.06528269 -0.9171043
-0.20969395 -0.8890112 3.753094 0.25403687 -0.15210247 -0.95515966
-0.19783719 -0.89550614 3.7555792 0.04646156 0.04338685 -0.9979774
-0.21916907 -0.8761275 3.745349 -0.14978585 -0.9459697 -0.28758562
-0.22641402 -0.8883216 3.7461457 -0.028655667 -0.19641803 -0.9801014
-0.20440151 -0.9104482 3.7504785 -0.050648484 -0.25419793 -0.9658251
-0.19846171 -0.8904511 3.7340436 -0.14022915 -0.3730094 0.91716945
-0.20902386 -0.88458633 3.7353575 -0.0019052027 -0.49113247 0.8710828
-0.18371636 -0.89279824 3.7345686 -0.248252 -0.28432414 0.92602956
-0.21630587 -0.8807356 3.7387807 0.03644703 -0.6733481 0.7384267
-0.17544146 -0.8964997 3.737833 -0.50770223 -0.30058736 0.8073944
-0.21760498 -0.8828131 3.7489555 0.20254603 -0.29381564 -0.93415606
-0.17670262 -0.8992774 3.7470126 -0.61140364 -0.059512027 -0.7890779
-0.21155356 -0.8780225 3.7453065 -0.08565694 -0.96734744 -0.23854102
-0.22769623 -0.8777386 3.7452674 0.16183053 -0.21478209 -0.96316123
-0.2267477 -0.87496895 3.7442148 -0.31362438 -0.92246634 -0.22515695
-0.19491522 -0.88768697 3.7537017 -0.15749528 -0.51510584 -0.84253263
-0.20711228 -0.8825961 3.750231 -0.013446461 -0.64298093 -0.7657641
-0.18245766 -0.8904794 3.7505765 -0.5374694 -0.51754344 -0.66578937
-0.17576008 -0.89162594 3.7426534 -0.7513882 -0.6500805 -0.11318638
-0.21566524 -0.89339495 3.732087 -0.24130613 -0.70218885 0.66985244
-0.2261321 -0.87737155 3.7425508 -0.19917502 -0.5884549 0.7836135
-0.19580905 -0.8853219 3.738054 -0.21224385 -0.7137065 0.66751444
-0.20612182 -0.87969303 3.7400777 -0.161456 -0.8697073 0.46641308
-0.18159278 -0.88716716 3.7394793 -0.47133923 -0.80668813 0.35650185
-0.1632463 -0.90619975 3.7401185 -0.5851768 -0.34250653 -0.735022
-0.18711093 -0.9123363 3.7504323 -0.17279766 -0.21728046 -0.9606925
-0.16566586 -0.903158 3.7354836 -0.1981552 -0.844947 0.4967888
-0.16171715 -0.9048321 3.7368245 -0.6914324 -0.7170448 -0.088136815
-0.1931179 -0.88214314 3.7456574 -0.3076768 -0.9417854 -0.13555518
-0.18522732 -0.9043887 3.7330565 -0.21020308 -0.83317226 0.51150614
-0.1740754 -0.90427166 3.735741 -0.031979535 -0.76969314 0.6376126
-0.20193507 -0.89969844 3.729741 -0.28755197 -0.75421715 0.5903138
-0.22402182 -0.8858112 3.7367978 -0.27352327 -0.64742196 0.7113578
-0.28014404 -0.6172077 3.725437 0.025742112 0.97825533 -0.20580056
-0.29376188 -0.6172506 3.7660656 -0.033028584 0.96614903 0.2558617
-0.26502693 -0.6524033 3.6715813 0.015961703 0.47787797 -0.87828124
-0.2693805 -0.63115245 3.6954339 0.056018367 0.8391009 -0.54108375
-0.27182037 -0.69076294 3.6786919 -0.8842494 -0.18182269 -0.43016696
-0.26929587 -0.6715002 3.669834 -0.28557023 -0.13143389 -0.94930226
-0.28070605 -0.681256 3.727412 -0.7750931 -0.08876841 -0.6255805
-0.2840998 -0.7141623 3.7360516 -0.9479075 -0.15490448 -0.2783449
-0.28192705 -0.69581276 3.7307148 -0.8588276 0.08202769 -0.50565463
-0.28723812 -0.70610684 3.7508714 -0.9656817 0.22999604 -0.120668106
-0.29189822 -0.7024578 3.7684646 -0.8932378 0.08060389 -0.44229996
-0.2913944 -0.709874 3.773483 -0.8510741 -0.51682794 0.092530094
-0.28652552 -0.71631426 3.7487059 -0.95274216 -0.24852891 -0.17468733
-0.28622368 -0.70190746 3.742076 -0.98222435 0.1742984 -0.0696811
-0.28495187 -0.6940006 3.7380624 -0.98864913 0.14965907 -0.013231142
-0.2840686 -0.64459246 3.6975608 -0.9824782 -0.033558972 -0.18333106
-0.2950402 -0.6303702 3.7267728 -0.93819916 -0.03801795 -0.34400138
-0.28260124 -0.63375056 3.691466 -0.57968396 0.5820233 -0.5702765
-0.29380393 -0.61776084 3.7210584 -0.6004074 0.6975574 -0.39105564
-0.2725378 -0.68309414 3.7007446 -0.80306613 -0.0015623212 0.5958877
-0.26907507 -0.6982159 3.7087502 -0.87811595 0.46533027 0.11126559
-0.27491742 -0.68708295 3.6832275 -0.9341777 -0.3242125 -0.14899075
-0.2770828 -0.6813675 3.6915329 -0.90031606 -0.33209845 0.28132114
-0.28130603 -0.6712787 3.6827137 -0.95428556 -0.28206143 -0.09889614
-0.27677134 -0.6713269 3.6723344 -0.64936393 -0.23100285 -0.72454405
-0.27833274 -0.6523615 3.6717663 -0.5064366 0.3159974 -0.802289
-0.28404042 -0.65742975 3.6844678 -0.9785875 -0.03972031 -0.20196271
-0.30347437 -0.68493646 3.7845042 -0.8324988 -0.1168086 -0.54157317
-0.30337816 -0.68934554 3.793563 -0.7624195 -0.49028176 0.42230353
-0.3133376 -0.65868944 3.7882578 -0.9005431 -0.28590652 -0.32753554
-0.31220677 -0.6579163 3.8008292 -0.7419316 -0.06944802 0.66686916
-0.31594455 -0.6415092 3.7834034 -0.9748537 -0.12724154 -0.18294755
-0.31357396 -0.63506633 3.7936037 -0.607759 0.48556593 0.6283747
-0.31214815 -0.62734723 3.7603612 -0.8964822 -0.2151311 -0.38734773
-0.31107864 -0.6145069 3.7643392 -0.58495235 0.8085603 0.0637256
-0.2996521 -0.6573186 3.8054285 -0.38408813 0.07265589 0.9204333
-0.29898316 -0.63517904 3.794692 -0.2599377 0.6549321 0.70957476
-0.2927722 -0.690773 3.7981603 -0.5369756 -0.4759777 0.696493
-0.27717274 -0.69995445 3.7196145 -0.789551 0.4167459 -0.4504799
-0.28270453 -0.6797617 3.735482 -0.99795353 0.032945458 0.05480221
-0.27850756 -0.6622886 3.7221446 -0.81222355 -0.3890193 -0.43469164
-0.28348866 -0.66010386 3.7353458 -0.8496508 -0.47846568 -0.22172965
-0.26824823 -0.67456627 3.7024667 -0.71117574 -0.29780236 0.63682234
-0.27501595 -0.6705333 3.6959314 -0.80307347 -0.3762594 0.4620627
-0.2704901 -0.69218296 3.7240422 -0.3841268 0.39074397 -0.83652
-0.26360393 -0.6943919 3.7116382 -0.40985596 0.8071147 0.42495173
-0.26617402 -0.69549996 3.7171724 -0.35470515 0.88123536 -0.31242365
-0.25934005 -0.6794688 3.7085009 -0.65863514 -0.438023 0.6118297
-0.25733188 -0.6898252 3.7221644 -0.4399221 0.32929766 -0.83548284
-0.2570988 -0.6884357 3.7078042 -0.5626025 0.25470588 0.7865134
-0.25696808 -0.6825056 3.720779 -0.5170925 -0.4241097 -0.7434691
-0.25117362 -0.6919554 3.7155378 -0.8811924 0.47244012 -0.017328208
-0.2545031 -0.6803259 3.7152348 -0.8301819 -0.5568316 -0.027140316
-0.29009768 -0.6823308 3.772883 -0.9925253 -0.11459161 -0.04198056
-0.29118752 -0.67762476 3.7786968 -0.87222403 -0.1036981 -0.47798735
-0.30480304 -0.65889883 3.7829077 -0.75714624 -0.36555716 -0.5413848
-0.27903193 -0.69525045 3.7565293 -0.94548154 0.17641863 -0.27375373
-0.2797725 -0.6926488 3.7477155 -0.9461818 0.24130876 0.21566214
-0.29589948 -0.6365656 3.7278259 -0.907223 0.08493081 -0.41198704
-0.3068879 -0.64534587 3.7760668 -0.8904122 -0.29581454 -0.34591892
-0.30268046 -0.63285625 3.7577026 -0.89928424 -0.3080301 -0.31049198
-0.28553984 -0.64893466 3.7054374 -0.9477046 -0.30331534 -0.099275954
-0.28310302 -0.66094506 3.6977646 -0.8982816 -0.39519235 0.19212817
-0.29692551 -0.6450188 3.7281182 -0.7935572 -0.3078363 -0.52488446
-0.298496 -0.6605784 3.7473946 -0.59829456 -0.5546432 -0.5782859
-0.30909437 -0.6472443 3.749352 -0.9547972 -0.046658967 -0.2935731
-0.2987638 -0.6638922 3.767121 -0.7101164 -0.6843033 0.16572201
-0.29215047 -0.65202177 3.735468 -0.5904259 -0.6976042 -0.4058887
-0.29006645 -0.6792489 3.7548974 -0.5874191 -0.4884675 -0.64524287
-0.29068536 -0.67434895 3.768118 -0.89997786 -0.24852832 0.35815278
-0.294609 -0.6671613 3.7743754 -0.70758134 -0.64267266 -0.29376954
-0.2872571 -0.6934148 3.7698452 -0.82142615 0.081670195 -0.564437
-0.29426557 -0.6791975 3.7824638 -0.5771439 0.008043153 -0.8166029
-0.30051744 -0.66436607 3.7763207 -0.71316475 -0.6685211 -0.2108921
-0.30741513 -0.65748703 3.768669 -0.9088741 -0.41641042 0.023457024
-0.3012848 -0.66391695 3.7600787 -0.8259837 -0.5556589 -0.094837524
-0.29445797 -0.6788758 3.7631495 -0.91650283 -0.39777228 0.042423073
-0.27007702 -0.6821536 3.7238293 -0.31426084 -0.269402 -0.9103091
-0.27880013 -0.68006134 3.7430465 -0.9851262 -0.015719807 0.17111221
-0.2841136 -0.6514435 3.7140138 -0.75532013 -0.6324689 -0.17168176
-0.278131 -0.65803844 3.7152069 -0.7914539 -0.6050006 -0.0870336
-0.2728348 -0.6675408 3.7184608 -0.7087063 -0.47821015 -0.5187006
-0.28529805 -0.6618447 3.7440076 -0.54716414 -0.599943 -0.5836779
-0.28040656 -0.67647636 3.750721 -0.74153304 -0.33102566 -0.5835673
-0.28336135 -0.66207516 3.7396295 -0.8929826 -0.42411554 -0.15069215
-0.2717261 -0.66705704 3.708633 -0.71786714 -0.67128444 0.18451023
-0.26395532 -0.6734468 3.713515 -0.6352325 -0.75361943 -0.16893022
-0.5989562 -0.33082312 1.9667557 0.3764886 0.55628186 0.740815
-0.61786 -0.23331751 1.877165 -0.17937405 0.7419039 -0.64606774
-0.4602353 -0.2951405 1.9933985 -0.016219737 0.6464021 -0.76282454
-0.43838462 -0.30377257 2.0077307 0.94655585 0.2423723 -0.21280903
-0.4861018 -0.3027244 2.0232403 -0.96491945 0.22738582 0.1312485
-0.43556702 -0.31258383 2.0230553 0.99271446 0.025470223 0.11776795
-0.4815291 -0.29725087 2.0066469 -0.7669846 0.46545014 -0.44169092
-0.46027946 -0.32171836 2.047345 -0.011446371 -0.36174655 0.93220615
-0.4801785 -0.32101056 2.0395732 -0.7167175 -0.22464553 0.6601897
-0.44107157 -0.31848642 2.0371525 0.85342044 -0.20280129 0.48015133
-0.43590742 -0.33256602 1.9835614 0.83346516 0.27779293 -0.47766823
-0.44766328 -0.35763383 1.9676226 0.5940629 -0.17411359 -0.78534937
-0.4385276 -0.34716055 1.9738688 0.7562914 0.03683843 -0.6531969
-0.4469886 -0.37553847 2.0059588 0.5671597 -0.76872224 0.29562804
-0.4391962 -0.3525134 2.0210242 0.74188316 -0.32721657 0.585268
-0.44000626 -0.36420962 2.0139678 0.71193445 -0.52342075 0.46816665
-0.43267345 -0.3445912 2.0040896 0.9953826 -0.04574963 0.08438263
-0.44197884 -0.3693905 1.9880122 0.75897443 -0.60129905 -0.24979466
-0.43413037 -0.35824418 1.9954174 0.94670004 -0.3135361 -0.07385258
-0.47689423 -0.33179602 1.9898092 -0.7424623 0.5116434 -0.4324011
-0.47516796 -0.35551172 2.017346 -0.6348219 -0.1892568 0.7491216
-0.48100314 -0.34225315 2.0026586 -0.92384446 0.25376895 0.286553
-0.46428934 -0.3722814 2.017959 -0.014137936 -0.5779576 0.8159443
-0.45851198 -0.35476825 2.0295968 -0.04459176 -0.5092981 0.8594341
-0.45968777 -0.36447453 2.0237367 -0.040035788 -0.54255676 0.8390645
-0.4657411 -0.34000075 1.965106 0.002691338 0.5594842 -0.82883656
-0.45755446 -0.32322446 1.9751239 -0.0634197 0.5134503 -0.85577255
-0.459934 -0.33253318 1.969846 -0.04564121 0.54276174 -0.8386457
-0.5254384 -0.4289969 1.9479544 0.25382033 -0.83670366 -0.4852857
-0.5372151 -0.37610495 1.9602112 -0.061558846 0.9828327 -0.17392662
-0.5356896 -0.40051216 1.988555 -0.1408394 0.1393614 0.9801748
-0.5361329 -0.3831785 1.9764798 -0.16554539 0.709725 0.68475187
-0.54177624 -0.41911212 1.988218 -0.009870171 -0.50125855 0.8652413
-0.52175635 -0.41378915 1.9915009 -0.010281153 -0.5122657 0.8587654
-0.5314104 -0.4182898 1.9887378 -0.011623503 -0.48170602 0.87625575
-0.5251278 -0.38236 1.9365197 0.02275481 0.5674215 -0.82311296
-0.5457728 -0.38461855 1.933352 0.062552154 0.53997266 -0.839355
-0.5348779 -0.3858138 1.9336076 0.062060606 0.5230816 -0.85002005
-0.43402734 -0.33317697 2.0112464 0.989595 0.035697985 0.13938203
-0.44093183 -0.3407688 2.0280814 0.72577614 -0.29070494 0.6234898
-0.43775615 -0.32029063 1.990392 0.81193924 0.36915177 -0.4521964
-0.44145253 -0.2828919 2.0394146 0.66864055 0.606811 0.4297676
-0.44570076 -0.30142498 2.0491834 0.5209162 0.0292503 0.85310644
-0.44297233 -0.28255308 2.0188258 0.63756895 0.71536976 -0.28592312
-0.44140917 -0.2991845 2.0036228 0.71265334 0.48851436 -0.50346684
-0.44519156 -0.32104144 2.041023 0.57144266 -0.33780456 0.7478912
-0.6045949 -0.33407897 1.8815295 -0.24646063 -0.18731906 -0.9508779
-0.59264106 -0.3625297 1.9163693 0.03172335 -0.9867451 -0.1591467
-0.5989559 -0.35672277 1.8945088 -0.2168433 -0.803529 -0.55436444
-0.52796423 -0.35838804 1.8903289 0.08634674 -0.8398826 -0.53585577
-0.50241995 -0.34934977 1.8953625 0.67696047 -0.59099835 -0.43868598
-0.5134776 -0.36082235 1.9103334 0.374857 -0.91663116 0.13881478
-0.4518113 -0.25062978 1.941204 0.89269704 0.37541425 -0.24931145
-0.45020255 -0.26632574 1.9648719 0.9535507 -0.031926706 0.299536
-0.44802544 -0.26032603 1.9527509 0.98854256 0.14555326 0.039974164
-0.4587867 -0.2285105 1.9603736 0.78607047 0.57096094 -0.23684771
-0.45425624 -0.24235605 1.9799023 0.8691289 0.10670995 0.4829369
-0.45680124 -0.22885723 1.9731227 0.88472795 0.45267054 0.11111166
-0.47819096 -0.22209398 1.9578973 -0.26306206 0.9038875 -0.3373214
-0.4727533 -0.23985314 1.9908367 -0.10396593 0.16067742 0.98151606
-0.47462517 -0.22160351 1.9807138 -0.20232782 0.8177106 0.53889966
-0.48513386 -0.24867778 1.9846784 -0.6437771 -0.049985312 0.7635787
-0.4880577 -0.22905447 1.9606714 -0.75948876 0.62831575 -0.16851145
-0.47456613 -0.24595065 1.9318645 -0.26038682 0.5572334 -0.78847295
-0.48816323 -0.23053083 1.9734932 -0.79108423 0.50253767 0.34877145
-0.5039193 -0.35432667 1.9142822 0.57698935 -0.78047025 0.24072677
-0.52596253 -0.36420682 1.9084072 0.11022772 -0.9910323 0.075530596
-0.5217065 -0.34187788 1.8776448 0.23158666 -0.2642068 -0.93624914
-0.5895842 -0.29444656 1.911813 0.6131851 0.5163748 0.59779674
-0.5797738 -0.32897794 1.9473487 0.65647286 0.30704919 0.68903136
-0.5819301 -0.3113865 1.9352641 0.43651858 0.69223696 0.574682
-0.5759256 -0.35369402 1.9324936 0.43773422 -0.74766076 0.4993918
-0.46431804 -0.27743855 1.9749146 0.17146099 -0.53412557 0.82783514
-0.5339247 -0.3446334 1.8768228 0.01920247 -0.34748518 -0.93748885
-0.49162182 -0.2536198 1.945093 -0.8878305 0.11329691 -0.44600537
-0.49365467 -0.26203454 1.9586239 -0.9704599 -0.2373324 0.04336947
-0.4847686 -0.27230266 1.9718132 -0.6275992 -0.5563902 0.5445633
-0.5099238 -0.33544272 1.8806809 0.4580836 -0.10590133 -0.8825782
-0.5805959 -0.30382645 1.891364 0.37983268 0.5749278 -0.7246966
-0.5614492 -0.30393994 1.9092252 0.37195557 0.64787483 0.6647611
-0.5655816 -0.31776422 1.881277 0.06298938 0.5286655 -0.8464899
-0.56298035 -0.34251964 1.8793516 -0.08853141 -0.3179009 -0.9439815
-0.5513838 -0.33884162 1.9331381 0.33631203 -0.070320204 0.9391216
-0.5566092 -0.36284402 1.9099265 -0.016332474 -0.9984135 0.05388749
-0.5503275 -0.3554618 1.9264373 0.11169621 -0.68814975 0.7169198
-0.5517258 -0.31757915 1.9269538 0.42919758 0.60297304 0.6724678
-0.5601775 -0.3572348 1.8920333 -0.06559597 -0.8448975 -0.53089124
-0.48392007 -0.30919215 1.8977518 0.5289479 -0.001933917 -0.8486521
-0.5003343 -0.2937605 1.8987095 -0.14106756 0.6479762 -0.748483
-0.5037598 -0.31437886 1.9446034 -0.41126522 -0.11599561 0.904105
-0.4804133 -0.3276692 1.9286487 0.6137468 -0.7647566 0.19611777
-0.49030614 -0.3251508 1.9422593 0.14597057 -0.6463274 0.7489683
-0.5133841 -0.29988134 1.9352766 -0.67492497 0.3737446 0.63623214
-0.5142949 -0.29009286 1.9210467 -0.6734706 0.7387858 0.025155745
-0.47841018 -0.3224347 1.9114251 0.756425 -0.5268928 -0.38756305
-0.47704917 -0.23625991 1.9403771 -0.25305203 0.6575102 -0.7096795
-0.4561122 -0.2394685 1.9489413 0.79522866 0.51962644 -0.3124095
-0.49416924 -0.24651365 1.9660695 -0.98223686 0.07419263 0.17235488
-0.44954756 -0.24747758 1.9614594 0.97319114 0.22922428 0.018850634
-0.49205086 -0.24113424 1.9518396 -0.86308724 0.34145662 -0.37213948
-0.4690802 -0.25984946 1.9857143 0.109817915 -0.39147866 0.9136107
-0.48637947 -0.26108125 1.9792883 -0.6538608 -0.3720903 0.65879804
-0.45201617 -0.25385162 1.9741354 0.8974919 -0.10916945 0.42730594
-0.4507009 -0.2629462 1.9251416 0.6986422 0.47173572 -0.5379262
-0.45571625 -0.28271437 1.9121875 0.5679522 0.06049822 -0.8208351
-0.4510323 -0.272722 1.9180684 0.67123556 0.28849798 -0.68279696
-0.45336077 -0.30492443 1.9438033 0.6807826 -0.6988428 0.21943967
-0.4481528 -0.2840558 1.957938 0.8421075 -0.23933364 0.48329523
-0.44807208 -0.295216 1.9501256 0.81758845 -0.45180145 0.35696578
-0.44417578 -0.27575245 1.9420912 0.9944662 0.103765525 0.016426148
-0.45005456 -0.29803306 1.9270614 0.8242962 -0.4515765 -0.34148872
-0.44428474 -0.28701213 1.934197 0.97507566 -0.15423736 -0.15949398
-0.48632026 -0.27260852 1.932916 -0.82871085 0.5182441 -0.21133249
-0.47770777 -0.289941 1.9580805 -0.5483616 -0.35404488 0.7575961
-0.48602226 -0.28004533 1.9462756 -0.9300047 0.054640982 0.3634633
-0.46725506 -0.30434623 1.9560084 0.12705106 -0.6259952 0.7694076
-0.46199656 -0.28861588 1.9671391 0.16378105 -0.55689996 0.81427157
-0.46308407 -0.29672164 1.9615813 0.123214506 -0.58680373 0.80029964
-0.47629136 -0.27339223 1.9125358 -0.17858112 0.65095603 -0.73781097
-0.47134498 -0.25904924 1.9221984 -0.26021057 0.54285544 -0.7984976
-0.47179207 -0.26652005 1.9170145 -0.2303686 0.5953659 -0.76972055
-0.51351637 -0.35531723 1.8915974 0.3944752 -0.7496548 -0.5314198
-0.53483427 -0.31465617 1.9061344 -0.23924914 0.9708869 -0.011765718
-0.528794 -0.3397583 1.9273952 -0.12234805 -0.07211748 0.98986363
-0.5348438 -0.32406425 1.9201945 -0.16192545 0.54258865 0.8242437
-0.5307372 -0.35601777 1.92408 0.07579841 -0.6355353 0.768342
-0.51305974 -0.3468576 1.9282668 0.10523417 -0.58017457 0.8076653
-0.5211203 -0.3534349 1.9248266 0.10585235 -0.60548365 0.7887869
-0.5224189 -0.31544912 1.883155 -0.09932851 0.65345937 -0.7504164
-0.5388466 -0.32146147 1.8788053 0.0040641776 0.5948922 -0.8037952
-0.5299124 -0.31996658 1.8799825 -0.039514646 0.61942333 -0.7840621
-0.4470107 -0.264977 1.9498824 0.98293185 0.17274013 0.063291565
-0.45040607 -0.27432078 1.9647439 0.8337215 -0.18383704 0.5206844
-0.45378494 -0.25304177 1.9319383 0.6338797 0.56029457 -0.53316647
-0.460345 -0.22373319 1.977286 0.5674004 0.7340165 0.37319776
-0.45976898 -0.23932941 1.9862255 0.56378216 0.16268013 0.80974364
-0.46395084 -0.22277519 1.9606683 0.3912028 0.87279606 -0.2918688
-0.46091694 -0.23597154 1.9456936 0.45722994 0.68679655 -0.56502324
-0.4561604 -0.2567982 1.978246 0.6608033 -0.2648853 0.702264
-0.60528636 -0.2638634 1.8546797 -0.3226355 0.10460467 -0.9407253
-0.5920522 -0.29299507 1.8734955 0.11441329 -0.9124339 -0.39290458
-0.59849465 -0.2835967 1.856503 -0.21909869 -0.59149384 -0.77597094
-0.55535984 -0.2821085 1.8523921 -0.14087221 -0.6604341 -0.7375512
-0.53628963 -0.27958527 1.8525705 0.4247307 -0.5436481 -0.7239134
-0.5425831 -0.28812006 1.8630048 0.21994027 -0.94474244 -0.24308042
-0.49281338 -0.21245089 1.8970096 0.87102515 0.23911315 -0.42911544
-0.48870173 -0.22515227 1.910429 0.9735821 -0.22414052 -0.043577254
-0.48928162 -0.22001371 1.9032551 0.96730936 0.046273496 -0.24934185
-0.49232885 -0.20097324 1.9093493 0.79371256 0.5338799 -0.29153496
-0.48756793 -0.2134069 1.921284 0.98096293 0.0024982058 0.19417906
-0.48879907 -0.20357147 1.9183192 0.91548175 0.40030405 0.040618636
-0.5058958 -0.19552338 1.911217 -0.25273445 0.9665414 -0.043852333
-0.4972883 -0.2136057 1.9316796 0.1678076 0.09891504 0.98084474
-0.49927908 -0.19969179 1.9257514 0.018269992 0.7259761 0.6874772
-0.5070409 -0.21909237 1.9300505 -0.3770975 -0.04537408 0.92506146
-0.51269263 -0.20102791 1.9143211 -0.69844025 0.68735087 0.19932349
-0.5089965 -0.20635895 1.8916312 -0.26740915 0.7276525 -0.6316758
-0.51067036 -0.20497446 1.9234828 -0.5980137 0.48259956 0.639904
-0.5328344 -0.28506243 1.8644109 0.5063782 -0.83098686 -0.23030853
-0.5489356 -0.2891438 1.8639029 0.050412945 -0.97665066 -0.20883505
-0.54712725 -0.26743376 1.8463342 0.06091568 0.0019692173 -0.998141
-0.5948092 -0.24169156 1.8868272 0.13275322 0.981763 0.13608113
-0.57828695 -0.27404168 1.9057541 0.62852746 0.0199253 0.77753204
-0.5859592 -0.25309542 1.9009244 0.47042036 0.55458647 0.6863953
-0.58011264 -0.2863633 1.8915238 0.6826961 -0.7184772 0.1331038
-0.4968547 -0.2361258 1.9197011 0.4654075 -0.6080109 0.6432096
-0.55461824 -0.2681957 1.8463554 -0.10163285 -0.02202759 -0.9945781
-0.5212044 -0.214687 1.9030199 -0.9328078 0.3443936 -0.10612572
-0.52083665 -0.22389536 1.9139477 -0.9237266 -0.07075889 0.3764604
-0.51126117 -0.23406154 1.9221303 -0.42747775 -0.53475285 0.7289048
-0.53925365 -0.26555526 1.8472621 0.256018 -0.00035564907 -0.966672
-0.6038967 -0.24483672 1.8647603 0.009486213 0.81113774 -0.5847783
-0.5681121 -0.24440148 1.8803848 0.2897151 0.93172795 0.21897075
-0.5740469 -0.24896589 1.8574749 -0.029455919 0.788541 -0.61427635
-0.5743857 -0.26689252 1.8497808 -0.1368573 0.016572677 -0.9904522
-0.56146216 -0.27354684 1.8919251 0.42091352 -0.2924555 0.8586627
-0.5669614 -0.28994012 1.8676035 0.010713126 -0.9802491 -0.1974765
-0.56161994 -0.2872158 1.8821012 0.16750956 -0.8548926 0.49101847
-0.56153274 -0.25802785 1.8907334 0.4198595 0.45526406 0.7851449
-0.57296914 -0.28178483 1.856215 -0.07564944 -0.6537339 -0.7529336
-0.5117526 -0.24753523 1.8607471 0.5713938 0.07514647 -0.81722826
-0.5207745 -0.24145862 1.8588223 0.055971026 0.6160878 -0.7856864
-0.5251354 -0.2617995 1.8970147 -0.29075348 -0.42018092 0.859599
-0.5052175 -0.26383838 1.8801746 0.75412846 -0.6382731 -0.15458904
-0.51148915 -0.2679816 1.8915404 0.40135682 -0.7994536 0.4469749
-0.5359511 -0.24967071 1.8925105 -0.72111464 0.16696027 0.67239714
-0.5364081 -0.24031864 1.8806925 -0.7004939 0.7073413 0.09474554
-0.5055169 -0.25628334 1.8696809 0.7658182 -0.34522542 -0.54253286
-0.50906146 -0.20172583 1.8979282 -0.32524925 0.82212704 -0.46724728
-0.49302086 -0.2063665 1.9018667 0.8187188 0.39926198 -0.41266128
-0.5170033 -0.21401677 1.919191 -0.846637 0.19093977 0.4967371
-0.48819956 -0.21308167 1.9092244 0.9704346 0.13510014 -0.20001152
-0.5178118 -0.2073233 1.9088179 -0.85936546 0.51103574 0.018260598
-0.4962013 -0.22634342 1.927388 0.3907904 -0.4611935 0.79660743
-0.50955474 -0.22674717 1.9271778 -0.414693 -0.33843973 0.84468234
-0.48774806 -0.2193343 1.9170166 0.98309815 -0.1635331 0.082309686
-0.49533707 -0.21757326 1.8867724 0.70469666 0.49888384 -0.50449735
-0.4970099 -0.22633013 1.8763338 0.6038404 0.37009922 -0.7059768
-0.49600953 -0.22186849 1.8813792 0.6550697 0.5205773 -0.5476156
-0.4917399 -0.24590017 1.8963649 0.89394146 -0.4454033 0.04984419
-0.4907699 -0.23621078 1.9053676 0.9484736 -0.24012148 0.20673546
-0.49062496 -0.24089867 1.9004622 0.9467748 -0.263193 0.18532927
-0.49014685 -0.22759725 1.895875 0.9854418 0.10566102 -0.13319217
-0.49096102 -0.23815417 1.8854197 0.92657703 -0.13694586 -0.35028684
-0.4898351 -0.233074 1.8904928 0.9847119 0.07151447 -0.15883346
-0.5216688 -0.2249726 1.8904301 -0.8497257 0.5184125 -0.09599342
-0.5132765 -0.24543259 1.9102871 -0.42842963 -0.49170583 0.75807214
-0.5217902 -0.2357279 1.9019794 -0.8811286 0.026064353 0.47215775
-0.49959147 -0.25257784 1.9057544 0.45216683 -0.6930833 0.5614096
-0.49715176 -0.24231125 1.9138147 0.49844548 -0.6171634 0.60881966
-0.49841926 -0.24753733 1.9097892 0.43914664 -0.61109424 0.65856975
-0.51315445 -0.22227684 1.8761373 -0.2661827 0.7150441 -0.64642
-0.50996345 -0.21368119 1.884361 -0.26579756 0.7060963 -0.65633816
-0.51125544 -0.21799012 1.8802729 -0.29438373 0.720764 -0.6275647
-0.5488924 -0.281877 1.8510274 0.03266027 -0.6321438 -0.7741625
-0.55164015 -0.24979849 1.8729366 -0.07936564 0.97836334 0.19106627
-0.5401968 -0.27529472 1.886163 0.012017101 -0.42105666 0.90695477
-0.5434395 -0.258795 1.8853774 -0.31083032 0.31255624 0.89760405
-0.5468228 -0.2877259 1.8777152 0.13813017 -0.8895574 0.4354396
-0.5315021 -0.2832112 1.8794984 0.32511973 -0.8435277 0.42750236
-0.5396372 -0.28606114 1.8780454 0.2015748 -0.8614114 0.46619526
-0.54031944 -0.25048512 1.8517494 -0.066935755 0.667199 -0.741866
-0.55594724 -0.2501541 1.8534447 -0.050841328 0.8103469 -0.5837406
-0.5491557 -0.25045815 1.8526075 -0.03348131 0.8023346 -0.59593475
-0.48952496 -0.22212833 1.9020122 0.9795807 0.0247101 -0.19952725
-0.49046072 -0.23071633 1.9108411 0.9323192 -0.31629595 0.17532164
-0.49612704 -0.21230769 1.8909243 0.6139458 0.53201854 -0.58311826
-0.49088785 -0.20119934 1.921521 0.64398193 0.64750946 0.40745404
-0.4894803 -0.21290089 1.9265795 0.76253694 0.05534271 0.64457315
-0.4958948 -0.19669504 1.9105861 0.3817509 0.90577924 -0.18392979
-0.496165 -0.2033411 1.9000685 0.47823402 0.69200295 -0.5407626
-0.48961416 -0.22248326 1.9209388 0.85910785 -0.3488177 0.37451297
-0.60528284 -0.42358103 2.0093262 -0.16289192 -0.52259916 -0.8368729
-0.6061102 -0.44188517 2.0528064 -0.16514175 -0.91948014 0.35676947
-0.6080365 -0.4431487 2.029015 -0.32134348 -0.8784415 -0.35366488
-0.53886807 -0.447252 2.0226734 0.21178195 -0.86969554 -0.44584534
-0.51866144 -0.43854335 2.0275602 0.63405377 -0.6852604 -0.3583209
-0.5279708 -0.4462712 2.046243 0.40438116 -0.84717077 0.34464127
-0.4650681 -0.3420342 2.0628629 0.9560649 0.2416627 -0.16594915
-0.46714625 -0.3557254 2.0876937 0.8835045 -0.12050152 0.45265776
-0.46271595 -0.3504898 2.075532 0.99209464 0.04396846 0.11753723
-0.46899837 -0.3203835 2.0764124 0.853314 0.4874697 -0.18500955
-0.47069252 -0.3331268 2.0985963 0.7640968 0.04181302 0.6437451
-0.46869335 -0.31990525 2.0899882 0.8695797 0.4165239 0.26521504
-0.4892884 -0.3141608 2.0701718 -0.20274177 0.885447 -0.41818586
-0.49022996 -0.32913724 2.102006 -0.38186875 0.28512588 0.8791356
-0.48875505 -0.31272146 2.0914817 -0.3166178 0.855319 0.41010073
-0.50172764 -0.3373986 2.094348 -0.78992784 0.14014673 0.5969698
-0.4993051 -0.32073066 2.0721452 -0.71519905 0.64446187 -0.27047968
-0.48444298 -0.33852047 2.0477953 -0.09286389 0.4883589 -0.86768764
-0.50011337 -0.3211561 2.0840404 -0.79365295 0.5685527 0.21647826
-0.51975554 -0.44029295 2.0484204 0.5139158 -0.77154624 0.37497583
-0.5384058 -0.4508941 2.0440667 0.20016438 -0.94307035 0.2656172
-0.53252417 -0.43009531 2.00921 0.35467798 -0.30792293 -0.882829
-0.5854959 -0.38579246 2.0280952 0.62964 0.76982784 -0.104492255
-0.59016544 -0.41034555 2.0694258 0.38727948 0.20837878 0.89810514
-0.5860584 -0.3940246 2.0550914 0.49600106 0.68591356 0.53245234
-0.6274798 -0.41871065 2.079111 -0.1176815 -0.54790306 0.828223
-0.48614183 -0.36550108 2.0942116 -0.11139409 -0.47592345 0.87240374
-0.5434348 -0.43354464 2.0071359 0.15589857 -0.4003284 -0.90301317
-0.5030982 -0.34479734 2.0572252 -0.8002959 0.07388196 -0.5950361
-0.5075526 -0.35140902 2.0709949 -0.96723866 -0.20862754 -0.14465077
-0.50362366 -0.36006096 2.086034 -0.8182921 -0.41758832 0.39499125
-0.52327657 -0.42480308 2.0122588 0.48150414 -0.2304041 -0.8456167
-0.588808 -0.400476 2.0073175 0.3521939 0.3305989 -0.8755934
-0.5715627 -0.39461142 2.0284884 0.40382895 0.90117973 -0.15747148
-0.5734361 -0.4117851 2.006617 0.07252837 0.3406642 -0.93738335
-0.57067543 -0.43361098 2.0069149 -0.08919931 -0.4171651 -0.9044427
-0.5632531 -0.4202161 2.0591898 0.22987916 0.29783738 0.926525
-0.56545293 -0.45264822 2.0439613 -0.029803624 -0.96803737 0.24902888
-0.5614774 -0.4399726 2.0593317 0.09188921 -0.4755485 0.87487715
-0.5643568 -0.40370703 2.0467734 0.3483694 0.7649143 0.5417979
-0.5681924 -0.44921544 2.022445 -0.076903045 -0.8921777 -0.4450897
-0.49550328 -0.40244165 2.0237012 0.49935654 -0.24183354 -0.8319613
-0.50986224 -0.38447148 2.0216632 -0.07518294 0.53199613 -0.84340245
-0.5183794 -0.39537045 2.0696669 -0.4624566 0.22427924 0.8578069
-0.49497172 -0.4170928 2.0575411 0.49854928 -0.7904795 0.35579598
-0.5068033 -0.40888005 2.0718758 0.015950223 -0.40784428 0.91291213
-0.5238262 -0.38281417 2.0561001 -0.6425829 0.62045443 0.44958144
-0.52223986 -0.37716198 2.0412028 -0.54767936 0.82254773 -0.15317471
-0.4921937 -0.41446766 2.0396683 0.6671217 -0.6814663 -0.30091918
-0.48777992 -0.3285952 2.0548365 -0.14459868 0.6226619 -0.76901454
-0.46703234 -0.33158255 2.067324 0.8949392 0.33527592 -0.29440424
-0.50648564 -0.33606124 2.0768042 -0.97766614 0.20789343 0.030811377
-0.46338186 -0.33847472 2.0814986 0.98527354 0.09942769 0.13910525
-0.5028587 -0.33219174 2.0643346 -0.79528356 0.39925897 -0.4561977
-0.48962963 -0.3482424 2.1014578 -0.22681981 -0.25597814 0.9396957
-0.50376314 -0.34925315 2.0913334 -0.8153523 -0.16055414 0.5562581
-0.46937567 -0.34420574 2.0944781 0.80884755 -0.14556956 0.569715
-0.46233088 -0.3582672 2.0466971 0.8047271 0.36918068 -0.46488702
-0.4681271 -0.38259208 2.0331676 0.6389577 -0.15550879 -0.75335914
-0.46205264 -0.36921176 2.0403924 0.7888904 0.17474432 -0.58916575
-0.4690922 -0.39913464 2.0684729 0.5833523 -0.7071286 0.3995864
-0.46516538 -0.37648252 2.0815172 0.687005 -0.25833377 0.6791817
-0.46453628 -0.386313 2.0759912 0.6900004 -0.42302573 0.5873233
-0.45819113 -0.36926532 2.0659642 0.984606 0.077205926 0.15681247
-0.46222094 -0.39249137 2.0523205 0.83406657 -0.51802367 -0.18969582
-0.45738196 -0.3798384 2.0598297 0.9866074 -0.16151203 0.022798175
-0.49490425 -0.36191624 2.050025 -0.7598826 0.4897859 -0.42742032
-0.4949783 -0.37959284 2.0750346 -0.6871127 -0.08816975 0.72118115
-0.49610925 -0.3669016 2.0636575 -0.9858077 0.13782954 0.0958452
-0.484204 -0.39254224 2.0791898 -0.024909928 -0.4586993 0.8882423
-0.48344293 -0.37650526 2.087917 -0.11668396 -0.514022 0.8498037
-0.48306316 -0.38473216 2.083339 -0.16907217 -0.46312928 0.87001485
-0.48440522 -0.36727735 2.0303016 -0.017000569 0.5152986 -0.85684204
-0.48099512 -0.35229614 2.0392194 -0.11489496 0.48566598 -0.8665609
-0.48152977 -0.36062485 2.0346909 -0.09980611 0.54206854 -0.8343863
-0.52756935 -0.44354707 2.0246592 0.45658764 -0.7853395 -0.41805452
-0.54732156 -0.40111274 2.0290926 -0.20918696 0.96194774 -0.1757764
-0.5444057 -0.41813463 2.0577826 -0.2852335 0.3131018 0.9058747
-0.54730827 -0.4057063 2.0442133 -0.3354863 0.78455776 0.52145755
-0.54549325 -0.43768227 2.0589252 0.05344279 -0.41611642 0.90773946
-0.52990234 -0.42823 2.063029 -0.030009786 -0.39266792 0.9191906
-0.53753024 -0.4336611 2.0604165 -0.015481481 -0.363002 0.9316597
-0.5338369 -0.40492007 2.0115356 -0.047162365 0.52171266 -0.85181665
-0.5499901 -0.41294628 2.0061603 0.07779122 0.42539394 -0.9016588
-0.5418818 -0.40981045 2.008594 0.008179816 0.5352279 -0.8446681
-0.4621707 -0.35437587 2.0737374 0.98109734 0.10211946 0.16437642
-0.46878758 -0.36305985 2.0887315 0.6685242 -0.24510136 0.7021401
-0.46573275 -0.3453496 2.0532372 0.76700526 0.442896 -0.4642695
-0.47390103 -0.31427395 2.0934534 0.41957402 0.7743483 0.47364795
-0.47687975 -0.32941404 2.1032674 0.28790846 0.2068951 0.9350417
-0.47409555 -0.3146967 2.0748863 0.43763188 0.84163153 -0.31644067
-0.471101 -0.32814586 2.0627968 0.58360755 0.569024 -0.57932186
-0.47490442 -0.34719858 2.0988972 0.4399282 -0.26805064 0.85709506
-0.5642371 -0.4475231 2.0783663 -0.6019225 -0.5624693 0.5668489
-0.53634083 -0.45910546 2.0846577 -0.2533721 -0.7223032 0.643491
-0.54952455 -0.45328656 2.0846002 -0.41392586 -0.70256466 0.57885075
-0.5660723 -0.46638456 2.058104 -0.66562676 -0.5676605 0.4844611
-0.5392739 -0.47904983 2.0645041 -0.22360352 -0.71037614 0.66735834
-0.5549532 -0.47871736 2.0563052 -0.48664302 -0.6771372 0.5519636
-0.567827 -0.45573306 2.0338712 -0.7498506 -0.039826725 -0.66040736
-0.524768 -0.48085827 2.0450215 0.55738556 -0.7601199 -0.33397463
-0.5487504 -0.48060805 2.0302026 -0.16730168 -0.679033 -0.7147898
-0.51753336 -0.46274763 2.0394373 0.75406075 -0.26525548 -0.6008593
-0.55224365 -0.4464581 2.028319 -0.26002485 0.24639423 -0.9336364
-0.5712843 -0.42526233 2.058259 -0.8737785 0.3667651 -0.3193657
-0.53667057 -0.46051362 2.025463 0.22465976 -0.10455576 -0.9688117
-0.50880843 -0.4558977 2.078396 0.78657854 -0.5342091 0.30970138
-0.54477334 -0.41676256 2.0432193 -0.17120408 0.65002435 -0.74037665
-0.52211756 -0.42255896 2.0431764 0.47604778 0.4981599 -0.7247173
-0.50463706 -0.43736818 2.057151 0.9361163 0.057874944 -0.34689584
-0.56713885 -0.3885721 2.1303906 -0.91848654 -0.2420478 0.31272265
-0.565549 -0.37829664 2.102946 -0.87340283 0.26812583 -0.4065414
-0.50410235 -0.38304374 2.1043458 0.9204652 0.18635586 -0.3435335
-0.5188385 -0.40103683 2.1441686 0.42375717 -0.49606687 0.75785726
-0.502721 -0.39338166 2.1244166 0.948076 -0.21636169 0.23310816
-0.5203616 -0.37451458 2.0917559 0.4849084 0.45002988 -0.7498913
-0.541223 -0.3713234 2.0874815 -0.20010695 0.4902601 -0.84829366
-0.5457954 -0.39922148 2.14516 -0.32489628 -0.51692593 0.7919785
-0.5707838 -0.43475416 2.0491598 -0.84703916 0.29309675 -0.44341737
-0.56699073 -0.45615584 2.0668771 -0.64500916 -0.53055096 0.5499808
-0.52792454 -0.43920526 2.032728 0.39290312 0.28150478 -0.8754326
-0.5517105 -0.46426454 2.0711515 -0.42576185 -0.62977415 0.64970094
-0.5498638 -0.43104103 2.0350523 -0.26546058 0.4880809 -0.8314491
-0.51418316 -0.46911973 2.0640717 0.77918094 -0.60992587 0.14445564
-0.5101032 -0.4500853 2.0473318 0.8764702 -0.10047976 -0.47085434
-0.536801 -0.4697778 2.0734892 -0.21525422 -0.6768032 0.7039908
-0.5688403 -0.42495632 2.0968008 -0.90210134 -0.3373114 0.2691362
-0.5674776 -0.40993714 2.1187274 -0.87674624 -0.2909561 0.38296285
-0.5685401 -0.41894078 2.1065137 -0.8997878 -0.32713664 0.28872764
-0.5209399 -0.42281362 2.1313 0.38234353 -0.57780516 0.7210788
-0.52585757 -0.44412762 2.108423 0.17842346 -0.80908626 0.5599505
-0.52328527 -0.43585384 2.119185 0.30069947 -0.7301885 0.6135182
-0.54850763 -0.43849814 2.1070282 -0.44877738 -0.73433363 0.50926715
-0.5448759 -0.41984013 2.1311095 -0.32556915 -0.5972341 0.7330186
-0.546727 -0.43105996 2.1183202 -0.40102452 -0.6969088 0.5945565
-0.5408002 -0.3942898 2.0667999 -0.1403424 0.70381635 -0.69638103
-0.5023503 -0.4149645 2.0835984 0.9649927 0.15656838 -0.21041736
-0.51835525 -0.40036324 2.0688546 0.5441985 0.5729991 -0.6127969
-0.50319797 -0.41844505 2.1064618 0.9344653 -0.23127022 0.27071875
-0.50510585 -0.43957493 2.092818 0.8396172 -0.4204678 0.34387454
-0.50432646 -0.42921752 2.0999985 0.88683575 -0.32538012 0.32810077
-0.5672485 -0.39266354 2.093367 -0.8866952 0.36392123 -0.28518936
-0.57023716 -0.4095063 2.0754504 -0.88084257 0.3871632 -0.2724352
-0.5689775 -0.40105373 2.084491 -0.8677561 0.422651 -0.26146802
-0.6157112 -0.19713554 1.9456711 -0.819251 0.5248988 -0.23088753
-0.58106965 -0.18190011 1.9263558 0.027456123 0.6311576 -0.7751686
-0.56275725 -0.18997152 1.9277338 0.55000967 0.31713378 -0.77260303
-0.5486808 -0.44786602 2.0924213 -0.42801258 -0.7172566 0.5498619
-0.52791303 -0.45438084 2.0928485 0.096081965 -0.78072953 0.617438
-0.56938666 -0.43638536 2.082855 -0.8812064 -0.31365806 0.3536863
-0.5549564 -0.48413557 2.0484068 -0.4561381 -0.88932747 0.032167032
-0.53465676 -0.48518154 2.0582721 0.12514244 -0.953167 0.27533972
-0.5695664 -0.46682367 2.05027 -0.8882237 -0.4589739 -0.020039307
-0.57252854 -0.45072848 2.0633705 -0.9541586 -0.22316363 0.19944748
-0.5272611 -0.4721459 2.0724163 0.21886495 -0.75589144 0.61703014
-0.6035155 -0.42882305 2.069994 0.09210563 -0.51927143 0.8496315
-0.61695427 -0.40073544 2.0783687 0.6522823 -0.35464585 0.66989106
-0.61182284 -0.38533917 2.0612917 0.96243167 -0.23645936 0.13346246
-0.5922823 -0.28160378 1.9246407 0.6311649 -0.5706166 -0.5253832
-0.6134199 -0.24284215 1.8666 -0.11323119 0.69552207 -0.7095264
-0.6036192 -0.30782396 1.9446816 0.85568005 0.12684056 0.5017201
-0.6047571 -0.28799978 1.9217947 0.9950719 0.036629245 -0.09214223
-0.5981256 -0.30518487 1.943626 0.19017263 0.73568094 0.6500831
-0.5951084 -0.32092938 1.9562471 0.36378136 0.60995716 0.70399946
-0.59827673 -0.37780067 2.035422 0.36860377 0.88444954 0.28614715
-0.5982865 -0.38894665 2.0584614 0.3803381 0.7115407 0.59080684
-0.6026454 -0.40698156 2.073526 0.36598483 0.20215489 0.9083988
-0.6049684 -0.24143985 1.8841968 0.4897347 0.6747993 -0.55209213
-0.5993531 -0.26590803 1.9116757 0.8957618 -0.44119087 0.054420006
-0.59840214 -0.24806422 1.9110757 0.59781843 -0.3474537 -0.72241884
-0.59253323 -0.23605582 1.8920339 0.59671736 -0.16530564 -0.78524035
-0.58442324 -0.2582477 1.9074489 0.42595056 -0.4486821 -0.7856529
-0.6627053 -0.38801697 2.0366988 -0.9593267 -0.110707216 -0.25968498
-0.648883 -0.39952374 2.0783281 -0.6688428 -0.36898795 0.6453659
-0.6618917 -0.3942681 2.059977 -0.939748 -0.23193914 0.25115326
-0.648641 -0.29067466 1.9193598 -0.80233043 0.25023076 -0.5418952
-0.6568885 -0.3234204 1.9451518 -0.97888005 -0.19064027 -0.07382486
-0.65789706 -0.3033553 1.9352884 -0.9712783 0.065038145 -0.22888523
-0.62031996 -0.22455856 1.8973137 -0.6378409 0.6779967 -0.36534822
-0.6390572 -0.27047023 1.9010884 -0.9363514 -0.3491278 -0.03682043
-0.63923824 -0.2527111 1.892444 -0.9422243 0.25076878 -0.22209992
-0.64165574 -0.26192844 1.9278127 -0.95284486 0.24284336 -0.18197167
-0.60097307 -0.21422885 1.8976666 0.086715974 0.64048916 -0.7630556
-0.6562539 -0.28495347 1.950948 -0.97095495 0.23434438 -0.04826162
-0.6492568 -0.4235997 2.0436456 -0.7510287 -0.6577708 -0.057388738
-0.6339693 -0.23554125 1.9143689 -0.88841885 0.4420885 -0.12357051
-0.62479824 -0.3955536 2.0922704 0.026686272 -0.5128015 0.8580923
-0.65515804 -0.3558608 2.077975 -0.91015077 0.030210814 0.41317415
-0.64704126 -0.41272768 2.021596 -0.6895233 -0.5425963 -0.47973633
-0.6327035 -0.43513682 2.0580978 -0.43820333 -0.8391392 0.32221603
-0.64372486 -0.34139785 1.9067755 -0.72988945 -0.42217782 -0.53761256
-0.6305491 -0.31796533 1.8946346 -0.61781436 0.038030826 -0.7854037
-0.64059025 -0.3514664 1.9246876 -0.61856514 -0.6895275 -0.37673467
-0.6333087 -0.2698126 1.8725992 -0.7923487 -0.1886616 -0.5801641
-0.6292935 -0.2503843 1.8719544 -0.7019859 0.35386133 -0.6180599
-0.627917 -0.28761566 1.881817 -0.7107675 -0.5996871 -0.36767495
-0.6160488 -0.303332 1.8863622 -0.44470492 -0.21011822 -0.87068236
-0.58141977 -0.2832658 1.9100379 0.67266476 -0.12725273 0.7289231
-0.5944179 -0.30157226 1.8873484 0.375274 -0.3242239 -0.86835957
-0.5804724 -0.29112852 1.8964456 0.95552164 -0.28886002 -0.059482995
-0.6046655 -0.27939808 1.913158 0.92400044 -0.1465213 0.35320634
-0.5480472 -0.31610298 2.190579 -0.108478464 -0.2754292 0.9551812
-0.51467776 -0.31357065 2.183988 0.51920235 -0.1754877 0.8364406
-0.5786057 -0.3181507 2.17494 -0.5727732 -0.33262977 0.74919176
-0.5542536 -0.26021194 2.1982803 -0.119616926 0.035464346 0.99218655
-0.52088624 -0.25911948 2.1931005 0.47666243 0.11061259 0.8720997
-0.58500093 -0.26837182 2.1834922 -0.62277937 -0.08304754 0.7779775
-0.55268836 -0.21367018 2.1873996 0.031283908 0.16428621 0.9859165
-0.5250079 -0.21735413 2.1804054 0.53068066 0.23509471 0.8143147
-0.58689106 -0.21609046 2.1790738 -0.5522923 0.0678608 0.8308839
-0.57075346 -0.18964978 2.1834648 -0.33428285 -0.70645577 0.6238391
-0.53319526 -0.18676029 2.199426 0.48920518 -0.8408405 0.23165822
-0.55299914 -0.19212349 2.198746 0.017933894 -0.9829326 0.18308964
-0.5284606 -0.190064 2.1746166 0.7454935 -0.32650867 0.58106077
-0.51813805 -0.17452101 2.1905375 0.8658518 -0.4486323 0.22142655
-0.5463701 -0.08260067 2.0661638 0.59118783 0.7555607 -0.28217918
-0.5865411 -0.075090334 2.06572 -0.4183965 0.7500098 -0.51227903
-0.5837751 -0.049381677 2.122168 0.023295922 0.9725835 -0.23138428
-0.59919363 -0.055603888 2.1094773 -0.4188802 0.83102506 -0.36597365
-0.5577002 -0.05805015 2.118743 0.5677523 0.80742955 -0.1603588
-0.6190448 -0.18841842 2.125622 -0.9549532 0.026693784 0.29555336
-0.63270444 -0.22572112 2.082139 -0.98445046 0.15337205 0.08564033
-0.5853566 -0.15175524 1.9589111 -0.3975274 0.7100851 -0.5811636
-0.62688124 -0.21302313 1.9644845 -0.9005149 0.41038626 -0.14372191
-0.6293323 -0.20668091 2.0529494 -0.983468 0.18097915 0.0060960697
-0.62122965 -0.15586236 2.0812025 -0.99176335 0.09110569 -0.09002939
-0.5799105 -0.22471356 1.9060364 0.6769054 0.12046682 -0.7261452
-0.62573975 -0.18825404 2.0253294 -0.96171117 0.26710302 -0.061381806
-0.6045447 -0.11727826 2.0424454 -0.8211951 0.4575576 -0.34099793
-0.6062015 -0.20631364 2.155754 -0.84949195 0.0012230747 0.5276001
-0.5679042 -0.0907102 2.0383084 -0.04018766 0.8442732 -0.53440404
-0.5400441 -0.0994555 2.032739 0.49678317 0.7904489 -0.35832527
-0.5859857 -0.09822446 2.0384936 -0.5221446 0.68697536 -0.50540066
-0.5149589 -0.12452953 2.0411036 0.89893925 0.42445758 -0.10836959
-0.5038692 -0.19259411 2.1115973 0.97698176 0.21331726 -0.0015290255
-0.5024544 -0.21067937 2.1518147 0.90187734 0.2543723 0.34915885
-0.58169615 -0.32348585 2.0218852 0.76678586 -0.48471603 -0.4208204
-0.5312749 -0.27990547 2.0456219 0.7444884 -0.29086572 -0.6009443
-0.49577868 -0.2301488 2.0917962 0.9675017 0.08047835 -0.2397157
-0.51270235 -0.20270619 2.0629578 0.96759397 -0.046627693 -0.24816895
-0.54425275 -0.25841376 2.022381 0.84398973 -0.32359844 -0.4277446
-0.5800633 -0.29881072 1.9896331 0.8076354 -0.48746893 -0.33181182
-0.5101425 -0.17758267 2.0328383 0.98670155 -0.10583179 -0.12336793
-0.53961134 -0.2309786 1.9918348 0.84300154 -0.46582428 -0.26899117
-0.5743831 -0.27452105 1.9638016 0.8524527 -0.46207076 -0.24457116
-0.5481643 -0.3230947 2.0909004 0.42812476 -0.77276206 -0.46855944
-0.49807164 -0.30914748 2.1334734 0.9800414 -0.09909113 -0.17233628
-0.51534045 -0.31838793 2.104436 0.7331198 -0.30258834 -0.6090777
-0.5130255 -0.25717774 2.0617898 0.82587945 -0.11289647 -0.5524287
-0.5294124 -0.23477273 2.041329 0.8774856 -0.22246374 -0.42488685
-0.52497476 -0.20985505 2.0076945 0.9178982 -0.3203919 -0.23411945
-0.5312767 -0.3094727 2.0687835 0.6748418 -0.60871726 -0.41719505
-0.50703794 -0.28638828 2.0845146 0.86610633 -0.29699707 -0.4020604
-0.4917907 -0.25981134 2.1300492 0.99980277 -0.014439401 -0.0136363
-0.63762045 -0.36506495 2.095759 -0.6108452 -0.22611873 0.75877434
-0.60891175 -0.39473042 2.080819 0.6232856 -0.7633634 0.1696803
-0.6115001 -0.3705576 2.1057718 0.055218603 -0.6128672 0.78825414
-0.59054977 -0.3655712 2.094137 0.6393003 -0.6521303 0.40745693
-0.6153774 -0.3332656 2.128739 -0.6075514 -0.36529762 0.70529354
-0.5975489 -0.34871805 2.1251223 0.20670547 -0.67846125 0.7049562
-0.5817465 -0.34268576 2.1097484 0.6777812 -0.5712611 0.46289682
-0.57709646 -0.33194715 2.1160913 0.07453993 -0.989163 -0.12649293
-0.5962084 -0.38138172 2.0620296 0.6038962 -0.74771905 -0.2760898
-0.59063214 -0.33394763 2.138437 -0.39297852 -0.8637761 0.31537095
-0.57837963 -0.36085388 2.072223 0.797447 -0.5988302 -0.07403046
-0.56361985 -0.34065926 2.0852637 0.71985435 -0.6750052 0.16179524
-0.5542589 -0.30165955 2.033369 0.71018803 -0.447847 -0.54319984
-0.56055033 -0.27821 2.0055625 0.82935596 -0.38948038 -0.40059182
-0.55940104 -0.252825 1.978216 0.8383168 -0.46607804 -0.28283602
-0.5952828 -0.31768554 1.9759128 0.79460436 -0.5003652 -0.3438584
-0.5866575 -0.29212156 1.9539882 0.79756385 -0.5228336 -0.30089346
-0.59578675 -0.34355918 2.006531 0.824422 -0.4537201 -0.33832878
-0.5993294 -0.36411804 2.033935 0.75705016 -0.57845086 -0.30375898
-0.57937366 -0.3427419 2.0463696 0.72825587 -0.56782794 -0.38368577
-0.55318034 -0.32884237 2.058245 0.6604757 -0.68117625 -0.31586522
-0.49781042 -0.3136921 2.1620831 0.94061667 -0.081862725 0.32945222
-0.6419288 -0.27382225 2.0490575 -0.9680865 0.23704873 0.08134174
-0.6393734 -0.25294796 2.0183861 -0.9724982 0.2165321 0.08579661
-0.6381486 -0.22868876 1.9897786 -0.95243615 0.3042264 -0.017653111
-0.59934807 -0.3204347 2.1536245 -0.6936077 -0.37006068 0.618032
-0.6305317 -0.31569287 2.1120186 -0.8420457 -0.032987673 0.5383965
-0.6126279 -0.28601488 2.1433315 -0.8181692 -0.07417838 0.5701726
-0.6313809 -0.24831192 2.112522 -0.9408412 0.07382435 0.33070788
-0.6451226 -0.2946266 2.0795834 -0.9577295 0.15582873 0.24180909
-0.4968332 -0.2613874 2.1635385 0.91244704 0.0710343 0.40298203
-0.5442681 -0.3530253 2.1752954 -0.1917075 -0.4630467 0.86535305
-0.5449175 -0.37434042 2.1616418 -0.27420968 -0.52300686 0.8070148
-0.54438853 -0.3638387 2.1686141 -0.24879304 -0.5144019 0.820666
-0.5131142 -0.3537208 2.1707249 0.52640384 -0.3733833 0.7638612
-0.5157766 -0.37606052 2.1583238 0.4615095 -0.4804573 0.74576783
-0.51447576 -0.3651017 2.16436 0.4972116 -0.45914587 0.7361832
-0.57017094 -0.36750063 2.1435893 -0.8838295 -0.35682204 0.3025286
-0.5763557 -0.3475123 2.1523254 -0.74482083 -0.5696352 0.34750196
-0.572839 -0.35764974 2.1488647 -0.8599154 -0.39555565 0.32261628
-0.54496354 -0.34506106 2.0958054 -0.25193292 -0.0063335365 -0.96772397
-0.5465734 -0.15624511 1.9605477 0.5596011 0.47004777 -0.68256986
-0.5638107 -0.14922486 1.9583625 0.12249527 0.6963927 -0.7071294
-0.5028241 -0.3514608 2.119307 0.92479104 0.06437479 -0.37499002
-0.56322676 -0.11275714 2.000458 -0.00873984 0.82339096 -0.5674073
-0.5816587 -0.11726787 2.0006535 -0.41086826 0.7588188 -0.5053525
-0.5187914 -0.34620637 2.1022668 0.53369385 0.122261986 -0.8367932
-0.60128903 -0.18707746 1.9305794 -0.5458018 0.67561394 -0.49562702
-0.53753954 -0.12214512 1.9961302 0.50627464 0.66558605 -0.5483441
-0.49951223 -0.34641278 2.1500254 0.96349895 -0.14574516 0.22456211
-0.5000519 -0.36988232 2.1381087 0.95998937 -0.19251843 0.20336428
-0.4994338 -0.3591754 2.1443658 0.96382475 -0.14341168 0.22466612
-0.56683534 -0.36343092 2.1123009 -0.89164156 0.046793044 -0.45031735
-0.57181597 -0.34205332 2.1173902 -0.7609006 -0.34914905 -0.54692334
-0.5694276 -0.3536434 2.1161463 -0.885565 -0.09773574 -0.45411712
-0.62536126 -0.14275603 2.118253 -0.97384983 -0.22002484 -0.05661738
-0.61474913 -0.13502228 2.0597897 -0.95085776 0.22194913 -0.21588904
-0.6227771 -0.17146781 2.1007984 -0.9969843 0.034625154 0.069450386
-0.6170883 -0.10671861 2.084215 -0.89487976 0.27430585 -0.35206035
-0.63378435 -0.11749668 2.1300814 -0.9433462 -0.099616155 -0.31650355
-0.62750787 -0.09470628 2.116427 -0.8991401 0.22933729 -0.37276193
-0.6294335 -0.13774678 2.1363764 -0.9015085 -0.3769027 -0.21266575
-0.6044655 -0.15981555 1.9792663 -0.8010703 0.49379456 -0.33830953
-0.61547565 -0.17045788 2.0004823 -0.90449256 0.37612647 -0.20105223
-0.600387 -0.13112868 2.006412 -0.7598175 0.54763114 -0.3503963
-0.51294214 -0.149134 2.0078158 0.9214871 0.20316134 -0.33103937
-0.53081006 -0.18039538 1.9681402 0.8701346 0.04323224 -0.49091434
-0.55247515 -0.23078954 1.9553723 0.8385749 -0.4279911 -0.3370695
-0.5534113 -0.21156499 1.9375631 0.8238119 -0.1411023 -0.5490211
-0.57268786 -0.23979336 1.9193211 0.8375391 -0.24193594 -0.48989302
-0.57239854 -0.26001215 1.9385889 0.84400743 -0.44318068 -0.30206358
-0.5374612 -0.21153542 1.9663111 0.88031226 -0.30517757 -0.3632038
-0.51147836 -0.16030559 2.070363 0.9964458 0.0817773 -0.020205343
-0.12265084 -0.90022814 3.563766 0.013711298 0.12159514 -0.9924851
-0.1647656 -0.8753701 3.5629575 -0.28841245 -0.70285004 0.65024614
-0.1570034 -0.8795959 3.5628824 -0.41944018 -0.65226334 0.63136554
-0.13565429 -0.8932845 3.5639484 0.061268974 0.061067246 -0.99625146
-0.14591914 -0.88482296 3.5635448 0.123439446 0.16417597 -0.97867715
-0.12249175 -0.8974354 3.5637848 0.016696649 -0.021959765 0.9996194
-0.16475075 -0.8731047 3.5645363 0.30345148 0.44929966 -0.840266
-0.15693936 -0.8775807 3.5645456 0.2437959 0.48674205 -0.8388359
-0.14601618 -0.8824174 3.5634446 0.028109616 0.044461142 0.9986156
-0.13522519 -0.89025176 3.5638983 -0.027124273 -0.003922958 0.9996244
-0.16891181 -0.8724211 3.5633757 0.8864817 0.39775634 0.2365165
-0.12258111 -0.8976542 3.5647032 0.24650878 0.5307668 -0.81087613
-0.16468582 -0.8728869 3.5636573 0.010058141 0.049641103 0.9987165
-0.15687186 -0.8773463 3.5635955 0.023682917 0.02373274 0.9994378
-0.13529316 -0.8904826 3.564846 0.33224314 0.49057394 -0.80557543
-0.14608362 -0.8826502 3.564394 0.31880534 0.5291055 -0.7863908
-0.12223203 -0.89420474 3.5625453 0.30085605 0.5728498 0.76244915
-0.16504465 -0.87037027 3.566576 0.5079763 0.6899921 -0.5156268
-0.15701361 -0.87521434 3.5669 0.4325409 0.8020449 -0.41186437
-0.14583336 -0.87913114 3.5620701 0.3433563 0.58594096 0.73401606
-0.13503318 -0.8869781 3.5625453 0.3501156 0.5696464 0.74358726
-0.16974524 -0.8681662 3.5641403 0.9533605 0.27209294 0.13064879
-0.12268734 -0.89531904 3.5672238 0.411275 0.83575916 -0.36381233
-0.16474971 -0.86938894 3.5626163 0.31357688 0.47184178 0.8240357
-0.15668587 -0.8740838 3.5623238 0.3106476 0.5620691 0.7665353
-0.13538045 -0.88815373 3.5673726 0.5189843 0.78630084 -0.33524072
-0.14616892 -0.88028944 3.5667925 0.47179386 0.79936165 -0.37206367
-0.121937886 -0.89099383 3.5573897 0.30466443 0.64615494 0.69975954
-0.16524091 -0.8689086 3.5699632 0.6850167 0.5696845 -0.4541053
-0.15728289 -0.8744083 3.5715022 0.49602813 0.7917135 -0.35657513
-0.14543559 -0.87601876 3.5573258 0.37476677 0.5909546 0.71436864
-0.13460213 -0.8837965 3.5574653 0.39381576 0.6247832 0.67420703
-0.16983487 -0.8644216 3.5645833 0.99036866 0.08909055 0.105984546
-0.12312963 -0.89479584 3.5731254 0.3997968 0.86405444 -0.30589616
-0.16437766 -0.8662405 3.5591433 0.5340467 0.38116726 0.754656
-0.15636902 -0.87101686 3.5578625 0.3633562 0.570429 0.7366023
-0.13574886 -0.8876 3.5730968 0.52709574 0.8022662 -0.28024825
-0.14644139 -0.87967217 3.5721757 0.5141287 0.8054908 -0.29471374
-0.121324316 -0.88011616 3.550947 0.12430165 0.31664336 0.9403649
-0.16524465 -0.8612916 3.576009 0.7895682 0.3031209 -0.5335728
-0.15745503 -0.86750346 3.5795867 0.5220594 0.52960646 -0.6685589
-0.14486714 -0.86583424 3.5523214 0.23709004 0.2406979 0.9411975
-0.13403204 -0.8732519 3.551016 0.22102152 0.2953944 0.9294578
-0.1698046 -0.8552884 3.5659952 0.996183 0.02558319 0.08345711
-0.123586096 -0.8878967 3.582964 0.30062228 0.67606205 -0.67273057
-0.16390017 -0.8562528 3.55591 0.6187863 0.088141486 0.7805989
-0.15582843 -0.86098295 3.553507 0.2783666 0.21128806 0.93694687
-0.13621582 -0.88094366 3.5824137 0.44860622 0.6298834 -0.6340342
-0.14684159 -0.8730263 3.5814767 0.4597071 0.6008384 -0.65395916
-0.120212145 -0.8527982 3.5478446 -0.055788428 -0.050243728 0.9971776
-0.16551368 -0.83782536 3.5858645 0.85160995 0.1202861 -0.510188
-0.15771179 -0.84397864 3.5920649 0.5658907 0.25147808 -0.785192
-0.1438772 -0.8385779 3.5497956 0.101681285 -0.0775984 0.991786
-0.13291605 -0.8458878 3.5478609 0.044225104 -0.06163169 0.99711865
-0.12344398 -0.8652123 3.598775 0.18151294 0.3980379 -0.8992323
-0.16347146 -0.82990634 3.5547576 0.66823226 -0.121790506 0.73391604
-0.15510496 -0.8336719 3.5512242 0.21818139 -0.08507644 0.97219276
-0.13603783 -0.8581653 3.5977201 0.34539255 0.35349014 -0.8693381
-0.14701796 -0.8499377 3.5956032 0.41074514 0.30606034 -0.8588454
-0.11920521 -0.8213431 3.5556853 -0.20088486 -0.34326032 0.91750616
-0.1639239 -0.80682606 3.5926244 0.79585236 -0.109299235 -0.59554404
-0.15611686 -0.8127442 3.5985217 0.45941052 -0.016712787 -0.88806677
-0.14270203 -0.80718535 3.5567644 -0.06645315 -0.38330775 0.921227
-0.13208628 -0.81426495 3.5548656 -0.14639674 -0.34971854 0.92534584
-0.12248369 -0.83319104 3.6059327 0.082536325 0.050894454 -0.99528766
-0.16179776 -0.798979 3.562055 0.6111495 -0.40888998 0.6777206
-0.15343463 -0.8024716 3.5583344 0.10404214 -0.3945825 0.9129512
-0.13509642 -0.82636845 3.6042507 0.18603596 0.02122234 -0.98231375
-0.14584179 -0.81856674 3.6019528 0.2591151 0.0005438066 -0.9658463
-0.11824301 -0.7925559 3.5720313 -0.20860553 -0.54186046 0.8141689
-0.15546443 -0.78310156 3.5935867 0.587589 -0.36618987 -0.72155666
-0.14793131 -0.7848887 3.5962894 0.18837914 -0.31199965 -0.9312194
-0.13700213 -0.7825088 3.5729105 -0.23130181 -0.64534616 0.7280301
-0.12837638 -0.7876538 3.5718603 -0.2741223 -0.6032764 0.7489423
-0.12088563 -0.7970514 3.600387 0.029159453 -0.26166508 -0.96471816
-0.15391067 -0.77796704 3.573641 0.31503403 -0.78481764 0.5336805
-0.1460566 -0.7790972 3.573613 -0.08183131 -0.72361904 0.6853314
-0.13084708 -0.7932985 3.5995095 -0.0018072553 -0.26326898 -0.9647207
-0.13924195 -0.78871626 3.5983727 0.04481095 -0.28712016 -0.9568458
-0.118083 -0.77433866 3.5910313 -0.35123628 -0.8811394 -0.31658548
-0.1282391 -0.77223647 3.5899012 -0.21293385 -0.9498595 -0.22896734
-0.13726681 -0.77011913 3.589202 -0.12127248 -0.96189106 -0.24506834
-0.14611852 -0.7698922 3.587894 0.21255895 -0.95910776 -0.18689813
-0.15609814 -0.7757679 3.584571 0.6839673 -0.72845095 -0.039343648
-0.16796419 -0.80125105 3.576609 0.96812207 -0.24925292 0.024753027
-0.16990826 -0.8323323 3.5700653 0.9971132 -0.04055014 0.06419446
3 170 3 2
3 178 4 172
3 172 6 173
3 6 174 173
3 174 10 175
3 175 12 176
3 12 177 176
3 1 178 171
3 14 179 177
3 18 180 179
3 180 22 181
3 22 182 181
3 24 183 182
3 183 28 184
3 184 30 185
3 170 30 0
3 418 32 417
3 420 34 419
3 417 33 420
3 422 38 421
3 422 36 37
3 425 41 424
3 425 39 40
3 428 45 427
3 429 44 428
3 430 43 429
3 427 39 426
3 421 46 431
3 46 430 431
3 432 6 4
3 419 47 432
3 424 35 418
3 40 50 41
3 39 49 40
3 49 53 50
3 48 52 49
3 53 55 56
3 52 54 55
3 68 57 67
3 207 59 208
3 59 62 61
3 62 63 61
3 58 65 57
3 56 67 53
3 35 69 32
3 34 70 71
3 33 69 70
3 41 72 35
3 44 76 45
3 44 74 75
3 43 73 74
3 45 48 39
3 38 80 46
3 37 79 38
3 37 77 78
3 46 73 42
3 81 36 47
3 34 81 47
3 116 86 117
3 117 84 116
3 100 87 86
3 100 85 99
3 118 273 268
3 51 90 54
3 51 76 89
3 67 91 93
3 57 92 91
3 53 93 50
3 71 95 96
3 71 98 81
3 69 97 94
3 70 94 95
3 72 93 97
3 78 99 79
3 78 101 100
3 77 98 101
3 76 103 89
3 89 104 90
3 80 105 73
3 74 107 75
3 73 106 74
3 75 102 76
3 102 111 103
3 105 110 106
3 111 114 112
3 108 115 105
3 106 109 107
3 79 108 80
3 198 273 87
3 111 104 103
3 212 215 214
3 126 121 123
3 203 125 124
3 124 126 123
3 162 127 128
3 128 129 130
3 133 131 132
3 190 134 133
3 131 136 132
3 196 137 138
3 137 140 138
3 194 142 193
3 141 144 142
3 132 147 145
3 132 146 133
3 128 149 148
3 133 192 190
3 128 189 162
3 142 151 150
3 138 153 152
3 167 136 196
3 193 150 195
3 147 154 145
3 145 155 146
3 157 124 189
3 189 158 157
3 163 160 164
3 190 149 130
3 123 188 162
3 164 161 165
3 95 165 96
3 163 95 94
3 166 94 97
3 168 163 166
3 92 166 91
3 91 97 93
3 123 189 124
3 147 169 156
3 31 170 2
3 29 185 31
3 27 184 29
3 25 183 27
3 181 25 23
3 21 181 23
3 179 21 19
3 177 19 15
3 3 178 16
3 176 15 13
3 11 176 13
3 9 175 11
3 173 9 7
3 172 7 5
3 178 5 16
3 0 171 170
3 96 187 186
3 130 191 190
3 140 195 153
3 139 193 140
3 138 167 196
3 135 196 136
3 98 186 198
3 101 198 87
3 200 201 199
3 119 204 203
3 212 205 206
3 66 208 65
3 208 209 211
3 59 210 209
3 211 212 214
3 209 213 212
3 211 65 208
3 63 120 119
3 206 159 215
3 216 205 158
3 168 215 159
3 211 214 168
3 92 211 168
3 119 217 63
3 157 220 203
3 119 220 219
3 158 205 222
3 157 222 218
3 213 221 224
3 210 223 221
3 63 223 61
3 205 224 222
3 224 230 222
3 218 230 226
3 218 228 220
3 221 231 229
3 221 232 224
3 223 225 231
3 217 227 225
3 219 228 227
3 226 236 228
3 231 233 239
3 229 239 237
3 225 235 233
3 227 236 235
3 232 238 230
3 226 238 234
3 229 240 232
3 241 237 239
3 238 241 234
3 236 241 235
3 241 233 235
3 192 242 149
3 149 216 148
3 158 148 216
3 160 216 242
3 243 146 155
3 160 243 161
3 202 244 201
3 295 257 260
3 249 437 245
3 251 252 253
3 253 254 251
3 260 256 258
3 257 169 256
3 255 258 254
3 258 152 153
3 251 195 150
3 150 250 251
3 254 153 195
3 167 256 169
3 156 261 154
3 155 261 262
3 156 259 263
3 155 161 243
3 262 165 161
3 187 199 186
3 262 200 187
3 276 199 201
3 263 245 202
3 261 202 200
3 259 249 245
3 266 255 253
3 266 264 265
3 253 267 266
3 198 199 274
3 245 435 244
3 248 435 434
3 118 83 117
3 274 275 273
3 82 268 269
3 268 278 269
3 282 280 281
3 277 281 278
3 280 283 284
3 284 285 286
3 285 288 286
3 288 289 290
3 290 291 292
3 292 293 294
3 84 293 116
3 246 433 248
3 271 201 244
3 433 244 435
3 270 276 271
3 260 265 295
3 434 437 436
3 247 298 297
3 297 300 299
3 264 298 265
3 436 296 247
3 265 298 295
3 279 272 246
3 277 273 275
3 87 117 86
3 113 107 109
3 116 301 85
3 85 302 99
3 99 88 108
3 301 305 302
3 315 307 314
3 307 308 309
3 312 310 311
3 332 313 312
3 304 314 305
3 319 311 323
3 113 320 114
3 316 321 320
3 317 322 321
3 318 323 322
3 314 324 326
3 309 324 307
3 327 302 305
3 305 326 327
3 312 334 332
3 325 328 324
3 329 334 335
3 326 328 330
3 331 328 329
3 336 329 335
3 337 331 338
3 317 335 318
3 335 319 318
3 332 325 309
3 309 333 332
3 115 338 110
3 88 337 115
3 330 327 326
3 336 338 331
3 339 110 338
3 316 109 339
3 317 339 336
3 287 341 340
3 348 343 342
3 342 345 344
3 344 347 346
3 340 349 348
3 345 351 347
3 346 352 344
3 388 354 387
3 369 356 368
3 356 359 358
3 366 361 360
3 363 361 365
3 313 364 310
3 363 364 362
3 358 367 366
3 355 368 354
3 360 379 378
3 291 374 293
3 383 375 384
3 371 376 375
3 373 376 372
3 293 303 116
3 378 377 373
3 380 377 381
3 381 379 382
3 308 382 333
3 308 380 381
3 363 382 379
3 333 362 313
3 383 374 370
3 386 384 375
3 315 385 386
3 374 385 303
3 303 304 301
3 386 306 315
3 375 380 386
3 353 387 352
3 387 408 403
3 370 393 383
3 389 394 393
3 390 395 394
3 392 395 391
3 401 398 397
3 399 398 400
3 409 400 410
3 395 401 394
3 398 404 400
3 400 411 410
3 404 408 411
3 396 402 395
3 394 405 393
3 401 406 405
3 397 407 406
3 406 373 372
3 405 372 371
3 393 371 383
3 411 354 368
3 410 368 356
3 358 410 356
3 403 396 392
3 412 399 409
3 366 409 358
3 373 412 378
3 360 412 366
3 414 392 413
3 342 413 348
3 415 390 416
3 340 416 287
3 389 291 289
3 389 416 390
3 289 287 416
3 348 415 340
3 391 413 392
3 344 414 342
3 403 352 387
3 28 418 30
3 4 419 432
3 47 423 432
3 431 14 12
3 10 431 12
3 427 24 22
3 14 429 18
3 18 428 20
3 22 428 427
3 26 426 425
3 26 424 28
3 8 423 422
3 8 421 10
3 1 417 420
3 1 419 17
3 30 417 0
3 295 298 296
3 249 295 296
3 271 272 270
3 272 282 270
3 277 270 282
3 299 438 297
3 439 440 438
3 440 443 442
3 440 444 438
3 438 247 297
3 443 445 442
3 456 447 455
3 453 449 454
3 480 452 451
3 451 471 476
3 446 455 445
3 285 458 341
3 349 457 343
3 343 350 345
3 341 459 349
3 467 498 500
3 466 500 499
3 485 465 464
3 501 469 468
3 477 484 470
3 472 473 474
3 448 454 447
3 473 442 445
3 434 482 248
3 434 436 483
3 436 444 483
3 444 475 483
3 474 478 477
3 248 480 246
3 472 483 475
3 479 482 472
3 459 464 457
3 458 485 459
3 455 473 445
3 447 478 455
3 465 499 502
3 476 487 485
3 283 476 458
3 279 451 283
3 246 480 279
3 492 486 489
3 494 481 492
3 479 491 452
3 493 492 491
3 452 490 471
3 491 489 490
3 472 493 479
3 477 493 474
3 470 494 477
3 490 495 496
3 496 467 466
3 487 466 465
3 471 496 487
3 460 495 497
3 497 489 486
3 502 463 469
3 464 502 501
3 499 462 463
3 500 461 462
3 350 468 351
3 457 501 350
3 548 546 547
3 509 508 521
3 522 509 521
3 513 511 512
3 548 504 506
3 511 516 512
3 517 520 518
3 525 538 524
3 520 509 510
3 509 523 505
3 504 526 525
3 526 542 525
3 528 539 540
3 529 539 527
3 529 530 532
3 528 530 527
3 532 533 535
3 531 533 530
3 515 518 516
3 522 503 507
3 531 537 534
3 528 543 531
3 542 529 532
3 542 535 538
3 545 514 536
3 545 515 511
3 539 544 545
3 539 536 540
3 514 507 503
3 505 549 548
3 505 547 508
3 506 550 551
3 506 552 546
3 543 554 555
3 537 555 553
3 553 546 552
3 555 547 546
3 550 525 524
3 519 556 523
3 517 544 556
3 556 541 526
3 523 526 549
3 508 554 557
3 536 503 557
3 540 557 554
3 521 557 503
3 1017 1826 1828
3 559 1827 1016
3 534 562 533
3 535 562 561
3 563 564 562
3 561 564 566
3 565 567 564
3 566 567 569
3 570 1823 1018
3 1019 1821 1020
3 552 573 575
3 551 574 573
3 580 577 578
3 579 576 577
3 573 581 579
3 573 580 575
3 1022 572 585
3 1021 1923 1016
3 585 1924 1022
3 1018 589 1024
3 1017 588 569
3 1023 589 588
3 583 593 591
3 553 592 537
3 591 592 590
3 553 575 590
3 580 590 575
3 578 591 580
3 581 597 595
3 566 596 561
3 595 596 594
3 524 596 597
3 524 574 550
3 538 561 596
3 589 594 588
3 569 594 566
3 595 576 581
3 565 592 593
3 568 593 582
3 537 563 534
3 673 601 672
3 481 604 602
3 481 603 486
3 604 605 606
3 606 607 608
3 638 610 637
3 609 612 610
3 611 614 612
3 518 614 616
3 516 616 615
3 616 613 619
3 615 619 618
3 615 617 620
3 617 622 620
3 644 624 643
3 624 626 625
3 603 626 486
3 648 628 639
3 647 628 646
3 628 640 639
3 628 630 631
3 674 642 675
3 641 673 599
3 630 636 631
3 631 641 640
3 470 634 635
3 634 447 454
3 470 605 488
3 640 599 632
3 675 600 673
3 639 632 629
3 645 639 629
3 607 637 608
3 621 643 622
3 627 634 630
3 454 630 634
3 647 635 627
3 609 648 645
3 607 647 646
3 638 646 648
3 629 650 645
3 645 611 609
3 649 632 651
3 598 632 599
3 612 652 610
3 657 654 653
3 653 656 655
3 655 666 665
3 663 658 657
3 507 661 522
3 513 659 507
3 522 661 652
3 520 510 614
3 614 510 612
3 513 512 662
3 662 620 622
3 615 620 512
3 516 615 512
3 658 659 654
3 654 660 656
3 608 664 663
3 637 652 664
3 664 661 658
3 665 643 624
3 666 622 643
3 662 656 660
3 667 602 604
3 669 602 668
3 655 668 653
3 657 668 667
3 670 655 665
3 670 624 625
3 603 670 625
3 663 667 671
3 608 671 606
3 671 604 606
3 636 675 641
3 599 672 598
3 633 677 676
3 677 636 449
3 450 677 449
3 510 522 652
3 660 513 662
3 461 679 678
3 693 680 692
3 694 683 682
3 690 685 684
3 688 687 686
3 684 689 688
3 723 691 690
3 701 692 700
3 706 695 694
3 460 697 696
3 497 626 697
3 696 498 460
3 696 699 698
3 623 697 626
3 678 701 700
3 679 698 701
3 704 702 703
3 644 705 704
3 704 623 644
3 704 698 699
3 703 681 693
3 693 698 703
3 680 707 706
3 738 718 713
3 708 737 710
3 619 708 710
3 710 738 713
3 611 711 613
3 618 714 617
3 715 716 714
3 716 695 707
3 702 707 681
3 617 705 621
3 705 716 702
3 717 718 719
3 715 713 718
3 717 683 695
3 771 745 772
3 682 724 723
3 724 722 691
3 721 683 719
3 720 719 718
3 619 713 618
3 732 725 726
3 726 727 728
3 734 729 731
3 734 730 736
3 735 726 729
3 598 732 735
3 651 736 649
3 651 735 734
3 672 733 732
3 649 711 650
3 736 712 711
3 731 739 730
3 708 711 712
3 730 741 712
3 742 731 729
3 728 729 726
3 709 712 741
3 745 747 748
3 772 743 773
3 745 746 743
3 764 751 765
3 765 749 766
3 758 754 759
3 760 754 752
3 749 755 757
3 750 755 751
3 757 759 760
3 756 759 755
3 1008 950 949
3 850 1008 949
3 753 767 768
3 770 750 769
3 959 952 911
3 761 764 765
3 768 728 727
3 770 740 742
3 742 767 770
3 770 758 756
3 689 773 687
3 685 772 689
3 691 771 685
3 747 779 777
3 778 762 776
3 709 775 737
3 850 746 748
3 739 776 741
3 777 720 738
3 746 950 855
3 950 1005 959
3 995 911 952
3 740 778 739
3 764 769 750
3 779 721 720
3 744 722 779
3 802 787 798
3 848 783 844
3 852 790 849
3 851 794 852
3 851 783 793
3 855 743 746
3 853 773 743
3 802 797 800
3 843 780 781
3 776 1003 774
3 789 802 800
3 785 802 799
3 801 803 805
3 787 805 804
3 789 807 799
3 807 785 799
3 797 809 808
3 787 809 798
3 807 810 803
3 807 811 812
3 972 816 817
3 972 815 806
3 873 818 867
3 873 819 820
3 820 821 818
3 820 822 823
3 823 824 821
3 822 826 823
3 869 829 827
3 837 829 838
3 828 809 829
3 918 814 920
3 834 872 873
3 898 788 897
3 827 809 804
3 847 781 780
3 795 854 853
3 782 833 783
3 813 783 833
3 871 841 842
3 741 774 709
3 686 846 843
3 846 875 780
3 795 855 796
3 760 851 757
3 757 852 749
3 737 777 738
3 749 849 766
3 752 844 760
3 687 854 846
3 845 857 856
3 856 859 858
3 858 861 860
3 871 784 814
3 866 842 863
3 841 863 842
3 861 865 860
3 792 784 866
3 918 870 871
3 862 864 863
3 834 867 836
3 812 835 834
3 825 830 826
3 824 830 840
3 812 836 810
3 830 869 840
3 864 839 832
3 874 838 830
3 866 832 792
3 866 863 864
3 786 814 784
3 887 868 888
3 924 877 925
3 937 805 936
3 896 881 895
3 839 884 883
3 883 886 885
3 882 886 881
3 786 888 814
3 923 878 924
3 941 824 943
3 940 869 827
3 938 840 869
3 927 891 890
3 926 890 889
3 935 805 803
3 941 818 821
3 930 894 893
3 930 892 929
3 943 891 892
3 929 891 928
3 926 879 923
3 937 889 940
3 880 895 788
3 896 933 932
3 876 897 868
3 880 934 933
3 900 946 945
3 899 945 944
3 944 894 899
3 899 931 932
3 877 934 925
3 935 810 946
3 859 903 904
3 847 903 857
3 902 906 903
3 904 906 907
3 905 875 795
3 780 902 847
3 859 884 861
3 884 907 886
3 905 909 906
3 906 910 907
3 907 881 886
3 908 795 796
3 908 912 909
3 909 913 910
3 775 747 777
3 881 913 895
3 774 763 775
3 850 1003 791
3 748 763 850
3 916 790 794
3 922 916 917
3 922 813 920
3 917 794 793
3 813 917 793
3 888 920 814
3 888 921 922
3 833 919 918
3 833 920 813
3 915 868 897
3 791 762 761
3 914 921 915
3 925 898 876
3 932 882 896
3 933 901 900
3 932 900 899
3 786 926 923
3 883 928 839
3 885 929 883
3 885 931 930
3 792 927 926
3 832 928 927
3 786 924 887
3 876 924 925
3 935 901 877
3 867 942 944
3 944 836 867
3 945 810 836
3 804 940 827
3 824 939 943
3 893 942 941
3 877 936 935
3 890 939 938
3 890 940 889
3 893 943 892
3 879 936 878
3 1164 957 958
3 994 960 947
3 822 955 954
3 825 954 953
3 987 967 973
3 1164 956 1173
3 976 1170 1171
3 1172 977 1168
3 987 979 985
3 835 962 963
3 988 961 989
3 1169 977 980
3 874 971 837
3 1172 956 968
3 811 815 962
3 985 966 986
3 800 806 789
3 800 808 972
3 837 970 828
3 1171 975 976
3 992 948 947
3 855 959 796
3 816 989 981
3 796 911 908
3 982 1006 983
3 970 808 828
3 825 969 874
3 990 1006 984
3 984 965 988
3 991 966 948
3 960 1001 964
3 872 963 978
3 819 978 955
3 1165 974 957
3 981 961 967
3 1166 951 975
3 982 954 955
3 963 986 991
3 969 988 971
3 978 982 955
3 969 990 984
3 978 991 992
3 815 986 962
3 971 989 970
3 817 985 815
3 954 990 953
3 817 981 987
3 1006 947 960
3 967 996 999
3 964 1006 960
3 964 997 965
3 979 1000 966
3 948 994 947
3 966 993 948
3 997 961 965
3 979 998 1004
3 980 1167 1169
3 967 998 973
3 1009 1007 1008
3 766 1010 1009
3 1008 761 1009
3 765 1009 761
3 912 1012 913
3 895 1012 788
3 788 995 1011
3 1013 1005 1014
3 914 1014 790
3 1007 1014 1005
3 790 1010 849
3 952 1011 995
3 1011 897 788
3 915 1013 914
3 560 1023 1017
3 1021 1924 1922
3 570 1024 587
3 582 1022 1021
3 582 1016 568
3 583 1020 1022
3 578 1019 1020
3 577 1018 1019
3 568 1015 567
3 569 1015 1017
3 1032 1029 1033
3 1031 1029 1025
3 1027 1033 1031
3 1028 1033 1030
3 1093 1410 1094
3 1399 1092 1397
3 1417 1403 1387
3 1416 1400 1068
3 1382 1042 1043
3 1382 1041 1380
3 1420 1046 1044
3 1418 1045 1046
3 1050 1045 1047
3 1421 1044 1379
3 1077 1398 1076
3 1397 1068 1400
3 1052 1405 1035
3 1056 1057 1054
3 1056 1034 1058
3 1057 1061 1059
3 1034 1061 1058
3 1062 1026 1032
3 1062 1028 1065
3 1063 1064 1026
3 1066 1055 1064
3 1422 1068 1384
3 1093 1399 1390
3 1067 1034 1055
3 1413 1084 1069
3 1410 1092 1094
3 1034 1070 1060
3 1083 1025 1084
3 1079 1073 1072
3 1385 1076 1381
3 1383 1076 1075
3 1384 1047 1045
3 1092 1398 1397
3 1050 1044 1046
3 1379 1048 1383
3 1390 1097 1093
3 1095 1396 1398
3 1027 1080 1081
3 1079 1074 1025
3 1064 1085 1087
3 1408 1096 1095
3 1055 1088 1085
3 1083 1406 1082
3 1089 1026 1086
3 1084 1029 1089
3 1035 1086 1052
3 1082 1079 1083
3 1412 1090 1091
3 1087 1407 1409
3 1064 1086 1026
3 1409 1086 1087
3 1051 1097 1036
3 1085 1408 1407
3 1387 1415 1417
3 1088 1054 1082
3 1391 1415 1393
3 1402 1090 1388
3 1096 1402 1396
3 1049 1396 1403
3 1406 1091 1096
3 1075 1398 1396
3 1092 1408 1095
3 1069 1089 1035
3 1028 1098 1065
3 1027 1098 1030
3 1105 1099 1102
3 1106 1099 1100
3 975 1103 1107
3 1103 1106 1107
3 951 1104 1103
3 1104 1102 1103
3 1117 1108 1119
3 1117 1109 1110
3 1115 1113 1112
3 1115 1111 1114
3 1144 1114 1143
3 1144 1116 1115
3 1121 1118 1117
3 1121 1119 1120
3 1112 1120 1111
3 1112 1122 1121
3 1128 1123 1125
3 976 1126 974
3 1127 1125 1126
3 1146 1129 1130
3 1142 1132 1141
3 1110 1133 1108
3 1110 1134 1135
3 1133 1138 1136
3 1134 1138 1135
3 1131 1140 1132
3 1134 1139 1137
3 1140 1109 1118
3 1132 1118 1122
3 1129 1141 1130
3 1141 1122 1113
3 1130 1113 1116
3 958 1145 1144
3 958 1143 956
3 957 1126 1145
3 1125 1147 1146
3 1126 1146 1145
3 1146 1116 1145
3 1124 1106 1100
3 975 1127 976
3 1128 1107 1106
3 1111 1149 1114
3 1120 1148 1111
3 977 1151 1152
3 1155 1153 1154
3 1152 1156 1155
3 1162 1157 1158
3 1157 1148 1159
3 1136 1160 1133
3 1108 1160 1119
3 1160 1163 1150
3 1150 1159 1148
3 1119 1150 1120
3 1156 1158 1153
3 1114 1162 1143
3 968 1143 1151
3 1151 1162 1156
3 1104 1155 1105
3 1152 980 977
3 1105 1154 1101
3 1169 1002 994
3 1001 1167 1166
3 999 1170 1165
3 997 1166 1171
3 1004 1172 1000
3 993 1169 994
3 1000 1168 993
3 1171 996 997
3 1004 1164 1173
3 998 1165 1164
3 1136 1176 1174
3 1137 1176 1138
3 1198 1177 1195
3 1198 1178 1179
3 1192 1182 1180
3 1193 1181 1182
3 1190 1183 1189
3 1190 1184 1185
3 1187 1101 1186
3 1188 1099 1187
3 1185 1188 1187
3 1185 1186 1183
3 1100 1184 1124
3 1154 1186 1101
3 1181 1190 1182
3 1180 1190 1189
3 1124 1191 1123
3 1153 1183 1154
3 1180 1153 1158
3 1179 1194 1193
3 1179 1192 1177
3 1192 1158 1157
3 1177 1157 1159
3 1175 1197 1176
3 1197 1200 1198
3 1174 1197 1196
3 1196 1198 1195
3 1196 1163 1161
3 1195 1159 1163
3 1174 1161 1136
3 1123 1181 1147
3 1147 1194 1129
3 1142 1200 1131
3 1131 1199 1139
3 1139 1175 1137
3 1129 1178 1142
3 1231 1936 1937
3 143 1203 1204
3 1222 1202 1223
3 1213 139 1212
3 191 1219 1218
3 131 1207 135
3 131 1206 1205
3 1938 1225 1224
3 1940 1229 1230
3 1213 1226 1227
3 1215 127 188
3 122 1216 121
3 1218 1233 1232
3 197 1221 137
3 135 1220 197
3 137 1212 139
3 1213 141 194
3 1227 1201 1222
3 1230 1937 1940
3 1216 188 121
3 1214 129 127
3 1941 1233 1229
3 1939 1226 1225
3 134 1218 1206
3 1221 1226 1212
3 1203 1227 1222
3 1211 1226 1210
3 1220 1225 1221
3 1203 1223 1204
3 1229 1219 1214
3 1215 1231 1230
3 1232 1209 1208
3 1230 1214 1215
3 1217 1231 1216
3 1207 1234 1236
3 1205 1235 1234
3 1236 1220 1207
3 1232 1206 1218
3 1208 1235 1232
3 1236 1938 1224
3 1283 1238 1284
3 1281 1238 1237
3 1255 1240 1282
3 1254 1244 1243
3 1260 1243 1242
3 1271 1247 1246
3 1271 1245 1277
3 1276 1249 1250
3 1276 1248 1288
3 1286 1252 1287
3 1287 1239 1283
3 1288 1251 1286
3 1255 1237 1241
3 1282 1244 1261
3 1270 1242 1247
3 1277 1249 1289
3 1238 1239 1253
3 1237 1238 1253
3 1240 1258 1244
3 1243 1258 1257
3 1246 1247 1259
3 1245 1246 1259
3 1251 1262 1264
3 1248 1263 1262
3 1245 1265 1249
3 1265 1250 1249
3 1252 1264 1266
3 1252 1253 1239
3 1267 1247 1242
3 1243 1267 1242
3 1268 1240 1241
3 1241 1253 1268
3 1256 1272 1258
3 1267 1257 1273
3 1263 1278 1262
3 31 1283 29
3 1263 1265 1279
3 1265 1269 1279
3 1257 1272 1273
3 1267 1269 1259
3 1256 1268 1274
3 1266 1264 1280
3 3 1286 2
3 1264 1278 1280
3 1268 1275 1274
3 16 1288 3
3 1266 1275 1253
3 2 1287 31
3 1280 1278 1285
3 13 1254 1260
3 1278 1279 1285
3 7 1271 1277
3 5 1276 16
3 1274 1275 1285
3 23 1281 1255
3 7 1289 5
3 1272 1274 1285
3 11 1260 1270
3 21 1261 19
3 1273 1272 1285
3 1269 1273 1285
3 1279 1269 1285
3 9 1270 1271
3 1275 1280 1285
3 19 1254 15
3 23 1282 21
3 25 1284 1281
3 29 1284 27
3 288 1290 286
3 284 1292 280
3 286 1293 284
3 281 1294 278
3 278 1294 269
3 1301 1299 1300
3 83 1301 84
3 1302 1303 1299
3 1297 83 82
3 1303 1298 1304
3 1305 1308 1306
3 1290 1307 1293
3 1311 269 1294
3 1311 1309 1310
3 1314 1294 1295
3 1295 1315 1314
3 1293 1315 1292
3 1291 1308 1290
3 1313 1311 1314
3 1316 1314 1315
3 1307 1316 1315
3 281 1292 1295
3 1301 1317 1318
3 1317 1320 1318
3 1320 1321 1322
3 1321 1324 1322
3 1323 1308 1324
3 1318 1325 1327
3 1320 1326 1325
3 1326 1324 1291
3 1326 288 290
3 1325 290 292
3 1327 292 294
3 1301 1327 84
3 294 84 1327
3 1297 1328 1298
3 269 1328 82
3 1304 1296 1329
3 1329 1330 1331
3 1309 1333 1332
3 1310 1336 1328
3 1328 1334 1298
3 1339 1342 1341
3 1341 1340 1338
3 1317 1345 1319
3 1317 1361 1362
3 1299 1347 1346
3 1346 1300 1299
3 1306 1350 1348
3 1323 1349 1350
3 1319 1349 1321
3 1313 1352 1333
3 1313 1333 1312
3 1351 1306 1348
3 1305 1352 1316
3 1348 1369 1351
3 1348 1355 1353
3 1350 1364 1355
3 1364 1345 1363
3 1355 1365 1354
3 1355 1357 1353
3 1365 1358 1354
3 1358 1361 1346
3 1356 1360 1359
3 1345 1362 1363
3 1344 1359 1360
3 1343 1362 1361
3 1360 1362 1344
3 1356 1365 1364
3 1356 1366 1365
3 1343 1366 1359
3 1356 1363 1360
3 1303 1304 1347
3 1304 1368 1347
3 1369 1357 1370
3 1330 1357 1331
3 1296 1371 1330
3 1296 1334 1367
3 1358 1372 1354
3 1354 1372 1357
3 1358 1346 1373
3 1347 1373 1346
3 1374 1373 1368
3 1374 1329 1331
3 1357 1374 1331
3 1351 1370 1352
3 1309 1337 1339
3 1309 1335 1310
3 1335 1341 1336
3 1336 1338 1334
3 1367 1338 1340
3 1340 1376 1367
3 1337 1376 1342
3 1332 1375 1376
3 1376 1371 1367
3 1352 1375 1333
3 1371 1370 1330
3 1025 1080 1031
3 1057 1059 1377
3 1377 1054 1057
3 1075 1379 1383
3 1077 1384 1068
3 1048 1381 1383
3 1047 1381 1050
3 1419 1384 1045
3 1421 1049 1417
3 1038 1382 1380
3 1039 1382 1040
3 1394 1392 1395
3 1392 1393 1395
3 1394 1389 1388
3 1395 1387 1389
3 1396 1402 1404
3 1396 1404 1403
3 1390 1401 1392
3 1401 1391 1392
3 1387 1404 1389
3 1404 1388 1389
3 1397 1400 1401
3 1397 1401 1399
3 1097 1388 1090
3 1037 1036 1405
3 1035 1053 1069
3 1405 1078 1053
3 1052 1411 1037
3 1411 1051 1037
3 1407 1410 1411
3 1407 1411 1409
3 1069 1414 1413
3 1414 1078 1412
3 1412 1406 1414
3 1414 1406 1413
3 1036 1090 1078
3 1039 1415 1416
3 1038 1415 1040
3 1043 1419 1418
3 1043 1420 1041
3 1038 1421 1417
3 1042 1422 1419
3 1041 1421 1380
3 1039 1422 1386
3 1467 1503 1468
3 1492 1466 1490
3 1510 1496 1480
3 1509 1493 1449
3 1475 1433 1434
3 1475 1432 1473
3 1513 1437 1435
3 1512 1437 1511
3 1441 1436 1438
3 1514 1435 1472
3 1453 1491 1452
3 1490 1449 1493
3 1443 1498 1426
3 1515 1449 1477
3 1467 1492 1483
3 1506 1458 1450
3 1503 1466 1468
3 1457 1423 1458
3 1478 1452 1474
3 1474 1451 1476
3 1477 1438 1436
3 1466 1491 1490
3 1441 1435 1437
3 1472 1439 1476
3 1467 1487 1471
3 1491 1470 1489
3 1448 1459 1461
3 1469 1499 1470
3 1446 1462 1459
3 1457 1499 1456
3 1463 1424 1460
3 1458 1425 1463
3 1426 1460 1443
3 1456 1455 1457
3 1505 1464 1465
3 1461 1500 1502
3 1448 1460 1424
3 1502 1460 1461
3 1442 1471 1427
3 1459 1501 1500
3 1480 1508 1510
3 1462 1445 1499
3 1484 1508 1486
3 1495 1464 1481
3 1470 1495 1489
3 1440 1489 1496
3 1499 1465 1470
3 1452 1489 1451
3 1466 1501 1469
3 1450 1463 1426
3 1451 1472 1476
3 1453 1477 1449
3 1439 1474 1476
3 1438 1474 1441
3 1512 1477 1436
3 1514 1440 1510
3 1429 1475 1473
3 1430 1475 1431
3 1483 1488 1487
3 1485 1486 1488
3 1481 1488 1482
3 1482 1486 1480
3 1489 1495 1497
3 1489 1497 1496
3 1483 1494 1485
3 1494 1484 1485
3 1480 1497 1482
3 1497 1481 1482
3 1490 1493 1494
3 1490 1494 1492
3 1471 1481 1464
3 1428 1427 1498
3 1426 1444 1450
3 1498 1454 1444
3 1443 1504 1428
3 1504 1442 1428
3 1500 1503 1504
3 1500 1504 1502
3 1450 1507 1506
3 1444 1505 1507
3 1505 1499 1507
3 1507 1499 1506
3 1427 1464 1454
3 1430 1508 1509
3 1429 1508 1431
3 1434 1512 1511
3 1434 1513 1432
3 1429 1514 1510
3 1433 1515 1512
3 1432 1514 1473
3 1430 1515 1479
3 1560 1596 1561
3 1561 1583 1585
3 1603 1589 1573
3 1602 1586 1542
3 1568 1526 1527
3 1568 1525 1566
3 1606 1530 1528
3 1605 1530 1604
3 1534 1529 1531
3 1607 1528 1565
3 1546 1584 1545
3 1583 1542 1586
3 1536 1591 1519
3 1608 1542 1570
3 1560 1585 1576
3 1599 1551 1543
3 1596 1559 1561
3 1550 1516 1551
3 1571 1545 1567
3 1567 1544 1569
3 1570 1531 1529
3 1559 1584 1583
3 1534 1528 1530
3 1565 1532 1569
3 1560 1580 1564
3 1584 1563 1582
3 1541 1552 1554
3 1562 1592 1563
3 1539 1555 1552
3 1549 1599 1592
3 1556 1517 1553
3 1551 1518 1556
3 1519 1553 1536
3 1538 1550 1549
3 1558 1547 1557
3 1554 1593 1595
3 1541 1553 1517
3 1554 1536 1553
3 1535 1564 1520
3 1552 1594 1593
3 1573 1601 1603
3 1555 1538 1592
3 1577 1601 1579
3 1588 1557 1574
3 1558 1582 1563
3 1533 1582 1589
3 1592 1558 1563
3 1544 1584 1582
3 1559 1594 1562
3 1543 1556 1519
3 1544 1565 1569
3 1546 1570 1542
3 1532 1567 1569
3 1531 1567 1534
3 1605 1570 1529
3 1607 1533 1603
3 1522 1568 1566
3 1523 1568 1524
3 1576 1581 1580
3 1578 1579 1581
3 1580 1575 1574
3 1575 1579 1573
3 1582 1588 1590
3 1582 1590 1589
3 1576 1587 1578
3 1587 1577 1578
3 1573 1590 1575
3 1590 1574 1575
3 1583 1586 1587
3 1583 1587 1585
3 1564 1574 1557
3 1521 1520 1591
3 1519 1537 1543
3 1591 1547 1537
3 1595 1521 1536
3 1597 1535 1521
3 1593 1596 1597
3 1593 1597 1595
3 1543 1600 1599
3 1600 1547 1598
3 1598 1592 1600
3 1600 1592 1599
3 1520 1557 1547
3 1523 1601 1602
3 1522 1601 1524
3 1527 1605 1604
3 1527 1606 1525
3 1522 1607 1603
3 1526 1608 1605
3 1525 1607 1566
3 1523 1608 1572
3 1653 1689 1654
3 1654 1676 1678
3 1696 1682 1666
3 1695 1679 1635
3 1661 1619 1620
3 1661 1618 1659
3 1699 1623 1621
3 1698 1623 1697
3 1627 1622 1624
3 1700 1621 1658
3 1639 1677 1638
3 1676 1635 1679
3 1629 1684 1612
3 1701 1635 1663
3 1653 1678 1669
3 1692 1644 1636
3 1689 1652 1654
3 1643 1609 1644
3 1664 1638 1660
3 1662 1638 1637
3 1663 1624 1622
3 1652 1677 1676
3 1627 1621 1623
3 1658 1625 1662
3 1653 1673 1657
3 1677 1656 1675
3 1071 1645 1647
3 1687 1656 1655
3 1645 1633 1648
3 1643 1685 1642
3 1646 1611 1610
3 1644 1611 1649
3 1612 1646 1629
3 1642 1641 1643
3 1691 1650 1651
3 1647 1686 1688
3 1071 1646 1610
3 1688 1646 1647
3 1628 1657 1613
3 1645 1687 1686
3 1666 1694 1696
3 1648 1631 1642
3 1670 1694 1672
3 1681 1650 1667
3 1656 1681 1675
3 1626 1675 1682
3 1685 1651 1656
3 1637 1677 1675
3 1652 1687 1655
3 1636 1649 1612
3 1637 1658 1662
3 1635 1664 1663
3 1625 1660 1662
3 1624 1660 1627
3 1698 1663 1622
3 1700 1626 1696
3 1615 1661 1659
3 1616 1661 1617
3 1669 1674 1673
3 1671 1672 1674
3 1667 1674 1668
3 1668 1672 1666
3 1675 1681 1683
3 1675 1683 1682
3 1678 1671 1669
3 1680 1670 1671
3 1666 1683 1668
3 1668 1681 1667
3 1676 1679 1680
3 1676 1680 1678
3 1673 1650 1657
3 1614 1613 1684
3 1612 1630 1636
3 1684 1640 1630
3 1688 1614 1629
3 1690 1628 1614
3 1686 1689 1690
3 1686 1690 1688
3 1636 1693 1692
3 1693 1640 1691
3 1691 1685 1693
3 1693 1685 1692
3 1657 1640 1613
3 1616 1694 1695
3 1615 1694 1617
3 1620 1698 1697
3 1620 1699 1618
3 1615 1700 1696
3 1619 1701 1698
3 1618 1700 1659
3 1616 1701 1665
3 1916 1872 1901
3 1747 1721 1745
3 1758 1751 1735
3 1757 1748 1715
3 1730 1706 1707
3 1730 1705 1728
3 1761 1710 1708
3 1759 1709 1710
3 1714 1709 1711
3 1762 1708 1727
3 1718 1746 1717
3 1718 1748 1745
3 1763 1715 1732
3 1738 1723 1747
3 1755 1905 1754
3 1733 1717 1729
3 1729 1716 1731
3 1732 1711 1709
3 1745 1724 1746
3 1714 1708 1710
3 1727 1712 1731
3 1722 1742 1726
3 1746 1725 1744
3 1915 1725 1903
3 1901 1888 1812
3 1726 1900 1895
3 1735 1756 1758
3 1739 1756 1741
3 1720 1736 1750
3 1725 1750 1744
3 1716 1751 1713
3 1916 1854 1870
3 1716 1746 1744
3 1912 1855 1906
3 1716 1727 1731
3 1715 1733 1732
3 1712 1729 1731
3 1711 1729 1714
3 1760 1732 1709
3 1762 1713 1758
3 1702 1730 1728
3 1703 1730 1704
3 1738 1743 1742
3 1743 1739 1741
3 1736 1743 1737
3 1737 1741 1735
3 1744 1750 1752
3 1744 1752 1751
3 1747 1740 1738
3 1749 1739 1740
3 1735 1752 1737
3 1737 1750 1736
3 1745 1748 1749
3 1745 1749 1747
3 1726 1736 1719
3 1894 1811 1897
3 1703 1756 1757
3 1702 1756 1704
3 1707 1760 1759
3 1707 1761 1705
3 1702 1762 1758
3 1706 1763 1760
3 1705 1762 1728
3 1703 1763 1734
3 1773 1766 1060
3 1775 1766 1774
3 1770 1769 1767
3 1772 1769 1771
3 1447 1772 1771
3 1445 1771 1770
3 1632 1774 1633
3 1633 1773 1631
3 1538 1778 1776
3 1539 1778 1540
3 1778 1779 1776
3 1777 1780 1778
3 1793 1781 1783
3 1793 1782 1798
3 1799 1784 1786
3 1799 1785 1801
3 1803 1789 1802
3 1802 1788 1804
3 1784 1792 1786
3 1786 1081 1785
3 1782 1796 1863
3 1789 1790 1788
3 1783 1065 1796
3 1765 1795 1864
3 1611 1798 1610
3 1611 1797 1793
3 1425 1801 1424
3 1423 1799 1425
3 1518 1804 1517
3 1516 1802 1518
3 1805 1788 1790
3 1805 1423 1807
3 1074 1801 1080
3 1080 1785 1081
3 1072 1424 1074
3 1073 1448 1072
3 1772 1073 1377
3 1059 1772 1377
3 1070 1773 1060
3 1631 1070 1067
3 1067 1641 1631
3 1063 1641 1066
3 1062 1609 1063
3 1781 1062 1065
3 1804 1807 1517
3 1805 1784 1800
3 1807 1541 1517
3 1808 1539 1541
3 1767 1777 1809
3 1777 1806 1809
3 1770 1806 1445
3 1767 1809 1770
3 1445 1808 1455
3 1455 1807 1423
3 1764 1632 1071
3 1765 1764 1634
3 1798 1764 1610
3 1610 1764 1071
3 1634 1782 1795
3 1776 1378 1768
3 1768 1803 1516
3 1548 1776 1768
3 1516 1548 1768
3 1378 1787 1803
3 1884 1897 1811
3 1898 1726 1895
3 1810 1814 1811
3 1810 1815 1813
3 1813 1817 1814
3 1813 1818 1816
3 1821 571 1819
3 1019 1823 1820
3 1820 1822 571
3 1020 1819 572
3 1819 1816 1818
3 571 1817 1816
3 1016 1826 1015
3 1826 1825 558
3 1828 558 1824
3 560 1828 1824
3 1920 585 1829
3 1919 584 1834
3 1886 1098 1081
3 1886 1836 1833
3 1791 1910 1787
3 1098 1892 1065
3 1885 1833 1830
3 1832 1792 1790
3 572 1829 585
3 572 1818 1838
3 1824 1839 1840
3 1825 1839 558
3 559 1841 1825
3 1835 1754 1791
3 560 1840 1842
3 1844 1822 570
3 570 1843 1844
3 1880 1059 1061
3 1878 1769 1059
3 1858 1852 1849
3 1876 1853 1850
3 1024 586 587
3 1858 1846 1857
3 1875 1850 1845
3 1721 1909 1724
3 1909 1725 1724
3 1848 1857 1847
3 1848 1859 1858
3 1861 1846 1860
3 1861 1847 1857
3 1855 1861 1856
3 1856 1860 1854
3 1864 1865 1866
3 1795 1863 1865
3 1865 1867 1868
3 1866 1868 1869
3 1870 1868 1872
3 1867 1872 1868
3 1903 1856 1854
3 1915 1719 1720
3 1906 1856 1909
3 1869 1873 1866
3 1866 1871 1864
3 1864 1766 1765
3 1870 1874 1869
3 1849 1875 1846
3 1849 1877 1876
3 1850 1879 1878
3 1845 1878 1880
3 1881 1873 1882
3 1883 1845 1882
3 1874 1882 1873
3 1880 1882 1845
3 1875 1860 1846
3 1883 1854 1860
3 1766 1881 1060
3 1060 1880 1061
3 1722 1913 1723
3 1913 1721 1723
3 1794 1832 1790
3 1789 1787 1794
3 1867 1890 1888
3 1891 1889 1892
3 1891 1885 1830
3 1812 1890 1815
3 1855 1893 1862
3 1811 1893 1884
3 1817 1893 1814
3 1847 1844 1843
3 1862 1893 1844
3 1889 1863 1796
3 1796 1892 1889
3 1895 1902 1896
3 1896 1901 1894
3 1791 1779 1835
3 1792 1886 1081
3 1895 1899 1898
3 1896 1897 1899
3 1898 1914 1913
3 1899 1912 1914
3 1906 1913 1914
3 1906 1914 1912
3 1900 1917 1902
3 1902 1916 1901
3 1915 1903 1917
3 1917 1903 1916
3 1894 1812 1810
3 1754 1831 1910
3 1911 1905 1904
3 1908 1905 1907
3 1839 1908 1907
3 1840 1907 1911
3 1753 1787 1910
3 1848 1935 1851
3 1923 584 1921
3 1921 1837 559
3 1922 1918 584
3 1918 1834 584
3 559 1923 1921
3 1832 1925 1926
3 1910 1925 1753
3 1926 1887 1832
3 1919 1926 1837
3 1833 1920 1830
3 1829 1830 1920
3 1838 1891 1829
3 1836 1834 1833
3 1815 1838 1818
3 1843 1848 1847
3 1851 1842 1928
3 1926 1927 1837
3 1841 1927 1908
3 1908 1925 1831
3 1928 1904 1929
3 1928 1859 1851
3 1932 1930 1931
3 1780 1933 1932
3 1877 1933 1853
3 1835 1931 1755
3 1879 1853 1933
3 1767 1879 1933
3 1780 1835 1779
3 1931 1934 1929
3 1852 1930 1877
3 1859 1934 1852
3 1755 1929 1904
3 1911 1842 1840
3 1842 586 560
3 1935 587 586
3 1938 1948 1951
3 1201 1943 1202
3 1941 1953 1954
3 1939 1946 1210
3 1938 1952 1939
3 1940 1950 1953
3 1210 1947 1211
3 1209 1954 1945
3 1208 1945 1944
3 1937 1949 1950
3 1211 1942 1201
3 1208 1948 1234
3 1945 1967 1958
3 1946 1960 1947
3 1951 1965 1952
3 1944 1958 1957
3 1948 1957 1961
3 1954 1966 1967
3 1948 1964 1951
3 1942 1956 1943
3 1947 1955 1942
3 1952 1959 1946
3 1950 1962 1963
3 1953 1963 1966
3 1955 1969 1956
3 1960 1968 1955
3 1965 1972 1959
3 1963 1975 1976
3 1966 1976 1979
3 1958 1980 1971
3 1959 1973 1960
3 1964 1978 1965
3 1957 1971 1970
3 1961 1970 1974
3 1967 1979 1980
3 1964 1974 1977
3 1974 1983 1987
3 1980 1992 1993
3 1974 1990 1977
3 1968 1982 1969
3 1973 1981 1968
3 1978 1985 1972
3 1976 1988 1989
3 1979 1989 1992
3 1971 1993 1984
3 1972 1986 1973
3 1977 1991 1978
3 1970 1984 1983
3 1992 2001 2004
3 1984 2005 1997
3 1985 1999 1986
3 1990 2003 1991
3 1983 1997 1996
3 1993 2004 2005
3 1981 1995 1982
3 1986 1994 1981
3 1991 1998 1985
3 1989 2000 2001
3 2001 2012 2013
3 1996 2009 2008
3 1997 2017 2009
3 2002 2015 2003
3 2003 2010 1998
3 1994 2007 1995
3 2005 2016 2017
3 1998 2011 1999
3 2004 2013 2016
3 1999 2006 1994
3 2017 2028 2029
3 2010 2023 2011
3 2016 2025 2028
3 2011 2018 2006
3 2013 2024 2025
3 2008 2021 2020
3 2009 2029 2021
3 2015 2026 2027
3 2015 2022 2010
3 2006 2019 2007
3 2030 2018 2031
3 2028 2031 2032
3 2032 2022 2033
3 2033 2027 2034
3 2034 2020 2021
3 2027 2035 2034
3 2021 2033 2034
3 2029 2032 2033
3 2023 2031 2018
3 2024 2031 2025
3 2014 2037 2036
3 2008 2037 1996
3 2026 2036 2035
3 2020 2036 2008
3 1987 1996 2037
3 1987 2002 1990
3 2188 2041 2189
3 2190 2055 2196
3 2190 2044 2042
3 2192 2044 2191
3 2192 2048 2046
3 2193 2050 2048
3 2195 2050 2194
3 2196 2039 2189
3 2197 2052 2195
3 2198 2056 2197
3 2198 2060 2058
3 2200 2060 2199
3 2201 2062 2200
3 2201 2066 2064
3 2202 2068 2066
3 2188 2068 2203
3 2070 2409 2408
3 2072 2411 2410
3 2071 2408 2411
3 2076 2413 2412
3 2413 2074 2414
3 2079 2416 2415
3 2416 2077 2417
3 2083 2419 2418
3 2082 2420 2419
3 2081 2421 2420
3 2418 2077 2083
3 2084 2412 2422
3 2421 2084 2422
3 2423 2044 2414
3 2085 2410 2423
3 2415 2073 2079
3 2088 2078 2079
3 2087 2077 2078
3 2091 2087 2088
3 2090 2086 2087
3 2091 55 2090
3 2090 54 2089
3 2092 68 2097
3 2093 207 2224
3 2093 62 60
3 2095 62 2094
3 2096 58 2092
3 2097 56 2091
3 2098 2073 2070
3 2072 2099 2071
3 2071 2098 2070
3 2101 2079 2073
3 2105 2082 2083
3 2082 2103 2081
3 2081 2102 2080
3 2083 2086 2105
3 2109 2076 2084
3 2108 2075 2076
3 2075 2106 2074
3 2084 2102 2109
3 2074 2110 2085
3 2110 2072 2085
3 2115 2141 2142
3 2113 2142 2141
3 2128 2116 2129
3 2114 2128 2127
3 2143 2285 2116
3 90 2089 54
3 2089 2105 2086
3 2097 2119 2092
3 2092 2120 2096
3 2091 2121 2097
3 2100 2123 2099
3 2110 2124 2100
3 2098 2125 2101
3 2099 2122 2098
3 2101 2121 2088
3 2127 2107 2108
3 2107 2129 2106
3 2106 2126 2110
3 2131 2105 2118
3 104 2118 90
3 2132 2109 2102
3 2134 2103 2104
3 2133 2102 2103
3 2104 2130 2134
3 2130 2138 2139
3 2137 2132 2133
3 114 2138 112
3 2140 2135 2132
3 2136 2133 2134
3 2135 2108 2109
3 2116 2286 2216
3 104 2138 2131
3 2231 2228 2230
3 2145 126 2146
3 2221 125 204
3 2147 126 125
3 2180 2148 2206
3 2149 2150 2148
3 2154 2152 2155
3 2208 2155 2209
3 2153 2156 2152
3 2159 2215 2214
3 2161 2158 2159
3 2163 2212 2211
3 144 2162 2163
3 2164 2157 2153
3 2165 2153 2154
3 2149 2168 2151
3 2210 2154 2208
3 2207 2149 2180
3 2163 151 144
3 2159 2171 2161
3 2157 2185 2214
3 2211 2169 2163
3 2172 2166 2164
3 2173 2164 2165
3 2175 2147 2221
3 2207 2176 2167
3 2181 2178 2177
3 2168 2208 2151
3 2180 2145 2146
3 2182 2179 2178
3 2123 2183 2182
3 2123 2181 2122
3 2184 2122 2181
3 2186 2181 2177
3 2120 2184 2186
3 2119 2125 2184
3 2146 2207 2180
3 2187 2166 2174
3 2188 2069 2040
3 2067 2203 2202
3 2065 2202 2201
3 2063 2201 2200
3 2063 2199 2061
3 2059 2199 2198
3 2059 2197 2057
3 2057 2195 2053
3 2041 2196 2189
3 2053 2194 2051
3 2049 2194 2193
3 2047 2193 2192
3 2047 2191 2045
3 2045 2190 2043
3 2043 2196 2054
3 2038 2189 2039
3 2124 2205 2183
3 2151 2209 2150
3 2161 2213 2211
3 2211 2160 2161
3 2159 2185 2170
3 2214 2156 2157
3 2126 2204 2124
3 2216 2129 2116
3 2219 2218 2217
3 2144 204 120
3 2228 2222 2229
3 2224 66 2096
3 2224 2225 2093
3 2093 2226 2094
3 2227 2228 2225
3 2225 2229 2226
3 2096 2227 2224
3 2095 120 64
3 2177 2223 2231
3 2176 2223 2232
3 2186 2231 2230
3 2227 2186 2230
3 2120 2186 2227
3 2233 2144 2095
3 2236 2175 2221
3 2144 2236 2221
3 2176 2238 2222
3 2175 2238 2176
3 2229 2237 2226
3 2226 2239 2094
3 2239 2095 2094
3 2238 2229 2222
3 2246 2240 2238
3 2234 2246 2238
3 2244 2234 2236
3 2237 2247 2239
3 2248 2237 2240
3 2239 2241 2233
3 2233 2243 2235
3 2235 2244 2236
3 2252 2242 2244
3 2247 2249 2241
3 2245 2255 2247
3 2241 2251 2243
3 2243 2252 2244
3 2254 2248 2246
3 2242 2254 2246
3 2256 2245 2248
3 2257 2253 2256
3 2257 2254 2250
3 2252 2257 2250
3 2249 2257 2251
3 2258 2210 2168
3 2232 2168 2167
3 2176 2232 2167
3 2178 2232 2177
3 2165 2259 2173
3 2178 2259 2258
3 2260 2220 2219
3 2307 2271 2265
3 2428 2265 2261
3 2266 252 250
3 2268 2267 2266
3 2270 2274 2272
3 2187 2271 2270
3 2272 2269 2268
3 2170 2272 2171
3 2213 2266 2169
3 2169 250 151
3 2171 2268 2213
3 2270 2185 2187
3 2275 2174 2172
3 2173 2275 2172
3 2174 2273 2187
3 2179 2173 2259
3 2183 2276 2179
3 2204 2218 2205
3 2218 2276 2205
3 2217 2288 2219
3 2261 2277 2220
3 2220 2275 2218
3 2265 2273 2261
3 2269 2279 2267
3 2279 264 267
3 2267 267 252
3 2216 2217 2204
3 2260 2428 2261
3 2425 2424 2264
3 2112 2143 2142
3 2287 2286 2285
3 2111 2280 2143
3 2290 2280 2281
3 2292 2294 2293
3 2293 2289 2290
3 2292 2295 2291
3 2296 2297 2295
3 2298 2299 2297
3 2300 2301 2299
3 2302 2303 2301
3 2304 2305 2303
3 2113 2305 2306
3 2264 2284 2262
3 2219 2283 2260
3 2426 2283 2424
3 2288 2282 2283
3 2278 2274 2307
3 2427 2426 2425
3 2309 2308 2263
3 2309 300 2310
3 2278 300 264
3 2427 2308 2428
3 2278 2307 2310
3 2291 2284 2294
3 2287 2280 2289
3 2142 2116 2115
3 2134 2139 2136
3 2311 2141 2114
3 2312 2114 2127
3 2117 2127 2135
3 2315 2311 2312
3 2317 2323 2322
3 2317 2318 2316
3 2320 310 2321
3 2336 2321 2337
3 2322 2314 2315
3 2327 311 2320
3 114 2324 2139
3 2324 321 2325
3 2325 322 2326
3 2326 323 2327
3 2322 2328 2317
3 2328 2319 2317
3 2331 2312 2117
3 2315 2330 2322
3 2338 2320 2336
3 2332 2329 2328
3 2338 2333 2339
3 2330 2332 2328
3 2335 2332 2334
3 2340 2333 2335
3 2335 2341 2342
3 2325 2339 2340
3 2327 2339 2326
3 2329 2336 2319
3 2319 2337 2318
3 2342 2140 2137
3 2341 2117 2140
3 2331 2334 2330
3 2340 2342 2343
3 2343 2137 2136
3 2324 2136 2139
3 2325 2343 2324
3 2299 2345 2297
3 2346 2351 2350
3 2348 2347 2346
3 346 2349 2348
3 2344 2351 2345
3 347 2352 2349
3 2348 353 346
3 2354 388 2379
3 2355 369 2361
3 2355 359 357
3 2360 361 367
3 2359 361 2357
3 2321 364 2358
3 2358 365 2359
3 2356 367 359
3 2361 355 2354
3 2371 2357 2370
3 2303 2366 2362
3 2376 2363 2375
3 2363 2368 2364
3 2368 2365 2364
3 2305 2313 2366
3 2369 2370 2365
3 2369 2372 2373
3 2371 2373 2374
3 2374 2318 2337
3 2318 2372 2316
3 2359 2374 2358
3 2337 2358 2374
3 2366 2375 2362
3 2378 2376 2377
3 2323 2377 2314
3 2366 2377 2376
3 2313 2314 2377
3 2316 2378 2323
3 2367 2372 2368
3 2353 388 353
3 2399 2379 2394
3 2362 2384 2380
3 2380 2385 2381
3 2381 2386 2382
3 2386 2383 2382
3 2392 2389 2393
3 2389 2390 2391
3 2391 2400 2401
3 2392 2386 2385
3 2389 2395 2393
3 2402 2391 2401
3 2399 2395 2402
3 2387 2393 2395
3 2396 2385 2384
3 2397 2392 2396
3 2398 2388 2397
3 2365 2397 2364
3 2364 2396 2363
3 2375 2396 2384
3 2354 2402 2361
3 2361 2401 2355
3 2401 2356 2355
3 2387 2394 2383
3 2390 2403 2400
3 2400 2360 2356
3 2365 2403 2398
3 2403 2357 2360
3 2405 2383 2394
3 2346 2404 2405
3 2406 2381 2382
3 2344 2407 2406
3 2303 2380 2301
3 2380 2407 2301
3 2301 2407 2299
3 2406 2350 2344
3 2382 2404 2406
3 2405 2348 2346
3 2353 2394 2379
3 2066 2409 2415
3 2042 2410 2055
3 2085 2414 2074
3 2052 2422 2050
3 2422 2048 2050
3 2062 2418 2060
3 2420 2052 2056
3 2419 2056 2058
3 2060 2419 2058
3 2064 2417 2062
3 2415 2064 2066
3 2046 2414 2044
3 2412 2046 2048
3 2039 2408 2038
3 2410 2039 2055
3 2408 2068 2038
3 2307 2308 2310
3 2265 2308 2307
3 2283 2284 2424
3 2284 2282 2294
3 2289 2282 2287
3 2309 439 299
3 2430 439 2429
3 2430 443 441
3 2432 2430 2429
3 2263 2429 2309
3 2433 443 2431
3 2439 448 456
3 2435 453 2438
3 2436 2457 2458
3 2454 2437 2436
3 2433 456 446
3 2441 2297 2345
3 2347 2442 2351
3 2349 2440 2347
3 2442 2345 2351
3 2476 2447 2478
3 2477 2447 2446
3 2444 2465 2463
3 468 2480 2479
3 2455 2462 2456
3 2450 2451 2453
3 448 2438 453
3 2431 2451 2433
3 2460 2425 2264
3 2425 2461 2427
3 2427 2432 2263
3 2432 2453 2431
3 2452 2456 2451
3 2264 2458 2460
3 2450 2461 2460
3 2460 2457 2450
3 2440 2463 2442
3 2442 2454 2441
3 2439 2451 2456
3 2434 2456 2462
3 2477 2445 2480
3 2454 2465 2449
3 2441 2436 2295
3 2291 2436 2458
3 2262 2291 2458
3 2464 2470 2467
3 2459 2472 2470
3 2437 2471 2457
3 2470 2471 2469
3 2449 2469 2437
3 2467 2469 2468
3 2457 2452 2450
3 2455 2471 2472
3 2448 2472 2466
3 2468 2473 2467
3 2447 2474 2446
3 2445 2474 2465
3 2465 2468 2449
3 2443 2473 2447
3 2467 2475 2464
3 469 2477 2480
3 2479 2445 2444
3 463 2478 2477
3 461 2478 462
3 351 2479 2352
3 2352 2444 2440
3 2524 2526 2525
3 2486 2487 2499
3 2487 2500 2499
3 2491 2489 2492
3 2526 2482 2527
3 2490 2493 2489
3 2498 2495 2496
3 2516 2503 2502
3 2487 2498 2488
3 2483 2497 2487
3 2482 2504 2527
3 2520 2504 2503
3 2506 2517 2505
3 2517 2507 2505
3 2507 2508 2505
3 2508 2506 2505
3 2510 2511 2508
3 2511 2509 2508
3 2496 2493 2494
3 2485 2499 2500
3 2512 2521 2509
3 2521 2506 2509
3 2520 2507 2519
3 2513 2520 2516
3 2492 2523 2514
3 2523 2493 2522
3 2517 2522 2519
3 2514 2517 2518
3 2485 2492 2481
3 2483 2527 2501
3 2525 2483 2486
3 2484 2528 2482
3 2530 2484 2524
3 2521 2532 2518
3 2515 2533 2521
3 2531 2524 2533
3 2533 2525 2532
3 2528 2503 2482
3 2534 2497 2501
3 2522 2495 2534
3 2519 2534 2504
3 2527 2534 2501
3 2535 2525 2486
3 2514 2481 2492
3 2518 2535 2514
3 2481 2486 2499
3 2957 3761 2955
3 3762 2537 2956
3 2540 2512 2511
3 2513 2540 2511
3 2542 2541 2540
3 2539 2542 2540
3 2545 2543 2542
3 2544 2545 2542
3 3758 2548 2958
3 3756 2959 2960
3 2530 2551 2529
3 2529 2552 2528
3 2558 2555 2557
3 2557 2554 2559
3 2551 2559 2552
3 2558 2551 2553
3 2962 2550 2960
3 3858 2961 2956
3 3859 2563 2962
3 2567 2958 2964
3 2957 2566 2963
3 2566 2964 2963
3 2571 2561 2569
3 2531 2570 2568
3 2568 2571 2569
3 2531 2553 2530
3 2553 2569 2558
3 2556 2569 2561
3 2573 2552 2559
3 2544 2574 2572
3 2572 2575 2573
3 2502 2574 2516
3 2528 2575 2502
3 2516 2539 2513
3 2567 2572 2573
3 2572 2547 2544
3 2554 2573 2559
3 2543 2570 2541
3 2546 2571 2543
3 2515 2541 2570
3 2647 601 600
3 2459 2580 2466
3 2579 2459 2464
3 2580 2581 2466
3 2582 2583 2581
3 2612 2585 2613
3 2586 2587 2585
3 2588 2589 2587
3 2496 2590 2498
3 2494 2592 2496
3 2592 2589 2590
3 2594 2592 2591
3 2591 2593 2594
3 2596 2597 2593
3 2617 2599 2618
3 2602 2600 2601
3 2579 2602 2601
3 2622 2604 2620
3 2604 2621 2620
3 2614 2607 2604
3 2604 2606 2603
3 642 2648 2649
3 2647 2616 2577
3 2611 2606 2607
3 2616 2607 2615
3 2610 2462 2448
3 2434 2609 2438
3 2466 2610 2448
3 2577 2615 2608
3 600 2649 2647
3 2605 2615 2614
3 2619 2614 2622
3 2584 2613 2583
3 2598 2618 2597
3 2603 2609 2610
3 2438 2606 2435
3 2610 2621 2603
3 2585 2622 2613
3 2583 2621 2581
3 2613 2620 2583
3 2624 2605 2619
3 2585 2624 2619
3 2608 2623 2625
3 2576 2608 2625
3 2626 2588 2586
3 2631 2628 2632
3 2630 2627 2629
3 2640 2629 2639
3 2631 2638 2637
3 2500 2633 2485
3 2485 2634 2491
3 2500 2626 2635
3 2498 2590 2488
3 2590 2588 2488
3 2491 2636 2490
3 2596 2636 2598
3 2591 2490 2596
3 2494 2490 2591
3 2632 2633 2635
3 2628 2634 2633
3 2637 2612 2584
3 2638 2586 2612
3 2635 2638 2632
3 2617 2639 2600
3 2598 2640 2617
3 2630 2636 2634
3 2641 2578 2642
3 2578 2643 2642
3 2642 2629 2627
3 2631 2642 2627
3 2644 2629 2643
3 2600 2644 2601
3 2644 2579 2601
3 2637 2641 2631
3 2645 2584 2582
3 2580 2645 2582
3 2649 2611 2616
3 2577 2646 2647
3 633 2650 2648
3 2611 2650 2435
3 450 2650 676
3 2488 2626 2500
3 2634 2636 2491
3 461 2651 2476
3 680 2658 692
3 694 2653 2659
3 690 2654 2657
3 686 2656 688
3 684 2656 2654
3 723 2657 2685
3 692 2664 700
3 706 2659 2669
3 2443 2661 2475
3 2475 2602 2464
3 2476 2660 2443
3 2660 2663 2661
3 2599 2661 2663
3 678 2664 2651
3 2651 2662 2660
3 2666 2668 2667
3 2667 2597 2618
3 2618 2663 2667
3 2662 2667 2663
3 2652 2666 2658
3 2658 2662 2664
3 680 2669 2652
3 2696 2680 2682
3 2695 2670 2672
3 2672 2589 2595
3 2696 2672 2675
3 2673 2587 2589
3 2676 2594 2593
3 2676 2679 2677
3 2659 2678 2669
3 2665 2669 2678
3 2593 2668 2676
3 2668 2678 2676
3 2679 2680 2677
3 2675 2677 2680
3 2653 2679 2659
3 2703 2725 2726
3 682 2685 2653
3 2684 2685 2657
3 2653 2683 2681
3 2681 2682 2680
3 2675 2595 2594
3 2691 725 733
3 2686 727 725
3 2692 2688 2693
3 2689 2692 2694
3 2693 2686 2691
3 2576 2691 2646
3 2694 2625 2623
3 2625 2693 2576
3 2646 733 601
3 2623 2673 2694
3 2674 2694 2673
3 2697 2690 2689
3 2670 2673 2589
3 2699 2689 2674
3 2700 2690 2698
3 2687 2688 2700
3 2671 2674 2670
3 2703 2705 2702
3 2701 2726 2727
3 2701 2706 2703
3 2720 2708 2719
3 2721 2709 2720
3 2714 753 2713
3 2715 754 2714
3 2707 2710 2709
3 2709 2711 2708
3 2712 2714 2710
3 2710 2713 2711
3 2890 2948 2889
3 2889 2743 2797
3 768 2713 753
3 2724 2708 2711
3 2899 2892 2945
3 2716 2719 2717
3 2687 768 727
3 2700 2723 2724
3 2724 2687 2700
3 2711 2722 2724
3 2727 2656 2655
3 2726 2654 2656
3 2725 2657 2654
3 2733 2705 2731
3 2732 2717 2719
3 2729 2671 2695
3 2704 2797 2706
3 2697 2730 2732
3 2696 2733 2731
3 2802 2889 2704
3 2899 2947 2890
3 2935 2852 2853
3 2732 2698 2697
3 2719 2723 2732
3 2683 2733 2682
3 2702 2684 2725
3 2754 2739 2753
3 2735 848 2793
3 2799 2742 2746
3 2798 2746 2745
3 2798 2735 2793
3 2704 2800 2802
3 2800 2727 2801
3 2749 2754 2752
3 843 2734 2794
3 2730 2943 2717
3 2741 2754 2751
3 2754 2737 2751
3 2757 2737 2753
3 2739 2757 2753
3 2759 2741 2751
3 2737 2759 2751
3 2749 2761 2750
3 2761 2739 2750
3 2762 2759 2755
3 2759 2763 2758
3 2912 2768 2760
3 2767 2912 2758
3 2770 2814 2809
3 2814 2771 2813
3 2773 2772 2770
3 2772 2774 2771
3 2776 2775 2773
3 2778 2774 2775
3 2779 2789 2811
3 2781 2788 2789
3 2761 2780 2781
3 2859 2766 2812
3 2785 2813 2786
3 2740 2839 2838
3 2779 2761 2781
3 781 2795 2734
3 2747 2801 2816
3 2784 782 2735
3 2735 2765 2784
3 2792 870 2812
3 2699 2728 2730
3 686 2794 2655
3 2794 2816 2801
3 2802 2747 2748
3 2798 2715 2712
3 2712 2799 2798
3 2695 2731 2729
3 2707 2796 2799
3 2793 752 2715
3 2655 2801 2727
3 845 2803 2795
3 856 2804 2803
3 858 2805 2804
3 2812 2736 2792
3 2792 2808 2806
3 841 2806 862
3 865 2805 860
3 2744 2736 2738
3 2812 919 2859
3 2807 862 2806
3 2809 2785 2787
3 2764 2786 2763
3 2782 2777 2778
3 2776 2782 2778
3 2787 2764 2762
3 2811 2782 2791
3 2807 2790 2805
3 2789 2815 2782
3 2808 2783 2807
3 2808 2807 2806
3 2738 2736 2766
3 2829 2817 2828
3 2818 2864 2865
3 2757 2877 2876
3 2822 2837 2836
3 2790 2825 2805
3 2824 2827 2825
3 2823 2827 2826
3 2829 2738 2766
3 2819 2863 2864
3 2883 2773 2881
3 2880 2811 2878
3 2878 2791 2879
3 2867 2832 2868
3 2866 2831 2867
3 2875 2757 2876
3 2881 2770 2882
3 2870 2835 2871
3 2833 2870 2869
3 2883 2832 2879
3 2869 2832 2833
3 2820 2866 2863
3 2830 2877 2880
3 2836 2821 2740
3 2873 2837 2872
3 2810 2839 2817
3 2874 2821 2873
3 2886 2841 2885
3 2885 2840 2884
3 2884 2835 2882
3 2871 2840 2872
3 2874 2818 2865
3 2875 2762 2755
3 2804 2844 2803
3 2803 2843 2795
3 2844 2846 2843
3 2845 2847 2844
3 2816 2846 2747
3 2843 2734 2795
3 2805 2845 2804
3 2825 2848 2845
3 2850 2846 2847
3 2851 2847 2848
3 2822 2848 2827
3 2747 2849 2748
3 2850 2852 2849
3 2854 2850 2851
3 2729 2705 2718
3 2822 2854 2851
3 2728 2718 2943
3 2797 2943 2718
3 2706 2718 2705
3 2742 2857 2746
3 2862 2857 2861
3 2765 2862 2860
3 2746 2858 2745
3 2765 2745 2858
3 2860 2829 2766
3 2829 2861 2810
3 2859 831 2784
3 2784 2860 2859
3 2856 2810 2861
3 2743 2717 2943
3 2855 2861 2857
3 2839 2865 2817
3 2823 2872 2837
3 2842 2873 2841
3 2841 2872 2840
3 2738 2866 2744
3 2824 2868 2869
3 2869 2826 2824
3 2826 2871 2823
3 2744 2867 2783
3 2783 2868 2790
3 2864 2738 2828
3 2865 2828 2817
3 2842 2875 2818
3 2809 2882 2770
3 2787 2884 2809
3 2762 2885 2787
3 2880 2756 2779
3 2776 2879 2791
3 2834 2882 2835
3 2875 2819 2818
3 2831 2879 2832
3 2880 2831 2830
3 2883 2834 2833
3 2876 2820 2819
3 2898 3105 3104
3 2900 2934 2887
3 2894 2771 2774
3 2893 2774 2777
3 2927 2907 2921
3 2896 3104 3113
3 3111 2914 2916
3 3108 2908 3112
3 2919 2927 2925
3 2786 2902 2763
3 2928 2901 2905
3 3109 2917 3108
3 2911 2815 2788
3 3112 2896 3113
3 2902 2758 2763
3 2906 2925 2926
3 2758 2752 2741
3 2912 2749 2752
3 2910 2788 2780
3 2916 3106 3111
3 2932 2888 2931
3 2748 2890 2802
3 2768 2929 2910
3 2748 2852 2899
3 2946 2922 2923
3 2760 2910 2780
3 2909 2777 2815
3 2930 2946 2923
3 2905 2924 2928
3 2931 2906 2926
3 2941 2900 2904
3 2813 2903 2786
3 2771 2918 2813
3 3105 2914 3110
3 2921 2901 2929
3 3106 2891 3107
3 2894 2922 2895
3 2903 2926 2902
3 2928 2909 2911
3 2922 2918 2895
3 2909 2930 2893
3 2918 2931 2903
3 2926 2767 2902
3 2911 2929 2928
3 2925 2769 2767
3 2894 2930 2923
3 2769 2921 2768
3 2946 2887 2932
3 2939 2901 2907
3 2904 2946 2924
3 2937 2904 2905
3 2906 2944 2919
3 2887 2933 2888
3 2888 2940 2906
3 2905 2936 2937
3 2919 2938 2913
3 3107 2920 3109
3 2938 2907 2913
3 2949 2947 2950
3 2721 2950 2796
3 2948 2716 2743
3 2949 2720 2716
3 2853 2952 2935
3 2836 2952 2854
3 2951 2952 2740
3 2945 2953 2954
3 2954 2855 2742
3 2954 2947 2945
3 2742 2950 2954
3 2951 2892 2935
3 2838 2951 2740
3 2856 2953 2951
3 2963 2538 2957
3 2961 3859 2962
3 2964 2548 2565
3 2560 2962 2561
3 2956 2560 2546
3 2561 2960 2556
3 2556 2959 2555
3 2555 2958 2554
3 2955 2546 2545
3 2547 2955 2545
3 2969 2972 2973
3 2971 2969 2973
3 2967 2973 2970
3 2973 2968 2970
3 3033 3345 2991
3 3332 3034 3334
3 3352 3338 2989
3 3335 3351 3008
3 3317 2982 3321
3 2981 3317 3315
3 3355 2986 3353
3 2986 3354 3353
3 2985 2990 2987
3 3356 2984 3355
3 3333 3017 3016
3 3332 3008 3017
3 3340 2992 2975
3 2997 2996 2994
3 2996 2974 2995
3 2997 3001 2998
3 3001 2974 2998
3 2966 3002 2972
3 2968 3002 3005
3 3004 3003 2966
3 2995 3006 3004
3 3357 3008 3351
3 3334 3033 3325
3 2974 3007 2995
3 3348 3024 3023
3 3032 3345 3034
3 2974 3000 3010
3 3023 2965 3019
3 3012 2994 3019
3 3016 3320 3316
3 3318 3016 3316
3 3319 2987 3320
3 3333 3032 3332
3 2990 2984 2988
3 2988 3314 3318
3 3033 3329 3325
3 3333 3036 3035
3 2967 3020 2971
3 3014 3019 2965
3 3025 3004 3027
3 3036 3343 3035
3 3028 2995 3025
3 3341 3023 3022
3 2966 3029 3026
3 2969 3024 3029
3 3026 2975 2992
3 3022 3019 2994
3 3030 3347 3031
3 3342 3027 3344
3 3004 3026 3027
3 3026 3344 3027
3 2991 3037 3033
3 3343 3025 3342
3 3322 3350 3328
3 3022 2996 3028
3 3350 3326 3328
3 3337 3030 3031
3 3036 3337 3031
3 2989 3331 3015
3 3341 3031 3347
3 3331 3016 3015
3 3032 3343 3342
3 3029 3009 2975
3 3005 2970 2968
3 3038 2967 2970
3 3039 3045 3042
3 3046 3039 3042
3 2915 3043 2891
3 3046 3043 3047
3 3043 2920 2891
3 3042 3044 3043
3 3048 3057 3059
3 3057 3049 3058
3 3055 3053 3056
3 3051 3055 3054
3 3054 3084 3083
3 3084 3056 3085
3 3061 3058 3062
3 3059 3061 3060
3 3060 3052 3051
3 3052 3062 3053
3 3063 3068 3065
3 3066 2916 2914
3 3065 3067 3066
3 3086 3069 3087
3 3072 3082 3081
3 3073 3050 3048
3 3050 3074 3049
3 3073 3078 3075
3 3078 3074 3075
3 3080 3071 3072
3 3074 3079 3080
3 3049 3080 3058
3 3058 3072 3062
3 3081 3069 3070
3 3062 3081 3053
3 3053 3070 3056
3 2898 3085 2897
3 3083 2898 2896
3 2897 3066 2914
3 3065 3087 3063
3 3066 3086 3065
3 3085 3070 3086
3 3046 3064 3040
3 3067 2915 2916
3 3047 3068 3046
3 3089 3051 3054
3 3088 3060 3051
3 2917 3091 2908
3 3095 3093 3096
3 3092 3096 3091
3 3098 3089 3102
3 3097 3088 3089
3 3100 3076 3073
3 3048 3100 3073
3 3100 3103 3101
3 3090 3099 3103
3 3059 3090 3100
3 3098 3096 3093
3 3054 3102 3089
3 2908 3083 2896
3 3102 3091 3096
3 3044 3095 3092
3 2920 3092 2917
3 3041 3095 3045
3 2942 3109 2934
3 2941 3107 2942
3 3105 2936 2939
3 3111 2941 2937
3 2940 3113 2944
3 2934 3108 2933
3 2933 3112 2940
3 2937 3110 3111
3 2944 3104 2938
3 3104 2939 2938
3 3076 3116 3078
3 3116 3077 3078
3 3117 3138 3135
3 3138 3118 3140
3 3132 3122 3133
3 3122 3134 3133
3 3123 3130 3129
3 3130 3124 3131
3 3041 3127 3126
3 3039 3128 3127
3 3125 3128 3124
3 3126 3125 3123
3 3064 3128 3040
3 3094 3126 3123
3 3130 3121 3122
3 3120 3130 3122
3 3064 3131 3124
3 3093 3123 3129
3 3093 3120 3098
3 3119 3134 3118
3 3132 3119 3117
3 3098 3132 3097
3 3097 3117 3099
3 3137 3115 3116
3 3137 3140 3139
3 3114 3137 3116
3 3136 3138 3137
3 3103 3136 3101
3 3099 3135 3103
3 3101 3114 3076
3 3063 3121 3131
3 3087 3134 3121
3 3082 3140 3118
3 3071 3139 3140
3 3079 3115 3139
3 3069 3118 3134
3 3166 1936 1228
3 143 3142 2162
3 1202 3159 1223
3 3150 2212 3151
3 3156 2209 3155
3 3145 2152 2156
3 2152 3144 2155
3 3161 3872 3160
3 3164 3874 3165
3 3162 3151 3163
3 2148 3153 2206
3 3154 122 2145
3 3168 3155 3167
3 2215 3158 3157
3 3157 2156 2215
3 2158 3150 3158
3 2162 3151 2212
3 3141 3163 3159
3 3165 3871 3166
3 2206 3154 2145
3 2150 3152 2148
3 3168 3875 3164
3 3162 3873 3161
3 2155 3155 2209
3 3158 3162 3161
3 3142 3163 3151
3 3149 3162 3163
3 3157 3161 3160
3 1223 3142 1204
3 3156 3164 3152
3 3153 3166 3154
3 3147 3167 3146
3 3152 3165 3153
3 3166 1217 3154
3 3145 3169 3143
3 3143 3170 3144
3 3157 3171 3145
3 3167 3144 3170
3 3146 3170 3169
3 3872 3171 3160
3 3173 3218 3219
3 3216 3173 3219
3 3175 3190 3217
3 3189 3179 3196
3 3195 3178 3189
3 3206 3182 3205
3 3180 3206 3212
3 3211 3184 3224
3 3183 3211 3223
3 3187 3221 3222
3 3222 3174 3187
3 3186 3223 3221
3 3190 3172 3216
3 3179 3217 3196
3 3205 3177 3195
3 3184 3212 3224
3 3173 3188 3174
3 3172 3188 3173
3 3193 3175 3179
3 3178 3193 3179
3 3181 3194 3182
3 3180 3194 3181
3 3186 3197 3183
3 3183 3198 3185
3 3200 3180 3184
3 3185 3200 3184
3 3187 3199 3186
3 3187 3188 3201
3 3202 3182 3194
3 3202 3178 3177
3 3203 3175 3191
3 3176 3188 3172
3 3207 3191 3193
3 3202 3208 3192
3 3213 3198 3197
3 2069 3218 3222
3 3198 3214 3200
3 3200 3204 3194
3 3192 3207 3193
3 3204 3202 3194
3 3191 3209 3203
3 3201 3215 3199
3 3221 2041 2040
3 3199 3213 3197
3 3203 3210 3188
3 3223 2054 2041
3 3210 3201 3188
3 3222 2040 2069
3 3215 3220 3213
3 2051 3189 2053
3 3213 3220 3214
3 2045 3206 2047
3 2054 3224 2043
3 3209 3220 3210
3 2061 3216 2063
3 3224 2045 2043
3 3207 3220 3209
3 2049 3195 2051
3 3196 2059 2057
3 3208 3220 3207
3 3204 3220 3208
3 3214 3220 3204
3 2047 3205 2049
3 3210 3220 3215
3 3189 2057 2053
3 3217 2061 2059
3 2063 3219 2065
3 3219 2067 2065
3 3225 2300 2298
3 2292 3228 2296
3 3228 2298 2296
3 3229 2293 2290
3 2290 2281 3229
3 3236 3234 3237
3 3236 2112 2113
3 3238 3237 3234
3 2112 3232 2111
3 3238 3233 3232
3 3243 3240 3241
3 3228 3243 3225
3 2281 3246 3229
3 3246 3244 3247
3 3229 3249 3230
3 3250 3230 3249
3 3227 3242 3228
3 3226 3243 3259
3 3246 3248 3249
3 3249 3251 3250
3 3242 3251 3240
3 2293 3227 2292
3 3236 3252 3235
3 3255 3252 3253
3 3255 3256 3254
3 3259 3256 3257
3 3259 3241 3258
3 3260 3253 3262
3 3261 3255 3260
3 3226 3257 3261
3 2300 3261 2302
3 2302 3260 2304
3 2304 3262 2306
3 3236 3262 3253
3 2306 3262 2113
3 3263 3232 3233
3 3263 2281 2111
3 3264 3233 3239
3 3264 3265 3231
3 3244 3268 3247
3 3271 3245 3263
3 3269 3263 3233
3 3277 3274 3276
3 3275 3276 3273
3 3280 3252 3254
3 3252 3296 3235
3 3234 3282 3238
3 3235 3281 3234
3 3241 3285 3258
3 3258 3284 3256
3 3284 3254 3256
3 3248 3287 3251
3 3248 3247 3268
3 3286 3241 3240
3 3287 3240 3251
3 3283 3304 3288
3 3290 3283 3288
3 3290 3284 3285
3 3299 3280 3284
3 3290 3300 3299
3 3292 3290 3288
3 3293 3300 3289
3 3296 3293 3281
3 3291 3294 3295
3 3280 3298 3297
3 3279 3294 3278
3 3278 3297 3279
3 3297 3295 3279
3 3291 3299 3300
3 3291 3301 3294
3 3301 3278 3294
3 3298 3291 3295
3 3238 3282 3239
3 3239 3303 3264
3 3292 3304 3305
3 3265 3292 3305
3 3306 3231 3265
3 3231 3269 3233
3 3307 3293 3289
3 3289 3292 3307
3 3293 3308 3281
3 3308 3282 3281
3 3309 3308 3307
3 3264 3309 3266
3 3292 3309 3307
3 3286 3305 3304
3 3244 3272 3267
3 3244 3270 3274
3 3276 3270 3271
3 3273 3271 3269
3 3273 3302 3275
3 3275 3311 3277
3 3311 3272 3277
3 3310 3267 3311
3 3306 3311 3302
3 3310 3287 3268
3 3306 3305 3310
3 2965 3020 3014
3 2997 3312 2999
3 2994 3312 2997
3 3015 3314 2989
3 3319 3017 3008
3 2988 3316 2990
3 3316 2987 2990
3 3354 3319 3357
3 2989 3356 3352
3 2978 3317 2980
3 3317 2979 2980
3 3330 3325 3329
3 3328 3327 3330
3 3324 3329 3323
3 3322 3330 3324
3 3331 3339 3337
3 3331 3338 3339
3 3325 3336 3334
3 3326 3336 3327
3 3322 3339 3338
3 3323 3339 3324
3 3332 3336 3335
3 3332 3334 3336
3 3037 3323 3329
3 2976 2977 3340
3 2993 2975 3009
3 3018 3340 2993
3 2992 3346 3344
3 2991 3346 2977
3 3342 3346 3345
3 3342 3344 3346
3 3349 3009 3348
3 3349 3018 2993
3 3347 3349 3341
3 3349 3348 3341
3 2976 3030 3037
3 2979 3350 2980
3 3350 2978 2980
3 2983 3354 2982
3 3355 2983 2981
3 2978 3356 3315
3 2982 3357 3321
3 3356 2981 3315
3 3357 2979 3321
3 3402 3438 3377
3 3427 3401 3403
3 3445 3431 3375
3 3428 3444 3384
3 3410 3368 3414
3 3367 3410 3408
3 3448 3372 3446
3 3372 3447 3446
3 3371 3376 3373
3 3449 3370 3448
3 3426 3388 3387
3 3425 3384 3388
3 3433 3378 3361
3 3450 3384 3444
3 3427 3402 3418
3 3441 3393 3392
3 3401 3438 3403
3 3392 3358 3390
3 3387 3413 3409
3 3411 3387 3409
3 3412 3373 3413
3 3426 3401 3425
3 3376 3370 3374
3 3374 3407 3411
3 3402 3422 3418
3 3424 3404 3426
3 3394 3383 3396
3 3404 3434 3436
3 3397 3381 3394
3 3434 3392 3391
3 3359 3398 3395
3 3360 3393 3398
3 3395 3361 3378
3 3391 3390 3380
3 3399 3440 3400
3 3435 3396 3437
3 3383 3395 3396
3 3395 3437 3396
3 3377 3406 3402
3 3436 3394 3435
3 3415 3443 3421
3 3434 3380 3397
3 3443 3419 3421
3 3430 3399 3400
3 3405 3430 3400
3 3375 3424 3386
3 3434 3400 3440
3 3386 3426 3387
3 3401 3436 3435
3 3398 3385 3361
3 3386 3407 3375
3 3412 3388 3384
3 3374 3409 3376
3 3409 3373 3376
3 3447 3412 3450
3 3375 3449 3445
3 3364 3410 3366
3 3410 3365 3366
3 3423 3418 3422
3 3421 3420 3423
3 3416 3423 3422
3 3417 3421 3423
3 3424 3432 3430
3 3424 3431 3432
3 3418 3429 3427
3 3419 3429 3420
3 3415 3432 3431
3 3416 3432 3417
3 3425 3429 3428
3 3425 3427 3429
3 3406 3416 3422
3 3362 3363 3433
3 3379 3361 3385
3 3389 3433 3379
3 3378 3439 3437
3 3377 3439 3363
3 3435 3439 3438
3 3435 3437 3439
3 3442 3385 3441
3 3442 3389 3379
3 3440 3442 3434
3 3442 3441 3434
3 3362 3399 3406
3 3365 3443 3366
3 3443 3364 3366
3 3369 3447 3368
3 3448 3369 3367
3 3364 3449 3408
3 3368 3450 3414
3 3449 3367 3408
3 3450 3365 3414
3 3495 3531 3470
3 3520 3494 3496
3 3538 3524 3468
3 3521 3537 3477
3 3503 3461 3507
3 3460 3503 3501
3 3541 3465 3539
3 3465 3540 3539
3 3464 3469 3466
3 3542 3463 3541
3 3519 3481 3480
3 3521 3481 3518
3 3526 3471 3454
3 3543 3477 3537
3 3520 3495 3511
3 3534 3486 3485
3 3494 3531 3496
3 3485 3451 3483
3 3480 3506 3502
3 3479 3502 3504
3 3505 3466 3506
3 3519 3494 3518
3 3469 3463 3467
3 3467 3500 3504
3 3495 3515 3511
3 3519 3498 3497
3 3487 3476 3489
3 3498 3529 3497
3 3490 3474 3487
3 3527 3485 3484
3 3452 3491 3488
3 3453 3486 3491
3 3488 3454 3471
3 3485 3473 3484
3 3493 3482 3533
3 3530 3487 3489
3 3476 3488 3489
3 3489 3471 3530
3 3470 3499 3495
3 3529 3487 3528
3 3508 3536 3514
3 3484 3475 3490
3 3536 3512 3514
3 3523 3492 3493
3 3498 3523 3493
3 3524 3479 3468
3 3498 3533 3527
3 3479 3519 3480
3 3494 3529 3528
3 3454 3486 3478
3 3479 3500 3468
3 3477 3506 3481
3 3467 3502 3469
3 3502 3466 3469
3 3540 3505 3543
3 3468 3542 3538
3 3457 3503 3459
3 3503 3458 3459
3 3516 3511 3515
3 3514 3513 3516
3 3509 3516 3515
3 3510 3514 3516
3 3517 3525 3523
3 3517 3524 3525
3 3511 3522 3520
3 3512 3522 3513
3 3510 3524 3508
3 3509 3525 3510
3 3518 3522 3521
3 3518 3520 3522
3 3499 3509 3515
3 3455 3456 3526
3 3478 3526 3454
3 3472 3455 3526
3 3456 3530 3471
3 3470 3532 3456
3 3528 3532 3531
3 3528 3530 3532
3 3535 3478 3534
3 3535 3482 3472
3 3533 3535 3527
3 3535 3534 3527
3 3455 3492 3499
3 3458 3536 3459
3 3536 3457 3459
3 3462 3540 3461
3 3541 3462 3460
3 3457 3542 3501
3 3461 3543 3507
3 3542 3460 3501
3 3543 3458 3507
3 3588 3624 3563
3 3611 3589 3613
3 3631 3617 3561
3 3614 3630 3570
3 3596 3554 3600
3 3553 3596 3594
3 3634 3558 3632
3 3558 3633 3632
3 3557 3562 3559
3 3635 3556 3634
3 3612 3574 3573
3 3614 3574 3611
3 3619 3564 3547
3 3636 3570 3630
3 3613 3588 3604
3 3627 3579 3578
3 3587 3624 3589
3 3578 3544 3576
3 3573 3599 3595
3 3597 3573 3595
3 3598 3559 3599
3 3611 3590 3587
3 3562 3556 3560
3 3560 3593 3597
3 3592 3604 3588
3 3612 3591 3590
3 3580 3011 3582
3 3591 3622 3590
3 3583 3567 3580
3 3577 3627 3578
3 3581 3546 3584
3 3546 3579 3584
3 3581 3547 3564
3 3577 3576 3566
3 3585 3626 3586
3 3623 3580 3582
3 3011 3581 3582
3 3581 3623 3582
3 3563 3592 3588
3 3622 3580 3621
3 3601 3629 3607
3 3577 3568 3583
3 3629 3605 3607
3 3616 3585 3586
3 3610 3586 3591
3 3561 3610 3572
3 3620 3586 3626
3 3572 3612 3573
3 3587 3622 3621
3 3584 3571 3547
3 3572 3593 3561
3 3570 3599 3574
3 3560 3595 3562
3 3595 3559 3562
3 3633 3598 3636
3 3561 3635 3631
3 3550 3596 3552
3 3596 3551 3552
3 3609 3604 3608
3 3607 3606 3609
3 3603 3608 3602
3 3601 3609 3603
3 3610 3618 3616
3 3610 3617 3618
3 3606 3613 3604
3 3605 3615 3606
3 3601 3618 3617
3 3603 3616 3618
3 3611 3615 3614
3 3611 3613 3615
3 3592 3602 3608
3 3548 3549 3619
3 3565 3547 3571
3 3575 3619 3565
3 3549 3623 3564
3 3563 3625 3549
3 3621 3625 3624
3 3621 3623 3625
3 3628 3571 3627
3 3628 3575 3565
3 3626 3628 3620
3 3628 3627 3620
3 3575 3592 3548
3 3551 3629 3552
3 3629 3550 3552
3 3555 3633 3554
3 3634 3555 3553
3 3550 3635 3594
3 3554 3636 3600
3 3635 3553 3594
3 3636 3551 3600
3 3807 3851 3836
3 3682 3656 3658
3 3693 3686 3648
3 3683 3692 3650
3 3665 3641 3669
3 3640 3665 3663
3 3696 3645 3694
3 3694 3644 3695
3 3644 3649 3646
3 3697 3643 3696
3 3681 3653 3652
3 3683 3653 3680
3 3698 3650 3692
3 3673 3658 3657
3 3840 3690 3689
3 3652 3668 3664
3 3651 3664 3666
3 3667 3646 3668
3 3681 3656 3680
3 3649 3643 3647
3 3647 3662 3666
3 3657 3677 3673
3 3679 3659 3681
3 3660 3850 3838
3 3823 3836 3747
3 3835 3661 3830
3 3670 3691 3676
3 3691 3674 3676
3 3671 3655 3685
3 3660 3685 3655
3 3686 3651 3648
3 3851 3789 3838
3 3651 3681 3652
3 3847 3790 3819
3 3651 3662 3648
3 3650 3668 3653
3 3647 3664 3649
3 3664 3646 3649
3 3695 3667 3698
3 3648 3697 3693
3 3637 3665 3639
3 3665 3638 3639
3 3677 3675 3673
3 3678 3674 3675
3 3671 3678 3677
3 3672 3676 3678
3 3679 3687 3685
3 3679 3686 3687
3 3675 3682 3673
3 3674 3684 3675
3 3670 3687 3686
3 3672 3685 3687
3 3680 3684 3683
3 3680 3682 3684
3 3661 3671 3677
3 3746 3829 3832
3 3638 3691 3639
3 3691 3637 3639
3 3642 3695 3641
3 3696 3642 3640
3 3637 3697 3663
3 3641 3698 3669
3 3697 3640 3663
3 3698 3638 3669
3 3708 3701 3709
3 3701 3710 3709
3 3705 3704 3706
3 3704 3707 3706
3 3382 3707 3381
3 3380 3706 3382
3 3709 3567 3568
3 3708 3568 3566
3 3473 3713 3475
3 3475 3712 3474
3 3714 3713 3711
3 3715 3712 3713
3 3728 3716 3732
3 3717 3728 3733
3 3734 3719 3735
3 3720 3734 3736
3 3724 3738 3737
3 3723 3737 3739
3 3727 3719 3721
3 3021 3721 3720
3 3717 3731 3718
3 3725 3724 3723
3 3718 3005 3716
3 3700 3730 3569
3 3733 3546 3545
3 3546 3732 3544
3 3736 3360 3359
3 3734 3358 3360
3 3739 3453 3452
3 3737 3451 3453
3 3740 3723 3739
3 3740 3358 3735
3 3014 3736 3359
3 3020 3720 3736
3 3359 3012 3014
3 3383 3013 3012
3 3013 3707 3312
3 2999 3312 3707
3 3010 3000 3708
3 3010 3566 3007
3 3007 3576 3006
3 3006 3544 3003
3 3002 3544 3732
3 3002 3716 3005
3 3452 3740 3739
3 3719 3740 3735
3 3742 3476 3743
3 3743 3474 3741
3 3702 3744 3712
3 3741 3712 3744
3 3380 3744 3705
3 3702 3705 3744
3 3743 3380 3390
3 3742 3390 3358
3 3699 3567 3710
3 3569 3710 3700
3 3733 3699 3569
3 3545 3011 3699
3 3569 3717 3733
3 3313 3711 3703
3 3738 3703 3451
3 3483 3711 3473
3 3451 3703 3483
3 3313 3722 3726
3 3819 3832 3847
3 3833 3661 3657
3 3749 3745 3746
3 3745 3750 3747
3 3752 3748 3749
3 3748 3753 3750
3 2549 3756 3754
3 2959 3758 2958
3 3755 3757 3758
3 3754 2960 2550
3 3754 3751 2549
3 2549 3752 3757
3 3761 2956 2955
3 2536 3762 3761
3 2536 3763 3759
3 2538 3763 2957
3 2563 3855 3764
3 2562 3854 3769
3 3038 3821 3021
3 3821 3771 3822
3 3845 3726 3722
3 3827 3038 3005
3 3820 3768 3821
3 3725 3822 3767
3 2550 3764 3773
3 2550 3753 3754
3 3759 3774 2536
3 3774 3760 2536
3 3776 2537 3760
3 3689 3770 3726
3 2538 3775 3759
3 3757 3779 2548
3 2548 3778 2565
3 3815 2999 3813
3 3813 3704 3814
3 3793 3787 3794
3 3811 3788 3812
3 2565 2963 2964
3 3781 3793 3792
3 3810 3785 3811
3 3656 3844 3841
3 3660 3844 3659
3 3792 3783 3782
3 3783 3794 3786
3 3781 3796 3795
3 3796 3782 3797
3 3796 3790 3791
3 3795 3791 3789
3 3799 3800 3730
3 3730 3798 3717
3 3800 3802 3798
3 3801 3803 3800
3 3803 3805 3807
3 3802 3807 3823
3 3789 3844 3838
3 3654 3850 3655
3 3791 3841 3844
3 3801 3809 3804
3 3806 3801 3799
3 3701 3799 3700
3 3809 3805 3804
3 3810 3784 3781
3 3784 3812 3787
3 3785 3814 3788
3 3780 3813 3785
3 3816 3808 3806
3 3818 3780 3810
3 3809 3817 3818
3 3815 3817 3816
3 3810 3795 3818
3 3789 3818 3795
3 3701 3816 3806
3 3000 3815 3816
3 3657 3848 3833
3 3656 3848 3658
3 3767 3729 3725
3 3724 3729 3722
3 3825 3802 3823
3 3826 3824 3825
3 3820 3826 3765
3 3747 3825 3823
3 3790 3828 3819
3 3828 3746 3819
3 3828 3752 3749
3 3779 3782 3778
3 3797 3779 3828
3 3798 3824 3731
3 3731 3827 3005
3 3830 3837 3835
3 3829 3837 3831
3 3714 3726 3770
3 3727 3821 3822
3 3834 3830 3833
3 3832 3831 3834
3 3849 3833 3848
3 3847 3834 3849
3 3841 3849 3848
3 3841 3847 3849
3 3835 3852 3850
3 3837 3851 3852
3 3850 3852 3838
3 3852 3851 3838
3 3829 3747 3836
3 3766 3689 3845
3 3846 3840 3842
3 3840 3843 3842
3 3842 3776 3774
3 3775 3842 3774
3 3722 3688 3845
3 3783 3786 3870
3 2562 3858 3856
3 3856 3772 3854
3 3857 3853 3859
3 3853 3769 3855
3 2537 3858 2956
3 3767 3860 3688
3 3860 3845 3688
3 3822 3861 3767
3 3861 3854 3772
3 3855 3768 3765
3 3764 3765 3826
3 3773 3826 3825
3 3769 3771 3768
3 3750 3773 3825
3 3778 3783 3870
3 3786 3777 3870
3 3862 3861 3772
3 3843 3772 3776
3 3766 3862 3843
3 3863 3839 3846
3 3794 3863 3786
3 3867 3865 3868
3 3715 3868 3702
3 3812 3868 3865
3 3770 3866 3867
3 3814 3868 3788
3 3702 3814 3704
3 3715 3770 3867
3 3866 3869 3865
3 3787 3865 3869
3 3869 3794 3787
3 3690 3864 3866
3 3777 3846 3775
3 3777 2564 3870
3 2565 3870 2564
3 3872 3881 3169
3 1943 3141 1202
3 3875 3885 3874
3 3879 3873 3148
3 3884 3872 3873
3 3874 3882 3871
3 3880 3148 3149
3 3147 3886 3875
3 3146 3878 3147
3 3871 1949 1936
3 3876 3149 3141
3 3881 3146 3169
3 3878 3897 3886
3 3891 3879 3880
3 3895 3883 3884
3 3877 3889 3878
3 3881 3888 3877
3 3886 3896 3885
3 3894 3881 3883
3 1956 3876 1943
3 3887 3880 3876
3 3890 3884 3879
3 3882 1962 1949
3 3885 3893 3882
3 1969 3887 1956
3 3898 3891 3887
3 3901 3895 3890
3 3893 1975 1962
3 3896 3904 3893
3 3889 3908 3897
3 3902 3890 3891
3 3906 3894 3895
3 3888 3900 3889
3 3892 3899 3888
3 3897 3907 3896
3 3905 3892 3894
3 3903 3910 3899
3 3908 3918 3907
3 3916 3903 3905
3 1982 3898 1969
3 3909 3902 3898
3 3912 3906 3901
3 3904 1988 1975
3 3907 3915 3904
3 3900 3919 3908
3 3913 3901 3902
3 3917 3905 3906
3 3899 3911 3900
3 3918 3925 3915
3 3911 3929 3919
3 3924 3912 3913
3 3927 3916 3917
3 3910 3922 3911
3 3919 3928 3918
3 1995 3909 1982
3 3920 3913 3909
3 3923 3917 3912
3 3915 2000 1988
3 3925 2012 2000
3 3921 3932 3922
3 3922 3939 3929
3 3937 3926 3927
3 3933 3927 3923
3 2007 3920 1995
3 3929 3938 3928
3 3934 3923 3924
3 3928 3935 3925
3 3930 3924 3920
3 3939 3948 3938
3 3944 3933 3934
3 3938 3945 3935
3 3940 3934 3930
3 3935 2024 2012
3 3931 3942 3932
3 3932 3949 3939
3 3947 3936 3937
3 3943 3937 3933
3 2019 3930 2007
3 3940 2030 3950
3 3950 3948 3951
3 3943 3951 3952
3 3947 3952 3953
3 3953 3941 3954
3 3947 3954 3946
3 3942 3952 3949
3 3949 3951 3948
3 3944 3950 3951
3 3950 2024 3945
3 3956 3936 3955
3 3931 3956 3955
3 3955 3946 3954
3 3941 3955 3954
3 3914 3921 3910
3 3926 3914 3916
3 170 171 3
3 178 17 4
3 172 4 6
3 6 8 174
3 174 8 10
3 175 10 12
3 12 14 177
3 1 17 178
3 14 18 179
3 18 20 180
3 180 20 22
3 22 24 182
3 24 26 183
3 183 26 28
3 184 28 30
3 170 185 30
3 418 35 32
3 420 33 34
3 417 32 33
3 422 37 38
3 422 423 36
3 425 40 41
3 425 426 39
3 428 44 45
3 429 43 44
3 430 42 43
3 427 45 39
3 421 38 46
3 46 42 430
3 432 423 6
3 419 34 47
3 424 41 35
3 40 49 50
3 39 48 49
3 49 52 53
3 48 51 52
3 53 52 55
3 52 51 54
3 68 58 57
3 207 60 59
3 59 60 62
3 62 64 63
3 58 66 65
3 56 68 67
3 35 72 69
3 34 33 70
3 33 32 69
3 41 50 72
3 44 75 76
3 44 43 74
3 43 42 73
3 45 76 48
3 38 79 80
3 37 78 79
3 37 36 77
3 46 80 73
3 81 77 36
3 34 71 81
3 116 85 86
3 117 83 84
3 100 101 87
3 100 86 85
3 118 87 273
3 51 89 90
3 51 48 76
3 67 57 91
3 57 65 92
3 53 67 93
3 71 70 95
3 71 96 98
3 69 72 97
3 70 69 94
3 72 50 93
3 78 100 99
3 78 77 101
3 77 81 98
3 76 102 103
3 89 103 104
3 80 108 105
3 74 106 107
3 73 105 106
3 75 107 102
3 102 113 111
3 105 115 110
3 111 113 114
3 108 88 115
3 106 110 109
3 79 99 108
3 198 274 273
3 111 112 104
3 212 206 215
3 126 122 121
3 203 204 125
3 124 125 126
3 162 188 127
3 128 127 129
3 133 134 131
3 190 191 134
3 131 135 136
3 196 197 137
3 137 139 140
3 194 141 142
3 141 143 144
3 132 136 147
3 132 145 146
3 128 130 149
3 133 146 192
3 128 148 189
3 142 144 151
3 138 140 153
3 167 147 136
3 193 142 150
3 147 156 154
3 145 154 155
3 157 203 124
3 189 148 158
3 163 159 160
3 190 192 149
3 123 121 188
3 164 160 161
3 95 164 165
3 163 164 95
3 166 163 94
3 168 159 163
3 92 168 166
3 91 166 97
3 123 162 189
3 147 167 169
3 31 185 170
3 29 184 185
3 27 183 184
3 25 182 183
3 181 182 25
3 21 180 181
3 179 180 21
3 177 179 19
3 3 171 178
3 176 177 15
3 11 175 176
3 9 174 175
3 173 174 9
3 172 173 7
3 178 172 5
3 0 1 171
3 96 165 187
3 130 129 191
3 140 193 195
3 139 194 193
3 138 152 167
3 135 197 196
3 98 96 186
3 101 98 198
3 200 202 201
3 119 120 204
3 212 213 205
3 66 207 208
3 208 59 209
3 59 61 210
3 211 209 212
3 209 210 213
3 211 92 65
3 63 64 120
3 206 216 159
3 216 206 205
3 168 214 215
3 119 219 217
3 157 218 220
3 119 203 220
3 157 158 222
3 213 210 221
3 210 61 223
3 63 217 223
3 205 213 224
3 224 232 230
3 218 222 230
3 218 226 228
3 221 223 231
3 221 229 232
3 223 217 225
3 217 219 227
3 219 220 228
3 226 234 236
3 231 225 233
3 229 231 239
3 225 227 235
3 227 228 236
3 232 240 238
3 226 230 238
3 229 237 240
3 241 240 237
3 238 240 241
3 236 234 241
3 241 239 233
3 192 243 242
3 149 242 216
3 160 159 216
3 243 192 146
3 160 242 243
3 202 245 244
3 295 249 257
3 249 296 437
3 251 250 252
3 253 255 254
3 260 257 256
3 257 259 169
3 255 260 258
3 258 256 152
3 251 254 195
3 150 151 250
3 254 258 153
3 167 152 256
3 156 263 261
3 155 154 261
3 156 169 259
3 155 262 161
3 262 187 165
3 187 200 199
3 262 261 200
3 276 274 199
3 263 259 245
3 261 263 202
3 259 257 249
3 266 265 255
3 266 267 264
3 253 252 267
3 198 186 199
3 245 437 435
3 248 433 435
3 118 82 83
3 274 276 275
3 82 118 268
3 268 277 278
3 282 279 280
3 277 282 281
3 280 279 283
3 284 283 285
3 285 287 288
3 288 287 289
3 290 289 291
3 292 291 293
3 84 294 293
3 246 272 433
3 271 276 201
3 433 271 244
3 270 275 276
3 260 255 265
3 434 435 437
3 247 296 298
3 297 298 300
3 264 300 298
3 436 437 296
3 279 282 272
3 277 268 273
3 87 118 117
3 113 102 107
3 116 303 301
3 85 301 302
3 99 302 88
3 301 304 305
3 315 306 307
3 307 306 308
3 312 313 310
3 332 333 313
3 304 315 314
3 319 312 311
3 113 316 320
3 316 317 321
3 317 318 322
3 318 319 323
3 314 307 324
3 309 325 324
3 327 88 302
3 305 314 326
3 312 319 334
3 325 329 328
3 329 325 334
3 326 324 328
3 331 330 328
3 336 331 329
3 337 330 331
3 317 336 335
3 335 334 319
3 332 334 325
3 309 308 333
3 115 337 338
3 88 327 337
3 330 337 327
3 336 339 338
3 339 109 110
3 316 113 109
3 317 316 339
3 287 285 341
3 348 349 343
3 342 343 345
3 344 345 347
3 340 341 349
3 345 350 351
3 346 353 352
3 388 355 354
3 369 357 356
3 356 357 359
3 366 367 361
3 363 360 361
3 313 362 364
3 363 365 364
3 358 359 367
3 355 369 368
3 360 363 379
3 291 370 374
3 383 371 375
3 371 372 376
3 373 377 376
3 293 374 303
3 378 379 377
3 380 376 377
3 381 377 379
3 308 381 382
3 308 306 380
3 363 362 382
3 333 382 362
3 383 384 374
3 386 385 384
3 315 304 385
3 374 384 385
3 303 385 304
3 386 380 306
3 375 376 380
3 353 388 387
3 387 354 408
3 370 389 393
3 389 390 394
3 390 391 395
3 392 396 395
3 401 402 398
3 399 397 398
3 409 399 400
3 395 402 401
3 398 402 404
3 400 404 411
3 404 396 408
3 396 404 402
3 394 401 405
3 401 397 406
3 397 399 407
3 406 407 373
3 405 406 372
3 393 405 371
3 411 408 354
3 410 411 368
3 358 409 410
3 403 408 396
3 412 407 399
3 366 412 409
3 373 407 412
3 360 378 412
3 414 403 392
3 342 414 413
3 415 391 390
3 340 415 416
3 389 370 291
3 389 289 416
3 348 413 415
3 391 415 413
3 344 352 414
3 403 414 352
3 28 424 418
3 4 17 419
3 47 36 423
3 431 430 14
3 10 421 431
3 427 426 24
3 14 430 429
3 18 429 428
3 22 20 428
3 26 24 426
3 26 425 424
3 8 6 423
3 8 422 421
3 1 0 417
3 1 420 419
3 30 418 417
3 271 433 272
3 277 275 270
3 299 439 438
3 439 441 440
3 440 441 443
3 440 442 444
3 438 444 247
3 443 446 445
3 456 448 447
3 453 450 449
3 480 479 452
3 451 452 471
3 446 456 455
3 285 283 458
3 349 459 457
3 343 457 350
3 341 458 459
3 467 460 498
3 466 467 500
3 485 487 465
3 501 502 469
3 477 478 484
3 472 475 473
3 448 453 454
3 473 475 442
3 434 483 482
3 436 247 444
3 444 442 475
3 474 473 478
3 248 482 480
3 472 482 483
3 479 480 482
3 459 485 464
3 458 476 485
3 455 478 473
3 447 484 478
3 465 466 499
3 476 471 487
3 283 451 476
3 279 480 451
3 492 481 486
3 494 488 481
3 479 493 491
3 493 494 492
3 452 491 490
3 491 492 489
3 472 474 493
3 477 494 493
3 470 488 494
3 490 489 495
3 496 495 467
3 487 496 466
3 471 490 496
3 460 467 495
3 497 495 489
3 502 499 463
3 464 465 502
3 499 500 462
3 500 498 461
3 350 501 468
3 457 464 501
3 548 506 546
3 509 505 508
3 522 510 509
3 513 514 511
3 548 549 504
3 511 515 516
3 517 519 520
3 525 542 538
3 520 519 509
3 509 519 523
3 504 549 526
3 526 541 542
3 528 527 539
3 529 541 539
3 529 527 530
3 528 531 530
3 532 530 533
3 531 534 533
3 515 517 518
3 522 521 503
3 531 543 537
3 528 540 543
3 542 541 529
3 542 532 535
3 545 511 514
3 545 544 515
3 539 541 544
3 539 545 536
3 514 513 507
3 505 523 549
3 505 548 547
3 506 504 550
3 506 551 552
3 543 540 554
3 537 543 555
3 553 555 546
3 555 554 547
3 550 504 525
3 519 517 556
3 517 515 544
3 556 544 541
3 523 556 526
3 508 547 554
3 536 514 503
3 540 536 557
3 521 508 557
3 1017 1015 1826
3 559 1825 1827
3 534 563 562
3 535 533 562
3 563 565 564
3 561 562 564
3 565 568 567
3 566 564 567
3 570 1822 1823
3 1019 1820 1821
3 552 551 573
3 551 550 574
3 580 579 577
3 579 581 576
3 573 574 581
3 573 579 580
3 1022 1020 572
3 1021 1922 1923
3 585 1918 1924
3 1018 576 589
3 1017 1023 588
3 1023 1024 589
3 583 582 593
3 553 590 592
3 591 593 592
3 553 552 575
3 580 591 590
3 578 583 591
3 581 574 597
3 566 594 596
3 595 597 596
3 524 538 596
3 524 597 574
3 538 535 561
3 589 595 594
3 569 588 594
3 595 589 576
3 565 563 592
3 568 565 593
3 537 592 563
3 673 600 601
3 481 488 604
3 481 602 603
3 604 488 605
3 606 605 607
3 638 609 610
3 609 611 612
3 611 613 614
3 518 520 614
3 516 518 616
3 616 614 613
3 615 616 619
3 615 618 617
3 617 621 622
3 644 623 624
3 624 623 626
3 603 625 626
3 648 646 628
3 647 627 628
3 628 631 640
3 628 627 630
3 674 633 642
3 641 675 673
3 630 449 636
3 631 636 641
3 470 484 634
3 634 484 447
3 470 635 605
3 640 641 599
3 675 642 600
3 639 640 632
3 645 648 639
3 607 638 637
3 621 644 643
3 627 635 634
3 454 449 630
3 647 605 635
3 609 638 648
3 607 605 647
3 638 607 646
3 629 649 650
3 645 650 611
3 649 629 632
3 598 651 632
3 612 510 652
3 657 658 654
3 653 654 656
3 655 656 666
3 663 664 658
3 507 659 661
3 513 660 659
3 662 512 620
3 658 661 659
3 654 659 660
3 608 637 664
3 637 610 652
3 664 652 661
3 665 666 643
3 666 662 622
3 662 666 656
3 667 668 602
3 669 603 602
3 655 669 668
3 657 653 668
3 670 669 655
3 670 665 624
3 603 669 670
3 663 657 667
3 608 663 671
3 671 667 604
3 636 674 675
3 599 673 672
3 633 674 677
3 677 674 636
3 450 676 677
3 461 498 679
3 693 681 680
3 694 695 683
3 690 691 685
3 688 689 687
3 684 685 689
3 723 724 691
3 701 693 692
3 706 707 695
3 460 497 697
3 497 486 626
3 696 679 498
3 696 697 699
3 623 699 697
3 678 679 701
3 679 696 698
3 704 705 702
3 644 621 705
3 704 699 623
3 704 703 698
3 703 702 681
3 693 701 698
3 680 681 707
3 738 720 718
3 708 709 737
3 619 613 708
3 710 737 738
3 611 650 711
3 618 715 714
3 715 717 716
3 716 717 695
3 702 716 707
3 617 714 705
3 705 714 716
3 717 715 718
3 715 618 713
3 717 719 683
3 771 744 745
3 682 683 724
3 724 721 722
3 721 724 683
3 720 721 719
3 619 710 713
3 732 733 725
3 726 725 727
3 734 735 729
3 734 731 730
3 735 732 726
3 598 672 732
3 651 734 736
3 651 598 735
3 672 601 733
3 649 736 711
3 736 730 712
3 731 740 739
3 708 613 711
3 730 739 741
3 742 740 731
3 728 742 729
3 709 708 712
3 745 744 747
3 772 745 743
3 745 748 746
3 764 750 751
3 765 751 749
3 758 753 754
3 760 759 754
3 749 751 755
3 750 756 755
3 757 755 759
3 756 758 759
3 1008 1007 950
3 850 791 1008
3 753 758 767
3 770 756 750
3 959 1005 952
3 761 762 764
3 768 767 728
3 770 769 740
3 742 728 767
3 770 767 758
3 689 772 773
3 685 771 772
3 691 722 771
3 747 744 779
3 778 764 762
3 709 774 775
3 850 949 746
3 739 778 776
3 777 779 720
3 746 949 950
3 950 1007 1005
3 995 912 911
3 740 769 778
3 764 778 769
3 779 722 721
3 744 771 722
3 802 801 787
3 848 782 783
3 852 794 790
3 851 793 794
3 851 844 783
3 855 853 743
3 853 854 773
3 802 798 797
3 843 846 780
3 776 762 1003
3 789 799 802
3 785 801 802
3 801 785 803
3 787 801 805
3 789 806 807
3 807 803 785
3 797 798 809
3 787 804 809
3 807 812 810
3 807 806 811
3 972 808 816
3 972 817 815
3 873 820 818
3 873 872 819
3 820 823 821
3 820 819 822
3 823 826 824
3 822 825 826
3 869 838 829
3 837 828 829
3 828 808 809
3 918 871 814
3 834 835 872
3 898 880 788
3 827 829 809
3 847 845 781
3 795 875 854
3 782 831 833
3 813 793 783
3 871 870 841
3 741 776 774
3 686 687 846
3 846 854 875
3 795 853 855
3 760 844 851
3 757 851 852
3 737 775 777
3 749 852 849
3 752 848 844
3 687 773 854
3 845 847 857
3 856 857 859
3 858 859 861
3 871 842 784
3 866 784 842
3 841 862 863
3 861 864 865
3 792 786 784
3 918 919 870
3 862 865 864
3 834 873 867
3 812 811 835
3 825 874 830
3 824 826 830
3 812 834 836
3 830 838 869
3 864 861 839
3 874 837 838
3 866 864 832
3 887 876 868
3 924 878 877
3 937 804 805
3 896 882 881
3 839 861 884
3 883 884 886
3 882 885 886
3 786 887 888
3 923 879 878
3 941 821 824
3 940 938 869
3 938 939 840
3 927 928 891
3 926 927 890
3 935 936 805
3 941 942 818
3 930 931 894
3 930 893 892
3 943 939 891
3 929 892 891
3 926 889 879
3 937 879 889
3 880 896 895
3 896 880 933
3 876 898 897
3 880 898 934
3 900 901 946
3 899 900 945
3 944 942 894
3 899 894 931
3 877 901 934
3 935 803 810
3 859 857 903
3 847 902 903
3 902 905 906
3 904 903 906
3 905 902 875
3 780 875 902
3 859 904 884
3 884 904 907
3 905 908 909
3 906 909 910
3 907 910 881
3 908 905 795
3 908 911 912
3 909 912 913
3 775 763 747
3 881 910 913
3 774 1003 763
3 850 763 1003
3 748 747 763
3 916 914 790
3 922 921 916
3 922 917 813
3 917 916 794
3 888 922 920
3 888 868 921
3 833 831 919
3 833 918 920
3 915 921 868
3 791 1003 762
3 914 916 921
3 925 934 898
3 932 931 882
3 933 934 901
3 932 933 900
3 786 792 926
3 883 929 928
3 885 930 929
3 885 882 931
3 792 832 927
3 832 839 928
3 786 923 924
3 876 887 924
3 935 946 901
3 867 818 942
3 944 945 836
3 945 946 810
3 804 937 940
3 824 840 939
3 893 894 942
3 877 878 936
3 890 891 939
3 890 938 940
3 893 941 943
3 879 937 936
3 1164 1165 957
3 994 1002 960
3 822 819 955
3 825 822 954
3 987 981 967
3 1164 958 956
3 976 974 1170
3 1172 968 977
3 987 973 979
3 835 811 962
3 988 965 961
3 1169 1168 977
3 874 969 971
3 1172 1173 956
3 811 806 815
3 985 979 966
3 800 972 806
3 800 797 808
3 837 971 970
3 1171 1166 975
3 992 991 948
3 855 950 959
3 816 970 989
3 796 959 911
3 982 992 1006
3 970 816 808
3 825 953 969
3 990 983 1006
3 984 964 965
3 991 986 966
3 960 1002 1001
3 872 835 963
3 819 872 978
3 1165 1170 974
3 981 989 961
3 1166 1167 951
3 982 983 954
3 963 962 986
3 969 984 988
3 978 992 982
3 969 953 990
3 978 963 991
3 815 985 986
3 971 988 989
3 817 987 985
3 954 983 990
3 817 816 981
3 1006 992 947
3 967 961 996
3 964 984 1006
3 964 1001 997
3 979 1004 1000
3 948 993 994
3 966 1000 993
3 997 996 961
3 979 973 998
3 980 951 1167
3 967 999 998
3 1009 1010 1007
3 766 849 1010
3 1008 791 761
3 765 766 1009
3 912 995 1012
3 895 913 1012
3 788 1012 995
3 1013 952 1005
3 914 1013 1014
3 1007 1010 1014
3 790 1014 1010
3 952 1013 1011
3 1011 915 897
3 915 1011 1013
3 560 586 1023
3 1021 1022 1924
3 570 1018 1024
3 582 583 1022
3 582 1021 1016
3 583 578 1020
3 578 577 1019
3 577 576 1018
3 568 1016 1015
3 569 567 1015
3 1032 1026 1029
3 1031 1033 1029
3 1027 1030 1033
3 1028 1032 1033
3 1093 1051 1410
3 1399 1094 1092
3 1417 1049 1403
3 1416 1391 1400
3 1382 1386 1042
3 1382 1043 1041
3 1420 1418 1046
3 1418 1419 1045
3 1050 1046 1045
3 1421 1420 1044
3 1077 1397 1398
3 1397 1077 1068
3 1052 1037 1405
3 1056 1058 1057
3 1056 1055 1034
3 1057 1058 1061
3 1034 1060 1061
3 1062 1063 1026
3 1062 1032 1028
3 1063 1066 1064
3 1066 1067 1055
3 1422 1416 1068
3 1093 1094 1399
3 1067 1070 1034
3 1413 1083 1084
3 1410 1407 1092
3 1083 1079 1025
3 1079 1054 1073
3 1385 1077 1076
3 1383 1381 1076
3 1384 1385 1047
3 1092 1095 1398
3 1050 1048 1044
3 1379 1044 1048
3 1390 1394 1097
3 1095 1096 1396
3 1027 1031 1080
3 1079 1072 1074
3 1064 1055 1085
3 1408 1406 1096
3 1055 1056 1088
3 1083 1413 1406
3 1089 1029 1026
3 1084 1025 1029
3 1035 1089 1086
3 1082 1054 1079
3 1412 1078 1090
3 1087 1085 1407
3 1064 1087 1086
3 1409 1052 1086
3 1051 1093 1097
3 1085 1088 1408
3 1387 1393 1415
3 1406 1408 1088
3 1088 1056 1054
3 1082 1406 1088
3 1391 1416 1415
3 1402 1091 1090
3 1096 1091 1402
3 1049 1075 1396
3 1406 1412 1091
3 1075 1076 1398
3 1092 1407 1408
3 1069 1084 1089
3 1028 1030 1098
3 1027 1081 1098
3 1105 1101 1099
3 1106 1102 1099
3 975 951 1103
3 1103 1102 1106
3 951 980 1104
3 1104 1105 1102
3 1117 1110 1108
3 1117 1118 1109
3 1115 1116 1113
3 1115 1112 1111
3 1144 1115 1114
3 1144 1145 1116
3 1121 1122 1118
3 1121 1117 1119
3 1112 1121 1120
3 1112 1113 1122
3 1128 1124 1123
3 976 1127 1126
3 1127 1128 1125
3 1146 1147 1129
3 1142 1131 1132
3 1110 1135 1133
3 1110 1109 1134
3 1133 1135 1138
3 1134 1137 1138
3 1131 1139 1140
3 1134 1140 1139
3 1140 1134 1109
3 1132 1140 1118
3 1129 1142 1141
3 1141 1132 1122
3 1130 1141 1113
3 958 957 1145
3 958 1144 1143
3 957 974 1126
3 1125 1123 1147
3 1126 1125 1146
3 1146 1130 1116
3 1124 1128 1106
3 975 1107 1127
3 1128 1127 1107
3 1111 1148 1149
3 1120 1150 1148
3 977 968 1151
3 1155 1156 1153
3 1152 1151 1156
3 1162 1149 1157
3 1157 1149 1148
3 1136 1161 1160
3 1108 1133 1160
3 1160 1161 1163
3 1150 1163 1159
3 1119 1160 1150
3 1156 1162 1158
3 1114 1149 1162
3 968 956 1143
3 1151 1143 1162
3 1104 1152 1155
3 1152 1104 980
3 1105 1155 1154
3 1169 1167 1002
3 1001 1002 1167
3 999 996 1170
3 997 1001 1166
3 1004 1173 1172
3 993 1168 1169
3 1000 1172 1168
3 1171 1170 996
3 1004 998 1164
3 998 999 1165
3 1136 1138 1176
3 1137 1175 1176
3 1198 1179 1177
3 1198 1200 1178
3 1192 1193 1182
3 1193 1194 1181
3 1190 1185 1183
3 1190 1191 1184
3 1187 1099 1101
3 1188 1100 1099
3 1185 1184 1188
3 1185 1187 1186
3 1100 1188 1184
3 1154 1183 1186
3 1181 1191 1190
3 1180 1182 1190
3 1124 1184 1191
3 1153 1189 1183
3 1180 1189 1153
3 1179 1178 1194
3 1179 1193 1192
3 1192 1180 1158
3 1177 1192 1157
3 1175 1199 1197
3 1197 1199 1200
3 1174 1176 1197
3 1196 1197 1198
3 1196 1195 1163
3 1195 1177 1159
3 1174 1196 1161
3 1123 1191 1181
3 1147 1181 1194
3 1142 1178 1200
3 1131 1200 1199
3 1139 1199 1175
3 1129 1194 1178
3 1231 1228 1936
3 143 141 1203
3 1222 1201 1202
3 1213 194 139
3 191 129 1219
3 131 1205 1207
3 131 134 1206
3 1938 1939 1225
3 1940 1941 1229
3 1213 1212 1226
3 1215 1214 127
3 122 1217 1216
3 1218 1219 1233
3 197 1220 1221
3 135 1207 1220
3 137 1221 1212
3 1213 1203 141
3 1227 1211 1201
3 1230 1231 1937
3 1216 1215 188
3 1214 1219 129
3 1941 1209 1233
3 1939 1210 1226
3 134 191 1218
3 1221 1225 1226
3 1203 1213 1227
3 1211 1227 1226
3 1220 1224 1225
3 1203 1222 1223
3 1229 1233 1219
3 1215 1216 1231
3 1232 1233 1209
3 1230 1229 1214
3 1217 1228 1231
3 1207 1205 1234
3 1205 1206 1235
3 1236 1224 1220
3 1232 1235 1206
3 1208 1234 1235
3 1236 1234 1938
3 1283 1239 1238
3 1281 1284 1238
3 1255 1241 1240
3 1254 1261 1244
3 1260 1254 1243
3 1271 1270 1247
3 1271 1246 1245
3 1276 1289 1249
3 1276 1250 1248
3 1286 1251 1252
3 1287 1252 1239
3 1288 1248 1251
3 1255 1281 1237
3 1282 1240 1244
3 1270 1260 1242
3 1277 1245 1249
3 1240 1256 1258
3 1243 1244 1258
3 1251 1248 1262
3 1248 1250 1263
3 1245 1259 1265
3 1265 1263 1250
3 1252 1251 1264
3 1252 1266 1253
3 1267 1259 1247
3 1243 1257 1267
3 1268 1256 1240
3 1241 1237 1253
3 1256 1274 1272
3 1263 1279 1278
3 31 1287 1283
3 1265 1259 1269
3 1257 1258 1272
3 1267 1273 1269
3 3 1288 1286
3 1264 1262 1278
3 1268 1253 1275
3 16 1276 1288
3 1266 1280 1275
3 2 1286 1287
3 13 15 1254
3 7 9 1271
3 5 1289 1276
3 23 25 1281
3 7 1277 1289
3 11 13 1260
3 21 1282 1261
3 9 11 1270
3 19 1261 1254
3 23 1255 1282
3 25 27 1284
3 29 1283 1284
3 288 1291 1290
3 284 1293 1292
3 286 1290 1293
3 281 1295 1294
3 1301 1302 1299
3 83 1302 1301
3 1302 1297 1303
3 1297 1302 83
3 1303 1297 1298
3 1305 1307 1308
3 1290 1308 1307
3 1311 1310 269
3 1311 1312 1309
3 1314 1311 1294
3 1295 1292 1315
3 1293 1307 1315
3 1291 1324 1308
3 1313 1312 1311
3 1316 1313 1314
3 1307 1305 1316
3 281 280 1292
3 1301 1300 1317
3 1317 1319 1320
3 1320 1319 1321
3 1321 1323 1324
3 1323 1306 1308
3 1318 1320 1325
3 1320 1322 1326
3 1326 1322 1324
3 1326 1291 288
3 1325 1326 290
3 1327 1325 292
3 1301 1318 1327
3 1297 82 1328
3 269 1310 1328
3 1304 1298 1296
3 1329 1296 1330
3 1309 1312 1333
3 1310 1335 1336
3 1328 1336 1334
3 1339 1337 1342
3 1341 1342 1340
3 1317 1362 1345
3 1317 1300 1361
3 1299 1303 1347
3 1346 1361 1300
3 1306 1323 1350
3 1323 1321 1349
3 1319 1345 1349
3 1313 1316 1352
3 1351 1305 1306
3 1305 1351 1352
3 1348 1353 1369
3 1348 1350 1355
3 1350 1349 1364
3 1364 1349 1345
3 1355 1364 1365
3 1355 1354 1357
3 1365 1366 1358
3 1358 1366 1361
3 1344 1343 1359
3 1343 1344 1362
3 1360 1363 1362
3 1356 1359 1366
3 1343 1361 1366
3 1356 1364 1363
3 1304 1329 1368
3 1369 1353 1357
3 1330 1370 1357
3 1296 1367 1371
3 1296 1298 1334
3 1358 1373 1372
3 1347 1368 1373
3 1374 1372 1373
3 1374 1368 1329
3 1357 1372 1374
3 1351 1369 1370
3 1309 1332 1337
3 1309 1339 1335
3 1335 1339 1341
3 1336 1341 1338
3 1367 1334 1338
3 1340 1342 1376
3 1337 1332 1376
3 1332 1333 1375
3 1376 1375 1371
3 1352 1370 1375
3 1371 1375 1370
3 1025 1074 1080
3 1377 1073 1054
3 1075 1049 1379
3 1077 1385 1384
3 1048 1050 1381
3 1047 1385 1381
3 1419 1422 1384
3 1421 1379 1049
3 1038 1040 1382
3 1039 1386 1382
3 1394 1390 1392
3 1392 1391 1393
3 1394 1395 1389
3 1395 1393 1387
3 1390 1399 1401
3 1401 1400 1391
3 1387 1403 1404
3 1404 1402 1388
3 1097 1394 1388
3 1037 1051 1036
3 1035 1405 1053
3 1405 1036 1078
3 1052 1409 1411
3 1411 1410 1051
3 1069 1053 1414
3 1414 1053 1078
3 1036 1097 1090
3 1039 1040 1415
3 1038 1417 1415
3 1043 1042 1419
3 1043 1418 1420
3 1038 1380 1421
3 1042 1386 1422
3 1041 1420 1421
3 1039 1416 1422
3 1467 1442 1503
3 1492 1468 1466
3 1510 1440 1496
3 1509 1484 1493
3 1475 1479 1433
3 1475 1434 1432
3 1513 1511 1437
3 1512 1436 1437
3 1441 1437 1436
3 1514 1513 1435
3 1453 1490 1491
3 1490 1453 1449
3 1443 1428 1498
3 1515 1509 1449
3 1467 1468 1492
3 1506 1457 1458
3 1503 1500 1466
3 1457 1455 1423
3 1478 1453 1452
3 1474 1452 1451
3 1477 1478 1438
3 1466 1469 1491
3 1441 1439 1435
3 1472 1435 1439
3 1467 1483 1487
3 1491 1469 1470
3 1448 1446 1459
3 1469 1501 1499
3 1446 1447 1462
3 1457 1506 1499
3 1463 1425 1424
3 1458 1423 1425
3 1426 1463 1460
3 1456 1445 1455
3 1505 1454 1464
3 1461 1459 1500
3 1448 1461 1460
3 1502 1443 1460
3 1442 1467 1471
3 1459 1462 1501
3 1480 1486 1508
3 1499 1501 1462
3 1462 1447 1445
3 1445 1456 1499
3 1484 1509 1508
3 1495 1465 1464
3 1470 1465 1495
3 1440 1451 1489
3 1499 1505 1465
3 1452 1491 1489
3 1466 1500 1501
3 1450 1458 1463
3 1451 1440 1472
3 1453 1478 1477
3 1439 1441 1474
3 1438 1478 1474
3 1512 1515 1477
3 1514 1472 1440
3 1429 1431 1475
3 1430 1479 1475
3 1483 1485 1488
3 1485 1484 1486
3 1481 1487 1488
3 1482 1488 1486
3 1483 1492 1494
3 1494 1493 1484
3 1480 1496 1497
3 1497 1495 1481
3 1471 1487 1481
3 1428 1442 1427
3 1426 1498 1444
3 1498 1427 1454
3 1443 1502 1504
3 1504 1503 1442
3 1450 1444 1507
3 1444 1454 1505
3 1427 1471 1464
3 1430 1431 1508
3 1429 1510 1508
3 1434 1433 1512
3 1434 1511 1513
3 1429 1473 1514
3 1433 1479 1515
3 1432 1513 1514
3 1430 1509 1515
3 1560 1535 1596
3 1561 1559 1583
3 1603 1533 1589
3 1602 1577 1586
3 1568 1572 1526
3 1568 1527 1525
3 1606 1604 1530
3 1605 1529 1530
3 1534 1530 1529
3 1607 1606 1528
3 1546 1583 1584
3 1583 1546 1542
3 1536 1521 1591
3 1608 1602 1542
3 1560 1561 1585
3 1599 1550 1551
3 1596 1593 1559
3 1550 1548 1516
3 1571 1546 1545
3 1567 1545 1544
3 1570 1571 1531
3 1559 1562 1584
3 1534 1532 1528
3 1565 1528 1532
3 1560 1576 1580
3 1584 1562 1563
3 1541 1539 1552
3 1562 1594 1592
3 1539 1540 1555
3 1549 1550 1599
3 1556 1518 1517
3 1551 1516 1518
3 1519 1556 1553
3 1538 1548 1550
3 1558 1598 1547
3 1554 1552 1593
3 1541 1554 1553
3 1554 1595 1536
3 1535 1560 1564
3 1552 1555 1594
3 1573 1579 1601
3 1592 1594 1555
3 1555 1540 1538
3 1538 1549 1592
3 1577 1602 1601
3 1588 1558 1557
3 1558 1588 1582
3 1533 1544 1582
3 1592 1598 1558
3 1544 1545 1584
3 1559 1593 1594
3 1543 1551 1556
3 1544 1533 1565
3 1546 1571 1570
3 1532 1534 1567
3 1531 1571 1567
3 1605 1608 1570
3 1607 1565 1533
3 1522 1524 1568
3 1523 1572 1568
3 1576 1578 1581
3 1578 1577 1579
3 1580 1581 1575
3 1575 1581 1579
3 1576 1585 1587
3 1587 1586 1577
3 1573 1589 1590
3 1590 1588 1574
3 1564 1580 1574
3 1521 1535 1520
3 1519 1591 1537
3 1591 1520 1547
3 1595 1597 1521
3 1597 1596 1535
3 1543 1537 1600
3 1600 1537 1547
3 1520 1564 1557
3 1523 1524 1601
3 1522 1603 1601
3 1527 1526 1605
3 1527 1604 1606
3 1522 1566 1607
3 1526 1572 1608
3 1525 1606 1607
3 1523 1602 1608
3 1653 1628 1689
3 1654 1652 1676
3 1696 1626 1682
3 1695 1670 1679
3 1661 1665 1619
3 1661 1620 1618
3 1699 1697 1623
3 1698 1622 1623
3 1627 1623 1622
3 1700 1699 1621
3 1639 1676 1677
3 1676 1639 1635
3 1629 1614 1684
3 1701 1695 1635
3 1653 1654 1678
3 1692 1643 1644
3 1689 1686 1652
3 1643 1641 1609
3 1664 1639 1638
3 1662 1660 1638
3 1663 1664 1624
3 1652 1655 1677
3 1627 1625 1621
3 1658 1621 1625
3 1653 1669 1673
3 1677 1655 1656
3 1071 1632 1645
3 1687 1685 1656
3 1645 1632 1633
3 1643 1692 1685
3 1646 1649 1611
3 1644 1609 1611
3 1612 1649 1646
3 1642 1631 1641
3 1691 1640 1650
3 1647 1645 1686
3 1071 1647 1646
3 1688 1629 1646
3 1628 1653 1657
3 1645 1648 1687
3 1666 1672 1694
3 1685 1687 1648
3 1648 1633 1631
3 1642 1685 1648
3 1670 1695 1694
3 1681 1651 1650
3 1656 1651 1681
3 1626 1637 1675
3 1685 1691 1651
3 1637 1638 1677
3 1652 1686 1687
3 1636 1644 1649
3 1637 1626 1658
3 1635 1639 1664
3 1625 1627 1660
3 1624 1664 1660
3 1698 1701 1663
3 1700 1658 1626
3 1615 1617 1661
3 1616 1665 1661
3 1669 1671 1674
3 1671 1670 1672
3 1667 1673 1674
3 1668 1674 1672
3 1678 1680 1671
3 1680 1679 1670
3 1666 1682 1683
3 1668 1683 1681
3 1673 1667 1650
3 1614 1628 1613
3 1612 1684 1630
3 1684 1613 1640
3 1688 1690 1614
3 1690 1689 1628
3 1636 1630 1693
3 1693 1630 1640
3 1657 1650 1640
3 1616 1617 1694
3 1615 1696 1694
3 1620 1619 1698
3 1620 1697 1699
3 1615 1659 1700
3 1619 1665 1701
3 1618 1699 1700
3 1616 1695 1701
3 1916 1870 1872
3 1747 1723 1721
3 1758 1713 1751
3 1757 1739 1748
3 1730 1734 1706
3 1730 1707 1705
3 1761 1759 1710
3 1759 1760 1709
3 1714 1710 1709
3 1762 1761 1708
3 1718 1745 1746
3 1718 1715 1748
3 1763 1757 1715
3 1738 1722 1723
3 1755 1904 1905
3 1733 1718 1717
3 1729 1717 1716
3 1732 1733 1711
3 1745 1721 1724
3 1714 1712 1708
3 1727 1708 1712
3 1722 1738 1742
3 1746 1724 1725
3 1915 1720 1725
3 1901 1872 1888
3 1726 1719 1900
3 1735 1741 1756
3 1739 1757 1756
3 1720 1719 1736
3 1725 1720 1750
3 1716 1744 1751
3 1916 1903 1854
3 1716 1717 1746
3 1912 1884 1855
3 1716 1713 1727
3 1715 1718 1733
3 1712 1714 1729
3 1711 1733 1729
3 1760 1763 1732
3 1762 1727 1713
3 1702 1704 1730
3 1703 1734 1730
3 1738 1740 1743
3 1743 1740 1739
3 1736 1742 1743
3 1737 1743 1741
3 1747 1749 1740
3 1749 1748 1739
3 1735 1751 1752
3 1737 1752 1750
3 1726 1742 1736
3 1894 1810 1811
3 1703 1704 1756
3 1702 1758 1756
3 1707 1706 1760
3 1707 1759 1761
3 1702 1728 1762
3 1706 1734 1763
3 1705 1761 1762
3 1703 1757 1763
3 1773 1774 1766
3 1775 1765 1766
3 1770 1771 1769
3 1772 1059 1769
3 1447 1446 1772
3 1445 1447 1771
3 1632 1775 1774
3 1633 1774 1773
3 1538 1540 1778
3 1539 1777 1778
3 1778 1780 1779
3 1777 1767 1780
3 1793 1797 1781
3 1793 1783 1782
3 1799 1800 1784
3 1799 1786 1785
3 1803 1787 1789
3 1802 1789 1788
3 1784 1790 1792
3 1786 1792 1081
3 1782 1783 1796
3 1789 1794 1790
3 1783 1781 1065
3 1765 1634 1795
3 1611 1793 1798
3 1611 1609 1797
3 1425 1799 1801
3 1423 1800 1799
3 1518 1802 1804
3 1516 1803 1802
3 1805 1804 1788
3 1805 1800 1423
3 1074 1424 1801
3 1080 1801 1785
3 1072 1448 1424
3 1073 1446 1448
3 1772 1446 1073
3 1631 1773 1070
3 1067 1066 1641
3 1063 1609 1641
3 1062 1797 1609
3 1781 1797 1062
3 1804 1805 1807
3 1805 1790 1784
3 1807 1808 1541
3 1808 1806 1539
3 1777 1539 1806
3 1770 1809 1806
3 1445 1806 1808
3 1455 1808 1807
3 1764 1775 1632
3 1765 1775 1764
3 1798 1634 1764
3 1634 1798 1782
3 1776 1779 1378
3 1768 1378 1803
3 1548 1538 1776
3 1378 1791 1787
3 1884 1912 1897
3 1898 1722 1726
3 1810 1813 1814
3 1810 1812 1815
3 1813 1816 1817
3 1813 1815 1818
3 1821 1820 571
3 1019 1018 1823
3 1820 1823 1822
3 1020 1821 1819
3 1819 571 1816
3 571 1822 1817
3 1016 1827 1826
3 1826 1827 1825
3 1828 1826 558
3 560 1017 1828
3 1920 1918 585
3 1919 1921 584
3 1886 1885 1098
3 1886 1887 1836
3 1791 1754 1910
3 1098 1885 1892
3 1885 1886 1833
3 1832 1887 1792
3 572 1838 1829
3 572 1819 1818
3 1824 558 1839
3 1825 1841 1839
3 559 1837 1841
3 1835 1755 1754
3 560 1824 1840
3 1844 1817 1822
3 570 587 1843
3 1880 1878 1059
3 1878 1879 1769
3 1858 1859 1852
3 1876 1877 1853
3 1024 1023 586
3 1858 1849 1846
3 1875 1876 1850
3 1721 1906 1909
3 1909 1903 1725
3 1848 1858 1857
3 1848 1851 1859
3 1861 1857 1846
3 1861 1862 1847
3 1855 1862 1861
3 1856 1861 1860
3 1864 1795 1865
3 1795 1782 1863
3 1865 1863 1867
3 1866 1865 1868
3 1870 1869 1868
3 1867 1888 1872
3 1903 1909 1856
3 1915 1900 1719
3 1906 1855 1856
3 1869 1874 1873
3 1866 1873 1871
3 1864 1871 1766
3 1870 1854 1874
3 1849 1876 1875
3 1849 1852 1877
3 1850 1853 1879
3 1845 1850 1878
3 1881 1871 1873
3 1883 1875 1845
3 1874 1883 1882
3 1880 1881 1882
3 1875 1883 1860
3 1883 1874 1854
3 1766 1871 1881
3 1060 1881 1880
3 1722 1898 1913
3 1913 1906 1721
3 1794 1753 1832
3 1867 1889 1890
3 1891 1890 1889
3 1891 1892 1885
3 1812 1888 1890
3 1855 1884 1893
3 1811 1814 1893
3 1817 1844 1893
3 1847 1862 1844
3 1889 1867 1863
3 1796 1065 1892
3 1895 1900 1902
3 1896 1902 1901
3 1791 1378 1779
3 1792 1887 1886
3 1895 1896 1899
3 1896 1894 1897
3 1898 1899 1914
3 1899 1897 1912
3 1900 1915 1917
3 1902 1917 1916
3 1894 1901 1812
3 1754 1905 1831
3 1911 1907 1905
3 1908 1831 1905
3 1839 1841 1908
3 1840 1839 1907
3 1753 1794 1787
3 1923 1922 584
3 1921 1919 1837
3 1922 1924 1918
3 1918 1920 1834
3 559 1016 1923
3 1832 1753 1925
3 1910 1831 1925
3 1926 1836 1887
3 1919 1836 1926
3 1833 1834 1920
3 1829 1891 1830
3 1838 1890 1891
3 1836 1919 1834
3 1815 1890 1838
3 1843 1935 1848
3 1851 1935 1842
3 1926 1925 1927
3 1841 1837 1927
3 1908 1927 1925
3 1928 1911 1904
3 1928 1929 1859
3 1932 1933 1930
3 1780 1767 1933
3 1877 1930 1933
3 1835 1932 1931
3 1767 1769 1879
3 1780 1932 1835
3 1931 1930 1934
3 1852 1934 1930
3 1859 1929 1934
3 1755 1931 1929
3 1911 1928 1842
3 1842 1935 586
3 1935 1843 587
3 1938 1234 1948
3 1201 1942 1943
3 1941 1940 1953
3 1939 1952 1946
3 1938 1951 1952
3 1940 1937 1950
3 1210 1946 1947
3 1209 1941 1954
3 1208 1209 1945
3 1937 1936 1949
3 1211 1947 1942
3 1208 1944 1948
3 1945 1954 1967
3 1946 1959 1960
3 1951 1964 1965
3 1944 1945 1958
3 1948 1944 1957
3 1954 1953 1966
3 1948 1961 1964
3 1942 1955 1956
3 1947 1960 1955
3 1952 1965 1959
3 1950 1949 1962
3 1953 1950 1963
3 1955 1968 1969
3 1960 1973 1968
3 1965 1978 1972
3 1963 1962 1975
3 1966 1963 1976
3 1958 1967 1980
3 1959 1972 1973
3 1964 1977 1978
3 1957 1958 1971
3 1961 1957 1970
3 1967 1966 1979
3 1964 1961 1974
3 1974 1970 1983
3 1980 1979 1992
3 1974 1987 1990
3 1968 1981 1982
3 1973 1986 1981
3 1978 1991 1985
3 1976 1975 1988
3 1979 1976 1989
3 1971 1980 1993
3 1972 1985 1986
3 1977 1990 1991
3 1970 1971 1984
3 1992 1989 2001
3 1984 1993 2005
3 1985 1998 1999
3 1990 2002 2003
3 1983 1984 1997
3 1993 1992 2004
3 1981 1994 1995
3 1986 1999 1994
3 1991 2003 1998
3 1989 1988 2000
3 2001 2000 2012
3 1996 1997 2009
3 1997 2005 2017
3 2002 2014 2015
3 2003 2015 2010
3 1994 2006 2007
3 2005 2004 2016
3 1998 2010 2011
3 2004 2001 2013
3 1999 2011 2006
3 2017 2016 2028
3 2010 2022 2023
3 2016 2013 2025
3 2011 2023 2018
3 2013 2012 2024
3 2008 2009 2021
3 2009 2017 2029
3 2015 2014 2026
3 2015 2027 2022
3 2006 2018 2019
3 2030 2019 2018
3 2028 2025 2031
3 2032 2023 2022
3 2033 2022 2027
3 2034 2035 2020
3 2027 2026 2035
3 2021 2029 2033
3 2029 2028 2032
3 2023 2032 2031
3 2024 2030 2031
3 2014 2002 2037
3 2008 2036 2037
3 2026 2014 2036
3 2020 2035 2036
3 1987 1983 1996
3 1987 2037 2002
3 2188 2040 2041
3 2190 2042 2055
3 2190 2191 2044
3 2192 2046 2044
3 2192 2193 2048
3 2193 2194 2050
3 2195 2052 2050
3 2196 2055 2039
3 2197 2056 2052
3 2198 2058 2056
3 2198 2199 2060
3 2200 2062 2060
3 2201 2064 2062
3 2201 2202 2066
3 2202 2203 2068
3 2188 2038 2068
3 2070 2073 2409
3 2072 2071 2411
3 2071 2070 2408
3 2076 2075 2413
3 2413 2075 2074
3 2079 2078 2416
3 2416 2078 2077
3 2083 2082 2419
3 2082 2081 2420
3 2081 2080 2421
3 2418 2417 2077
3 2084 2076 2412
3 2421 2080 2084
3 2423 2042 2044
3 2085 2072 2410
3 2415 2409 2073
3 2088 2087 2078
3 2087 2086 2077
3 2091 2090 2087
3 2090 2089 2086
3 2091 56 55
3 2090 55 54
3 2092 58 68
3 2093 60 207
3 2093 2094 62
3 2095 64 62
3 2096 66 58
3 2097 68 56
3 2098 2101 2073
3 2072 2100 2099
3 2071 2099 2098
3 2101 2088 2079
3 2105 2104 2082
3 2082 2104 2103
3 2081 2103 2102
3 2083 2077 2086
3 2109 2108 2076
3 2108 2107 2075
3 2075 2107 2106
3 2084 2080 2102
3 2074 2106 2110
3 2110 2100 2072
3 2115 2114 2141
3 2113 2112 2142
3 2128 2115 2116
3 2114 2115 2128
3 2143 2280 2285
3 90 2118 2089
3 2089 2118 2105
3 2097 2121 2119
3 2092 2119 2120
3 2091 2088 2121
3 2100 2124 2123
3 2110 2126 2124
3 2098 2122 2125
3 2099 2123 2122
3 2101 2125 2121
3 2127 2128 2107
3 2107 2128 2129
3 2106 2129 2126
3 2131 2130 2105
3 104 2131 2118
3 2132 2135 2109
3 2134 2133 2103
3 2133 2132 2102
3 2104 2105 2130
3 2130 2131 2138
3 2137 2140 2132
3 114 2139 2138
3 2140 2117 2135
3 2136 2137 2133
3 2135 2127 2108
3 2116 2285 2286
3 104 112 2138
3 2231 2223 2228
3 2145 122 126
3 2221 2147 125
3 2147 2146 126
3 2180 2149 2148
3 2149 2151 2150
3 2154 2153 2152
3 2208 2154 2155
3 2153 2157 2156
3 2159 2158 2215
3 2161 2160 2158
3 2163 2162 2212
3 144 143 2162
3 2164 2166 2157
3 2165 2164 2153
3 2149 2167 2168
3 2210 2165 2154
3 2207 2167 2149
3 2163 2169 151
3 2159 2170 2171
3 2157 2166 2185
3 2211 2213 2169
3 2172 2174 2166
3 2173 2172 2164
3 2175 2207 2147
3 2207 2175 2176
3 2181 2182 2178
3 2168 2210 2208
3 2180 2206 2145
3 2182 2183 2179
3 2123 2124 2183
3 2123 2182 2181
3 2184 2125 2122
3 2186 2184 2181
3 2120 2119 2184
3 2119 2121 2125
3 2146 2147 2207
3 2187 2185 2166
3 2188 2203 2069
3 2067 2069 2203
3 2065 2067 2202
3 2063 2065 2201
3 2063 2200 2199
3 2059 2061 2199
3 2059 2198 2197
3 2057 2197 2195
3 2041 2054 2196
3 2053 2195 2194
3 2049 2051 2194
3 2047 2049 2193
3 2047 2192 2191
3 2045 2191 2190
3 2043 2190 2196
3 2038 2188 2189
3 2124 2204 2205
3 2151 2208 2209
3 2161 2171 2213
3 2211 2212 2160
3 2159 2214 2185
3 2214 2215 2156
3 2126 2216 2204
3 2216 2126 2129
3 2219 2220 2218
3 2144 2221 204
3 2228 2223 2222
3 2224 207 66
3 2224 2227 2225
3 2093 2225 2226
3 2227 2230 2228
3 2225 2228 2229
3 2096 2120 2227
3 2095 2144 120
3 2177 2232 2223
3 2176 2222 2223
3 2186 2177 2231
3 2233 2235 2144
3 2236 2234 2175
3 2144 2235 2236
3 2175 2234 2238
3 2229 2240 2237
3 2226 2237 2239
3 2239 2233 2095
3 2238 2240 2229
3 2246 2248 2240
3 2234 2242 2246
3 2244 2242 2234
3 2237 2245 2247
3 2248 2245 2237
3 2239 2247 2241
3 2233 2241 2243
3 2235 2243 2244
3 2252 2250 2242
3 2247 2255 2249
3 2245 2253 2255
3 2241 2249 2251
3 2243 2251 2252
3 2254 2256 2248
3 2242 2250 2254
3 2256 2253 2245
3 2257 2255 2253
3 2257 2256 2254
3 2252 2251 2257
3 2249 2255 2257
3 2258 2259 2210
3 2232 2258 2168
3 2178 2258 2232
3 2165 2210 2259
3 2178 2179 2259
3 2260 2261 2220
3 2307 2274 2271
3 2428 2308 2265
3 2266 2267 252
3 2268 2269 2267
3 2270 2271 2274
3 2187 2273 2271
3 2272 2274 2269
3 2170 2270 2272
3 2213 2268 2266
3 2169 2266 250
3 2171 2272 2268
3 2270 2170 2185
3 2275 2277 2174
3 2173 2276 2275
3 2174 2277 2273
3 2179 2276 2173
3 2183 2205 2276
3 2204 2217 2218
3 2218 2275 2276
3 2217 2286 2288
3 2261 2273 2277
3 2220 2277 2275
3 2265 2271 2273
3 2269 2278 2279
3 2279 2278 264
3 2267 2279 267
3 2216 2286 2217
3 2260 2426 2428
3 2425 2426 2424
3 2112 2111 2143
3 2287 2288 2286
3 2111 2281 2280
3 2290 2289 2280
3 2292 2291 2294
3 2293 2294 2289
3 2292 2296 2295
3 2296 2298 2297
3 2298 2300 2299
3 2300 2302 2301
3 2302 2304 2303
3 2304 2306 2305
3 2113 2141 2305
3 2264 2424 2284
3 2219 2288 2283
3 2426 2260 2283
3 2288 2287 2282
3 2278 2269 2274
3 2427 2428 2426
3 2309 2310 2308
3 2309 299 300
3 2278 2310 300
3 2427 2263 2308
3 2291 2262 2284
3 2287 2285 2280
3 2142 2143 2116
3 2134 2130 2139
3 2311 2313 2141
3 2312 2311 2114
3 2117 2312 2127
3 2315 2314 2311
3 2317 2316 2323
3 2317 2319 2318
3 2320 311 310
3 2336 2320 2321
3 2322 2323 2314
3 2327 323 311
3 114 320 2324
3 2324 320 321
3 2325 321 322
3 2326 322 323
3 2322 2330 2328
3 2328 2329 2319
3 2331 2315 2312
3 2315 2331 2330
3 2338 2327 2320
3 2332 2333 2329
3 2338 2329 2333
3 2330 2334 2332
3 2335 2333 2332
3 2340 2339 2333
3 2335 2334 2341
3 2325 2326 2339
3 2327 2338 2339
3 2329 2338 2336
3 2319 2336 2337
3 2342 2341 2140
3 2341 2331 2117
3 2331 2341 2334
3 2340 2335 2342
3 2343 2342 2137
3 2324 2343 2136
3 2325 2340 2343
3 2299 2344 2345
3 2346 2347 2351
3 2348 2349 2347
3 346 347 2349
3 2344 2350 2351
3 347 351 2352
3 2348 2353 353
3 2354 355 388
3 2355 357 369
3 2355 2356 359
3 2360 2357 361
3 2359 365 361
3 2321 310 364
3 2358 364 365
3 2356 2360 367
3 2361 369 355
3 2371 2359 2357
3 2303 2305 2366
3 2376 2367 2363
3 2363 2367 2368
3 2368 2369 2365
3 2305 2141 2313
3 2369 2371 2370
3 2369 2368 2372
3 2371 2369 2373
3 2374 2373 2318
3 2318 2373 2372
3 2359 2371 2374
3 2337 2321 2358
3 2366 2376 2375
3 2378 2367 2376
3 2323 2378 2377
3 2366 2313 2377
3 2313 2311 2314
3 2316 2372 2378
3 2367 2378 2372
3 2353 2379 388
3 2399 2354 2379
3 2362 2375 2384
3 2380 2384 2385
3 2381 2385 2386
3 2386 2387 2383
3 2392 2388 2389
3 2389 2388 2390
3 2391 2390 2400
3 2392 2393 2386
3 2389 2391 2395
3 2402 2395 2391
3 2399 2387 2395
3 2387 2386 2393
3 2396 2392 2385
3 2397 2388 2392
3 2398 2390 2388
3 2365 2398 2397
3 2364 2397 2396
3 2375 2363 2396
3 2354 2399 2402
3 2361 2402 2401
3 2401 2400 2356
3 2387 2399 2394
3 2390 2398 2403
3 2400 2403 2360
3 2365 2370 2403
3 2403 2370 2357
3 2405 2404 2383
3 2346 2350 2404
3 2406 2407 2381
3 2344 2299 2407
3 2303 2362 2380
3 2380 2381 2407
3 2406 2404 2350
3 2382 2383 2404
3 2405 2353 2348
3 2353 2405 2394
3 2066 2068 2409
3 2042 2423 2410
3 2085 2423 2414
3 2052 2421 2422
3 2422 2412 2048
3 2062 2417 2418
3 2420 2421 2052
3 2419 2420 2056
3 2060 2418 2419
3 2064 2416 2417
3 2415 2416 2064
3 2046 2413 2414
3 2412 2413 2046
3 2039 2411 2408
3 2410 2411 2039
3 2408 2409 2068
3 2283 2282 2284
3 2289 2294 2282
3 2309 2429 439
3 2430 441 439
3 2430 2431 443
3 2432 2431 2430
3 2263 2432 2429
3 2433 446 443
3 2439 2434 448
3 2435 450 453
3 2436 2437 2457
3 2454 2449 2437
3 2433 2439 456
3 2441 2295 2297
3 2347 2440 2442
3 2349 2352 2440
3 2442 2441 2345
3 2476 2443 2447
3 2477 2478 2447
3 2444 2445 2465
3 468 469 2480
3 2455 2448 2462
3 2450 2452 2451
3 448 2434 2438
3 2431 2453 2451
3 2460 2461 2425
3 2427 2461 2432
3 2432 2461 2453
3 2452 2455 2456
3 2264 2262 2458
3 2450 2453 2461
3 2460 2458 2457
3 2440 2444 2463
3 2442 2463 2454
3 2439 2433 2451
3 2434 2439 2456
3 2477 2446 2445
3 2454 2463 2465
3 2441 2454 2436
3 2291 2295 2436
3 2464 2459 2470
3 2459 2466 2472
3 2437 2469 2471
3 2470 2472 2471
3 2449 2468 2469
3 2467 2470 2469
3 2457 2471 2452
3 2455 2452 2471
3 2448 2455 2472
3 2468 2474 2473
3 2447 2473 2474
3 2445 2446 2474
3 2465 2474 2468
3 2443 2475 2473
3 2467 2473 2475
3 469 463 2477
3 2479 2480 2445
3 463 462 2478
3 461 2476 2478
3 351 468 2479
3 2352 2479 2444
3 2524 2484 2526
3 2486 2483 2487
3 2487 2488 2500
3 2491 2490 2489
3 2526 2484 2482
3 2490 2494 2493
3 2498 2497 2495
3 2516 2520 2503
3 2487 2497 2498
3 2483 2501 2497
3 2482 2503 2504
3 2520 2519 2504
3 2506 2518 2517
3 2517 2519 2507
3 2507 2510 2508
3 2508 2509 2506
3 2510 2513 2511
3 2511 2512 2509
3 2496 2495 2493
3 2485 2481 2499
3 2512 2515 2521
3 2521 2518 2506
3 2520 2510 2507
3 2513 2510 2520
3 2492 2489 2523
3 2523 2489 2493
3 2517 2523 2522
3 2514 2523 2517
3 2485 2491 2492
3 2483 2526 2527
3 2525 2526 2483
3 2484 2529 2528
3 2530 2529 2484
3 2521 2533 2532
3 2515 2531 2533
3 2531 2530 2524
3 2533 2524 2525
3 2528 2502 2503
3 2534 2495 2497
3 2522 2493 2495
3 2519 2522 2534
3 2527 2504 2534
3 2535 2532 2525
3 2514 2535 2481
3 2518 2532 2535
3 2481 2535 2486
3 2957 3763 3761
3 3762 3760 2537
3 2540 2541 2512
3 2513 2539 2540
3 2542 2543 2541
3 2539 2544 2542
3 2545 2546 2543
3 2544 2547 2545
3 3758 3757 2548
3 3756 3755 2959
3 2530 2553 2551
3 2529 2551 2552
3 2558 2556 2555
3 2557 2555 2554
3 2551 2557 2559
3 2558 2557 2551
3 2962 2563 2550
3 3858 3857 2961
3 3859 3853 2563
3 2567 2554 2958
3 2957 2547 2566
3 2566 2567 2964
3 2571 2560 2561
3 2531 2515 2570
3 2568 2570 2571
3 2531 2568 2553
3 2553 2568 2569
3 2556 2558 2569
3 2573 2575 2552
3 2544 2539 2574
3 2572 2574 2575
3 2502 2575 2574
3 2528 2552 2575
3 2516 2574 2539
3 2567 2566 2572
3 2572 2566 2547
3 2554 2567 2573
3 2543 2571 2570
3 2546 2560 2571
3 2515 2512 2541
3 2647 2646 601
3 2459 2578 2580
3 2579 2578 2459
3 2580 2582 2581
3 2582 2584 2583
3 2612 2586 2585
3 2586 2588 2587
3 2588 2590 2589
3 2496 2592 2590
3 2494 2591 2592
3 2592 2595 2589
3 2594 2595 2592
3 2591 2596 2593
3 2596 2598 2597
3 2617 2600 2599
3 2602 2599 2600
3 2579 2464 2602
3 2622 2614 2604
3 2604 2603 2621
3 2614 2615 2607
3 2604 2607 2606
3 642 633 2648
3 2647 2649 2616
3 2611 2435 2606
3 2616 2611 2607
3 2610 2609 2462
3 2434 2462 2609
3 2466 2581 2610
3 2577 2616 2615
3 600 642 2649
3 2605 2608 2615
3 2619 2605 2614
3 2584 2612 2613
3 2598 2617 2618
3 2603 2606 2609
3 2438 2609 2606
3 2610 2581 2621
3 2585 2619 2622
3 2583 2620 2621
3 2613 2622 2620
3 2624 2623 2605
3 2585 2587 2624
3 2608 2605 2623
3 2576 2577 2608
3 2626 2488 2588
3 2631 2627 2628
3 2630 2628 2627
3 2640 2630 2629
3 2631 2632 2638
3 2500 2635 2633
3 2485 2633 2634
3 2596 2490 2636
3 2632 2628 2633
3 2628 2630 2634
3 2637 2638 2612
3 2638 2626 2586
3 2635 2626 2638
3 2617 2640 2639
3 2598 2636 2640
3 2630 2640 2636
3 2641 2580 2578
3 2578 2579 2643
3 2642 2643 2629
3 2631 2641 2642
3 2644 2639 2629
3 2600 2639 2644
3 2644 2643 2579
3 2637 2645 2641
3 2645 2637 2584
3 2580 2641 2645
3 2649 2648 2611
3 2577 2576 2646
3 633 676 2650
3 2611 2648 2650
3 450 2435 2650
3 461 678 2651
3 680 2652 2658
3 694 682 2653
3 690 684 2654
3 686 2655 2656
3 684 688 2656
3 723 690 2657
3 692 2658 2664
3 706 694 2659
3 2443 2660 2661
3 2475 2661 2602
3 2476 2651 2660
3 2660 2662 2663
3 2599 2602 2661
3 678 700 2664
3 2651 2664 2662
3 2666 2665 2668
3 2667 2668 2597
3 2618 2599 2663
3 2662 2666 2667
3 2652 2665 2666
3 2658 2666 2662
3 680 706 2669
3 2696 2675 2680
3 2695 2671 2670
3 2672 2670 2589
3 2696 2695 2672
3 2673 2624 2587
3 2676 2677 2594
3 2676 2678 2679
3 2659 2679 2678
3 2665 2652 2669
3 2593 2597 2668
3 2668 2665 2678
3 2679 2681 2680
3 2675 2594 2677
3 2653 2681 2679
3 2703 2702 2725
3 682 723 2685
3 2684 2683 2685
3 2653 2685 2683
3 2681 2683 2682
3 2675 2672 2595
3 2691 2686 725
3 2686 2687 727
3 2692 2690 2688
3 2689 2690 2692
3 2693 2688 2686
3 2576 2693 2691
3 2694 2692 2625
3 2625 2692 2693
3 2646 2691 733
3 2623 2624 2673
3 2674 2689 2694
3 2697 2698 2690
3 2670 2674 2673
3 2699 2697 2689
3 2700 2688 2690
3 2687 2686 2688
3 2671 2699 2674
3 2703 2706 2705
3 2701 2703 2726
3 2701 2704 2706
3 2720 2709 2708
3 2721 2707 2709
3 2714 754 753
3 2715 752 754
3 2707 2712 2710
3 2709 2710 2711
3 2712 2715 2714
3 2710 2714 2713
3 2890 2947 2948
3 2889 2948 2743
3 768 2722 2713
3 2724 2723 2708
3 2899 2852 2892
3 2716 2720 2719
3 2687 2722 768
3 2700 2698 2723
3 2724 2722 2687
3 2711 2713 2722
3 2727 2726 2656
3 2726 2725 2654
3 2725 2684 2657
3 2733 2702 2705
3 2732 2730 2717
3 2729 2728 2671
3 2704 2889 2797
3 2697 2699 2730
3 2696 2682 2733
3 2802 2890 2889
3 2899 2945 2947
3 2935 2892 2852
3 2732 2723 2698
3 2719 2708 2723
3 2683 2684 2733
3 2702 2733 2684
3 2754 2750 2739
3 2735 782 848
3 2799 2796 2742
3 2798 2799 2746
3 2798 2745 2735
3 2704 2701 2800
3 2800 2701 2727
3 2749 2750 2754
3 843 781 2734
3 2730 2728 2943
3 2741 2752 2754
3 2754 2753 2737
3 2757 2755 2737
3 2739 2756 2757
3 2759 2758 2741
3 2737 2755 2759
3 2749 2760 2761
3 2761 2756 2739
3 2762 2764 2759
3 2759 2764 2763
3 2912 2769 2768
3 2767 2769 2912
3 2770 2772 2814
3 2814 2772 2771
3 2773 2775 2772
3 2772 2775 2774
3 2776 2778 2775
3 2778 2777 2774
3 2779 2781 2789
3 2781 2780 2788
3 2761 2760 2780
3 2859 2860 2766
3 2785 2814 2813
3 2740 2821 2839
3 2779 2756 2761
3 781 845 2795
3 2747 2800 2801
3 2784 831 782
3 2735 2745 2765
3 2792 841 870
3 2699 2671 2728
3 686 843 2794
3 2794 2734 2816
3 2802 2800 2747
3 2798 2793 2715
3 2712 2707 2799
3 2695 2696 2731
3 2707 2721 2796
3 2793 848 752
3 2655 2794 2801
3 845 856 2803
3 856 858 2804
3 858 860 2805
3 2812 2766 2736
3 2792 2736 2808
3 841 2792 2806
3 865 2807 2805
3 2744 2808 2736
3 2812 870 919
3 2807 865 862
3 2809 2814 2785
3 2764 2785 2786
3 2782 2815 2777
3 2776 2791 2782
3 2787 2785 2764
3 2811 2789 2782
3 2807 2783 2790
3 2789 2788 2815
3 2808 2744 2783
3 2829 2810 2817
3 2818 2819 2864
3 2757 2756 2877
3 2822 2823 2837
3 2790 2824 2825
3 2824 2826 2827
3 2823 2822 2827
3 2829 2828 2738
3 2819 2820 2863
3 2883 2776 2773
3 2880 2779 2811
3 2878 2811 2791
3 2867 2831 2832
3 2866 2830 2831
3 2875 2755 2757
3 2881 2773 2770
3 2870 2834 2835
3 2833 2834 2870
3 2883 2833 2832
3 2869 2868 2832
3 2820 2830 2866
3 2830 2820 2877
3 2836 2837 2821
3 2873 2821 2837
3 2810 2838 2839
3 2874 2839 2821
3 2886 2842 2841
3 2885 2841 2840
3 2884 2840 2835
3 2871 2835 2840
3 2874 2842 2818
3 2875 2886 2762
3 2804 2845 2844
3 2803 2844 2843
3 2844 2847 2846
3 2845 2848 2847
3 2816 2843 2846
3 2843 2816 2734
3 2805 2825 2845
3 2825 2827 2848
3 2850 2849 2846
3 2851 2850 2847
3 2822 2851 2848
3 2747 2846 2849
3 2850 2853 2852
3 2854 2853 2850
3 2729 2731 2705
3 2822 2836 2854
3 2728 2729 2718
3 2797 2743 2943
3 2706 2797 2718
3 2742 2855 2857
3 2862 2858 2857
3 2765 2858 2862
3 2746 2857 2858
3 2860 2862 2829
3 2829 2862 2861
3 2859 919 831
3 2784 2765 2860
3 2856 2838 2810
3 2743 2716 2717
3 2855 2856 2861
3 2839 2874 2865
3 2823 2871 2872
3 2842 2874 2873
3 2841 2873 2872
3 2738 2863 2866
3 2824 2790 2868
3 2869 2870 2826
3 2826 2870 2871
3 2744 2866 2867
3 2783 2867 2868
3 2864 2863 2738
3 2865 2864 2828
3 2842 2886 2875
3 2809 2884 2882
3 2787 2885 2884
3 2762 2886 2885
3 2880 2877 2756
3 2776 2883 2879
3 2834 2881 2882
3 2875 2876 2819
3 2831 2878 2879
3 2880 2878 2831
3 2883 2881 2834
3 2876 2877 2820
3 2898 2897 3105
3 2900 2942 2934
3 2894 2895 2771
3 2893 2894 2774
3 2927 2913 2907
3 2896 2898 3104
3 3111 3110 2914
3 3108 2917 2908
3 2919 2913 2927
3 2786 2903 2902
3 2928 2929 2901
3 3109 2920 2917
3 2911 2909 2815
3 3112 2908 2896
3 2902 2767 2758
3 2906 2919 2925
3 2758 2912 2752
3 2912 2760 2749
3 2910 2911 2788
3 2916 2915 3106
3 2932 2887 2888
3 2748 2899 2890
3 2768 2921 2929
3 2748 2849 2852
3 2946 2932 2922
3 2760 2768 2910
3 2909 2893 2777
3 2930 2924 2946
3 2905 2904 2924
3 2931 2888 2906
3 2941 2942 2900
3 2813 2918 2903
3 2771 2895 2918
3 3105 2897 2914
3 2921 2907 2901
3 3106 2915 2891
3 2894 2923 2922
3 2903 2931 2926
3 2928 2924 2909
3 2922 2932 2918
3 2909 2924 2930
3 2918 2932 2931
3 2926 2925 2767
3 2911 2910 2929
3 2925 2927 2769
3 2894 2893 2930
3 2769 2927 2921
3 2946 2900 2887
3 2939 2936 2901
3 2904 2900 2946
3 2937 2941 2904
3 2906 2940 2944
3 2887 2934 2933
3 2888 2933 2940
3 2905 2901 2936
3 2919 2944 2938
3 3107 2891 2920
3 2938 2939 2907
3 2949 2948 2947
3 2721 2949 2950
3 2948 2949 2716
3 2949 2721 2720
3 2853 2854 2952
3 2836 2740 2952
3 2951 2935 2952
3 2945 2892 2953
3 2954 2953 2855
3 2954 2950 2947
3 2742 2796 2950
3 2951 2953 2892
3 2838 2856 2951
3 2856 2855 2953
3 2963 2564 2538
3 2961 3857 3859
3 2964 2958 2548
3 2560 2961 2962
3 2956 2961 2560
3 2561 2962 2960
3 2556 2960 2959
3 2555 2959 2958
3 2955 2956 2546
3 2547 2957 2955
3 2969 2966 2972
3 2971 2965 2969
3 2967 2971 2973
3 2973 2972 2968
3 3033 3034 3345
3 3332 3032 3034
3 3352 3322 3338
3 3335 3326 3351
3 3317 2983 2982
3 2981 2983 3317
3 3355 2984 2986
3 2986 2985 3354
3 2985 2986 2990
3 3356 3314 2984
3 3333 3332 3017
3 3332 3335 3008
3 3340 2977 2992
3 2997 2998 2996
3 2996 2998 2974
3 2997 2999 3001
3 3001 3000 2974
3 2966 3003 3002
3 2968 2972 3002
3 3004 3006 3003
3 2995 3007 3006
3 3357 3319 3008
3 3334 3034 3033
3 2974 3010 3007
3 3348 3009 3024
3 3032 3342 3345
3 3023 3024 2965
3 3012 3013 2994
3 3016 3017 3320
3 3318 3015 3016
3 3319 2985 2987
3 3333 3035 3032
3 2990 2986 2984
3 2988 2984 3314
3 3033 3037 3329
3 3333 3331 3036
3 2967 3021 3020
3 3014 3012 3019
3 3025 2995 3004
3 3036 3341 3343
3 3028 2996 2995
3 3341 3348 3023
3 2966 2969 3029
3 2969 2965 3024
3 3026 3029 2975
3 3022 3023 3019
3 3030 3018 3347
3 3342 3025 3027
3 3004 2966 3026
3 3026 2992 3344
3 2991 2976 3037
3 3343 3028 3025
3 3322 3352 3350
3 3028 3343 3341
3 3022 2994 2996
3 3028 3341 3022
3 3350 3351 3326
3 3337 3323 3030
3 3036 3331 3337
3 2989 3338 3331
3 3341 3036 3031
3 3331 3333 3016
3 3032 3035 3343
3 3029 3024 3009
3 3005 3038 2970
3 3038 3021 2967
3 3039 3041 3045
3 3046 3040 3039
3 2915 3047 3043
3 3046 3042 3043
3 3043 3044 2920
3 3042 3045 3044
3 3048 3050 3057
3 3057 3050 3049
3 3055 3052 3053
3 3051 3052 3055
3 3054 3055 3084
3 3084 3055 3056
3 3061 3057 3058
3 3059 3057 3061
3 3060 3061 3052
3 3052 3061 3062
3 3063 3064 3068
3 3066 3067 2916
3 3065 3068 3067
3 3086 3070 3069
3 3072 3071 3082
3 3073 3075 3050
3 3050 3075 3074
3 3073 3076 3078
3 3078 3077 3074
3 3080 3079 3071
3 3074 3077 3079
3 3049 3074 3080
3 3058 3080 3072
3 3081 3082 3069
3 3062 3072 3081
3 3053 3081 3070
3 2898 3084 3085
3 3083 3084 2898
3 2897 3085 3066
3 3065 3086 3087
3 3066 3085 3086
3 3085 3056 3070
3 3046 3068 3064
3 3067 3047 2915
3 3047 3067 3068
3 3089 3088 3051
3 3088 3090 3060
3 2917 3092 3091
3 3095 3094 3093
3 3092 3095 3096
3 3098 3097 3089
3 3097 3099 3088
3 3100 3101 3076
3 3048 3059 3100
3 3100 3090 3103
3 3090 3088 3099
3 3059 3060 3090
3 3098 3102 3096
3 3054 3083 3102
3 2908 3091 3083
3 3102 3083 3091
3 3044 3045 3095
3 2920 3044 3092
3 3041 3094 3095
3 2942 3107 3109
3 2941 3106 3107
3 3105 3110 2936
3 3111 3106 2941
3 2940 3112 3113
3 2934 3109 3108
3 2933 3108 3112
3 2937 2936 3110
3 2944 3113 3104
3 3104 3105 2939
3 3076 3114 3116
3 3116 3115 3077
3 3117 3119 3138
3 3138 3119 3118
3 3132 3120 3122
3 3122 3121 3134
3 3123 3125 3130
3 3130 3125 3124
3 3041 3039 3127
3 3039 3040 3128
3 3125 3127 3128
3 3126 3127 3125
3 3064 3124 3128
3 3094 3041 3126
3 3130 3131 3121
3 3120 3129 3130
3 3064 3063 3131
3 3093 3094 3123
3 3093 3129 3120
3 3119 3133 3134
3 3132 3133 3119
3 3098 3120 3132
3 3097 3132 3117
3 3137 3139 3115
3 3137 3138 3140
3 3114 3136 3137
3 3136 3135 3138
3 3103 3135 3136
3 3099 3117 3135
3 3101 3136 3114
3 3063 3087 3121
3 3087 3069 3134
3 3082 3071 3140
3 3071 3079 3139
3 3079 3077 3115
3 3069 3082 3118
3 3166 3871 1936
3 143 1204 3142
3 1202 3141 3159
3 3150 2160 2212
3 3156 2150 2209
3 3145 3143 2152
3 2152 3143 3144
3 3161 3873 3872
3 3164 3875 3874
3 3162 3150 3151
3 2148 3152 3153
3 3154 1217 122
3 3168 3156 3155
3 2215 2158 3158
3 3157 3145 2156
3 2158 2160 3150
3 2162 3142 3151
3 3141 3149 3163
3 3165 3874 3871
3 2206 3153 3154
3 2150 3156 3152
3 3168 3147 3875
3 3162 3148 3873
3 2155 3144 3155
3 3158 3150 3162
3 3142 3159 3163
3 3149 3148 3162
3 3157 3158 3161
3 1223 3159 3142
3 3156 3168 3164
3 3153 3165 3166
3 3147 3168 3167
3 3152 3164 3165
3 3166 1228 1217
3 3145 3171 3169
3 3143 3169 3170
3 3157 3160 3171
3 3167 3155 3144
3 3146 3167 3170
3 3872 3169 3171
3 3173 3174 3218
3 3216 3172 3173
3 3175 3176 3190
3 3189 3178 3179
3 3195 3177 3178
3 3206 3181 3182
3 3180 3181 3206
3 3211 3185 3184
3 3183 3185 3211
3 3187 3186 3221
3 3222 3218 3174
3 3186 3183 3223
3 3190 3176 3172
3 3179 3175 3217
3 3205 3182 3177
3 3184 3180 3212
3 3193 3191 3175
3 3178 3192 3193
3 3186 3199 3197
3 3183 3197 3198
3 3200 3194 3180
3 3185 3198 3200
3 3187 3201 3199
3 3187 3174 3188
3 3202 3177 3182
3 3202 3192 3178
3 3203 3176 3175
3 3176 3203 3188
3 3207 3209 3191
3 3213 3214 3198
3 2069 2067 3218
3 3200 3214 3204
3 3192 3208 3207
3 3204 3208 3202
3 3221 3223 2041
3 3199 3215 3213
3 3203 3209 3210
3 3223 3211 2054
3 3210 3215 3201
3 3222 3221 2040
3 2051 3195 3189
3 2045 3212 3206
3 2054 3211 3224
3 2061 3190 3216
3 3224 3212 2045
3 2049 3205 3195
3 3196 3217 2059
3 2047 3206 3205
3 3189 3196 2057
3 3217 3190 2061
3 2063 3216 3219
3 3219 3218 2067
3 3225 3226 2300
3 2292 3227 3228
3 3228 3225 2298
3 3229 3230 2293
3 3236 3235 3234
3 3236 3237 2112
3 3238 3232 3237
3 2112 3237 3232
3 3238 3239 3233
3 3243 3242 3240
3 3228 3242 3243
3 2281 3245 3246
3 3246 3245 3244
3 3229 3246 3249
3 3250 3227 3230
3 3227 3250 3242
3 3226 3225 3243
3 3246 3247 3248
3 3249 3248 3251
3 3242 3250 3251
3 2293 3230 3227
3 3236 3253 3252
3 3255 3254 3252
3 3255 3257 3256
3 3259 3258 3256
3 3259 3243 3241
3 3260 3255 3253
3 3261 3257 3255
3 3226 3259 3257
3 2300 3226 3261
3 2302 3261 3260
3 2304 3260 3262
3 3236 2113 3262
3 3263 2111 3232
3 3263 3245 2281
3 3264 3231 3233
3 3264 3266 3265
3 3244 3267 3268
3 3271 3270 3245
3 3269 3271 3263
3 3277 3272 3274
3 3275 3277 3276
3 3280 3297 3252
3 3252 3297 3296
3 3234 3281 3282
3 3235 3296 3281
3 3241 3283 3285
3 3258 3285 3284
3 3284 3280 3254
3 3248 3268 3287
3 3286 3283 3241
3 3287 3286 3240
3 3283 3286 3304
3 3290 3285 3283
3 3290 3299 3284
3 3299 3298 3280
3 3290 3289 3300
3 3292 3289 3290
3 3293 3301 3300
3 3296 3301 3293
3 3279 3295 3294
3 3278 3296 3297
3 3297 3298 3295
3 3291 3300 3301
3 3301 3296 3278
3 3298 3299 3291
3 3239 3282 3303
3 3292 3288 3304
3 3265 3266 3292
3 3306 3302 3231
3 3231 3302 3269
3 3307 3308 3293
3 3308 3303 3282
3 3309 3303 3308
3 3264 3303 3309
3 3292 3266 3309
3 3286 3287 3305
3 3244 3274 3272
3 3244 3245 3270
3 3276 3274 3270
3 3273 3276 3271
3 3273 3269 3302
3 3275 3302 3311
3 3311 3267 3272
3 3310 3268 3267
3 3306 3310 3311
3 3310 3305 3287
3 3306 3265 3305
3 2965 2971 3020
3 2994 3013 3312
3 3015 3318 3314
3 3319 3320 3017
3 2988 3318 3316
3 3316 3320 2987
3 3354 2985 3319
3 2989 3314 3356
3 2978 3315 3317
3 3317 3321 2979
3 3330 3327 3325
3 3328 3326 3327
3 3324 3330 3329
3 3322 3328 3330
3 3325 3327 3336
3 3326 3335 3336
3 3322 3324 3339
3 3323 3337 3339
3 3037 3030 3323
3 2976 2991 2977
3 2993 3340 2975
3 3018 2976 3340
3 2992 2977 3346
3 2991 3345 3346
3 3349 2993 3009
3 3349 3347 3018
3 2976 3018 3030
3 2979 3351 3350
3 3350 3352 2978
3 2983 3353 3354
3 3355 3353 2983
3 2978 3352 3356
3 2982 3354 3357
3 3356 3355 2981
3 3357 3351 2979
3 3402 3403 3438
3 3427 3425 3401
3 3445 3415 3431
3 3428 3419 3444
3 3410 3369 3368
3 3367 3369 3410
3 3448 3370 3372
3 3372 3371 3447
3 3371 3372 3376
3 3449 3407 3370
3 3426 3425 3388
3 3425 3428 3384
3 3433 3363 3378
3 3450 3412 3384
3 3427 3403 3402
3 3441 3385 3393
3 3401 3435 3438
3 3392 3393 3358
3 3387 3388 3413
3 3411 3386 3387
3 3412 3371 3373
3 3426 3404 3401
3 3376 3372 3370
3 3374 3370 3407
3 3402 3406 3422
3 3424 3405 3404
3 3394 3381 3383
3 3404 3405 3434
3 3397 3382 3381
3 3434 3441 3392
3 3359 3360 3398
3 3360 3358 3393
3 3395 3398 3361
3 3391 3392 3390
3 3399 3389 3440
3 3435 3394 3396
3 3383 3359 3395
3 3395 3378 3437
3 3377 3362 3406
3 3436 3397 3394
3 3415 3445 3443
3 3397 3436 3434
3 3434 3391 3380
3 3380 3382 3397
3 3443 3444 3419
3 3430 3416 3399
3 3405 3424 3430
3 3375 3431 3424
3 3434 3405 3400
3 3386 3424 3426
3 3401 3404 3436
3 3398 3393 3385
3 3386 3411 3407
3 3412 3413 3388
3 3374 3411 3409
3 3409 3413 3373
3 3447 3371 3412
3 3375 3407 3449
3 3364 3408 3410
3 3410 3414 3365
3 3423 3420 3418
3 3421 3419 3420
3 3416 3417 3423
3 3417 3415 3421
3 3418 3420 3429
3 3419 3428 3429
3 3415 3417 3432
3 3416 3430 3432
3 3406 3399 3416
3 3362 3377 3363
3 3379 3433 3361
3 3389 3362 3433
3 3378 3363 3439
3 3377 3438 3439
3 3442 3379 3385
3 3442 3440 3389
3 3362 3389 3399
3 3365 3444 3443
3 3443 3445 3364
3 3369 3446 3447
3 3448 3446 3369
3 3364 3445 3449
3 3368 3447 3450
3 3449 3448 3367
3 3450 3444 3365
3 3495 3496 3531
3 3520 3518 3494
3 3538 3508 3524
3 3521 3512 3537
3 3503 3462 3461
3 3460 3462 3503
3 3541 3463 3465
3 3465 3464 3540
3 3464 3465 3469
3 3542 3500 3463
3 3519 3518 3481
3 3521 3477 3481
3 3526 3456 3471
3 3543 3505 3477
3 3520 3496 3495
3 3534 3478 3486
3 3494 3528 3531
3 3485 3486 3451
3 3480 3481 3506
3 3479 3480 3502
3 3505 3464 3466
3 3519 3497 3494
3 3469 3465 3463
3 3467 3463 3500
3 3495 3499 3515
3 3519 3517 3498
3 3487 3474 3476
3 3498 3527 3529
3 3490 3475 3474
3 3527 3534 3485
3 3452 3453 3491
3 3453 3451 3486
3 3488 3491 3454
3 3485 3483 3473
3 3493 3492 3482
3 3530 3528 3487
3 3476 3452 3488
3 3489 3488 3471
3 3470 3455 3499
3 3529 3490 3487
3 3508 3538 3536
3 3490 3529 3527
3 3484 3473 3475
3 3490 3527 3484
3 3536 3537 3512
3 3523 3509 3492
3 3498 3517 3523
3 3524 3517 3479
3 3498 3493 3533
3 3479 3517 3519
3 3494 3497 3529
3 3454 3491 3486
3 3479 3504 3500
3 3477 3505 3506
3 3467 3504 3502
3 3502 3506 3466
3 3540 3464 3505
3 3468 3500 3542
3 3457 3501 3503
3 3503 3507 3458
3 3516 3513 3511
3 3514 3512 3513
3 3509 3510 3516
3 3510 3508 3514
3 3511 3513 3522
3 3512 3521 3522
3 3510 3525 3524
3 3509 3523 3525
3 3499 3492 3509
3 3455 3470 3456
3 3478 3472 3526
3 3472 3482 3455
3 3456 3532 3530
3 3470 3531 3532
3 3535 3472 3478
3 3535 3533 3482
3 3455 3482 3492
3 3458 3537 3536
3 3536 3538 3457
3 3462 3539 3540
3 3541 3539 3462
3 3457 3538 3542
3 3461 3540 3543
3 3542 3541 3460
3 3543 3537 3458
3 3588 3589 3624
3 3611 3587 3589
3 3631 3601 3617
3 3614 3605 3630
3 3596 3555 3554
3 3553 3555 3596
3 3634 3556 3558
3 3558 3557 3633
3 3557 3558 3562
3 3635 3593 3556
3 3612 3611 3574
3 3614 3570 3574
3 3619 3549 3564
3 3636 3598 3570
3 3613 3589 3588
3 3627 3571 3579
3 3587 3621 3624
3 3578 3579 3544
3 3573 3574 3599
3 3597 3572 3573
3 3598 3557 3559
3 3611 3612 3590
3 3562 3558 3556
3 3560 3556 3593
3 3592 3608 3604
3 3612 3610 3591
3 3580 3567 3011
3 3591 3620 3622
3 3583 3568 3567
3 3577 3620 3627
3 3581 3545 3546
3 3546 3544 3579
3 3581 3584 3547
3 3577 3578 3576
3 3585 3575 3626
3 3623 3621 3580
3 3011 3545 3581
3 3581 3564 3623
3 3563 3548 3592
3 3622 3583 3580
3 3601 3631 3629
3 3583 3622 3620
3 3577 3566 3568
3 3583 3620 3577
3 3629 3630 3605
3 3616 3602 3585
3 3610 3616 3586
3 3561 3617 3610
3 3620 3591 3586
3 3572 3610 3612
3 3587 3590 3622
3 3584 3579 3571
3 3572 3597 3593
3 3570 3598 3599
3 3560 3597 3595
3 3595 3599 3559
3 3633 3557 3598
3 3561 3593 3635
3 3550 3594 3596
3 3596 3600 3551
3 3609 3606 3604
3 3607 3605 3606
3 3603 3609 3608
3 3601 3607 3609
3 3606 3615 3613
3 3605 3614 3615
3 3601 3603 3618
3 3603 3602 3616
3 3592 3585 3602
3 3548 3563 3549
3 3565 3619 3547
3 3575 3548 3619
3 3549 3625 3623
3 3563 3624 3625
3 3628 3565 3571
3 3628 3626 3575
3 3575 3585 3592
3 3551 3630 3629
3 3629 3631 3550
3 3555 3632 3633
3 3634 3632 3555
3 3550 3631 3635
3 3554 3633 3636
3 3635 3634 3553
3 3636 3630 3551
3 3807 3805 3851
3 3682 3680 3656
3 3693 3670 3686
3 3683 3674 3692
3 3665 3642 3641
3 3640 3642 3665
3 3696 3643 3645
3 3694 3645 3644
3 3644 3645 3649
3 3697 3662 3643
3 3681 3680 3653
3 3683 3650 3653
3 3698 3667 3650
3 3673 3682 3658
3 3840 3839 3690
3 3652 3653 3668
3 3651 3652 3664
3 3667 3644 3646
3 3681 3659 3656
3 3649 3645 3643
3 3647 3643 3662
3 3657 3661 3677
3 3679 3660 3659
3 3660 3655 3850
3 3823 3807 3836
3 3835 3654 3661
3 3670 3693 3691
3 3691 3692 3674
3 3671 3654 3655
3 3660 3679 3685
3 3686 3679 3651
3 3851 3805 3789
3 3651 3679 3681
3 3847 3841 3790
3 3651 3666 3662
3 3650 3667 3668
3 3647 3666 3664
3 3664 3668 3646
3 3695 3644 3667
3 3648 3662 3697
3 3637 3663 3665
3 3665 3669 3638
3 3677 3678 3675
3 3678 3676 3674
3 3671 3672 3678
3 3672 3670 3676
3 3675 3684 3682
3 3674 3683 3684
3 3670 3672 3687
3 3672 3671 3685
3 3661 3654 3671
3 3746 3745 3829
3 3638 3692 3691
3 3691 3693 3637
3 3642 3694 3695
3 3696 3694 3642
3 3637 3693 3697
3 3641 3695 3698
3 3697 3696 3640
3 3698 3692 3638
3 3708 3000 3701
3 3701 3700 3710
3 3705 3702 3704
3 3704 2999 3707
3 3382 3706 3707
3 3380 3705 3706
3 3709 3710 3567
3 3708 3709 3568
3 3473 3711 3713
3 3475 3713 3712
3 3714 3715 3713
3 3715 3702 3712
3 3728 3718 3716
3 3717 3718 3728
3 3734 3721 3719
3 3720 3721 3734
3 3724 3722 3738
3 3723 3724 3737
3 3727 3725 3719
3 3021 3727 3721
3 3717 3798 3731
3 3725 3729 3724
3 3718 3731 3005
3 3700 3799 3730
3 3733 3728 3546
3 3546 3728 3732
3 3736 3734 3360
3 3734 3735 3358
3 3739 3737 3453
3 3737 3738 3451
3 3740 3725 3723
3 3740 3742 3358
3 3014 3020 3736
3 3020 3021 3720
3 3359 3383 3012
3 3383 3381 3013
3 3013 3381 3707
3 3010 3708 3566
3 3007 3566 3576
3 3006 3576 3544
3 3002 3003 3544
3 3002 3732 3716
3 3452 3742 3740
3 3719 3725 3740
3 3742 3452 3476
3 3743 3476 3474
3 3741 3474 3712
3 3380 3741 3744
3 3743 3741 3380
3 3742 3743 3390
3 3699 3011 3567
3 3569 3699 3710
3 3733 3545 3699
3 3569 3730 3717
3 3313 3714 3711
3 3738 3313 3703
3 3483 3703 3711
3 3313 3738 3722
3 3819 3746 3832
3 3833 3830 3661
3 3749 3748 3745
3 3745 3748 3750
3 3752 3751 3748
3 3748 3751 3753
3 2549 3755 3756
3 2959 3755 3758
3 3755 2549 3757
3 3754 3756 2960
3 3754 3753 3751
3 2549 3751 3752
3 3761 3762 2956
3 2536 3760 3762
3 2536 3761 3763
3 2538 3759 3763
3 2563 3853 3855
3 2562 3856 3854
3 3038 3820 3821
3 3821 3768 3771
3 3845 3689 3726
3 3827 3820 3038
3 3820 3765 3768
3 3725 3727 3822
3 2550 2563 3764
3 2550 3773 3753
3 3759 3775 3774
3 3774 3776 3760
3 3776 3772 2537
3 3689 3690 3770
3 2538 3777 3775
3 3757 3752 3779
3 2548 3779 3778
3 3815 3001 2999
3 3813 2999 3704
3 3793 3784 3787
3 3811 3785 3788
3 2565 2564 2963
3 3781 3784 3793
3 3810 3780 3785
3 3656 3659 3844
3 3660 3838 3844
3 3792 3793 3783
3 3783 3793 3794
3 3781 3792 3796
3 3796 3792 3782
3 3796 3797 3790
3 3795 3796 3791
3 3799 3801 3800
3 3730 3800 3798
3 3800 3803 3802
3 3801 3804 3803
3 3803 3804 3805
3 3802 3803 3807
3 3789 3791 3844
3 3654 3835 3850
3 3791 3790 3841
3 3801 3808 3809
3 3806 3808 3801
3 3701 3806 3799
3 3809 3789 3805
3 3810 3811 3784
3 3784 3811 3812
3 3785 3813 3814
3 3780 3815 3813
3 3816 3817 3808
3 3818 3817 3780
3 3809 3808 3817
3 3815 3780 3817
3 3810 3781 3795
3 3789 3809 3818
3 3701 3000 3816
3 3000 3001 3815
3 3657 3658 3848
3 3656 3841 3848
3 3767 3688 3729
3 3825 3824 3802
3 3826 3827 3824
3 3820 3827 3826
3 3747 3750 3825
3 3790 3797 3828
3 3828 3749 3746
3 3828 3779 3752
3 3779 3797 3782
3 3798 3802 3824
3 3731 3824 3827
3 3830 3831 3837
3 3829 3836 3837
3 3714 3313 3726
3 3727 3021 3821
3 3834 3831 3830
3 3832 3829 3831
3 3849 3834 3833
3 3847 3832 3834
3 3835 3837 3852
3 3837 3836 3851
3 3829 3745 3747
3 3766 3840 3689
3 3846 3839 3840
3 3840 3766 3843
3 3842 3843 3776
3 3775 3846 3842
3 3722 3729 3688
3 2562 3857 3858
3 3856 2537 3772
3 3857 2562 3853
3 3853 2562 3769
3 2537 3856 3858
3 3767 3861 3860
3 3860 3766 3845
3 3822 3771 3861
3 3861 3771 3854
3 3855 3769 3768
3 3764 3855 3765
3 3773 3764 3826
3 3769 3854 3771
3 3750 3753 3773
3 3778 3782 3783
3 3786 3863 3777
3 3862 3860 3861
3 3843 3862 3772
3 3766 3860 3862
3 3863 3864 3839
3 3794 3864 3863
3 3867 3866 3865
3 3715 3867 3868
3 3812 3788 3868
3 3770 3690 3866
3 3702 3868 3814
3 3715 3714 3770
3 3866 3864 3869
3 3787 3812 3865
3 3869 3864 3794
3 3690 3839 3864
3 3777 3863 3846
3 3777 2538 2564
3 2565 3778 3870
3 3872 3883 3881
3 1943 3876 3141
3 3875 3886 3885
3 3879 3884 3873
3 3884 3883 3872
3 3874 3885 3882
3 3880 3879 3148
3 3147 3878 3886
3 3146 3877 3878
3 3871 3882 1949
3 3876 3880 3149
3 3881 3877 3146
3 3878 3889 3897
3 3891 3890 3879
3 3895 3894 3883
3 3877 3888 3889
3 3881 3892 3888
3 3886 3897 3896
3 3894 3892 3881
3 1956 3887 3876
3 3887 3891 3880
3 3890 3895 3884
3 3882 3893 1962
3 3885 3896 3893
3 1969 3898 3887
3 3898 3902 3891
3 3901 3906 3895
3 3893 3904 1975
3 3896 3907 3904
3 3889 3900 3908
3 3902 3901 3890
3 3906 3905 3894
3 3888 3899 3900
3 3892 3903 3899
3 3897 3908 3907
3 3905 3903 3892
3 3903 3914 3910
3 3908 3919 3918
3 3916 3914 3903
3 1982 3909 3898
3 3909 3913 3902
3 3912 3917 3906
3 3904 3915 1988
3 3907 3918 3915
3 3900 3911 3919
3 3913 3912 3901
3 3917 3916 3905
3 3899 3910 3911
3 3918 3928 3925
3 3911 3922 3929
3 3924 3923 3912
3 3927 3926 3916
3 3910 3921 3922
3 3919 3929 3928
3 1995 3920 3909
3 3920 3924 3913
3 3923 3927 3917
3 3915 3925 2000
3 3925 3935 2012
3 3921 3931 3932
3 3922 3932 3939
3 3937 3936 3926
3 3933 3937 3927
3 2007 3930 3920
3 3929 3939 3938
3 3934 3933 3923
3 3928 3938 3935
3 3930 3934 3924
3 3939 3949 3948
3 3944 3943 3933
3 3938 3948 3945
3 3940 3944 3934
3 3935 3945 2024
3 3931 3941 3942
3 3932 3942 3949
3 3947 3946 3936
3 3943 3947 3937
3 2019 3940 3930
3 3940 2019 2030
3 3950 3945 3948
3 3943 3944 3951
3 3947 3943 3952
3 3953 3942 3941
3 3947 3953 3954
3 3942 3953 3952
3 3949 3952 3951
3 3944 3940 3950
3 3950 2030 2024
3 3956 3926 3936
3 3931 3921 3956
3 3955 3936 3946
3 3941 3931 3955
3 3914 3956 3921
3 3926 3956 3914
